product_name,permit_number,permit_type,crop,target,purpose,dose,dose_unit,spray_volume,spray_volume_unit,bbch_min,bbch_max,treatment_time,phi,max_treatments,min_interval_days,expiry_date,latest_document,source_pdf,issue_reason
Sumi Alfa 5 EC,65412/1989,alapengedely,szőlő (bor- és csemege),amerikai szőlőkabóca,rovarölő szer,0.2-0.3,l/ha,,,55,79,fürtkezdemények növekedése állapottól a fürtzáródás végéig (BBCH 55-79),7,2,,2026-12-31,Sumi Alfa 5 EC mod_20260325.pdf,https://novenyvedoszer.nebih.gov.hu/Engedelykereso/DocumentHandler.ashx?documentId=348700330es348696486&documentName=Sumi+Alfa+5+EC+mod_20260325.pdf,missing small-use row recovered from latest permit point 4
Karate Zeon 5 CS,11769/2002,alapengedely,szőlő,szőlőmolyok,rovarölő szer,0.15-0.25,l/ha,800-1000,l/ha,78,78,fürtzáródás (BBCH 78),7,2,10,2028-12-31,Karate Zeon 5 CS_ mod_20250718_publikus.pdf,https://novenyvedoszer.nebih.gov.hu/Engedelykereso/DocumentHandler.ashx?documentId=347735145es347738488&documentName=Karate+Zeon+5+CS_+mod_20250718_publikus.pdf,missing grape row recovered from latest permit point 4 table
Karate Zeon 5 CS,11769/2002,alapengedely,szőlő,"foltosszárnyú muslica, amerikai szőlőkabóca",rovarölő szer,0.25,l/ha,800-1000,l/ha,78,78,fürtzáródás (BBCH 78),7,2,10,2028-12-31,Karate Zeon 5 CS_ mod_20250718_publikus.pdf,https://novenyvedoszer.nebih.gov.hu/Engedelykereso/DocumentHandler.ashx?documentId=347735145es347738488&documentName=Karate+Zeon+5+CS_+mod_20250718_publikus.pdf,continuation row inherited crop and treatment fields from latest permit point 4 table
Mospilan 20 SG,04.2/2883-1/2011,alapengedely,szőlő anyatelep,"szőlő-gyökértetű levéllakó alakja, amerikai szőlőkabóca",rovarölő szer,0.25-0.375,kg/ha,400-800,l/ha,15,82,5-6 leveles állapot – érés (BBCH 15-82),,1,,2034-02-28,Mospilan 20 SG_mod_76068_3_20251124_publikus.pdf,https://novenyvedoszer.nebih.gov.hu/Engedelykereso/DocumentHandler.ashx?documentId=348233501es348148848&documentName=Mospilan+20+SG_mod_76068_3_20251124_publikus.pdf,missing grape nursery row recovered from latest permit point 4 table
Coragen 20 SC,02.5/1126/5/2008,alapengedely,"borszőlő, csemegeszőlő",szőlőmolyok,rovarölő szer,150-175,ml/ha,400-1200,l/ha,50,85,fürtkezdemények megjelenése – zsendülés (BBCH 50-85),30,1,,2028-05-31,Coragen 20 SC_mod_20260115_publikus.pdf,https://novenyvedoszer.nebih.gov.hu/Engedelykereso/DocumentHandler.ashx?documentId=348318246es348426202&documentName=Coragen+20+SC_mod_20260115_publikus.pdf,missing grape row recovered from latest permit point 4 table
Coragen 20 SC,02.5/1126/5/2008,alapengedely,"körte, birs, naspolya","almamoly, körtemoly, sodrómolyok",rovarölő szer,125-200,ml/ha,600-1000,l/ha,15,82,levélkiterülés – két héttel a betakarítás előtti állapot (BBCH 15-82),14,2,14,2028-05-31,Coragen 20 SC_mod_20260115_publikus.pdf,https://novenyvedoszer.nebih.gov.hu/Engedelykereso/DocumentHandler.ashx?documentId=348318246es348426202&documentName=Coragen+20+SC_mod_20260115_publikus.pdf,missing pome fruit continuation scope recovered from latest permit point 4 table
Coragen 20 SC,02.5/1126/5/2008,alapengedely,"körte, birs, naspolya",aknázómolyok,rovarölő szer,160-200,ml/ha,600-1000,l/ha,15,82,levélkiterülés – két héttel a betakarítás előtti állapot (BBCH 15-82),14,2,14,2028-05-31,Coragen 20 SC_mod_20260115_publikus.pdf,https://novenyvedoszer.nebih.gov.hu/Engedelykereso/DocumentHandler.ashx?documentId=348318246es348426202&documentName=Coragen+20+SC_mod_20260115_publikus.pdf,continuation row inherited crop and treatment fields from latest permit point 4 table
Coragen 20 SC,02.5/1126/5/2008,alapengedely,zeller,"bagolylepkék, köménymoly",rovarölő szer,125-150,ml/ha,300-600,l/ha,14,49,4 leveles állapot – gumónövekedés vége (BBCH 14-49),,1,,2028-05-31,Coragen 20 SC_mod_20260115_publikus.pdf,https://novenyvedoszer.nebih.gov.hu/Engedelykereso/DocumentHandler.ashx?documentId=348318246es348426202&documentName=Coragen+20+SC_mod_20260115_publikus.pdf,missing vegetable row recovered from latest permit point 4 table
Coragen 20 SC,02.5/1126/5/2008,alapengedely,petrezselyem,"bagolylepkék, köménymoly",rovarölő szer,125-150,ml/ha,300-600,l/ha,14,49,4 leveles állapot – gyökérnövekedés vége (BBCH 14-49),,1,,2028-05-31,Coragen 20 SC_mod_20260115_publikus.pdf,https://novenyvedoszer.nebih.gov.hu/Engedelykereso/DocumentHandler.ashx?documentId=348318246es348426202&documentName=Coragen+20+SC_mod_20260115_publikus.pdf,missing vegetable row recovered from latest permit point 4 table
Coragen 20 SC,02.5/1126/5/2008,alapengedely,közterület,"vadgesztenyelevél-aknázómoly, sodrómolyok, aknázómolyok, lombrágó hernyók",rovarölő szer,160-200,ml/ha,600-1200,l/ha,57,80,bimbós állapot – gyümölcsérés (BBCH 57-80),,2,14,2028-05-31,Coragen 20 SC_mod_20260115_publikus.pdf,https://novenyvedoszer.nebih.gov.hu/Engedelykereso/DocumentHandler.ashx?documentId=348318246es348426202&documentName=Coragen+20+SC_mod_20260115_publikus.pdf,missing public area row recovered from latest permit point 4 table
Benevia,6300/674-1/2019,alapengedely,paprika (hajtatott),"levéltetvek, üvegházi molytetű, tripszek, aknázó molyok, paradicsommoly",rovarölő szer,0.75,l/ha,600-1000,l/ha,12,89,két leveles állapottól a teljes érésig (BBCH 12-89) januártól decemberig,1,4,7,2027-09-14,Benevia_mod_20250925publikus.pdf,https://novenyvedoszer.nebih.gov.hu/Engedelykereso/DocumentHandler.ashx?documentId=347945452es347942610&documentName=Benevia_mod_20250925publikus.pdf,Benevia missing point 4 row recovered from latest permit table line 401
Benevia,6300/674-1/2019,alapengedely,paradicsom (hajtatott) tojásgyümölcs (hajtatott),"paradicsommoly, aknázó legyek (Liriomyza spp.)",rovarölő szer,40,ml/hl,300-1500,l/ha,12,89,két leveles állapottól a teljes érésig (BBCH 12-89) januártól decemberig,1,4,7,2027-09-14,Benevia_mod_20250925publikus.pdf,https://novenyvedoszer.nebih.gov.hu/Engedelykereso/DocumentHandler.ashx?documentId=347945452es347942610&documentName=Benevia_mod_20250925publikus.pdf,Benevia missing point 4 row recovered from latest permit table line 403
Benevia,6300/674-1/2019,alapengedely,paradicsom (hajtatott) tojásgyümölcs (hajtatott),"levéltetvek, üvegházi molytetű, dohányliszteske, gyapottok- bagolylepke, bagolylepkék",rovarölő szer,60-75,ml/hl,300-1500,l/ha,12,89,két leveles állapottól a teljes érésig (BBCH 12-89) januártól decemberig,1,4,7,2027-09-14,Benevia_mod_20250925publikus.pdf,https://novenyvedoszer.nebih.gov.hu/Engedelykereso/DocumentHandler.ashx?documentId=347945452es347942610&documentName=Benevia_mod_20250925publikus.pdf,Benevia missing point 4 row recovered from latest permit table line 404
Benevia,6300/674-1/2019,alapengedely,paradicsom (hajtatott) tojásgyümölcs (hajtatott),"dohánytripsz, nyugati virágtripsz",rovarölő szer,75-100,ml/hl,300-1500,l/ha,12,89,két leveles állapottól a teljes érésig (BBCH 12-89) januártól decemberig,1,4,7,2027-09-14,Benevia_mod_20250925publikus.pdf,https://novenyvedoszer.nebih.gov.hu/Engedelykereso/DocumentHandler.ashx?documentId=347945452es347942610&documentName=Benevia_mod_20250925publikus.pdf,Benevia missing point 4 row recovered from latest permit table line 405
Benevia,6300/674-1/2019,alapengedely,tökfélék (hajtatott),aknázó legyek (Liriomyza spp.),rovarölő szer,40,ml/hl,300-1500,l/ha,12,89,két leveles állapottól a teljes érésig (BBCH 12-89) januártól decemberig,1,4,7,2027-09-14,Benevia_mod_20250925publikus.pdf,https://novenyvedoszer.nebih.gov.hu/Engedelykereso/DocumentHandler.ashx?documentId=347945452es347942610&documentName=Benevia_mod_20250925publikus.pdf,Benevia missing point 4 row recovered from latest permit table line 406
Benevia,6300/674-1/2019,alapengedely,tökfélék (hajtatott),"gyapottok- bagolylepke, bagolylepkék, üvegházi molytetű, dohányliszteske, uborka-levéltetű",rovarölő szer,60-75,ml/hl,300-1500,l/ha,12,89,két leveles állapottól a teljes érésig (BBCH 12-89) januártól decemberig,1,4,7,2027-09-14,Benevia_mod_20250925publikus.pdf,https://novenyvedoszer.nebih.gov.hu/Engedelykereso/DocumentHandler.ashx?documentId=347945452es347942610&documentName=Benevia_mod_20250925publikus.pdf,Benevia missing point 4 row recovered from latest permit table line 407
Benevia,6300/674-1/2019,alapengedely,tökfélék (hajtatott),"dohánytripsz, nyugati virágtripsz",rovarölő szer,75-100,ml/hl,300-1500,l/ha,12,89,két leveles állapottól a teljes érésig (BBCH 12-89) januártól decemberig,1,4,7,2027-09-14,Benevia_mod_20250925publikus.pdf,https://novenyvedoszer.nebih.gov.hu/Engedelykereso/DocumentHandler.ashx?documentId=347945452es347942610&documentName=Benevia_mod_20250925publikus.pdf,Benevia missing point 4 row recovered from latest permit table line 408
Benevia,6300/674-1/2019,alapengedely,uborka (hajtatott),aknázó legyek (Liriomyza spp.),rovarölő szer,40,ml/hl,300-1500,l/ha,12,89,két leveles állapottól a teljes érésig (BBCH 12-89) januártól decemberig,1,4,7,2027-09-14,Benevia_mod_20250925publikus.pdf,https://novenyvedoszer.nebih.gov.hu/Engedelykereso/DocumentHandler.ashx?documentId=347945452es347942610&documentName=Benevia_mod_20250925publikus.pdf,Benevia missing point 4 row recovered from latest permit table line 409
Benevia,6300/674-1/2019,alapengedely,uborka (hajtatott),"gyapottok- bagolylepke, bagolylepkék, üvegházi molytetű, dohányliszteske, uborka-levéltetű",rovarölő szer,60-75,ml/hl,300-1500,l/ha,12,89,két leveles állapottól a teljes érésig (BBCH 12-89) januártól decemberig,1,4,7,2027-09-14,Benevia_mod_20250925publikus.pdf,https://novenyvedoszer.nebih.gov.hu/Engedelykereso/DocumentHandler.ashx?documentId=347945452es347942610&documentName=Benevia_mod_20250925publikus.pdf,Benevia missing point 4 row recovered from latest permit table line 410
Benevia,6300/674-1/2019,alapengedely,uborka (hajtatott),"dohánytripsz, nyugati virágtripsz",rovarölő szer,75-100,ml/hl,300-1500,l/ha,12,89,két leveles állapottól a teljes érésig (BBCH 12-89) januártól decemberig,1,4,7,2027-09-14,Benevia_mod_20250925publikus.pdf,https://novenyvedoszer.nebih.gov.hu/Engedelykereso/DocumentHandler.ashx?documentId=347945452es347942610&documentName=Benevia_mod_20250925publikus.pdf,Benevia missing point 4 row recovered from latest permit table line 411
Benevia,6300/674-1/2019,alapengedely,cukkini (hajtatott),aknázó legyek (Liriomyza spp.),rovarölő szer,40,ml/hl,300-1500,l/ha,12,89,két leveles állapottól a teljes érésig (BBCH 12-89) januártól decemberig,1,4,7,2027-09-14,Benevia_mod_20250925publikus.pdf,https://novenyvedoszer.nebih.gov.hu/Engedelykereso/DocumentHandler.ashx?documentId=347945452es347942610&documentName=Benevia_mod_20250925publikus.pdf,Benevia missing point 4 row recovered from latest permit table line 412
Benevia,6300/674-1/2019,alapengedely,cukkini (hajtatott),"gyapottok- bagolylepke, bagolylepkék, üvegházi molytetű, dohányliszteske, uborka-levéltetű",rovarölő szer,60-75,ml/hl,300-1500,l/ha,12,89,két leveles állapottól a teljes érésig (BBCH 12-89) januártól decemberig,1,4,7,2027-09-14,Benevia_mod_20250925publikus.pdf,https://novenyvedoszer.nebih.gov.hu/Engedelykereso/DocumentHandler.ashx?documentId=347945452es347942610&documentName=Benevia_mod_20250925publikus.pdf,Benevia missing point 4 row recovered from latest permit table line 413
Benevia,6300/674-1/2019,alapengedely,cukkini (hajtatott),"dohánytripsz, nyugati virágtripsz",rovarölő szer,75-100,ml/hl,300-1500,l/ha,12,89,két leveles állapottól a teljes érésig (BBCH 12-89) januártól decemberig,1,4,7,2027-09-14,Benevia_mod_20250925publikus.pdf,https://novenyvedoszer.nebih.gov.hu/Engedelykereso/DocumentHandler.ashx?documentId=347945452es347942610&documentName=Benevia_mod_20250925publikus.pdf,Benevia missing point 4 row recovered from latest permit table line 414
Benevia,6300/674-1/2019,alapengedely,"sárgadinnye, görögdinnye (hajtatott)",aknázó legyek (Liriomyza spp.),rovarölő szer,40,ml/hl,300-1500,l/ha,12,89,két leveles állapottól a teljes érésig (BBCH 12-89) januártól decemberig,1,4,7,2027-09-14,Benevia_mod_20250925publikus.pdf,https://novenyvedoszer.nebih.gov.hu/Engedelykereso/DocumentHandler.ashx?documentId=347945452es347942610&documentName=Benevia_mod_20250925publikus.pdf,Benevia missing point 4 row recovered from latest permit table line 415
Benevia,6300/674-1/2019,alapengedely,"sárgadinnye, görögdinnye (hajtatott)","dohánytripsz, nyugati virágtripsz",rovarölő szer,75-100,ml/hl,300-1500,l/ha,12,89,két leveles állapottól a teljes érésig (BBCH 12-89) januártól decemberig,1,4,7,2027-09-14,Benevia_mod_20250925publikus.pdf,https://novenyvedoszer.nebih.gov.hu/Engedelykereso/DocumentHandler.ashx?documentId=347945452es347942610&documentName=Benevia_mod_20250925publikus.pdf,Benevia missing point 4 row recovered from latest permit table line 530
Benevia,6300/674-1/2019,alapengedely,fejes saláta (hajtatott),"gyapottok- bagolylepke, bagolylepkék",rovarölő szer,0.6-0.75,l/ha,300-800,l/ha,12,49,két leveles állapottól a végleges fejméretig (BBCH 12-49) januártól decemberig,1,2,7,2027-09-14,Benevia_mod_20250925publikus.pdf,https://novenyvedoszer.nebih.gov.hu/Engedelykereso/DocumentHandler.ashx?documentId=347945452es347942610&documentName=Benevia_mod_20250925publikus.pdf,Benevia missing point 4 row recovered from latest permit table line 531
Benevia,6300/674-1/2019,alapengedely,szamóca (szabadföldi),"szamóca- bimbólikasztó, apró jegyesbagoly",rovarölő szer,0.75,l/ha,300-1000,l/ha,12,89,két leveles állapottól a 2. betakarítás utánig (BBCH 12-89),1,1,7,2027-09-14,Benevia_mod_20250925publikus.pdf,https://novenyvedoszer.nebih.gov.hu/Engedelykereso/DocumentHandler.ashx?documentId=347945452es347942610&documentName=Benevia_mod_20250925publikus.pdf,Benevia missing point 4 row recovered from latest permit table line 532
Benevia,6300/674-1/2019,alapengedely,szamóca (hajtatott),"gyapottok- bagolylepke, bagolylepkék",rovarölő szer,60-75,ml/hl,300-1000,l/ha,12,89,a 2. levél kiterülésétől a betakarításig (BBCH 12-89) januártól decemberig,1,2,7,2027-09-14,Benevia_mod_20250925publikus.pdf,https://novenyvedoszer.nebih.gov.hu/Engedelykereso/DocumentHandler.ashx?documentId=347945452es347942610&documentName=Benevia_mod_20250925publikus.pdf,Benevia missing point 4 row recovered from latest permit table line 533
Benevia,6300/674-1/2019,alapengedely,szamóca (hajtatott),"dohánytripsz, nyugati virágtripsz, szamóca- bimbólikasztó, levéltetvek, foltosszárnyú muslica",rovarölő szer,75-100,ml/hl,300-1000,l/ha,12,89,a 2. levél kiterülésétől a betakarításig (BBCH 12-89) januártól decemberig,1,2,7,2027-09-14,Benevia_mod_20250925publikus.pdf,https://novenyvedoszer.nebih.gov.hu/Engedelykereso/DocumentHandler.ashx?documentId=347945452es347942610&documentName=Benevia_mod_20250925publikus.pdf,Benevia missing point 4 row recovered from latest permit table line 534
Benevia,6300/674-1/2019,alapengedely,póréhagyma,"dohánytripsz, hagymalégy",rovarölő szer,0.75,l/ha,200-800,l/ha,12,80,két leveles állapottól az érés kezdetéig (BBCH 12-80),,1,7,2027-09-14,Benevia_mod_20250925publikus.pdf,https://novenyvedoszer.nebih.gov.hu/Engedelykereso/DocumentHandler.ashx?documentId=347945452es347942610&documentName=Benevia_mod_20250925publikus.pdf,Benevia missing point 4 row recovered from latest permit table line 537
Benevia,6300/674-1/2019,alapengedely,"fejes saláta, jégsaláta, endivia, batávia saláta, lollo saláta, római saláta, tépő saláta (szabadföldi)","tripszek, gyapottok- bagolylepke, bagolylepkék",rovarölő szer,0.6-0.75,l/ha,300-800,l/ha,12,49,két leveles állapottól a végleges fejméretig (BBCH 12-49),1,1,7,2027-09-14,Benevia_mod_20250925publikus.pdf,https://novenyvedoszer.nebih.gov.hu/Engedelykereso/DocumentHandler.ashx?documentId=347945452es347942610&documentName=Benevia_mod_20250925publikus.pdf,Benevia missing point 4 row recovered from latest permit table line 538
Benevia,6300/674-1/2019,alapengedely,"jégsaláta, endivia, batávia saláta, lollo saláta, római saláta, tépő saláta (hajtatott)","tripszek, gyapottok- bagolylepke, bagolylepkék",rovarölő szer,0.6-0.75,l/ha,300-800,l/ha,12,49,két leveles állapottól a végleges fejméretig (BBCH 12-49),1,2,7,2027-09-14,Benevia_mod_20250925publikus.pdf,https://novenyvedoszer.nebih.gov.hu/Engedelykereso/DocumentHandler.ashx?documentId=347945452es347942610&documentName=Benevia_mod_20250925publikus.pdf,Benevia missing point 4 row recovered from latest permit table line 539
Benevia,6300/674-1/2019,alapengedely,"kínai kel, fodros kel","fehér lepkék, bagolylepkék, káposztamoly",rovarölő szer,0.4-0.5,l/ha,300-800,l/ha,12,49,két lombleveles állapottól a vegetatív növényi részek elérték jellemző méretéig (BBCH 12-49),,1,7,2027-09-14,Benevia_mod_20250925publikus.pdf,https://novenyvedoszer.nebih.gov.hu/Engedelykereso/DocumentHandler.ashx?documentId=347945452es347942610&documentName=Benevia_mod_20250925publikus.pdf,Benevia missing point 4 row recovered from latest permit table line 609
Benevia,6300/674-1/2019,alapengedely,"kínai kel, fodros kel",közönséges liszteske,rovarölő szer,0.75,l/ha,300-800,l/ha,12,49,két lombleveles állapottól a vegetatív növényi részek elérték jellemző méretéig (BBCH 12-49),,1,7,2027-09-14,Benevia_mod_20250925publikus.pdf,https://novenyvedoszer.nebih.gov.hu/Engedelykereso/DocumentHandler.ashx?documentId=347945452es347942610&documentName=Benevia_mod_20250925publikus.pdf,Benevia missing point 4 row recovered from latest permit table line 611
Benevia,6300/674-1/2019,alapengedely,"kínai kel, fodros kel",tavaszi káposztalégy,rovarölő szer,0.75,l/ha,300-800,l/ha,12,49,két lombleveles állapottól a vegetatív növényi részek elérték jellemző méretéig (BBCH 12-49),,1,7,2027-09-14,Benevia_mod_20250925publikus.pdf,https://novenyvedoszer.nebih.gov.hu/Engedelykereso/DocumentHandler.ashx?documentId=347945452es347942610&documentName=Benevia_mod_20250925publikus.pdf,Benevia missing point 4 row recovered from latest permit table line 612
Deltam,04.2/2585-1/2018,alapengedely,Vöröshagyma,levéltetvek,rovarölő szer,8,ml/100m2,10,l/ha,45,45,hagymafej- képződés (BBCH 45),,2,14,2026-10-31,Deltam_szig_0098304_1_20241204_publikus.pdf,https://novenyvedoszer.nebih.gov.hu/Engedelykereso/DocumentHandler.ashx?documentId=346291229es346268490&documentName=Deltam_szig_0098304_1_20241204_publikus.pdf,Deltam missing point 4 row recovered from latest permit table line 253
Deltam,04.2/2585-1/2018,alapengedely,Vöröshagyma,"aknázó légy, hagymalégy, kártevő lepkék, tripsz",rovarölő szer,5,ml/100m2,10,l/ha,45,45,hagymafej- képződés (BBCH 45),,2,14,2026-10-31,Deltam_szig_0098304_1_20241204_publikus.pdf,https://novenyvedoszer.nebih.gov.hu/Engedelykereso/DocumentHandler.ashx?documentId=346291229es346268490&documentName=Deltam_szig_0098304_1_20241204_publikus.pdf,Deltam missing point 4 row recovered from latest permit table line 254
Deltam,04.2/2585-1/2018,alapengedely,"Mogyoróhagyma, fokhagyma",levéltetvek,rovarölő szer,8,ml/100m2,10,l/ha,45,45,hagymafej- képződés (BBCH 45),,2,14,2026-10-31,Deltam_szig_0098304_1_20241204_publikus.pdf,https://novenyvedoszer.nebih.gov.hu/Engedelykereso/DocumentHandler.ashx?documentId=346291229es346268490&documentName=Deltam_szig_0098304_1_20241204_publikus.pdf,Deltam missing point 4 row recovered from latest permit table line 255
Deltam,04.2/2585-1/2018,alapengedely,"Mogyoróhagyma, fokhagyma","aknázó légy, hagymalégy, kártevő lepkék",rovarölő szer,5,ml/100m2,10,l/ha,45,45,hagymafej- képződés (BBCH 45),,2,14,2026-10-31,Deltam_szig_0098304_1_20241204_publikus.pdf,https://novenyvedoszer.nebih.gov.hu/Engedelykereso/DocumentHandler.ashx?documentId=346291229es346268490&documentName=Deltam_szig_0098304_1_20241204_publikus.pdf,Deltam missing point 4 row recovered from latest permit table line 256
Deltam,04.2/2585-1/2018,alapengedely,"Paradicsom, padlizsán/tojásgyümölcs",levéltetvek,rovarölő szer,8,ml/100m2,10-15,l/ha,82,82,érés kezdete (BBCH 82),,3,14,2026-10-31,Deltam_szig_0098304_1_20241204_publikus.pdf,https://novenyvedoszer.nebih.gov.hu/Engedelykereso/DocumentHandler.ashx?documentId=346291229es346268490&documentName=Deltam_szig_0098304_1_20241204_publikus.pdf,Deltam missing point 4 row recovered from latest permit table line 257
Deltam,04.2/2585-1/2018,alapengedely,"Paradicsom, padlizsán/tojásgyümölcs","liszteskék, lombrágó hernyók",rovarölő szer,5,ml/100m2,10-15,l/ha,82,82,érés kezdete (BBCH 82),,3,14,2026-10-31,Deltam_szig_0098304_1_20241204_publikus.pdf,https://novenyvedoszer.nebih.gov.hu/Engedelykereso/DocumentHandler.ashx?documentId=346291229es346268490&documentName=Deltam_szig_0098304_1_20241204_publikus.pdf,Deltam missing point 4 row recovered from latest permit table line 258
Deltam,04.2/2585-1/2018,alapengedely,"Cukkini, uborka/fürtös, berakó csemege uborka/ (szabadföldi és hajtatott)",levéltetvek,rovarölő szer,8,ml/100m2,10-15,l/ha,70,70,termésképződés kezdete (BBCH 70),,3,14,2026-10-31,Deltam_szig_0098304_1_20241204_publikus.pdf,https://novenyvedoszer.nebih.gov.hu/Engedelykereso/DocumentHandler.ashx?documentId=346291229es346268490&documentName=Deltam_szig_0098304_1_20241204_publikus.pdf,Deltam missing point 4 row recovered from latest permit table line 259
Deltam,04.2/2585-1/2018,alapengedely,"Cukkini, uborka/fürtös, berakó csemege uborka/ (szabadföldi és hajtatott)","liszteskék, lombrágó hernyók",rovarölő szer,5,ml/100m2,10-15,l/ha,70,70,termésképződés kezdete (BBCH 70),,3,14,2026-10-31,Deltam_szig_0098304_1_20241204_publikus.pdf,https://novenyvedoszer.nebih.gov.hu/Engedelykereso/DocumentHandler.ashx?documentId=346291229es346268490&documentName=Deltam_szig_0098304_1_20241204_publikus.pdf,Deltam missing point 4 row recovered from latest permit table line 260
Deltam,04.2/2585-1/2018,alapengedely,Bimbóskel,levéltetvek,rovarölő szer,8,ml/100m2,10,l/ha,45,45,a bimbók 50 %-a szorosan zárt (BBCH 45),,2,14,2026-10-31,Deltam_szig_0098304_1_20241204_publikus.pdf,https://novenyvedoszer.nebih.gov.hu/Engedelykereso/DocumentHandler.ashx?documentId=346291229es346268490&documentName=Deltam_szig_0098304_1_20241204_publikus.pdf,Deltam missing point 4 row recovered from latest permit table line 261
Deltam,04.2/2585-1/2018,alapengedely,Bimbóskel,"lombrágó hernyók, aknázó kártevők",rovarölő szer,5,ml/100m2,10,l/ha,45,45,a bimbók 50 %-a szorosan zárt (BBCH 45),,2,14,2026-10-31,Deltam_szig_0098304_1_20241204_publikus.pdf,https://novenyvedoszer.nebih.gov.hu/Engedelykereso/DocumentHandler.ashx?documentId=346291229es346268490&documentName=Deltam_szig_0098304_1_20241204_publikus.pdf,Deltam missing point 4 row recovered from latest permit table line 262
Deltam,04.2/2585-1/2018,alapengedely,Brokkoli,levéltetvek,rovarölő szer,8,ml/100m2,10,l/ha,53,53,30 %-os főhajtáshossz (BBCH 53),,3,14,2026-10-31,Deltam_szig_0098304_1_20241204_publikus.pdf,https://novenyvedoszer.nebih.gov.hu/Engedelykereso/DocumentHandler.ashx?documentId=346291229es346268490&documentName=Deltam_szig_0098304_1_20241204_publikus.pdf,Deltam missing point 4 row recovered from latest permit table line 263
Deltam,04.2/2585-1/2018,alapengedely,Brokkoli,"lombrágó hernyók, aknázó kártevők",rovarölő szer,5,ml/100m2,10,l/ha,53,53,30 %-os főhajtáshossz (BBCH 53),,3,14,2026-10-31,Deltam_szig_0098304_1_20241204_publikus.pdf,https://novenyvedoszer.nebih.gov.hu/Engedelykereso/DocumentHandler.ashx?documentId=346291229es346268490&documentName=Deltam_szig_0098304_1_20241204_publikus.pdf,Deltam missing point 4 row recovered from latest permit table line 264
Deltam,04.2/2585-1/2018,alapengedely,Karfiol (fehér és zöld),levéltetvek,rovarölő szer,8,ml/100m2,10,l/ha,43,43,30 %-os virágzatméret (BBCH 43),,3,14,2026-10-31,Deltam_szig_0098304_1_20241204_publikus.pdf,https://novenyvedoszer.nebih.gov.hu/Engedelykereso/DocumentHandler.ashx?documentId=346291229es346268490&documentName=Deltam_szig_0098304_1_20241204_publikus.pdf,Deltam missing point 4 row recovered from latest permit table line 265
Deltam,04.2/2585-1/2018,alapengedely,Karfiol (fehér és zöld),"lombrágó hernyók, aknázó kártevők",rovarölő szer,5,ml/100m2,10,l/ha,43,43,30 %-os virágzatméret (BBCH 43),,3,14,2026-10-31,Deltam_szig_0098304_1_20241204_publikus.pdf,https://novenyvedoszer.nebih.gov.hu/Engedelykereso/DocumentHandler.ashx?documentId=346291229es346268490&documentName=Deltam_szig_0098304_1_20241204_publikus.pdf,Deltam missing point 4 row recovered from latest permit table line 266
Deltam,04.2/2585-1/2018,alapengedely,"Fejes káposzta (fehér, vörös), kelkáposzta, csúcsos káposzta","lombrágó hernyók, aknázó kártevők",rovarölő szer,5,ml/100m2,10,l/ha,45,45,50 %-os fejátmérő (BBCH 45),,2,14,2026-10-31,Deltam_szig_0098304_1_20241204_publikus.pdf,https://novenyvedoszer.nebih.gov.hu/Engedelykereso/DocumentHandler.ashx?documentId=346291229es346268490&documentName=Deltam_szig_0098304_1_20241204_publikus.pdf,Deltam missing point 4 row recovered from latest permit table line 372
Deltam,04.2/2585-1/2018,alapengedely,Karalábé,"lombrágó hernyók, aknázó kártevők",rovarölő szer,5,ml/100m2,10,l/ha,45,45,50 %-os levéltömeg (BBCH 45),,3,14,2026-10-31,Deltam_szig_0098304_1_20241204_publikus.pdf,https://novenyvedoszer.nebih.gov.hu/Engedelykereso/DocumentHandler.ashx?documentId=346291229es346268490&documentName=Deltam_szig_0098304_1_20241204_publikus.pdf,Deltam missing point 4 row recovered from latest permit table line 374
Deltam,04.2/2585-1/2018,alapengedely,Saláta (szabadföldi és hajtatott),"levéltetvek, lombrágó hernyók",rovarölő szer,5,ml/100m2,10,l/ha,45,45,50 %-os levéltömeg (BBCH 45),,3,14,2026-10-31,Deltam_szig_0098304_1_20241204_publikus.pdf,https://novenyvedoszer.nebih.gov.hu/Engedelykereso/DocumentHandler.ashx?documentId=346291229es346268490&documentName=Deltam_szig_0098304_1_20241204_publikus.pdf,Deltam missing point 4 row recovered from latest permit table line 375
Deltam,04.2/2585-1/2018,alapengedely,"Endívia, vörös cikória/radicchio, cukorsüveg endívia (szabadföldi és hajtatott)","levéltetvek, lombrágó hernyók",rovarölő szer,5,ml/100m2,10,l/ha,45,45,50 %-os levéltömeg (BBCH 45),,3,14,2026-10-31,Deltam_szig_0098304_1_20241204_publikus.pdf,https://novenyvedoszer.nebih.gov.hu/Engedelykereso/DocumentHandler.ashx?documentId=346291229es346268490&documentName=Deltam_szig_0098304_1_20241204_publikus.pdf,Deltam missing point 4 row recovered from latest permit table line 376
Deltam,04.2/2585-1/2018,alapengedely,Cikória gyökértermesztés,"levéltetvek, lombrágó hernyók",rovarölő szer,5,ml/100m2,10,l/ha,49,49,gyökérnövekedés vége (BBCH 49),,3,14,2026-10-31,Deltam_szig_0098304_1_20241204_publikus.pdf,https://novenyvedoszer.nebih.gov.hu/Engedelykereso/DocumentHandler.ashx?documentId=346291229es346268490&documentName=Deltam_szig_0098304_1_20241204_publikus.pdf,Deltam missing point 4 row recovered from latest permit table line 377
Deltam,04.2/2585-1/2018,alapengedely,"Spenót, galambbegy saláta, kerti zsázsa, borsmustár/rukkola (szabadföldi és hajtatott)",levéltetvek,rovarölő szer,8,ml/100m2,10,l/ha,45,45,levélfejlődés (BBCH 45),,3,14,2026-10-31,Deltam_szig_0098304_1_20241204_publikus.pdf,https://novenyvedoszer.nebih.gov.hu/Engedelykereso/DocumentHandler.ashx?documentId=346291229es346268490&documentName=Deltam_szig_0098304_1_20241204_publikus.pdf,Deltam missing point 4 row recovered from latest permit table line 378
Deltam,04.2/2585-1/2018,alapengedely,"Spenót, galambbegy saláta, kerti zsázsa, borsmustár/rukkola (szabadföldi és hajtatott)",lombrágó hernyók,rovarölő szer,5,ml/100m2,10,l/ha,45,45,levélfejlődés (BBCH 45),,3,14,2026-10-31,Deltam_szig_0098304_1_20241204_publikus.pdf,https://novenyvedoszer.nebih.gov.hu/Engedelykereso/DocumentHandler.ashx?documentId=346291229es346268490&documentName=Deltam_szig_0098304_1_20241204_publikus.pdf,Deltam missing point 4 row recovered from latest permit table line 379
Deltam,04.2/2585-1/2018,alapengedely,Levélzeller (szabadföldi és hajtatott),levéltetvek,rovarölő szer,8,ml/100m2,10,l/ha,45,45,levélzet fejlődése (BBCH 45),,3,14,2026-10-31,Deltam_szig_0098304_1_20241204_publikus.pdf,https://novenyvedoszer.nebih.gov.hu/Engedelykereso/DocumentHandler.ashx?documentId=346291229es346268490&documentName=Deltam_szig_0098304_1_20241204_publikus.pdf,Deltam missing point 4 row recovered from latest permit table line 380
Deltam,04.2/2585-1/2018,alapengedely,Levélzeller (szabadföldi és hajtatott),lombrágó hernyók,rovarölő szer,5,ml/100m2,10,l/ha,45,45,levélzet fejlődése (BBCH 45),,3,14,2026-10-31,Deltam_szig_0098304_1_20241204_publikus.pdf,https://novenyvedoszer.nebih.gov.hu/Engedelykereso/DocumentHandler.ashx?documentId=346291229es346268490&documentName=Deltam_szig_0098304_1_20241204_publikus.pdf,Deltam missing point 4 row recovered from latest permit table line 381
Deltam,04.2/2585-1/2018,alapengedely,Zöldbab (szabadföldi és hajtatott),levéltetvek,rovarölő szer,5,ml/100m2,10,l/ha,79,79,babszemek kidomborodnak a hüvelyen (BBCH 79),,3,14,2026-10-31,Deltam_szig_0098304_1_20241204_publikus.pdf,https://novenyvedoszer.nebih.gov.hu/Engedelykereso/DocumentHandler.ashx?documentId=346291229es346268490&documentName=Deltam_szig_0098304_1_20241204_publikus.pdf,Deltam missing point 4 row recovered from latest permit table line 382
Deltam,04.2/2585-1/2018,alapengedely,Borsó,levéltetvek,rovarölő szer,8,ml/100m2,10-15,l/ha,72,72,hüvelyképződés kezdete (BBCH 72),,2,14,2026-10-31,Deltam_szig_0098304_1_20241204_publikus.pdf,https://novenyvedoszer.nebih.gov.hu/Engedelykereso/DocumentHandler.ashx?documentId=346291229es346268490&documentName=Deltam_szig_0098304_1_20241204_publikus.pdf,Deltam missing point 4 row recovered from latest permit table line 383
Deltam,04.2/2585-1/2018,alapengedely,Borsó,"borsótripsz, csipkéző bogarak",rovarölő szer,5,ml/100m2,10-15,l/ha,72,72,hüvelyképződés kezdete (BBCH 72),,2,14,2026-10-31,Deltam_szig_0098304_1_20241204_publikus.pdf,https://novenyvedoszer.nebih.gov.hu/Engedelykereso/DocumentHandler.ashx?documentId=346291229es346268490&documentName=Deltam_szig_0098304_1_20241204_publikus.pdf,Deltam missing point 4 row recovered from latest permit table line 384
Deltam,04.2/2585-1/2018,alapengedely,Póréhagyma,lombrágó hernyók,rovarölő szer,5,ml/100m2,14,l/ha,45,45,hagymatest- képződés (BBCH 45),,3,14,2026-10-31,Deltam_szig_0098304_1_20241204_publikus.pdf,https://novenyvedoszer.nebih.gov.hu/Engedelykereso/DocumentHandler.ashx?documentId=346291229es346268490&documentName=Deltam_szig_0098304_1_20241204_publikus.pdf,Deltam missing point 4 row recovered from latest permit table line 385
Deltam,04.2/2585-1/2018,alapengedely,Hajtatott póréhagyma,lombrágó hernyók,rovarölő szer,5,ml/100m2,10,l/ha,45,45,hagymatest- képződés (BBCH 45),,3,14,2026-10-31,Deltam_szig_0098304_1_20241204_publikus.pdf,https://novenyvedoszer.nebih.gov.hu/Engedelykereso/DocumentHandler.ashx?documentId=346291229es346268490&documentName=Deltam_szig_0098304_1_20241204_publikus.pdf,Deltam missing point 4 row recovered from latest permit table line 386
Deltam,04.2/2585-1/2018,alapengedely,Burgonya,levéltetvek,rovarölő szer,8,ml/100m2,10,l/ha,85,85,bogyóérés (BBCH 85),,2,14,2026-10-31,Deltam_szig_0098304_1_20241204_publikus.pdf,https://novenyvedoszer.nebih.gov.hu/Engedelykereso/DocumentHandler.ashx?documentId=346291229es346268490&documentName=Deltam_szig_0098304_1_20241204_publikus.pdf,Deltam missing point 4 row recovered from latest permit table line 387
Mospilan 20 SG,04.2/2883-1/2011,alapengedely,"mustár, olajretek","levéltetvek, repcebolha, repcedarázs, repce- fénybogár, repcebecő- ormányos, repceszár-ormányos",rovarölő szer,0.15-0.2,kg/ha,200-400,l/ha,10,67,szikleveles állapot – virágzás (BBCH 10-67),,1,14,2034-02-28,Mospilan 20 SG_mod_76068_3_20251124_publikus.pdf,https://novenyvedoszer.nebih.gov.hu/Engedelykereso/DocumentHandler.ashx?documentId=348233501es348148848&documentName=Mospilan+20+SG_mod_76068_3_20251124_publikus.pdf,Mospilan 20 SG missing point 4 row recovered from latest permit table line 293
Mospilan 20 SG,04.2/2883-1/2011,alapengedely,őszi káposztarepce,"levéltetvek, repcebolha, repcedarázs, repce- fénybogár, repcebecő- ormányos, repceszár-ormányos",rovarölő szer,0.15-0.2,kg/ha,200-400,l/ha,10,59,szikleveles állapot – sárgabimbós állapot (BBCH 10-59) 50 %-os virágzás ‒ virágzás gyengülése (BBCH 65-67),,1,14,2034-02-28,Mospilan 20 SG_mod_76068_3_20251124_publikus.pdf,https://novenyvedoszer.nebih.gov.hu/Engedelykereso/DocumentHandler.ashx?documentId=348233501es348148848&documentName=Mospilan+20+SG_mod_76068_3_20251124_publikus.pdf,Mospilan 20 SG missing point 4 row recovered from latest permit table line 294
Mospilan 20 SG,04.2/2883-1/2011,alapengedely,lucerna magtermesztés,"csipkézőbogár fajok, lucernapoloska, lucernabimbó- gubacsszúnyog, somkóró- bagolylepke, lucerna-magdarázs",rovarölő szer,0.2,kg/ha,200-500,l/ha,11,75,egyleveles állapot – a hüvelyek 50%-a elérte a végleges nagyságot (BBCH 11-75),,2,14,2034-02-28,Mospilan 20 SG_mod_76068_3_20251124_publikus.pdf,https://novenyvedoszer.nebih.gov.hu/Engedelykereso/DocumentHandler.ashx?documentId=348233501es348148848&documentName=Mospilan+20+SG_mod_76068_3_20251124_publikus.pdf,Mospilan 20 SG missing point 4 row recovered from latest permit table line 295
Mospilan 20 SG,04.2/2883-1/2011,alapengedely,napraforgó,levéltetvek,rovarölő szer,0.15-0.2,kg/ha,300-400,l/ha,40,53,szármegnyúlás vége – virágzat elkülönülése (BBCH 40-53),,1,14,2034-02-28,Mospilan 20 SG_mod_76068_3_20251124_publikus.pdf,https://novenyvedoszer.nebih.gov.hu/Engedelykereso/DocumentHandler.ashx?documentId=348233501es348148848&documentName=Mospilan+20+SG_mod_76068_3_20251124_publikus.pdf,Mospilan 20 SG missing point 4 row recovered from latest permit table line 296
Mospilan 20 SG,04.2/2883-1/2011,alapengedely,dohány,levéltetvek,rovarölő szer,0.125,kg/ha,300-500,l/ha,14,62,négy lombleveles állapot – virágzás (BBCH 14-62),,2,7,2034-02-28,Mospilan 20 SG_mod_76068_3_20251124_publikus.pdf,https://novenyvedoszer.nebih.gov.hu/Engedelykereso/DocumentHandler.ashx?documentId=348233501es348148848&documentName=Mospilan+20+SG_mod_76068_3_20251124_publikus.pdf,Mospilan 20 SG missing point 4 row recovered from latest permit table line 297
Mospilan 20 SG,04.2/2883-1/2011,alapengedely,dohány,dohánytripsz,rovarölő szer,0.4,kg/ha,300-500,l/ha,14,62,négy lombleveles állapot – virágzás (BBCH 14-62),,2,7,2034-02-28,Mospilan 20 SG_mod_76068_3_20251124_publikus.pdf,https://novenyvedoszer.nebih.gov.hu/Engedelykereso/DocumentHandler.ashx?documentId=348233501es348148848&documentName=Mospilan+20+SG_mod_76068_3_20251124_publikus.pdf,Mospilan 20 SG missing point 4 row recovered from latest permit table line 298
Mospilan 20 SG,04.2/2883-1/2011,alapengedely,"paradicsom, tojásgyümölcs/padlizsán (hajtatott)",üvegházi molytetű,rovarölő szer,0.25,kg/ha,400-600,l/ha,14,71,négy lombleveles állapot – 1. bogyó teljes kifejlődése (BBCH 14-71),,2,7,2034-02-28,Mospilan 20 SG_mod_76068_3_20251124_publikus.pdf,https://novenyvedoszer.nebih.gov.hu/Engedelykereso/DocumentHandler.ashx?documentId=348233501es348148848&documentName=Mospilan+20+SG_mod_76068_3_20251124_publikus.pdf,Mospilan 20 SG missing point 4 row recovered from latest permit table line 299
Mospilan 20 SG,04.2/2883-1/2011,alapengedely,bimbós kel,"levéltetvek, földibolhák, káposztalégy, repceszár-ormányos, káposzta- bagolylepke, káposztalepke",rovarölő szer,0.25,kg/ha,400-800,l/ha,10,58,szikleveles állapot – végleges főhajtáshossz (BBCH 10-58),,1,7,2034-02-28,Mospilan 20 SG_mod_76068_3_20251124_publikus.pdf,https://novenyvedoszer.nebih.gov.hu/Engedelykereso/DocumentHandler.ashx?documentId=348233501es348148848&documentName=Mospilan+20+SG_mod_76068_3_20251124_publikus.pdf,Mospilan 20 SG missing point 4 row recovered from latest permit table line 300
Mospilan 20 SG,04.2/2883-1/2011,alapengedely,zöldborsó,"csipkézőbogár fajok, borsómoly, akácmoly, fésűslábú viráglégy, borsótripsz",rovarölő szer,0.2,kg/ha,200-500,l/ha,09,75,kelés – hüvelyek 50%-a elérte a végleges nagyságot (BBCH 09-75),,2,14,2034-02-28,Mospilan 20 SG_mod_76068_3_20251124_publikus.pdf,https://novenyvedoszer.nebih.gov.hu/Engedelykereso/DocumentHandler.ashx?documentId=348233501es348148848&documentName=Mospilan+20+SG_mod_76068_3_20251124_publikus.pdf,Mospilan 20 SG missing point 4 row recovered from latest permit table line 301
Mospilan 20 SG,04.2/2883-1/2011,alapengedely,zöldbab,"csipkézőbogár fajok, bagolylepkék, fésűslábú viráglégy, dohánytripsz",rovarölő szer,0.2,kg/ha,200-500,l/ha,10,75,kelés – hüvelyek 50%-a elérte a végleges nagyságot (BBCH 10-75),,2,14,2034-02-28,Mospilan 20 SG_mod_76068_3_20251124_publikus.pdf,https://novenyvedoszer.nebih.gov.hu/Engedelykereso/DocumentHandler.ashx?documentId=348233501es348148848&documentName=Mospilan+20+SG_mod_76068_3_20251124_publikus.pdf,Mospilan 20 SG missing point 4 row recovered from latest permit table line 302
Mospilan 20 SG,04.2/2883-1/2011,alapengedely,fűszernövények,szívó- és rágókártevők,rovarölő szer,0.25,kg/ha,400-800,l/ha,,,Az élelmezés- egészségügyi várakozási idő figyelembevételével,,2,7,2034-02-28,Mospilan 20 SG_mod_76068_3_20251124_publikus.pdf,https://novenyvedoszer.nebih.gov.hu/Engedelykereso/DocumentHandler.ashx?documentId=348233501es348148848&documentName=Mospilan+20+SG_mod_76068_3_20251124_publikus.pdf,Mospilan 20 SG missing point 4 row recovered from latest permit table line 303
Mospilan 20 SG,04.2/2883-1/2011,alapengedely,dísznövények,szívó- és rágókártevők,rovarölő szer,0.06-0.5,kg/ha,500-1500,l/ha,,,nincs korlátozás,,2,7,2034-02-28,Mospilan 20 SG_mod_76068_3_20251124_publikus.pdf,https://novenyvedoszer.nebih.gov.hu/Engedelykereso/DocumentHandler.ashx?documentId=348233501es348148848&documentName=Mospilan+20+SG_mod_76068_3_20251124_publikus.pdf,Mospilan 20 SG missing point 4 row recovered from latest permit table line 431
Mospilan 20 SG,04.2/2883-1/2011,alapengedely,erdészeti kultúrák,szívó- és rágókártevők,rovarölő szer,0.2-0.3,kg/ha,400-1200,l/ha,,,nincs korlátozás,,2,14,2034-02-28,Mospilan 20 SG_mod_76068_3_20251124_publikus.pdf,https://novenyvedoszer.nebih.gov.hu/Engedelykereso/DocumentHandler.ashx?documentId=348233501es348148848&documentName=Mospilan+20+SG_mod_76068_3_20251124_publikus.pdf,Mospilan 20 SG missing point 4 row recovered from latest permit table line 433
Mospilan 20 SG,04.2/2883-1/2011,alapengedely,fekete bodza,bodza-levéltetű,rovarölő szer,0.125,kg/ha,400-1500,l/ha,19,69,első levelek elérték a végleges méretüket – virágzás vége (BBCH 19-69),,2,7,2034-02-28,Mospilan 20 SG_mod_76068_3_20251124_publikus.pdf,https://novenyvedoszer.nebih.gov.hu/Engedelykereso/DocumentHandler.ashx?documentId=348233501es348148848&documentName=Mospilan+20+SG_mod_76068_3_20251124_publikus.pdf,Mospilan 20 SG missing point 4 row recovered from latest permit table line 434
Mospilan 20 SG,04.2/2883-1/2011,alapengedely,fekete bodza,"foltosszárnyú muslica, poloskák",rovarölő szer,0.15-0.25,kg/ha,400-1500,l/ha,19,69,első levelek elérték a végleges méretüket – virágzás vége (BBCH 19-69),,2,7,2034-02-28,Mospilan 20 SG_mod_76068_3_20251124_publikus.pdf,https://novenyvedoszer.nebih.gov.hu/Engedelykereso/DocumentHandler.ashx?documentId=348233501es348148848&documentName=Mospilan+20+SG_mod_76068_3_20251124_publikus.pdf,Mospilan 20 SG missing point 4 row recovered from latest permit table line 435
Mospilan 20 SG,04.2/2883-1/2011,alapengedely,zab,"vírusvektor kabócák, levéltetvek",rovarölő szer,0.15-0.2,kg/ha,250-400,l/ha,11,51,egyleveles állapot – bugahányás kezdete BBCH 11-51),,1,7,2034-02-28,Mospilan 20 SG_mod_76068_3_20251124_publikus.pdf,https://novenyvedoszer.nebih.gov.hu/Engedelykereso/DocumentHandler.ashx?documentId=348233501es348148848&documentName=Mospilan+20+SG_mod_76068_3_20251124_publikus.pdf,Mospilan 20 SG missing point 4 row recovered from latest permit table line 436
Mospilan 20 SG,04.2/2883-1/2011,alapengedely,vöröshagyma,"dohánytripsz, hagymalégy, hagyma-aknázólégy",rovarölő szer,0.2,kg/ha,300-600,l/ha,12,45,2. levél megjelenése – hagymafejképződés (BBCH 12-45),,1,7,2034-02-28,Mospilan 20 SG_mod_76068_3_20251124_publikus.pdf,https://novenyvedoszer.nebih.gov.hu/Engedelykereso/DocumentHandler.ashx?documentId=348233501es348148848&documentName=Mospilan+20+SG_mod_76068_3_20251124_publikus.pdf,Mospilan 20 SG missing point 4 row recovered from latest permit table line 437
Mospilan 20 SG,04.2/2883-1/2011,alapengedely,"málna, köszméte, szeder, szamóca","levéltetvek, poloskák, foltosszárnyú muslica, málnabogár, málnavessző- szúnyog, üvegszárnyú ribiszkelepke, szamóca- bimbólikasztó",rovarölő szer,0.15-0.25,kg/ha,500-1000,l/ha,19,81,első levelek elérték a végleges méretüket – érés kezdete (BBCH 19-81),,1,7,2034-02-28,Mospilan 20 SG_mod_76068_3_20251124_publikus.pdf,https://novenyvedoszer.nebih.gov.hu/Engedelykereso/DocumentHandler.ashx?documentId=348233501es348148848&documentName=Mospilan+20+SG_mod_76068_3_20251124_publikus.pdf,Mospilan 20 SG missing point 4 row recovered from latest permit table line 438
Mospilan 20 SG,04.2/2883-1/2011,alapengedely,mák,"levéltetvek, barkók, máktokormányos, máktokszúnyog",rovarölő szer,0.15,kg/ha,300-500,l/ha,10,81,szikleveles állapot – érés kezdete (BBCH 10-81),,1,7,2034-02-28,Mospilan 20 SG_mod_76068_3_20251124_publikus.pdf,https://novenyvedoszer.nebih.gov.hu/Engedelykereso/DocumentHandler.ashx?documentId=348233501es348148848&documentName=Mospilan+20+SG_mod_76068_3_20251124_publikus.pdf,Mospilan 20 SG missing point 4 row recovered from latest permit table line 439
Mospilan 20 SG,04.2/2883-1/2011,alapengedely,pannonbükköny,"lucernaormányos, csipkézőbogár fajok, lucernapoloska, somkóró- bagolylepke",rovarölő szer,0.2,kg/ha,200-500,l/ha,11,75,egyleveles állapot – a hüvelyek 50%-a elérte a végleges nagyságot (BBCH 11-75),,2,14,2034-02-28,Mospilan 20 SG_mod_76068_3_20251124_publikus.pdf,https://novenyvedoszer.nebih.gov.hu/Engedelykereso/DocumentHandler.ashx?documentId=348233501es348148848&documentName=Mospilan+20+SG_mod_76068_3_20251124_publikus.pdf,Mospilan 20 SG missing point 4 row recovered from latest permit table line 440
Mospilan 20 SG,04.2/2883-1/2011,alapengedely,"vetőmagborsó (sárgaborsó, zöldborsó, szárazborsó, cukorborsó)","csipkézőbogár fajok, borsómoly, akácmoly, fésűslábú viráglégy, borsótripsz",rovarölő szer,0.2,kg/ha,200-500,l/ha,09,75,kelés – hüvelyek 50%-a elérte a végleges nagyságot (BBCH 09-75),,2,14,2034-02-28,Mospilan 20 SG_mod_76068_3_20251124_publikus.pdf,https://novenyvedoszer.nebih.gov.hu/Engedelykereso/DocumentHandler.ashx?documentId=348233501es348148848&documentName=Mospilan+20+SG_mod_76068_3_20251124_publikus.pdf,Mospilan 20 SG missing point 4 row recovered from latest permit table line 442
Mospilan 20 SG,04.2/2883-1/2011,alapengedely,kajszibarack,levéltetvek,rovarölő szer,0.125,kg/ha,600-1000,l/ha,11,82,levélkiterülés kezdete – érés (BBCH 11-82),,1,14,2034-02-28,Mospilan 20 SG_mod_76068_3_20251124_publikus.pdf,https://novenyvedoszer.nebih.gov.hu/Engedelykereso/DocumentHandler.ashx?documentId=348233501es348148848&documentName=Mospilan+20+SG_mod_76068_3_20251124_publikus.pdf,Mospilan 20 SG missing point 4 row recovered from latest permit table line 443
Mospilan 20 SG,04.2/2883-1/2011,alapengedely,körte,levéltetvek,rovarölő szer,0.125,kg/ha,600-1500,l/ha,11,82,levélkiterülés kezdete – érés (BBCH 11-82),,1,14,2034-02-28,Mospilan 20 SG_mod_76068_3_20251124_publikus.pdf,https://novenyvedoszer.nebih.gov.hu/Engedelykereso/DocumentHandler.ashx?documentId=348233501es348148848&documentName=Mospilan+20+SG_mod_76068_3_20251124_publikus.pdf,Mospilan 20 SG missing point 4 row recovered from latest permit table line 444
Deltaphar 25 EC,04.2/1654-1/2018,alapengedely,Uborka (hajtatott),"lepkehernyók, levéltetű fajok, liszteskék",rovarölő szer,0.1-0.18,liter/ha,500-1000,l/ha,11,71,1-leveles állapot - termésfejlődés kezdete (BBCH 11-71),,3,7,2027-08-15,Deltaphar 25 EC_mód_20260520_pub.pdf,https://novenyvedoszer.nebih.gov.hu/Engedelykereso/DocumentHandler.ashx?documentId=350182032es350186813&documentName=Deltaphar+25+EC_m%c3%b3d_20260520_pub.pdf,Deltaphar 25 EC missing point 4 row recovered from latest permit table line 217
Deltaphar 25 EC,04.2/1654-1/2018,alapengedely,Póréhagyma,levéltetű fajok,rovarölő szer,0.5,liter/ha,300-500,l/ha,12,45,2-leveles állapot - hagymafej- képződés (BBCH 12-45),,3,14,2027-08-15,Deltaphar 25 EC_mód_20260520_pub.pdf,https://novenyvedoszer.nebih.gov.hu/Engedelykereso/DocumentHandler.ashx?documentId=350182032es350186813&documentName=Deltaphar+25+EC_m%c3%b3d_20260520_pub.pdf,Deltaphar 25 EC missing point 4 row recovered from latest permit table line 218
Deltaphar 25 EC,04.2/1654-1/2018,alapengedely,Póréhagyma,lepkehernyók,rovarölő szer,0.25,liter/ha,300-500,l/ha,12,45,2-leveles állapot - hagymafej- képződés (BBCH 12-45),,3,14,2027-08-15,Deltaphar 25 EC_mód_20260520_pub.pdf,https://novenyvedoszer.nebih.gov.hu/Engedelykereso/DocumentHandler.ashx?documentId=350182032es350186813&documentName=Deltaphar+25+EC_m%c3%b3d_20260520_pub.pdf,Deltaphar 25 EC missing point 4 row recovered from latest permit table line 219
Deltaphar 25 EC,04.2/1654-1/2018,alapengedely,Kelbimbó,"levéltetű fajok, lepkehernyók",rovarölő szer,0.4,liter/ha,350-600,l/ha,12,45,2-leveles állapot - bimbók 50 %-a szorosan zárt (BBCH 12-45),,2,7,2027-08-15,Deltaphar 25 EC_mód_20260520_pub.pdf,https://novenyvedoszer.nebih.gov.hu/Engedelykereso/DocumentHandler.ashx?documentId=350182032es350186813&documentName=Deltaphar+25+EC_m%c3%b3d_20260520_pub.pdf,Deltaphar 25 EC missing point 4 row recovered from latest permit table line 220
Deltaphar 25 EC,04.2/1654-1/2018,alapengedely,"Kínai kel, pak-choi/bordáskel","levéltetű fajok, lepkehernyók",rovarölő szer,0.4,liter/ha,350-600,l/ha,12,45,2-leveles állapot- 50 %-os fejméret (BBCH 12-45),,3,14,2027-08-15,Deltaphar 25 EC_mód_20260520_pub.pdf,https://novenyvedoszer.nebih.gov.hu/Engedelykereso/DocumentHandler.ashx?documentId=350182032es350186813&documentName=Deltaphar+25+EC_m%c3%b3d_20260520_pub.pdf,Deltaphar 25 EC missing point 4 row recovered from latest permit table line 221
Deltaphar 25 EC,04.2/1654-1/2018,alapengedely,"Sárgarépa, pasztinák, gyökérpetrezselyem","levéltetű fajok, lepkehernyók",rovarölő szer,0.4,liter/ha,300-500,l/ha,14,49,4-leveles állapot- gyökérnövekedés vége (BBCH 14-49),,3,14,2027-08-15,Deltaphar 25 EC_mód_20260520_pub.pdf,https://novenyvedoszer.nebih.gov.hu/Engedelykereso/DocumentHandler.ashx?documentId=350182032es350186813&documentName=Deltaphar+25+EC_m%c3%b3d_20260520_pub.pdf,Deltaphar 25 EC missing point 4 row recovered from latest permit table line 222
Deltaphar 25 EC,04.2/1654-1/2018,alapengedely,"Sárgarépa, pasztinák, gyökérpetrezselyem",sárgarépalégy,rovarölő szer,0.5,liter/ha,300-500,l/ha,14,49,4-leveles állapot- gyökérnövekedés vége (BBCH 14-49),,3,14,2027-08-15,Deltaphar 25 EC_mód_20260520_pub.pdf,https://novenyvedoszer.nebih.gov.hu/Engedelykereso/DocumentHandler.ashx?documentId=350182032es350186813&documentName=Deltaphar+25+EC_m%c3%b3d_20260520_pub.pdf,Deltaphar 25 EC missing point 4 row recovered from latest permit table line 223
Deltaphar 25 EC,04.2/1654-1/2018,alapengedely,"Retek (szabadföldi és hajtatott), fekete retek","levéltetű fajok, lepkehernyók",rovarölő szer,0.4,liter/ha,300-500,l/ha,12,49,2-leveles állapot- gyökérnövekedés vége (BBCH 12-49),,3,14,2027-08-15,Deltaphar 25 EC_mód_20260520_pub.pdf,https://novenyvedoszer.nebih.gov.hu/Engedelykereso/DocumentHandler.ashx?documentId=350182032es350186813&documentName=Deltaphar+25+EC_m%c3%b3d_20260520_pub.pdf,Deltaphar 25 EC missing point 4 row recovered from latest permit table line 224
Deltaphar 25 EC,04.2/1654-1/2018,alapengedely,"Retek (szabadföldi és hajtatott), fekete retek",földi bolhák,rovarölő szer,0.2,liter/ha,300-500,l/ha,12,49,2-leveles állapot- gyökérnövekedés vége (BBCH 12-49),,3,14,2027-08-15,Deltaphar 25 EC_mód_20260520_pub.pdf,https://novenyvedoszer.nebih.gov.hu/Engedelykereso/DocumentHandler.ashx?documentId=350182032es350186813&documentName=Deltaphar+25+EC_m%c3%b3d_20260520_pub.pdf,Deltaphar 25 EC missing point 4 row recovered from latest permit table line 225
Deltaphar 25 EC,04.2/1654-1/2018,alapengedely,"Karórépa, csicsóka","levéltetű fajok, lepkehernyók",rovarölő szer,0.4,liter/ha,300-500,l/ha,12,49,2-leveles állapot- gyökérnövekedés vége (BBCH 12-49),,3,14,2027-08-15,Deltaphar 25 EC_mód_20260520_pub.pdf,https://novenyvedoszer.nebih.gov.hu/Engedelykereso/DocumentHandler.ashx?documentId=350182032es350186813&documentName=Deltaphar+25+EC_m%c3%b3d_20260520_pub.pdf,Deltaphar 25 EC missing point 4 row recovered from latest permit table line 226
Deltaphar 25 EC,04.2/1654-1/2018,alapengedely,Torma,"levéltetű fajok, lepkehernyók",rovarölő szer,0.4,liter/ha,350-600,l/ha,12,49,2-leveles állapot- gyökérnövekedés vége (BBCH 12-49),,2,14,2027-08-15,Deltaphar 25 EC_mód_20260520_pub.pdf,https://novenyvedoszer.nebih.gov.hu/Engedelykereso/DocumentHandler.ashx?documentId=350182032es350186813&documentName=Deltaphar+25+EC_m%c3%b3d_20260520_pub.pdf,Deltaphar 25 EC missing point 4 row recovered from latest permit table line 227
Deltaphar 25 EC,04.2/1654-1/2018,alapengedely,"Metélőhagyma (szabadföldi és hajtatott), vöröshagyma, mogyoróhagyma, fokhagyma, újhagyma","levéltetű fajok, lepkehernyók",rovarölő szer,0.5,liter/ha,300-500,l/ha,12,45,2-leveles állapot - hagymafej- képződés (BBCH 12-45),,3,14,2027-08-15,Deltaphar 25 EC_mód_20260520_pub.pdf,https://novenyvedoszer.nebih.gov.hu/Engedelykereso/DocumentHandler.ashx?documentId=350182032es350186813&documentName=Deltaphar+25+EC_m%c3%b3d_20260520_pub.pdf,Deltaphar 25 EC missing point 4 row recovered from latest permit table line 328
Deltaphar 25 EC,04.2/1654-1/2018,alapengedely,"Brokkoli, karfiol /fehér és zöld/","levéltetű fajok, lepkehernyók",rovarölő szer,0.4,liter/ha,350-600,l/ha,12,45,2-leveles állapot - 50 %-os virágzat méret (BBCH 12-45),,3,14,2027-08-15,Deltaphar 25 EC_mód_20260520_pub.pdf,https://novenyvedoszer.nebih.gov.hu/Engedelykereso/DocumentHandler.ashx?documentId=350182032es350186813&documentName=Deltaphar+25+EC_m%c3%b3d_20260520_pub.pdf,Deltaphar 25 EC missing point 4 row recovered from latest permit table line 330
Deltaphar 25 EC,04.2/1654-1/2018,alapengedely,Karalábé,"levéltetű fajok, lepkehernyók",rovarölő szer,0.4,liter/ha,350-600,l/ha,12,45,2-leveles állapot - 50 %-os szárvastagság (BBCH 12-45),,2,7,2027-08-15,Deltaphar 25 EC_mód_20260520_pub.pdf,https://novenyvedoszer.nebih.gov.hu/Engedelykereso/DocumentHandler.ashx?documentId=350182032es350186813&documentName=Deltaphar+25+EC_m%c3%b3d_20260520_pub.pdf,Deltaphar 25 EC missing point 4 row recovered from latest permit table line 331
Deltaphar 25 EC,04.2/1654-1/2018,alapengedely,Fejes saláta (hajtatott),"levéltetű fajok, lepkehernyók",rovarölő szer,0.5,liter/ha,300-500,l/ha,12,45,2-leveles állapot - 50 %-os levéltömeg (BBCH 12-45),,2,7,2027-08-15,Deltaphar 25 EC_mód_20260520_pub.pdf,https://novenyvedoszer.nebih.gov.hu/Engedelykereso/DocumentHandler.ashx?documentId=350182032es350186813&documentName=Deltaphar+25+EC_m%c3%b3d_20260520_pub.pdf,Deltaphar 25 EC missing point 4 row recovered from latest permit table line 332
Deltaphar 25 EC,04.2/1654-1/2018,alapengedely,"Galambbegy saláta/madársaláta (szabadföldi és hajtatott), kerti zsázsa, rukkola/borsmustár (szabadföldi és hajtatott)","levéltetű fajok, lepkehernyók",rovarölő szer,0.5,liter/ha,300-500,l/ha,12,45,2-leveles állapot - 50 %-os levéltömeg (BBCH 12-45),,3,7,2027-08-15,Deltaphar 25 EC_mód_20260520_pub.pdf,https://novenyvedoszer.nebih.gov.hu/Engedelykereso/DocumentHandler.ashx?documentId=350182032es350186813&documentName=Deltaphar+25+EC_m%c3%b3d_20260520_pub.pdf,Deltaphar 25 EC missing point 4 row recovered from latest permit table line 333
Deltaphar 25 EC,04.2/1654-1/2018,alapengedely,"Szabadföldi és hajtatott fűszernövények (menta, kakukkfű zsálya, bazsalikom, oregánó/szurokfű, majoranna)","levélbogarak, ormányos bogarak, lepkehernyók, levéltetű fajok",rovarölő szer,0.5,liter/ha,300-500,l/ha,11,43,1-leveles állapot - 30 %-os levéltömeg (BBCH 11-43),,3,14,2027-08-15,Deltaphar 25 EC_mód_20260520_pub.pdf,https://novenyvedoszer.nebih.gov.hu/Engedelykereso/DocumentHandler.ashx?documentId=350182032es350186813&documentName=Deltaphar+25+EC_m%c3%b3d_20260520_pub.pdf,Deltaphar 25 EC missing point 4 row recovered from latest permit table line 334
Deltaphar 25 EC,04.2/1654-1/2018,alapengedely,"Zöldborsó, cukorborsó","tripszek, levéltetű fajok",rovarölő szer,0.25,liter/ha,250-400,l/ha,33,71,3 látható szárköz -hüvelyképződés kezdete (BBCH 33-71),,2,14,2027-08-15,Deltaphar 25 EC_mód_20260520_pub.pdf,https://novenyvedoszer.nebih.gov.hu/Engedelykereso/DocumentHandler.ashx?documentId=350182032es350186813&documentName=Deltaphar+25+EC_m%c3%b3d_20260520_pub.pdf,Deltaphar 25 EC missing point 4 row recovered from latest permit table line 335
Deltaphar 25 EC,04.2/1654-1/2018,alapengedely,Zöldbab (szabadföldi és hajtatott),"lepkehernyók, levéltetű fajok",rovarölő szer,0.5,liter/ha,250-400,l/ha,13,71,3 kifejlett hármas levél - hüvelyképződés kezdete (BBCH 13-71),,2,14,2027-08-15,Deltaphar 25 EC_mód_20260520_pub.pdf,https://novenyvedoszer.nebih.gov.hu/Engedelykereso/DocumentHandler.ashx?documentId=350182032es350186813&documentName=Deltaphar+25+EC_m%c3%b3d_20260520_pub.pdf,Deltaphar 25 EC missing point 4 row recovered from latest permit table line 337
Deltaphar 25 EC,04.2/1654-1/2018,alapengedely,"Petrezselyem /levél/ (szabadföldi és hajtatott), zamatos turbolya (szabadföldi és hajtatott), zeller /levélzeller/ (szabadföldi és hajtatott)","sárgarépalégy, lepkehernyók, levéltetű fajok",rovarölő szer,0.5,liter/ha,300-500,l/ha,14,49,4-leveles állapot- gyökérnövekedés vége (BBCH 14-49),,3,14,2027-08-15,Deltaphar 25 EC_mód_20260520_pub.pdf,https://novenyvedoszer.nebih.gov.hu/Engedelykereso/DocumentHandler.ashx?documentId=350182032es350186813&documentName=Deltaphar+25+EC_m%c3%b3d_20260520_pub.pdf,Deltaphar 25 EC missing point 4 row recovered from latest permit table line 437
Deltaphar 25 EC,04.2/1654-1/2018,alapengedely,Spárga /betakarítás után/ (szabadföldi és hajtatott),"levéltetű fajok, lepkehernyók, spárgabogarak",rovarölő szer,0.4,liter/ha,350-600,l/ha,,,betakarítás után,,2,14,2027-08-15,Deltaphar 25 EC_mód_20260520_pub.pdf,https://novenyvedoszer.nebih.gov.hu/Engedelykereso/DocumentHandler.ashx?documentId=350182032es350186813&documentName=Deltaphar+25+EC_m%c3%b3d_20260520_pub.pdf,Deltaphar 25 EC missing point 4 row recovered from latest permit table line 439
Deltaphar 25 EC,04.2/1654-1/2018,alapengedely,"Koriander /levél, hajtás/ (szabadföldi és hajtatott), kapor /levél, hajtás/ (szabadföldi és hajtatott), kömény /levél, hajtás/ (szabadföldi és hajtatott), lestyán /levél, hajtás/ (szabadföldi és hajtatott), angyalgyökér /levél, hajtás/ (szabadföldi és hajtatott)","levélbogarak, ormányos bogarak, répalégy, lepkehernyók, levéltetű fajok",rovarölő szer,0.5,liter/ha,350-600,l/ha,11,43,1-leveles állapot - 30 %-os levéltömeg (BBCH 11-43),,3,14,2027-08-15,Deltaphar 25 EC_mód_20260520_pub.pdf,https://novenyvedoszer.nebih.gov.hu/Engedelykereso/DocumentHandler.ashx?documentId=350182032es350186813&documentName=Deltaphar+25+EC_m%c3%b3d_20260520_pub.pdf,Deltaphar 25 EC missing point 4 row recovered from latest permit table line 440
Deltaphar 25 EC,04.2/1654-1/2018,alapengedely,"Borágó (szabadföldi és hajtatott), rozmaring (szabadföldi és hajtatott), citromfű /Melissa/ (szabadföldi és hajtatott), tárkony (szabadföldi és hajtatott), babér (szabadföldi és hajtatott)","levéltetű fajok, lepkehernyók, levélbogarak, ormányos bogarak",rovarölő szer,0.5,liter/ha,350-600,l/ha,11,43,1-leveles állapot - 30 %-os levéltömeg (BBCH 11-43),,3,14,2027-08-15,Deltaphar 25 EC_mód_20260520_pub.pdf,https://novenyvedoszer.nebih.gov.hu/Engedelykereso/DocumentHandler.ashx?documentId=350182032es350186813&documentName=Deltaphar+25+EC_m%c3%b3d_20260520_pub.pdf,Deltaphar 25 EC missing point 4 row recovered from latest permit table line 441
Deltaphar 25 EC,04.2/1654-1/2018,alapengedely,"Szárzeller /halványított, zöld/ (szabadföldi és hajtatott)","lepkehernyók, levéltetű fajok",rovarölő szer,0.3,liter/ha,300-500,l/ha,14,49,4-leveles állapot- gyökérnövekedés vége (BBCH 14-49),,4,14,2027-08-15,Deltaphar 25 EC_mód_20260520_pub.pdf,https://novenyvedoszer.nebih.gov.hu/Engedelykereso/DocumentHandler.ashx?documentId=350182032es350186813&documentName=Deltaphar+25+EC_m%c3%b3d_20260520_pub.pdf,Deltaphar 25 EC missing point 4 row recovered from latest permit table line 442
Deltaphar 25 EC,04.2/1654-1/2018,alapengedely,Gumós zeller,"levéltetű fajok, lepkehernyók, sárgarépalégy",rovarölő szer,0.5,liter/ha,300-500,l/ha,14,49,4-leveles állapot- gyökérnövekedés vége (BBCH 14-49),,3,14,2027-08-15,Deltaphar 25 EC_mód_20260520_pub.pdf,https://novenyvedoszer.nebih.gov.hu/Engedelykereso/DocumentHandler.ashx?documentId=350182032es350186813&documentName=Deltaphar+25+EC_m%c3%b3d_20260520_pub.pdf,Deltaphar 25 EC missing point 4 row recovered from latest permit table line 443
Deltaphar 25 EC,04.2/1654-1/2018,alapengedely,"Dísznövények /egynyári, évelő/ (szabadföldi és hajtatott)","levéltetű fajok, viaszos vándor pajzstetvek, tripszek, liszteskék, levélaknázó legyek, mezei poloskák, lepkehernyók, fenyő- gubacstetvek, lombormányosok",rovarölő szer,0.4,liter/ha,350-600,l/ha,,,nincs korlátozás,,3,7,2027-08-15,Deltaphar 25 EC_mód_20260520_pub.pdf,https://novenyvedoszer.nebih.gov.hu/Engedelykereso/DocumentHandler.ashx?documentId=350182032es350186813&documentName=Deltaphar+25+EC_m%c3%b3d_20260520_pub.pdf,Deltaphar 25 EC missing point 4 row recovered from latest permit table line 502
Scatto,04.2/431-1/2017,alapengedely,Uborka,lepkehernyók,rovarölő szer,0.2,l/ha,300-500,l/ha,12,71,2-leveles állapot – termés- képződés kezdete (BBCH 12-71),,1,7,2027-08-15,Scatto_szig_0098274_1_20241125_publikus.pdf,https://novenyvedoszer.nebih.gov.hu/Engedelykereso/DocumentHandler.ashx?documentId=346291231es346268492&documentName=Scatto_szig_0098274_1_20241125_publikus.pdf,Scatto missing point 4 row recovered from latest permit table line 221
Scatto,04.2/431-1/2017,alapengedely,Uborka,"levéltetű fajok, liszteskék, földi bolhák",rovarölő szer,0.3-0.5,l/ha,300-500,l/ha,12,71,2-leveles állapot – termés- képződés kezdete (BBCH 12-71),,3,7,2027-08-15,Scatto_szig_0098274_1_20241125_publikus.pdf,https://novenyvedoszer.nebih.gov.hu/Engedelykereso/DocumentHandler.ashx?documentId=346291231es346268492&documentName=Scatto_szig_0098274_1_20241125_publikus.pdf,Scatto missing point 4 row recovered from latest permit table line 222
Scatto,04.2/431-1/2017,alapengedely,Uborka (hajtatott),"lepkehernyók, levéltetű fajok, liszteskék",rovarölő szer,0.1-0.18,l/ha,500-1000,l/ha,11,71,1-leveles állapot - termésfejlődés kezdete (BBCH 11-71),,3,7,2027-08-15,Scatto_szig_0098274_1_20241125_publikus.pdf,https://novenyvedoszer.nebih.gov.hu/Engedelykereso/DocumentHandler.ashx?documentId=346291231es346268492&documentName=Scatto_szig_0098274_1_20241125_publikus.pdf,Scatto missing point 4 row recovered from latest permit table line 223
Scatto,04.2/431-1/2017,alapengedely,Póréhagyma,levéltetű fajok,rovarölő szer,0.5,l/ha,300-500,l/ha,12,45,2-leveles állapot - hagymafej- képződés (BBCH 12-45),,3,14,2027-08-15,Scatto_szig_0098274_1_20241125_publikus.pdf,https://novenyvedoszer.nebih.gov.hu/Engedelykereso/DocumentHandler.ashx?documentId=346291231es346268492&documentName=Scatto_szig_0098274_1_20241125_publikus.pdf,Scatto missing point 4 row recovered from latest permit table line 224
Scatto,04.2/431-1/2017,alapengedely,Póréhagyma,lepkehernyók,rovarölő szer,0.25,l/ha,300-500,l/ha,12,45,2-leveles állapot - hagymafej- képződés (BBCH 12-45),,3,14,2027-08-15,Scatto_szig_0098274_1_20241125_publikus.pdf,https://novenyvedoszer.nebih.gov.hu/Engedelykereso/DocumentHandler.ashx?documentId=346291231es346268492&documentName=Scatto_szig_0098274_1_20241125_publikus.pdf,Scatto missing point 4 row recovered from latest permit table line 225
Scatto,04.2/431-1/2017,alapengedely,Kelbimbó,"levéltetű fajok, lepkehernyók",rovarölő szer,0.4,l/ha,350-600,l/ha,12,45,2-leveles állapot - bimbók 50 %-a szorosan zárt (BBCH 12-45),,2,7,2027-08-15,Scatto_szig_0098274_1_20241125_publikus.pdf,https://novenyvedoszer.nebih.gov.hu/Engedelykereso/DocumentHandler.ashx?documentId=346291231es346268492&documentName=Scatto_szig_0098274_1_20241125_publikus.pdf,Scatto missing point 4 row recovered from latest permit table line 226
Scatto,04.2/431-1/2017,alapengedely,"Kínai kel, pak-choi/bordáskel","levéltetű fajok, lepkehernyók",rovarölő szer,0.4,l/ha,350-600,l/ha,12,45,2-leveles állapot-50 %-os fejméret (BBCH 12-45),,3,14,2027-08-15,Scatto_szig_0098274_1_20241125_publikus.pdf,https://novenyvedoszer.nebih.gov.hu/Engedelykereso/DocumentHandler.ashx?documentId=346291231es346268492&documentName=Scatto_szig_0098274_1_20241125_publikus.pdf,Scatto missing point 4 row recovered from latest permit table line 227
Scatto,04.2/431-1/2017,alapengedely,"Sárgarépa, pasztinák, gyökérpetrezselyem","levéltetű fajok, lepkehernyók",rovarölő szer,0.4,l/ha,300-500,l/ha,14,49,4-leveles állapot- gyökérnövekedés vége (BBCH 14-49),,3,14,2027-08-15,Scatto_szig_0098274_1_20241125_publikus.pdf,https://novenyvedoszer.nebih.gov.hu/Engedelykereso/DocumentHandler.ashx?documentId=346291231es346268492&documentName=Scatto_szig_0098274_1_20241125_publikus.pdf,Scatto missing point 4 row recovered from latest permit table line 228
Scatto,04.2/431-1/2017,alapengedely,"Sárgarépa, pasztinák, gyökérpetrezselyem",sárgarépalégy,rovarölő szer,0.5,l/ha,300-500,l/ha,14,49,4-leveles állapot- gyökérnövekedés vége (BBCH 14-49),,3,14,2027-08-15,Scatto_szig_0098274_1_20241125_publikus.pdf,https://novenyvedoszer.nebih.gov.hu/Engedelykereso/DocumentHandler.ashx?documentId=346291231es346268492&documentName=Scatto_szig_0098274_1_20241125_publikus.pdf,Scatto missing point 4 row recovered from latest permit table line 229
Scatto,04.2/431-1/2017,alapengedely,"Retek, fekete retek","levéltetű fajok, lepkehernyók",rovarölő szer,0.4,l/ha,300-500,l/ha,12,49,2-leveles állapot- gyökér- növekedés vége (BBCH 12-49),,3,14,2027-08-15,Scatto_szig_0098274_1_20241125_publikus.pdf,https://novenyvedoszer.nebih.gov.hu/Engedelykereso/DocumentHandler.ashx?documentId=346291231es346268492&documentName=Scatto_szig_0098274_1_20241125_publikus.pdf,Scatto missing point 4 row recovered from latest permit table line 230
Scatto,04.2/431-1/2017,alapengedely,"Retek, fekete retek",földi bolhák,rovarölő szer,0.2,l/ha,300-500,l/ha,12,49,2-leveles állapot- gyökér- növekedés vége (BBCH 12-49),,3,14,2027-08-15,Scatto_szig_0098274_1_20241125_publikus.pdf,https://novenyvedoszer.nebih.gov.hu/Engedelykereso/DocumentHandler.ashx?documentId=346291231es346268492&documentName=Scatto_szig_0098274_1_20241125_publikus.pdf,Scatto missing point 4 row recovered from latest permit table line 231
Scatto,04.2/431-1/2017,alapengedely,"Karórépa, csicsóka","levéltetű fajok, lepkehernyók",rovarölő szer,0.4,l/ha,300-500,l/ha,12,49,2-leveles állapot- gyökér- növekedés vége (BBCH 12-49),,3,14,2027-08-15,Scatto_szig_0098274_1_20241125_publikus.pdf,https://novenyvedoszer.nebih.gov.hu/Engedelykereso/DocumentHandler.ashx?documentId=346291231es346268492&documentName=Scatto_szig_0098274_1_20241125_publikus.pdf,Scatto missing point 4 row recovered from latest permit table line 232
Scatto,04.2/431-1/2017,alapengedely,Torma,"levéltetű fajok, lepkehernyók",rovarölő szer,0.4,l/ha,350-600,l/ha,12,49,2-leveles állapot- gyökér- növekedés vége (BBCH 12-49),,2,14,2027-08-15,Scatto_szig_0098274_1_20241125_publikus.pdf,https://novenyvedoszer.nebih.gov.hu/Engedelykereso/DocumentHandler.ashx?documentId=346291231es346268492&documentName=Scatto_szig_0098274_1_20241125_publikus.pdf,Scatto missing point 4 row recovered from latest permit table line 343
Scatto,04.2/431-1/2017,alapengedely,"Vöröshagyma, mogyoró-hagyma, fokhagyma, zöldhagyma, metélőhagyma","levéltetű fajok, lepkehernyók",rovarölő szer,0.5,l/ha,300-500,l/ha,12,45,2-leveles állapot - hagymafej- képződés (BBCH 12-45),,3,14,2027-08-15,Scatto_szig_0098274_1_20241125_publikus.pdf,https://novenyvedoszer.nebih.gov.hu/Engedelykereso/DocumentHandler.ashx?documentId=346291231es346268492&documentName=Scatto_szig_0098274_1_20241125_publikus.pdf,Scatto missing point 4 row recovered from latest permit table line 345
Scatto,04.2/431-1/2017,alapengedely,"Brokkoli, karfiol /fehér és zöld/","levéltetű fajok, lepkehernyók",rovarölő szer,0.4,l/ha,350-600,l/ha,12,45,2-leveles állapot - 50 %-os virágzat méret (BBCH 12-45),,3,14,2027-08-15,Scatto_szig_0098274_1_20241125_publikus.pdf,https://novenyvedoszer.nebih.gov.hu/Engedelykereso/DocumentHandler.ashx?documentId=346291231es346268492&documentName=Scatto_szig_0098274_1_20241125_publikus.pdf,Scatto missing point 4 row recovered from latest permit table line 346
Scatto,04.2/431-1/2017,alapengedely,Karalábé,"levéltetű fajok, lepkehernyók",rovarölő szer,0.4,l/ha,350-600,l/ha,12,45,2-leveles állapot - 50 %-os szárvastagság (BBCH 12-45),,2,7,2027-08-15,Scatto_szig_0098274_1_20241125_publikus.pdf,https://novenyvedoszer.nebih.gov.hu/Engedelykereso/DocumentHandler.ashx?documentId=346291231es346268492&documentName=Scatto_szig_0098274_1_20241125_publikus.pdf,Scatto missing point 4 row recovered from latest permit table line 347
Scatto,04.2/431-1/2017,alapengedely,"Jégsaláta, fejessaláta, galambbegy saláta/madár- saláta, kerti zsázsa, rukkola/bors- mustár","levéltetű fajok, lepkehernyók",rovarölő szer,0.5,l/ha,300-500,l/ha,12,45,2-leveles állapot - 50 %-os levéltömeg (BBCH 12-45),,3,7,2027-08-15,Scatto_szig_0098274_1_20241125_publikus.pdf,https://novenyvedoszer.nebih.gov.hu/Engedelykereso/DocumentHandler.ashx?documentId=346291231es346268492&documentName=Scatto_szig_0098274_1_20241125_publikus.pdf,Scatto missing point 4 row recovered from latest permit table line 348
Scatto,04.2/431-1/2017,alapengedely,"Menta, kakukkfű, zsálya, bazsalikom, oregánó/ szurokfű, majoranna","levélbogarak, ormányos bogarak, lepkehernyók, levéltetű fajok",rovarölő szer,0.5,l/ha,300-500,l/ha,11,43,1-leveles állapot - 30 %-os levéltömeg (BBCH 11-43),,3,14,2027-08-15,Scatto_szig_0098274_1_20241125_publikus.pdf,https://novenyvedoszer.nebih.gov.hu/Engedelykereso/DocumentHandler.ashx?documentId=346291231es346268492&documentName=Scatto_szig_0098274_1_20241125_publikus.pdf,Scatto missing point 4 row recovered from latest permit table line 349
Scatto,04.2/431-1/2017,alapengedely,"Zöldborsó, cukorborsó","tripszek, levéltetű fajok",rovarölő szer,0.25,l/ha,250-400,l/ha,33,71,3 látható szárköz - hüvely- képződés kezdete (BBCH 33-71),,2,14,2027-08-15,Scatto_szig_0098274_1_20241125_publikus.pdf,https://novenyvedoszer.nebih.gov.hu/Engedelykereso/DocumentHandler.ashx?documentId=346291231es346268492&documentName=Scatto_szig_0098274_1_20241125_publikus.pdf,Scatto missing point 4 row recovered from latest permit table line 350
Scatto,04.2/431-1/2017,alapengedely,Zöldbab (szabadföldi és hajtatott),"lepkehernyók, levéltetű fajok",rovarölő szer,0.5,l/ha,250-400,l/ha,13,71,3 kifejlett hármas levél – hüvely- képződés kezdete (BBCH 13-71),,2,14,2027-08-15,Scatto_szig_0098274_1_20241125_publikus.pdf,https://novenyvedoszer.nebih.gov.hu/Engedelykereso/DocumentHandler.ashx?documentId=346291231es346268492&documentName=Scatto_szig_0098274_1_20241125_publikus.pdf,Scatto missing point 4 row recovered from latest permit table line 352
Scatto,04.2/431-1/2017,alapengedely,"Petrezselyem /levél/ (szabadföldi és hajtatott), zamatos turbolya (szabadföldi és hajtatott), zeller /levélzeller/ (szabadföldi és hajtatott)","sárgarépalégy, lepkehernyók, levéltetű fajok",rovarölő szer,0.5,l/ha,300-500,l/ha,14,49,4-leveles állapot- gyökér-növekedés vége (BBCH 14-49),,3,14,2027-08-15,Scatto_szig_0098274_1_20241125_publikus.pdf,https://novenyvedoszer.nebih.gov.hu/Engedelykereso/DocumentHandler.ashx?documentId=346291231es346268492&documentName=Scatto_szig_0098274_1_20241125_publikus.pdf,Scatto missing point 4 row recovered from latest permit table line 353
Scatto,04.2/431-1/2017,alapengedely,"Koriander /levél, hajtás/ (szabadföldi és hajtatott), kapor /levél, hajtás/ (szabadföldi és hajtatott), kömény /levél, hajtás/ (szabadföldi és hajtatott), lestyán /levél, hajtás/ (szabadföldi és hajtatott), angyalgyökér /levél, hajtás/ (szabadföldi és hajtatott)","levélbogarak, ormányos bogarak, répalégy, lepkehernyók, levéltetű fajok",rovarölő szer,0.5,l/ha,350-600,l/ha,11,43,1-leveles állapot - 30 %-os levéltömeg (BBCH 11-43),,3,14,2027-08-15,Scatto_szig_0098274_1_20241125_publikus.pdf,https://novenyvedoszer.nebih.gov.hu/Engedelykereso/DocumentHandler.ashx?documentId=346291231es346268492&documentName=Scatto_szig_0098274_1_20241125_publikus.pdf,Scatto missing point 4 row recovered from latest permit table line 443
Scatto,04.2/431-1/2017,alapengedely,"Borágó (szabadföldi és hajtatott), rozmaring (szabadföldi és hajtatott), citromfű /Melissa/ (szabadföldi és hajtatott), tárkony (szabadföldi és hajtatott), babér (szabadföldi és hajtatott)","levéltetű fajok, lepkehernyók, levélbogarak, ormányos bogarak",rovarölő szer,0.5,l/ha,350-600,l/ha,11,43,1-leveles állapot - 30 %-os levéltömeg (BBCH 11-43),,3,14,2027-08-15,Scatto_szig_0098274_1_20241125_publikus.pdf,https://novenyvedoszer.nebih.gov.hu/Engedelykereso/DocumentHandler.ashx?documentId=346291231es346268492&documentName=Scatto_szig_0098274_1_20241125_publikus.pdf,Scatto missing point 4 row recovered from latest permit table line 445
Scatto,04.2/431-1/2017,alapengedely,"Szárzeller /halványított, zöld/ (szabadföldi és hajtatott)","lepkehernyók, levéltetű fajok",rovarölő szer,0.3,l/ha,300-500,l/ha,14,49,4-leveles állapot- gyökér- növekedés vége (BBCH 14-49),,4,14,2027-08-15,Scatto_szig_0098274_1_20241125_publikus.pdf,https://novenyvedoszer.nebih.gov.hu/Engedelykereso/DocumentHandler.ashx?documentId=346291231es346268492&documentName=Scatto_szig_0098274_1_20241125_publikus.pdf,Scatto missing point 4 row recovered from latest permit table line 446
Scatto,04.2/431-1/2017,alapengedely,Gumós zeller,"levéltetű fajok, lepkehernyók, sárgarépalégy",rovarölő szer,0.5,l/ha,300-500,l/ha,14,49,4-leveles állapot- gyökér-növekedés vége (BBCH 14-49),,3,14,2027-08-15,Scatto_szig_0098274_1_20241125_publikus.pdf,https://novenyvedoszer.nebih.gov.hu/Engedelykereso/DocumentHandler.ashx?documentId=346291231es346268492&documentName=Scatto_szig_0098274_1_20241125_publikus.pdf,Scatto missing point 4 row recovered from latest permit table line 447
Scatto,04.2/431-1/2017,alapengedely,"Dísznövények /egynyári, évelő/ (szabadföldi és hajtatott)","levéltetű fajok, viaszos vándor pajzstetvek, tripszek, liszteskék, levélaknázó legyek, mezei poloskák, lepkehernyók, fenyő- gubacstetvek, lombormányosok",rovarölő szer,0.4,l/ha,350-600,l/ha,,,nincs korlátozás,,3,7,2027-08-15,Scatto_szig_0098274_1_20241125_publikus.pdf,https://novenyvedoszer.nebih.gov.hu/Engedelykereso/DocumentHandler.ashx?documentId=346291231es346268492&documentName=Scatto_szig_0098274_1_20241125_publikus.pdf,Scatto missing point 4 row recovered from latest permit table line 448
Romble,8360/54849-2/2025,alapengedely,cukorrépa,"lisztharmat, cerkospórás levélfoltosság",gombaölő szer,1,l/ha,200-400,l/ha,31,31,sorzáródás kezdetétől (BBCH 31) gyökérfejlődés végéig (BBCH 49),,2,21,2028-05-31,Romble_mod_20260310.pdf,https://novenyvedoszer.nebih.gov.hu/Engedelykereso/DocumentHandler.ashx?documentId=348700301es348696455&documentName=Romble_mod_20260310.pdf,Romble missing point 4 row recovered from latest permit table line 387
Romble,8360/54849-2/2025,alapengedely,"cékla, takarmányrépa szabadföldi","lisztharmat, peronoszpóra, cerkospórás levélfoltosság, rozsda",gombaölő szer,1,l/ha,300-600,l/ha,14,14,négyleveles állapottól (BBCH 14) gyökérfejlődés végéig (BBCH 49),,2,14,2028-05-31,Romble_mod_20260310.pdf,https://novenyvedoszer.nebih.gov.hu/Engedelykereso/DocumentHandler.ashx?documentId=348700301es348696455&documentName=Romble_mod_20260310.pdf,Romble missing point 4 row recovered from latest permit table line 389
Romble,8360/54849-2/2025,alapengedely,spárga szabadföldi,rozsda,gombaölő szer,1,l/ha,300-1000,l/ha,51,51,a spárgasípok betakarítását követően (BBCH 51) a fillokládiumok 50%-ának sárgulásáig (BBCH 92),,2,10,2028-05-31,Romble_mod_20260310.pdf,https://novenyvedoszer.nebih.gov.hu/Engedelykereso/DocumentHandler.ashx?documentId=348700301es348696455&documentName=Romble_mod_20260310.pdf,Romble missing point 4 row recovered from latest permit table line 390
Romble,8360/54849-2/2025,alapengedely,"vöröshagyma, fokhagyma, mogyoróhagyma szabadföldi","peronoszpóra, botrítiszes betegség (szürkepenész)",gombaölő szer,0.75-1,l/ha,200-500,l/ha,14,14,negyedik levél megjelenésétől (BBCH 14) 50%-os levéldőlésig (BBCH 48),,3,7,2028-05-31,Romble_mod_20260310.pdf,https://novenyvedoszer.nebih.gov.hu/Engedelykereso/DocumentHandler.ashx?documentId=348700301es348696455&documentName=Romble_mod_20260310.pdf,Romble missing point 4 row recovered from latest permit table line 391
Romble,8360/54849-2/2025,alapengedely,újhagyma szabadföldi és hajtatott,"peronoszpóra, botrítiszes betegség (szürkepenész)",gombaölő szer,0.75-1,l/ha,200-500,l/ha,14,14,negyedik levél megjelenésétől (BBCH 14) 50%-os levéldőlésig (BBCH 48),,3,10,2028-05-31,Romble_mod_20260310.pdf,https://novenyvedoszer.nebih.gov.hu/Engedelykereso/DocumentHandler.ashx?documentId=348700301es348696455&documentName=Romble_mod_20260310.pdf,Romble missing point 4 row recovered from latest permit table line 392
Romble,8360/54849-2/2025,alapengedely,póréhagyma szabadföldi és hajtatott,"peronoszpóra, botrítiszes betegség (szürkepenész)",gombaölő szer,0.75-1,l/ha,200-1000,l/ha,14,14,negyedik levél megjelenésétől (BBCH 14) 50%-os levéldőlésig (BBCH 48),,3,12,2028-05-31,Romble_mod_20260310.pdf,https://novenyvedoszer.nebih.gov.hu/Engedelykereso/DocumentHandler.ashx?documentId=348700301es348696455&documentName=Romble_mod_20260310.pdf,Romble missing point 4 row recovered from latest permit table line 393
Romble,8360/54849-2/2025,alapengedely,"fejes káposzta, kelkáposzta, bimbós kel, kínai kel, karfiol, brokkoli, karalábé szabadföldi","peronoszpóra, alternáriás betegség",gombaölő szer,0.75-1,l/ha,200-600,l/ha,16,16,hatleveles állapottól (BBCH 16) végleges fejméret eléréséig (a csúcsrügy alatti rügyek szorosan zártak /kelbimbó/) (BBCH 49),,2,12,2028-05-31,Romble_mod_20260310.pdf,https://novenyvedoszer.nebih.gov.hu/Engedelykereso/DocumentHandler.ashx?documentId=348700301es348696455&documentName=Romble_mod_20260310.pdf,Romble missing point 4 row recovered from latest permit table line 394
Romble,8360/54849-2/2025,alapengedely,sárgarépa szabadföldi,"lisztharmat, alternáriás levélfoltosság",gombaölő szer,1,l/ha,200-600,l/ha,16,16,hatleveles állapottól (BBCH 16) végső gyökérvastagság eléréséig (BBCH 49),,3,7,2028-05-31,Romble_mod_20260310.pdf,https://novenyvedoszer.nebih.gov.hu/Engedelykereso/DocumentHandler.ashx?documentId=348700301es348696455&documentName=Romble_mod_20260310.pdf,Romble missing point 4 row recovered from latest permit table line 395
Romble,8360/54849-2/2025,alapengedely,gumós zeller szabadföldi,szeptóriás levélfoltosság,gombaölő szer,1,l/ha,200-600,l/ha,16,16,hatleveles állapottól (BBCH 16) végső gumóvastagság eléréséig (BBCH 49),,2,14,2028-05-31,Romble_mod_20260310.pdf,https://novenyvedoszer.nebih.gov.hu/Engedelykereso/DocumentHandler.ashx?documentId=348700301es348696455&documentName=Romble_mod_20260310.pdf,Romble missing point 4 row recovered from latest permit table line 396
Romble,8360/54849-2/2025,alapengedely,levél zeller szabadföldi,szeptóriás levélfoltosság,gombaölő szer,1,l/ha,200-600,l/ha,14,14,négyleveles állapottól (BBCH 14) végső levélméret eléréséig (BBCH 49),,3,10,2028-05-31,Romble_mod_20260310.pdf,https://novenyvedoszer.nebih.gov.hu/Engedelykereso/DocumentHandler.ashx?documentId=348700301es348696455&documentName=Romble_mod_20260310.pdf,Romble missing point 4 row recovered from latest permit table line 519
Romble,8360/54849-2/2025,alapengedely,gyökér petrezselyem szabadföldi,"lisztharmat, szeptóriás levélfoltosság",gombaölő szer,1,l/ha,200-600,l/ha,16,16,hatleveles állapottól (BBCH 16) végső gyökérvastagság eléréséig (BBCH 49),,3,7,2028-05-31,Romble_mod_20260310.pdf,https://novenyvedoszer.nebih.gov.hu/Engedelykereso/DocumentHandler.ashx?documentId=348700301es348696455&documentName=Romble_mod_20260310.pdf,Romble missing point 4 row recovered from latest permit table line 521
Romble,8360/54849-2/2025,alapengedely,pasztinák szabadföldi,lisztharmat,gombaölő szer,1,l/ha,200-600,l/ha,16,16,hatleveles állapottól (BBCH 16) végső gyökérvastagság eléréséig (BBCH 49),,2,7,2028-05-31,Romble_mod_20260310.pdf,https://novenyvedoszer.nebih.gov.hu/Engedelykereso/DocumentHandler.ashx?documentId=348700301es348696455&documentName=Romble_mod_20260310.pdf,Romble missing point 4 row recovered from latest permit table line 522
Romble,8360/54849-2/2025,alapengedely,torma szabadföldi és hajtatott,"fehérsömör (albugós betegség), lisztharmat, cerkospórás levélfoltosság",gombaölő szer,1,l/ha,200-600,l/ha,16,16,hatleveles állapottól (BBCH 16) végső gyökérvastagság eléréséig (BBCH 49),,3,7,2028-05-31,Romble_mod_20260310.pdf,https://novenyvedoszer.nebih.gov.hu/Engedelykereso/DocumentHandler.ashx?documentId=348700301es348696455&documentName=Romble_mod_20260310.pdf,Romble missing point 4 row recovered from latest permit table line 523
Romble,8360/54849-2/2025,alapengedely,"retek, feketegyökér szabadföldi és hajtatott",peronoszpóra,gombaölő szer,1,l/ha,200-600,l/ha,16,16,hatleveles állapottól (BBCH 16) végső gyökérvastagság eléréséig (BBCH 49),,2,7,2028-05-31,Romble_mod_20260310.pdf,https://novenyvedoszer.nebih.gov.hu/Engedelykereso/DocumentHandler.ashx?documentId=348700301es348696455&documentName=Romble_mod_20260310.pdf,Romble missing point 4 row recovered from latest permit table line 524
Romble,8360/54849-2/2025,alapengedely,"uborka, cukkini, szabadföldi","lisztharmat, peronoszpóra",gombaölő szer,0.75-1,l/ha,200-1200,l/ha,16,16,hatleveles állapottól (BBCH 16) teljes érésig (BBCH 89),,2,10,2028-05-31,Romble_mod_20260310.pdf,https://novenyvedoszer.nebih.gov.hu/Engedelykereso/DocumentHandler.ashx?documentId=348700301es348696455&documentName=Romble_mod_20260310.pdf,Romble missing point 4 row recovered from latest permit table line 525
Romble,8360/54849-2/2025,alapengedely,"görögdinnye, sárgadinnye, főzőtök, sütőtök, pézsmatök, spárgatök, csillagtök (patiszon), lopótök, istengyalulta tök, óriástök szabadföldi és hajtatott","lisztharmat, peronoszpóra",gombaölő szer,0.75-1,l/ha,500-1200,l/ha,16,16,hatleveles állapottól (BBCH 16) teljes érésig (BBCH 89),,3,10,2028-05-31,Romble_mod_20260310.pdf,https://novenyvedoszer.nebih.gov.hu/Engedelykereso/DocumentHandler.ashx?documentId=348700301es348696455&documentName=Romble_mod_20260310.pdf,Romble missing point 4 row recovered from latest permit table line 527
Romble,8360/54849-2/2025,alapengedely,"száraz bab, szárazborsó, lencse szabadföldi","lisztharmat, peronoszpóra, rozsda, aszkohitás foltosság",gombaölő szer,0.75-1,l/ha,150-800,l/ha,17,17,hétleveles állapottól (BBCH 17) a hüvelyek 20%-a végleges nagyságáig (BBCH 72),,2,14,2028-05-31,Romble_mod_20260310.pdf,https://novenyvedoszer.nebih.gov.hu/Engedelykereso/DocumentHandler.ashx?documentId=348700301es348696455&documentName=Romble_mod_20260310.pdf,Romble missing point 4 row recovered from latest permit table line 528
Romble,8360/54849-2/2025,alapengedely,"zöldborsó, cukorborsó szabadföldi","lisztharmat, peronoszpóra, rozsda, aszkohitás foltosság",gombaölő szer,0.75-1,l/ha,200-700,l/ha,17,17,hétleveles állapottól (BBCH 17) az első hüvelyek megjelenéséig (BBCH 69),,2,14,2028-05-31,Romble_mod_20260310.pdf,https://novenyvedoszer.nebih.gov.hu/Engedelykereso/DocumentHandler.ashx?documentId=348700301es348696455&documentName=Romble_mod_20260310.pdf,Romble missing point 4 row recovered from latest permit table line 529
Romble,8360/54849-2/2025,alapengedely,"fejes saláta, endívia, borsmustár (rukkola) szabadföldi és hajtatott",peronoszpóra,gombaölő szer,0.75-1,l/ha,300-1200,l/ha,14,14,négyleveles állapottól (BBCH 14) végleges fejméret/fajtára jellemző lombtömeg eléréséig (BBCH 49),,2,7,2028-05-31,Romble_mod_20260310.pdf,https://novenyvedoszer.nebih.gov.hu/Engedelykereso/DocumentHandler.ashx?documentId=348700301es348696455&documentName=Romble_mod_20260310.pdf,Romble missing point 4 row recovered from latest permit table line 649
Romble,8360/54849-2/2025,alapengedely,"paradicsom, tojásgyümölcs szabadföldi és hajtatott","alternáriás betegség, lisztharmat, fitoftórás betegség",gombaölő szer,0.75-1,l/ha,400-1500,l/ha,16,16,hatleveles állapottól (BBCH 16) teljes érésig (BBCH 89),,3,7,2028-05-31,Romble_mod_20260310.pdf,https://novenyvedoszer.nebih.gov.hu/Engedelykereso/DocumentHandler.ashx?documentId=348700301es348696455&documentName=Romble_mod_20260310.pdf,Romble missing point 4 row recovered from latest permit table line 651
Romble,8360/54849-2/2025,alapengedely,paprika hajtatás,"alternáriás betegség, lisztharmat",gombaölő szer,0.75-1,l/ha,400-1500,l/ha,16,16,hatleveles állapottól (BBCH 16) teljes érésig (BBCH 89),,2,7,2028-05-31,Romble_mod_20260310.pdf,https://novenyvedoszer.nebih.gov.hu/Engedelykereso/DocumentHandler.ashx?documentId=348700301es348696455&documentName=Romble_mod_20260310.pdf,Romble missing point 4 row recovered from latest permit table line 652
Romble,8360/54849-2/2025,alapengedely,komló,"lisztharmat, peronoszpóra",gombaölő szer,70-1.6,indák % os felső huzalhoz képest magasságáig BBCH l/ha virágbimbók duzzadásáig BBCH l/ha virágbimbók duzzadásától BBCH l/ha,1000-4000,l/ha,31,31,az indák a felső huzalhoz képest 10%os magasságától (BBCH 31) a tobozok szedésérettségéig (BBCH 89),,2,14,2028-05-31,Romble_mod_20260310.pdf,https://novenyvedoszer.nebih.gov.hu/Engedelykereso/DocumentHandler.ashx?documentId=348700301es348696455&documentName=Romble_mod_20260310.pdf,Romble missing point 4 row recovered from latest permit table line 653
Romble,8360/54849-2/2025,alapengedely,dohány szabadföldi,peronoszpóra,gombaölő szer,0.75-1,l/ha,400-600,l/ha,14,14,négyleveles állapottól (BBCH 14) a virágzás végéig (BBCH 69),,2,7,2028-05-31,Romble_mod_20260310.pdf,https://novenyvedoszer.nebih.gov.hu/Engedelykereso/DocumentHandler.ashx?documentId=348700301es348696455&documentName=Romble_mod_20260310.pdf,Romble missing point 4 row recovered from latest permit table line 654
Romble,8360/54849-2/2025,alapengedely,mák ipari és étkezési,"peronoszpóra, pleospórás betegség (helmintospórium), lisztharmat",gombaölő szer,0.75-0.5,vagy x,400-800,l/ha,14,14,négyleveles állapottól (BBCH 14) kampósbot állapotig (BBCH 51),,1 vagy 2 (osztott kezelés),10,2028-05-31,Romble_mod_20260310.pdf,https://novenyvedoszer.nebih.gov.hu/Engedelykereso/DocumentHandler.ashx?documentId=348700301es348696455&documentName=Romble_mod_20260310.pdf,Romble missing point 4 row recovered from latest permit table line 655
Romble,8360/54849-2/2025,alapengedely,lágyszárú dísznövények fásszárú dísznövények szabadföldi és hajtatott,"lisztharmat, peronoszpóra, rozsda, botrítiszes betegség (szürkepenész), alternáriás betegség",gombaölő szer,0.75-1,l/ha,500-1500,l/ha,14,14,négyleveles állapottól (BBCH 14) a vegetációs időszak végéig (BBCH 99),,2,10,2028-05-31,Romble_mod_20260310.pdf,https://novenyvedoszer.nebih.gov.hu/Engedelykereso/DocumentHandler.ashx?documentId=348700301es348696455&documentName=Romble_mod_20260310.pdf,Romble missing point 4 row recovered from latest permit table line 656
Trunfo,6700/0079131-1/2024,alapengedely,cukorrépa,"lisztharmat, cerkospórás levélfoltosság",gombaölő szer,0.75-1,l/ha,200-400,l/ha,31,31,sorzáródás kezdetétől (BBCH 31) gyökérfejlődés végéig (BBCH 49),,2,21,2028-05-31,Trunfo_mod_20251110.pdf,https://novenyvedoszer.nebih.gov.hu/Engedelykereso/DocumentHandler.ashx?documentId=348059209es348042797&documentName=Trunfo_mod_20251110.pdf,Trunfo missing point 4 row recovered from latest permit table line 373
Trunfo,6700/0079131-1/2024,alapengedely,"cékla, takarmányrépa szabadföldi","lisztharmat, peronoszpóra, cerkospórás levélfoltosság, rozsda",gombaölő szer,1,l/ha,300-600,l/ha,14,14,négyleveles állapottól (BBCH 14) gyökérfejlődés végéig (BBCH 49),,2,14,2028-05-31,Trunfo_mod_20251110.pdf,https://novenyvedoszer.nebih.gov.hu/Engedelykereso/DocumentHandler.ashx?documentId=348059209es348042797&documentName=Trunfo_mod_20251110.pdf,Trunfo missing point 4 row recovered from latest permit table line 375
Trunfo,6700/0079131-1/2024,alapengedely,spárga szabadföldi,rozsda,gombaölő szer,1,l/ha,300-1000,l/ha,51,51,a spárgasípok betakarítását követően (BBCH 51) a fillokládiumok 50%-ának sárgulásáig (BBCH 92),,3,10,2028-05-31,Trunfo_mod_20251110.pdf,https://novenyvedoszer.nebih.gov.hu/Engedelykereso/DocumentHandler.ashx?documentId=348059209es348042797&documentName=Trunfo_mod_20251110.pdf,Trunfo missing point 4 row recovered from latest permit table line 376
Trunfo,6700/0079131-1/2024,alapengedely,"vöröshagyma, fokhagyma, mogyoróhagyma szabadföldi","peronoszpóra, botrítiszes betegség (szürkepenész)",gombaölő szer,0.75-1,l/ha,200-500,l/ha,14,14,negyedik levél megjelenésétől (BBCH 14) 50%-os levéldőlésig (BBCH 48),,3,7,2028-05-31,Trunfo_mod_20251110.pdf,https://novenyvedoszer.nebih.gov.hu/Engedelykereso/DocumentHandler.ashx?documentId=348059209es348042797&documentName=Trunfo_mod_20251110.pdf,Trunfo missing point 4 row recovered from latest permit table line 377
Trunfo,6700/0079131-1/2024,alapengedely,újhagyma szabadföldi és hajtatott,"peronoszpóra, botrítiszes betegség (szürkepenész)",gombaölő szer,0.75-1,l/ha,200-500,l/ha,14,14,negyedik levél megjelenésétől (BBCH 14) 50%-os levéldőlésig (BBCH 48),,3,10,2028-05-31,Trunfo_mod_20251110.pdf,https://novenyvedoszer.nebih.gov.hu/Engedelykereso/DocumentHandler.ashx?documentId=348059209es348042797&documentName=Trunfo_mod_20251110.pdf,Trunfo missing point 4 row recovered from latest permit table line 378
Trunfo,6700/0079131-1/2024,alapengedely,"fejes káposzta, kelkáposzta, bimbós kel, kínai kel, karfiol, brokkoli, karalábé szabadföldi","peronoszpóra, alternáriás betegség",gombaölő szer,0.75-1,l/ha,200-600,l/ha,16,16,hatleveles állapottól (BBCH 16) végleges fejméret eléréséig (a csúcsrügy alatti rügyek szorosan zártak /kelbimbó/) (BBCH 49),,2,12,2028-05-31,Trunfo_mod_20251110.pdf,https://novenyvedoszer.nebih.gov.hu/Engedelykereso/DocumentHandler.ashx?documentId=348059209es348042797&documentName=Trunfo_mod_20251110.pdf,Trunfo missing point 4 row recovered from latest permit table line 379
Trunfo,6700/0079131-1/2024,alapengedely,sárgarépa szabadföldi,"lisztharmat, alternáriás levélfoltosság",gombaölő szer,1,l/ha,200-600,l/ha,16,16,hatleveles állapottól (BBCH 16) végső gyökérvastagság eléréséig (BBCH 49),,3,7,2028-05-31,Trunfo_mod_20251110.pdf,https://novenyvedoszer.nebih.gov.hu/Engedelykereso/DocumentHandler.ashx?documentId=348059209es348042797&documentName=Trunfo_mod_20251110.pdf,Trunfo missing point 4 row recovered from latest permit table line 380
Trunfo,6700/0079131-1/2024,alapengedely,gumós zeller szabadföldi,szeptóriás levélfoltosság,gombaölő szer,1,l/ha,200-600,l/ha,16,16,hatleveles állapottól (BBCH 16) végső gumóvastagság eléréséig (BBCH 49),,2,14,2028-05-31,Trunfo_mod_20251110.pdf,https://novenyvedoszer.nebih.gov.hu/Engedelykereso/DocumentHandler.ashx?documentId=348059209es348042797&documentName=Trunfo_mod_20251110.pdf,Trunfo missing point 4 row recovered from latest permit table line 381
Trunfo,6700/0079131-1/2024,alapengedely,levél zeller szabadföldi,szeptóriás levélfoltosság,gombaölő szer,1,l/ha,200-600,l/ha,16,16,hatleveles állapottól (BBCH 16) végső levélméret eléréséig (BBCH 49),,3,10,2028-05-31,Trunfo_mod_20251110.pdf,https://novenyvedoszer.nebih.gov.hu/Engedelykereso/DocumentHandler.ashx?documentId=348059209es348042797&documentName=Trunfo_mod_20251110.pdf,Trunfo missing point 4 row recovered from latest permit table line 382
Trunfo,6700/0079131-1/2024,alapengedely,gyökér petrezselyem szabadföldi,"lisztharmat, szeptóriás levélfoltosság",gombaölő szer,1,l/ha,200-600,l/ha,16,16,hatleveles állapottól (BBCH 16) végső gyökérvastagság eléréséig (BBCH 49),,3,7,2028-05-31,Trunfo_mod_20251110.pdf,https://novenyvedoszer.nebih.gov.hu/Engedelykereso/DocumentHandler.ashx?documentId=348059209es348042797&documentName=Trunfo_mod_20251110.pdf,Trunfo missing point 4 row recovered from latest permit table line 383
Trunfo,6700/0079131-1/2024,alapengedely,pasztinák szabadföldi,lisztharmat,gombaölő szer,1,l/ha,200-600,l/ha,16,16,hatleveles állapottól (BBCH 16) végső gyökérvastagság eléréséig (BBCH 49),,2,7,2028-05-31,Trunfo_mod_20251110.pdf,https://novenyvedoszer.nebih.gov.hu/Engedelykereso/DocumentHandler.ashx?documentId=348059209es348042797&documentName=Trunfo_mod_20251110.pdf,Trunfo missing point 4 row recovered from latest permit table line 384
Trunfo,6700/0079131-1/2024,alapengedely,torma szabadföldi és hajtatott,"fehérsömör (albugós betegség), lisztharmat, cerkospórás levélfoltosság",gombaölő szer,1,l/ha,200-600,l/ha,16,16,hatleveles állapottól (BBCH 16) végső gyökérvastagság eléréséig (BBCH 49),,3,7,2028-05-31,Trunfo_mod_20251110.pdf,https://novenyvedoszer.nebih.gov.hu/Engedelykereso/DocumentHandler.ashx?documentId=348059209es348042797&documentName=Trunfo_mod_20251110.pdf,Trunfo missing point 4 row recovered from latest permit table line 501
Trunfo,6700/0079131-1/2024,alapengedely,retek szabadföldi és hajtatott,peronoszpóra,gombaölő szer,1,l/ha,200-600,l/ha,16,16,hatleveles állapottól (BBCH 16) végső gyökérvastagság eléréséig (BBCH 49),,2,7,2028-05-31,Trunfo_mod_20251110.pdf,https://novenyvedoszer.nebih.gov.hu/Engedelykereso/DocumentHandler.ashx?documentId=348059209es348042797&documentName=Trunfo_mod_20251110.pdf,Trunfo missing point 4 row recovered from latest permit table line 503
Trunfo,6700/0079131-1/2024,alapengedely,"uborka, cukkini szabadföldi","lisztharmat, peronoszpóra",gombaölő szer,0.75-1,l/ha,200-1200,l/ha,16,16,hatleveles állapottól (BBCH 16) teljes érésig (BBCH 89),,2,10,2028-05-31,Trunfo_mod_20251110.pdf,https://novenyvedoszer.nebih.gov.hu/Engedelykereso/DocumentHandler.ashx?documentId=348059209es348042797&documentName=Trunfo_mod_20251110.pdf,Trunfo missing point 4 row recovered from latest permit table line 504
Trunfo,6700/0079131-1/2024,alapengedely,"sárgadinnye, görögdinnye, tökfélék szabadföldi és hajtatott","lisztharmat, peronoszpóra",gombaölő szer,0.75-1,l/ha,500-1200,l/ha,16,16,hatleveles állapottól (BBCH 16) teljes érésig (BBCH 89),,3,10,2028-05-31,Trunfo_mod_20251110.pdf,https://novenyvedoszer.nebih.gov.hu/Engedelykereso/DocumentHandler.ashx?documentId=348059209es348042797&documentName=Trunfo_mod_20251110.pdf,Trunfo missing point 4 row recovered from latest permit table line 506
Trunfo,6700/0079131-1/2024,alapengedely,"száraz bab, zöldbab, fejtett bab, lencse, szárazborsó szabadföldi","lisztharmat, peronoszpóra, rozsda, aszkohitás foltosság",gombaölő szer,0.75-1,l/ha,150-800,l/ha,17,17,hétleveles állapottól (BBCH 17) a hüvelyek 20%-a végleges nagyságáig (BBCH 72),,2,14,2028-05-31,Trunfo_mod_20251110.pdf,https://novenyvedoszer.nebih.gov.hu/Engedelykereso/DocumentHandler.ashx?documentId=348059209es348042797&documentName=Trunfo_mod_20251110.pdf,Trunfo missing point 4 row recovered from latest permit table line 507
Trunfo,6700/0079131-1/2024,alapengedely,cukorborsó szabadföldi,"lisztharmat, peronoszpóra, rozsda, aszkohitás foltosság",gombaölő szer,0.75-1,l/ha,200-700,l/ha,17,17,hétleveles állapottól (BBCH 17) az első hüvelyek megjelenéséig (BBCH 69),,2,14,2028-05-31,Trunfo_mod_20251110.pdf,https://novenyvedoszer.nebih.gov.hu/Engedelykereso/DocumentHandler.ashx?documentId=348059209es348042797&documentName=Trunfo_mod_20251110.pdf,Trunfo missing point 4 row recovered from latest permit table line 508
Trunfo,6700/0079131-1/2024,alapengedely,"endívia, fejes saláta, borsmustár (rukola) szabadföldi és hajtatott",peronoszpóra,gombaölő szer,0.75-1,l/ha,300-1200,l/ha,14,14,négyleveles állapottól (BBCH 14) végleges fejméret/fajtára jellemző lombtömeg eléréséig (BBCH 49),,2,7,2028-05-31,Trunfo_mod_20251110.pdf,https://novenyvedoszer.nebih.gov.hu/Engedelykereso/DocumentHandler.ashx?documentId=348059209es348042797&documentName=Trunfo_mod_20251110.pdf,Trunfo missing point 4 row recovered from latest permit table line 509
Trunfo,6700/0079131-1/2024,alapengedely,"paradicsom, tojásgyümölcs szabadföldi és hajtatott","alternáriás betegség, lisztharmat, fitoftórás betegség (paradicsomvész)",gombaölő szer,0.75-1,l/ha,400-1500,l/ha,16,16,hatleveles állapottól (BBCH 16) teljes érésig (BBCH 89),,3,7,2028-05-31,Trunfo_mod_20251110.pdf,https://novenyvedoszer.nebih.gov.hu/Engedelykereso/DocumentHandler.ashx?documentId=348059209es348042797&documentName=Trunfo_mod_20251110.pdf,Trunfo missing point 4 row recovered from latest permit table line 510
Trunfo,6700/0079131-1/2024,alapengedely,paprika hajtatott,"alternáriás betegség, lisztharmat",gombaölő szer,0.75-1,l/ha,400-1500,l/ha,16,16,hatleveles állapottól (BBCH 16) teljes érésig (BBCH 89),,3,7,2028-05-31,Trunfo_mod_20251110.pdf,https://novenyvedoszer.nebih.gov.hu/Engedelykereso/DocumentHandler.ashx?documentId=348059209es348042797&documentName=Trunfo_mod_20251110.pdf,Trunfo missing point 4 row recovered from latest permit table line 511
Trunfo,6700/0079131-1/2024,alapengedely,komló,"peronoszpóra, lisztharmat",gombaölő szer,70-1.6,indák % os felső huzalhoz képest magasságáig BBCH l/ha virágbimbók duzzadásáig BBCH l/ha virágbimbók duzzadásától BBCH l/ha,1000-4000,l/ha,31,31,az indák a felső huzalhoz képest 10%- os magasságától (BBCH 31) a tobozok szedésérettségéig (BBCH 89),,2,14,2028-05-31,Trunfo_mod_20251110.pdf,https://novenyvedoszer.nebih.gov.hu/Engedelykereso/DocumentHandler.ashx?documentId=348059209es348042797&documentName=Trunfo_mod_20251110.pdf,Trunfo missing point 4 row recovered from latest permit table line 592
Trunfo,6700/0079131-1/2024,alapengedely,dohány szabadföldi,peronoszpóra,gombaölő szer,0.75-1,l/ha,400-600,l/ha,14,14,négyleveles állapottól (BBCH 14) teljes virágzásig (BBCH 69),,2,7,2028-05-31,Trunfo_mod_20251110.pdf,https://novenyvedoszer.nebih.gov.hu/Engedelykereso/DocumentHandler.ashx?documentId=348059209es348042797&documentName=Trunfo_mod_20251110.pdf,Trunfo missing point 4 row recovered from latest permit table line 594
Trunfo,6700/0079131-1/2024,alapengedely,dísznövények szabadföldi és hajtatott,"lisztharmat, peronoszpóra, rozsda, botrítiszes betegség (szürkepenész), alternáriás betegség",gombaölő szer,0.75-1,l/ha,500-1500,l/ha,14,14,négyleveles állapottól (BBCH 14) a vegetációs időszak végéig (BBCH 99),,2,10,2028-05-31,Trunfo_mod_20251110.pdf,https://novenyvedoszer.nebih.gov.hu/Engedelykereso/DocumentHandler.ashx?documentId=348059209es348042797&documentName=Trunfo_mod_20251110.pdf,Trunfo missing point 4 row recovered from latest permit table line 595
Leptostar 200 SL,6700/0006607-1/2024,alapengedely,"Őszi káposztarepce, tavaszi káposztarepce","repce-fénybogár, repceszár- ormányos, nagy repceormányos, repcebecő- ormányos, repcebecő- gubacsszúnyog",rovarölő szer,0.2-0.3,l/ha,200-400,l/ha,20,59,tőlevélrózsa ‒ sárgabimbós állapot (BBCH 20-59) 50 %-os virágzás ‒ a becők 10 %-a elérte a végleges nagyságot (BBCH 65-71),,1,7-14,2034-02-28,LEPTOSTAR 200 SL_szig_66449_1_20250724_publikus.pdf,https://novenyvedoszer.nebih.gov.hu/Engedelykereso/DocumentHandler.ashx?documentId=347735147es347738490&documentName=LEPTOSTAR+200+SL_szig_66449_1_20250724_publikus.pdf,missing row recovered from latest permit point 4 table
Leptostar 200 SL,6700/0006607-1/2024,alapengedely,"Tavaszi búza, őszi búza, tritikálé, rozs",mórpoloska,rovarölő szer,0.2,l/ha,200-400,l/ha,30,59,szárba indulás ‒ kalászhányás vége (BBCH 30-59),,1,7-14,2034-02-28,LEPTOSTAR 200 SL_szig_66449_1_20250724_publikus.pdf,https://novenyvedoszer.nebih.gov.hu/Engedelykereso/DocumentHandler.ashx?documentId=347735147es347738490&documentName=LEPTOSTAR+200+SL_szig_66449_1_20250724_publikus.pdf,missing row recovered from latest permit point 4 table
Leptostar 200 SL,6700/0006607-1/2024,alapengedely,Csemegekukorica,"kukoricamoly, levéltetvek",rovarölő szer,0.3,l/ha,300-500,l/ha,51,75,címerhányás kezdete ‒ tejesérés (BBCH 51-75),,1,7-14,2034-02-28,LEPTOSTAR 200 SL_szig_66449_1_20250724_publikus.pdf,https://novenyvedoszer.nebih.gov.hu/Engedelykereso/DocumentHandler.ashx?documentId=347735147es347738490&documentName=LEPTOSTAR+200+SL_szig_66449_1_20250724_publikus.pdf,missing row recovered from latest permit point 4 table
Leptostar 200 SL,6700/0006607-1/2024,alapengedely,Kukorica,kukoricamoly,rovarölő szer,0.3,l/ha,300-500,l/ha,51,75,címerhányás kezdete ‒ tejesérés (BBCH 51-75),,1,7-14,2034-02-28,LEPTOSTAR 200 SL_szig_66449_1_20250724_publikus.pdf,https://novenyvedoszer.nebih.gov.hu/Engedelykereso/DocumentHandler.ashx?documentId=347735147es347738490&documentName=LEPTOSTAR+200+SL_szig_66449_1_20250724_publikus.pdf,missing row recovered from latest permit point 4 table
Leptostar 200 SL,6700/0006607-1/2024,alapengedely,Kukorica,amerikai kukoricabogár,rovarölő szer,0.2,l/ha,300-500,l/ha,51,75,címerhányás kezdete ‒ tejesérés (BBCH 51-75),,1,7-14,2034-02-28,LEPTOSTAR 200 SL_szig_66449_1_20250724_publikus.pdf,https://novenyvedoszer.nebih.gov.hu/Engedelykereso/DocumentHandler.ashx?documentId=347735147es347738490&documentName=LEPTOSTAR+200+SL_szig_66449_1_20250724_publikus.pdf,missing row recovered from latest permit point 4 table
Leptostar 200 SL,6700/0006607-1/2024,alapengedely,"Fehér mustár, szareptai mustár, tarlórépa","repce-fénybogár, repceszár- ormányos, nagy repceormányos, repcebecő- ormányos, repcebecő- gubacsszúnyog",rovarölő szer,0.2-0.3,l/ha,200-400,l/ha,20,71,tőlevélrózsa ‒ a becők 10 %-a elérte a végleges nagyságot (BBCH 20-71),,1,7-14,2034-02-28,LEPTOSTAR 200 SL_szig_66449_1_20250724_publikus.pdf,https://novenyvedoszer.nebih.gov.hu/Engedelykereso/DocumentHandler.ashx?documentId=347735147es347738490&documentName=LEPTOSTAR+200+SL_szig_66449_1_20250724_publikus.pdf,missing row recovered from latest permit point 4 table
Leptostar 200 SL,6700/0006607-1/2024,alapengedely,"Len (rostlen, vetőmag)","nagy lenbolha, lentripsz, tavaszi lentripsz",rovarölő szer,0.3,l/ha,200-400,l/ha,10,61,szikleveles állapot ‒ virágzás kezdete (BBCH 10-61),,1,7-14,2034-02-28,LEPTOSTAR 200 SL_szig_66449_1_20250724_publikus.pdf,https://novenyvedoszer.nebih.gov.hu/Engedelykereso/DocumentHandler.ashx?documentId=347735147es347738490&documentName=LEPTOSTAR+200+SL_szig_66449_1_20250724_publikus.pdf,missing row recovered from latest permit point 4 table
Leptostar 200 SL,6700/0006607-1/2024,alapengedely,"Kender (rostkender, vetőmag)","kenderbolha, kukoricamoly, levéltetű, tripszek",rovarölő szer,0.2-0.3,l/ha,200-400,l/ha,11,59,1 pár leveles állapot ‒ bimbós állapot (BBCH 11-59),,1,7-14,2034-02-28,LEPTOSTAR 200 SL_szig_66449_1_20250724_publikus.pdf,https://novenyvedoszer.nebih.gov.hu/Engedelykereso/DocumentHandler.ashx?documentId=347735147es347738490&documentName=LEPTOSTAR+200+SL_szig_66449_1_20250724_publikus.pdf,missing row recovered from latest permit point 4 table
Leptostar 200 SL,6700/0006607-1/2024,alapengedely,Mák (vetőmag),"máktokormányos, máktokszúnyog",rovarölő szer,0.15,l/ha,200-400,l/ha,10,39,szikleveles állapot ‒ végleges főhajtáshossz (BBCH 10-39),,1,7-14,2034-02-28,LEPTOSTAR 200 SL_szig_66449_1_20250724_publikus.pdf,https://novenyvedoszer.nebih.gov.hu/Engedelykereso/DocumentHandler.ashx?documentId=347735147es347738490&documentName=LEPTOSTAR+200+SL_szig_66449_1_20250724_publikus.pdf,missing row recovered from latest permit point 4 table
Leptostar 200 SL,6700/0006607-1/2024,alapengedely,Tök (vetőmag),mezei poloskák,rovarölő szer,0.2-0.3,l/ha,200-500,l/ha,51,69,1. virágkezdemény megjelenése a főszáron ‒ teljes virágzás (BBCH 51-69),,1,7-14,2034-02-28,LEPTOSTAR 200 SL_szig_66449_1_20250724_publikus.pdf,https://novenyvedoszer.nebih.gov.hu/Engedelykereso/DocumentHandler.ashx?documentId=347735147es347738490&documentName=LEPTOSTAR+200+SL_szig_66449_1_20250724_publikus.pdf,missing row recovered from latest permit point 4 table
Leptostar 200 SL,6700/0006607-1/2024,alapengedely,"Pattogatni való kukorica, cirok, köles","kukoricamoly, levéltetvek",rovarölő szer,0.2-0.3,l/ha,300-500,l/ha,51,75,címerhányás kezdete ‒ tejesérés (BBCH 51-75),,1,7-14,2034-02-28,LEPTOSTAR 200 SL_szig_66449_1_20250724_publikus.pdf,https://novenyvedoszer.nebih.gov.hu/Engedelykereso/DocumentHandler.ashx?documentId=347735147es347738490&documentName=LEPTOSTAR+200+SL_szig_66449_1_20250724_publikus.pdf,missing row recovered from latest permit point 4 table
Leptostar 200 SL,6700/0006607-1/2024,alapengedely,"Durumbúza, tönkölybúza, alakor, tönkebúza","vetésfehérítő bogarak, mórpoloska",rovarölő szer,0.2,l/ha,200-400,l/ha,30,65,szárba indulás ‒ teljes virágzás (BBCH 30-65),,1,7-14,2034-02-28,LEPTOSTAR 200 SL_szig_66449_1_20250724_publikus.pdf,https://novenyvedoszer.nebih.gov.hu/Engedelykereso/DocumentHandler.ashx?documentId=347735147es347738490&documentName=LEPTOSTAR+200+SL_szig_66449_1_20250724_publikus.pdf,missing row recovered from latest permit point 4 table
Leptostar 200 SL,6700/0006607-1/2024,alapengedely,Tojásgyümölcs (hajtatott),"üvegházi liszteske, dohánytripsz, nyugati virágtripsz, levéltetvek, levélaknázó legyek, mezei poloskák",rovarölő szer,0.3,l/ha,300-750,l/ha,20,89,mellékhajtások megjelenése előtti állapot ‒ teljes érés (BBCH 20-89),,1,7-14,2034-02-28,LEPTOSTAR 200 SL_szig_66449_1_20250724_publikus.pdf,https://novenyvedoszer.nebih.gov.hu/Engedelykereso/DocumentHandler.ashx?documentId=347735147es347738490&documentName=LEPTOSTAR+200+SL_szig_66449_1_20250724_publikus.pdf,missing row recovered from latest permit point 4 table
Leptostar 200 SL,6700/0006607-1/2024,alapengedely,Paradicsom (hajtatott),"üvegházi liszteske, dohánytripsz, nyugati virágtripsz, levéltetvek, levélaknázó legyek, mezei poloskák",rovarölő szer,0.2,l/ha,300-750,l/ha,20,89,mellékhajtások megjelenése előtti állapot ‒ teljes érés (BBCH 20-89),,1,7-14,2034-02-28,LEPTOSTAR 200 SL_szig_66449_1_20250724_publikus.pdf,https://novenyvedoszer.nebih.gov.hu/Engedelykereso/DocumentHandler.ashx?documentId=347735147es347738490&documentName=LEPTOSTAR+200+SL_szig_66449_1_20250724_publikus.pdf,missing row recovered from latest permit point 4 table
Leptostar 200 SL,6700/0006607-1/2024,alapengedely,Paprika (hajtatott),"üvegházi liszteske, dohánytripsz, nyugati virágtripsz, levéltetvek, levélaknázó legyek, mezei poloskák",rovarölő szer,0.15,l/ha,300-750,l/ha,20,89,mellékhajtások megjelenése előtti állapot ‒ teljes érés (BBCH 20-89),,1,7-14,2034-02-28,LEPTOSTAR 200 SL_szig_66449_1_20250724_publikus.pdf,https://novenyvedoszer.nebih.gov.hu/Engedelykereso/DocumentHandler.ashx?documentId=347735147es347738490&documentName=LEPTOSTAR+200+SL_szig_66449_1_20250724_publikus.pdf,missing row recovered from latest permit point 4 table
Leptostar 200 SL,6700/0006607-1/2024,alapengedely,"Körte, japán körte","almamoly, levéltetvek, füstösszárnyú levéldarázs, rügyfúróbogár, körtelevél- gubacsszúnyog, körte-levélbohák",rovarölő szer,0.125,l/ha,300-750,l/ha,11,82,levélkiterülés kezdete ‒ érés (BBCH 11-82),,2,7-14,2034-02-28,LEPTOSTAR 200 SL_szig_66449_1_20250724_publikus.pdf,https://novenyvedoszer.nebih.gov.hu/Engedelykereso/DocumentHandler.ashx?documentId=347735147es347738490&documentName=LEPTOSTAR+200+SL_szig_66449_1_20250724_publikus.pdf,missing row recovered from latest permit point 4 table
Leptostar 200 SL,6700/0006607-1/2024,alapengedely,"Birs, naspolya","almamoly, levéltetvek",rovarölő szer,0.125,l/ha,300-750,l/ha,11,82,levélkiterülés kezdete ‒ érés (BBCH 11-82),,2,7-14,2034-02-28,LEPTOSTAR 200 SL_szig_66449_1_20250724_publikus.pdf,https://novenyvedoszer.nebih.gov.hu/Engedelykereso/DocumentHandler.ashx?documentId=347735147es347738490&documentName=LEPTOSTAR+200+SL_szig_66449_1_20250724_publikus.pdf,missing row recovered from latest permit point 4 table
Leptostar 200 SL,6700/0006607-1/2024,alapengedely,Cseresznye,"cseresznyelégy, levéltetvek, füstösszárnyú levéldarázs, meggyvirág- aranymoly, meggyfúró ormányos, almailonca, ligeti sodrómoly, rózsailonca",rovarölő szer,0.125,l/ha,300-750,l/ha,11,65,levélkiterülés kezdete ‒ teljes virágzás (BBCH 11-65),,2,7-14,2034-02-28,LEPTOSTAR 200 SL_szig_66449_1_20250724_publikus.pdf,https://novenyvedoszer.nebih.gov.hu/Engedelykereso/DocumentHandler.ashx?documentId=347735147es347738490&documentName=LEPTOSTAR+200+SL_szig_66449_1_20250724_publikus.pdf,missing row recovered from latest permit point 4 table
Leptostar 200 SL,6700/0006607-1/2024,alapengedely,"Őszibarack, nektarin, kajszi","almailonca, ligeti sodrómoly, rózsailonca, levéltetvek",rovarölő szer,0.125,l/ha,300-750,l/ha,11,82,levélkiterülés kezdete ‒ érés (BBCH 11-82),,2,7-14,2034-02-28,LEPTOSTAR 200 SL_szig_66449_1_20250724_publikus.pdf,https://novenyvedoszer.nebih.gov.hu/Engedelykereso/DocumentHandler.ashx?documentId=347735147es347738490&documentName=LEPTOSTAR+200+SL_szig_66449_1_20250724_publikus.pdf,missing row recovered from latest permit point 4 table
Leptostar 200 SL,6700/0006607-1/2024,alapengedely,Mogyoró,"levéltetvek, mogyoróormányos, mogyorócincér, közönséges teknőspajzstetű, almailonca, rózsailonca",rovarölő szer,0.125,l/ha,300-750,l/ha,11,75,levélkiterülés kezdete ‒ 50 %-os gyümölcsméret (BBCH 11-75),,2,7-14,2034-02-28,LEPTOSTAR 200 SL_szig_66449_1_20250724_publikus.pdf,https://novenyvedoszer.nebih.gov.hu/Engedelykereso/DocumentHandler.ashx?documentId=347735147es347738490&documentName=LEPTOSTAR+200+SL_szig_66449_1_20250724_publikus.pdf,missing row recovered from latest permit point 4 table
Leptostar 200 SL,6700/0006607-1/2024,alapengedely,Dió,levéltetvek,rovarölő szer,0.125,l/ha,300-750,l/ha,15,75,levélkiterülés ‒ 50 %-os gyümölcsméret (BBCH 15-75),,2,7-14,2034-02-28,LEPTOSTAR 200 SL_szig_66449_1_20250724_publikus.pdf,https://novenyvedoszer.nebih.gov.hu/Engedelykereso/DocumentHandler.ashx?documentId=347735147es347738490&documentName=LEPTOSTAR+200+SL_szig_66449_1_20250724_publikus.pdf,missing row recovered from latest permit point 4 table
Leptostar 200 SL,6700/0006607-1/2024,alapengedely,Dohány,"dohánytripsz, levéltetvek",rovarölő szer,0.125,l/ha,300-750,l/ha,30,85,szármegnyúlás kezdete ‒ a levelek 50 %-a jellemző színű (BBCH 30-85),,2,7-14,2034-02-28,LEPTOSTAR 200 SL_szig_66449_1_20250724_publikus.pdf,https://novenyvedoszer.nebih.gov.hu/Engedelykereso/DocumentHandler.ashx?documentId=347735147es347738490&documentName=LEPTOSTAR+200+SL_szig_66449_1_20250724_publikus.pdf,missing row recovered from latest permit point 4 table
Leptostar 200 SL,6700/0006607-1/2024,alapengedely,"Kosárkötő fűz, csigolyafűz","levéltetvek, nyárlevelész, fűzlevelészek, fűzcserje-levélbogár, fűzfa-zöldbagoly, fűz-gubacsszúnyog",rovarölő szer,0.125,l/ha,300-750,l/ha,11,89,levélkiterülés kezdete ‒ betakarítás (BBCH 11-89),,2,7-14,2034-02-28,LEPTOSTAR 200 SL_szig_66449_1_20250724_publikus.pdf,https://novenyvedoszer.nebih.gov.hu/Engedelykereso/DocumentHandler.ashx?documentId=347735147es347738490&documentName=LEPTOSTAR+200+SL_szig_66449_1_20250724_publikus.pdf,missing row recovered from latest permit point 4 table
Leptostar 200 SL,6700/0006607-1/2024,alapengedely,"Erdészeti csemetekertek, díszfaiskolák, karácsonyfa termesztés, erdőtelepítés","levéltetvek, ugróvillások, vörösfenyő- zsákosmoly",rovarölő szer,0.2,l/ha,200-400,l/ha,11,69,levélkiterülés kezdete ‒ virágzás vége (BBCH 11-69),,1,7-14,2034-02-28,LEPTOSTAR 200 SL_szig_66449_1_20250724_publikus.pdf,https://novenyvedoszer.nebih.gov.hu/Engedelykereso/DocumentHandler.ashx?documentId=347735147es347738490&documentName=LEPTOSTAR+200+SL_szig_66449_1_20250724_publikus.pdf,missing row recovered from latest permit point 4 table
Roubaix,6700/0086658-1/2024,alapengedely,káposztarepce őszi és tavaszi,"szklerotíniás betegség (fehérpenész), botrítiszes betegség (szürkepenész), alternáriás levél- és becőfoltosság",gombaölő szer,1,l/ha,200-500,l/ha,30,30,szárnövekedés kezdetétől (BBCH 30) virágzás végéig (BBCH 69),,2,21,2028-03-31,Roubaix_mod_20251015.pdf,https://novenyvedoszer.nebih.gov.hu/Engedelykereso/DocumentHandler.ashx?documentId=347992858es347966639&documentName=Roubaix_mod_20251015.pdf,missing row recovered from latest permit point 4 table
Roubaix,6700/0086658-1/2024,alapengedely,"cékla, takarmányrépa szabadföldi","lisztharmat, peronoszpóra, cerkospórás levélfoltosság, rozsda",gombaölő szer,1,l/ha,300-600,l/ha,14,14,négyleveles állapottól (BBCH 14) gyökérfejlődés végéig (BBCH 49),,2,14,2028-03-31,Roubaix_mod_20251015.pdf,https://novenyvedoszer.nebih.gov.hu/Engedelykereso/DocumentHandler.ashx?documentId=347992858es347966639&documentName=Roubaix_mod_20251015.pdf,missing row recovered from latest permit point 4 table
Roubaix,6700/0086658-1/2024,alapengedely,spárga szabadföldi,rozsda,gombaölő szer,1,l/ha,300-1000,l/ha,51,51,a spárgasípok betakarítását követően (BBCH 51) a fillokládiumok 50%-ának sárgulásáig (BBCH 92),,2,10,2028-03-31,Roubaix_mod_20251015.pdf,https://novenyvedoszer.nebih.gov.hu/Engedelykereso/DocumentHandler.ashx?documentId=347992858es347966639&documentName=Roubaix_mod_20251015.pdf,missing row recovered from latest permit point 4 table
Roubaix,6700/0086658-1/2024,alapengedely,"vöröshagyma, mogyoróhagyma szabadföldi","peronoszpóra, botrítiszes betegség (szürkepenész)",gombaölő szer,0.75-1,l/ha,200-500,l/ha,14,14,negyedik levél megjelenésétől (BBCH 14) 50%-os levéldőlésig (BBCH 48),,3,7,2028-03-31,Roubaix_mod_20251015.pdf,https://novenyvedoszer.nebih.gov.hu/Engedelykereso/DocumentHandler.ashx?documentId=347992858es347966639&documentName=Roubaix_mod_20251015.pdf,missing row recovered from latest permit point 4 table
Roubaix,6700/0086658-1/2024,alapengedely,"fejes káposzta, kelkáposzta, bimbós kel, kínai kel, karfiol, brokkoli szabadföldi","peronoszpóra, alternáriás betegség",gombaölő szer,0.75-1,l/ha,200-600,l/ha,16,16,hatleveles állapottól (BBCH 16) végleges fejméret eléréséig (a csúcsrügy alatti rügyek szorosan zártak /kelbimbó/) (BBCH 49),,2,12,2028-03-31,Roubaix_mod_20251015.pdf,https://novenyvedoszer.nebih.gov.hu/Engedelykereso/DocumentHandler.ashx?documentId=347992858es347966639&documentName=Roubaix_mod_20251015.pdf,missing row recovered from latest permit point 4 table
Roubaix,6700/0086658-1/2024,alapengedely,sárgarépa szabadföldi,"lisztharmat, alternáriás levélfoltosság",gombaölő szer,1,l/ha,200-600,l/ha,16,16,hatleveles állapottól (BBCH 16) végső gyökérvastagság eléréséig (BBCH 49),,3,7,2028-03-31,Roubaix_mod_20251015.pdf,https://novenyvedoszer.nebih.gov.hu/Engedelykereso/DocumentHandler.ashx?documentId=347992858es347966639&documentName=Roubaix_mod_20251015.pdf,missing row recovered from latest permit point 4 table
Roubaix,6700/0086658-1/2024,alapengedely,gumós zeller szabadföldi,szeptóriás levélfoltosság,gombaölő szer,1,l/ha,200-600,l/ha,16,16,hatleveles állapottól (BBCH 16) végső gumóvastagság eléréséig (BBCH 49),,2,14,2028-03-31,Roubaix_mod_20251015.pdf,https://novenyvedoszer.nebih.gov.hu/Engedelykereso/DocumentHandler.ashx?documentId=347992858es347966639&documentName=Roubaix_mod_20251015.pdf,missing row recovered from latest permit point 4 table
Roubaix,6700/0086658-1/2024,alapengedely,levél zeller szabadföldi,szeptóriás levélfoltosság,gombaölő szer,1,l/ha,200-600,l/ha,16,16,hatleveles állapottól (BBCH 16) végső levélméret eléréséig (BBCH 49),,3,10,2028-03-31,Roubaix_mod_20251015.pdf,https://novenyvedoszer.nebih.gov.hu/Engedelykereso/DocumentHandler.ashx?documentId=347992858es347966639&documentName=Roubaix_mod_20251015.pdf,missing row recovered from latest permit point 4 table
Roubaix,6700/0086658-1/2024,alapengedely,gyökér petrezselyem szabadföldi,"lisztharmat, szeptóriás levélfoltosság",gombaölő szer,1,l/ha,200-600,l/ha,16,16,hatleveles állapottól (BBCH 16) végső gyökérvastagság eléréséig (BBCH 49),,3,7,2028-03-31,Roubaix_mod_20251015.pdf,https://novenyvedoszer.nebih.gov.hu/Engedelykereso/DocumentHandler.ashx?documentId=347992858es347966639&documentName=Roubaix_mod_20251015.pdf,missing row recovered from latest permit point 4 table
Roubaix,6700/0086658-1/2024,alapengedely,pasztinák (szabadföld),lisztharmat,gombaölő szer,1,l/ha,200-600,l/ha,16,16,hatleveles állapottól (BBCH 16) végső gyökérvastagság eléréséig (BBCH 49),,2,7,2028-03-31,Roubaix_mod_20251015.pdf,https://novenyvedoszer.nebih.gov.hu/Engedelykereso/DocumentHandler.ashx?documentId=347992858es347966639&documentName=Roubaix_mod_20251015.pdf,missing row recovered from latest permit point 4 table
Roubaix,6700/0086658-1/2024,alapengedely,"torma (szabadföld, hajtatás)","fehérsömör (albugós betegség), lisztharmat, cerkospórás levélfoltosság",gombaölő szer,1,l/ha,200-600,l/ha,16,16,hatleveles állapottól (BBCH 16) végső gyökérvastagság eléréséig (BBCH 49),,3,7,2028-03-31,Roubaix_mod_20251015.pdf,https://novenyvedoszer.nebih.gov.hu/Engedelykereso/DocumentHandler.ashx?documentId=347992858es347966639&documentName=Roubaix_mod_20251015.pdf,missing row recovered from latest permit point 4 table
Roubaix,6700/0086658-1/2024,alapengedely,"retek (szabadföld, hajtatás)",peronoszpóra,gombaölő szer,1,l/ha,200-600,l/ha,16,16,hatleveles állapottól (BBCH 16) végső gyökérvastagság eléréséig (BBCH 49),,2,7,2028-03-31,Roubaix_mod_20251015.pdf,https://novenyvedoszer.nebih.gov.hu/Engedelykereso/DocumentHandler.ashx?documentId=347992858es347966639&documentName=Roubaix_mod_20251015.pdf,missing row recovered from latest permit point 4 table
Roubaix,6700/0086658-1/2024,alapengedely,"uborka, cukkini (szabadföld,)","lisztharmat, peronoszpóra",gombaölő szer,0.75-1,l/ha,200-1200,l/ha,16,16,hatleveles állapottól (BBCH 16) teljes érésig (BBCH 89),,2,10,2028-03-31,Roubaix_mod_20251015.pdf,https://novenyvedoszer.nebih.gov.hu/Engedelykereso/DocumentHandler.ashx?documentId=347992858es347966639&documentName=Roubaix_mod_20251015.pdf,missing row recovered from latest permit point 4 table
Roubaix,6700/0086658-1/2024,alapengedely,"száraz bab, szárazborsó szabadföldi","lisztharmat, peronoszpóra, rozsda, aszkohitás foltosság",gombaölő szer,0.75-1,l/ha,150-800,l/ha,17,17,hétleveles állapottól (BBCH 17) a hüvelyek 20%-a végleges nagyságáig (BBCH 72),,2,14,2028-03-31,Roubaix_mod_20251015.pdf,https://novenyvedoszer.nebih.gov.hu/Engedelykereso/DocumentHandler.ashx?documentId=347992858es347966639&documentName=Roubaix_mod_20251015.pdf,missing row recovered from latest permit point 4 table
Roubaix,6700/0086658-1/2024,alapengedely,cukorborsó szabadföldi,"lisztharmat, peronoszpóra, rozsda, aszkohitás foltosság",gombaölő szer,0.75-1,l/ha,200-700,l/ha,17,17,hétleveles állapottól (BBCH 17) az első hüvelyek megjelenéséig (BBCH 69),,2,14,2028-03-31,Roubaix_mod_20251015.pdf,https://novenyvedoszer.nebih.gov.hu/Engedelykereso/DocumentHandler.ashx?documentId=347992858es347966639&documentName=Roubaix_mod_20251015.pdf,missing row recovered from latest permit point 4 table
Roubaix,6700/0086658-1/2024,alapengedely,fejes saláta szabadföldi és hajtatott,peronoszpóra,gombaölő szer,0.75-1,l/ha,300-1200,l/ha,14,14,négyleveles állapottól (BBCH 14) végleges fejméret/fajtára jellemző lombtömeg eléréséig (BBCH 49),,2,7,2028-03-31,Roubaix_mod_20251015.pdf,https://novenyvedoszer.nebih.gov.hu/Engedelykereso/DocumentHandler.ashx?documentId=347992858es347966639&documentName=Roubaix_mod_20251015.pdf,missing row recovered from latest permit point 4 table
Roubaix,6700/0086658-1/2024,alapengedely,"paradicsom, tojásgyümölcs szabadföldi és hajtatott","alternáriás betegség, lisztharmat, fitoftórás betegség (paradicsomvész)",gombaölő szer,0.75-1,l/ha,400-1500,l/ha,16,16,hatleveles állapottól (BBCH 16) teljes érésig (BBCH 89),,3,7,2028-03-31,Roubaix_mod_20251015.pdf,https://novenyvedoszer.nebih.gov.hu/Engedelykereso/DocumentHandler.ashx?documentId=347992858es347966639&documentName=Roubaix_mod_20251015.pdf,missing row recovered from latest permit point 4 table
Roubaix,6700/0086658-1/2024,alapengedely,paprika hajtatás,"alternáriás betegség, lisztharmat",gombaölő szer,0.75-1,l/ha,400-1500,l/ha,16,16,hatleveles állapottól (BBCH 16) teljes érésig (BBCH 89),,2,7,2028-03-31,Roubaix_mod_20251015.pdf,https://novenyvedoszer.nebih.gov.hu/Engedelykereso/DocumentHandler.ashx?documentId=347992858es347966639&documentName=Roubaix_mod_20251015.pdf,missing row recovered from latest permit point 4 table
Roubaix,6700/0086658-1/2024,alapengedely,lágyszárú dísznövények fásszárú dísznövények szabadföldi és hajtatott,"lisztharmat, peronoszpóra, rozsda, botrítiszes betegség (szürkepenész), alternáriás betegség",gombaölő szer,0.75-1,l/ha,500-1500,l/ha,14,14,négyleveles állapottól (BBCH 14) a vegetációs időszak végéig (BBCH 99),,2,10,2028-03-31,Roubaix_mod_20251015.pdf,https://novenyvedoszer.nebih.gov.hu/Engedelykereso/DocumentHandler.ashx?documentId=347992858es347966639&documentName=Roubaix_mod_20251015.pdf,missing row recovered from latest permit point 4 table
Divam Pro (er.név: Demetrina 25 EC),6300/98-2/2019,alapengedely,Póréhagyma,levéltetű fajok,rovarölő szer,0.5,liter/ha,300-500,l/ha,12,45,2-leveles állapot - hagymafej- képződés (BBCH 12-45),,3,14,2026-10-31,Divam Pro_szig_0103056_1_20241128_publikus.pdf,https://novenyvedoszer.nebih.gov.hu/Engedelykereso/DocumentHandler.ashx?documentId=346291228es346268489&documentName=Divam+Pro_szig_0103056_1_20241128_publikus.pdf,missing row recovered from latest permit point 4 table
Divam Pro (er.név: Demetrina 25 EC),6300/98-2/2019,alapengedely,Póréhagyma,lepkehernyók,rovarölő szer,0.25,liter/ha,300-500,l/ha,12,45,2-leveles állapot - hagymafej- képződés (BBCH 12-45),,3,14,2026-10-31,Divam Pro_szig_0103056_1_20241128_publikus.pdf,https://novenyvedoszer.nebih.gov.hu/Engedelykereso/DocumentHandler.ashx?documentId=346291228es346268489&documentName=Divam+Pro_szig_0103056_1_20241128_publikus.pdf,missing row recovered from latest permit point 4 table
Divam Pro (er.név: Demetrina 25 EC),6300/98-2/2019,alapengedely,Kelbimbó,"levéltetű fajok, lepkehernyók",rovarölő szer,0.4,liter/ha,350-600,l/ha,12,45,2-leveles állapot - bimbók 50 %-a szorosan zárt (BBCH 12-45),,2,7,2026-10-31,Divam Pro_szig_0103056_1_20241128_publikus.pdf,https://novenyvedoszer.nebih.gov.hu/Engedelykereso/DocumentHandler.ashx?documentId=346291228es346268489&documentName=Divam+Pro_szig_0103056_1_20241128_publikus.pdf,missing row recovered from latest permit point 4 table
Divam Pro (er.név: Demetrina 25 EC),6300/98-2/2019,alapengedely,"Kínai kel, pak-choi/bordáskel","levéltetű fajok, lepkehernyók",rovarölő szer,0.4,liter/ha,350-600,l/ha,12,45,2-leveles állapot- 50 %-os fejméret (BBCH 12-45),,3,14,2026-10-31,Divam Pro_szig_0103056_1_20241128_publikus.pdf,https://novenyvedoszer.nebih.gov.hu/Engedelykereso/DocumentHandler.ashx?documentId=346291228es346268489&documentName=Divam+Pro_szig_0103056_1_20241128_publikus.pdf,missing row recovered from latest permit point 4 table
Divam Pro (er.név: Demetrina 25 EC),6300/98-2/2019,alapengedely,"Sárgarépa, pasztinák, gyökérpetrezselyem","levéltetű fajok, lepkehernyók",rovarölő szer,0.4,liter/ha,300-500,l/ha,14,49,4-leveles állapot- gyökérnövekedés vége (BBCH 14-49),,3,14,2026-10-31,Divam Pro_szig_0103056_1_20241128_publikus.pdf,https://novenyvedoszer.nebih.gov.hu/Engedelykereso/DocumentHandler.ashx?documentId=346291228es346268489&documentName=Divam+Pro_szig_0103056_1_20241128_publikus.pdf,missing row recovered from latest permit point 4 table
Divam Pro (er.név: Demetrina 25 EC),6300/98-2/2019,alapengedely,"Sárgarépa, pasztinák, gyökérpetrezselyem",sárgarépalégy,rovarölő szer,0.5,liter/ha,300-500,l/ha,14,49,4-leveles állapot- gyökérnövekedés vége (BBCH 14-49),,3,14,2026-10-31,Divam Pro_szig_0103056_1_20241128_publikus.pdf,https://novenyvedoszer.nebih.gov.hu/Engedelykereso/DocumentHandler.ashx?documentId=346291228es346268489&documentName=Divam+Pro_szig_0103056_1_20241128_publikus.pdf,missing row recovered from latest permit point 4 table
Divam Pro (er.név: Demetrina 25 EC),6300/98-2/2019,alapengedely,"Retek, fekete retek","levéltetű fajok, lepkehernyók",rovarölő szer,0.4,liter/ha,300-500,l/ha,12,49,2-leveles állapot- gyökérnövekedés vége (BBCH 12-49),,3,14,2026-10-31,Divam Pro_szig_0103056_1_20241128_publikus.pdf,https://novenyvedoszer.nebih.gov.hu/Engedelykereso/DocumentHandler.ashx?documentId=346291228es346268489&documentName=Divam+Pro_szig_0103056_1_20241128_publikus.pdf,missing row recovered from latest permit point 4 table
Divam Pro (er.név: Demetrina 25 EC),6300/98-2/2019,alapengedely,"Retek, fekete retek",földi bolhák,rovarölő szer,0.2,liter/ha,300-500,l/ha,12,49,2-leveles állapot- gyökérnövekedés vége (BBCH 12-49),,3,14,2026-10-31,Divam Pro_szig_0103056_1_20241128_publikus.pdf,https://novenyvedoszer.nebih.gov.hu/Engedelykereso/DocumentHandler.ashx?documentId=346291228es346268489&documentName=Divam+Pro_szig_0103056_1_20241128_publikus.pdf,missing row recovered from latest permit point 4 table
Divam Pro (er.név: Demetrina 25 EC),6300/98-2/2019,alapengedely,"Karórépa, csicsóka","levéltetű fajok, lepkehernyók",rovarölő szer,0.4,liter/ha,300-500,l/ha,12,49,2-leveles állapot- gyökérnövekedés vége (BBCH 12-49),,3,14,2026-10-31,Divam Pro_szig_0103056_1_20241128_publikus.pdf,https://novenyvedoszer.nebih.gov.hu/Engedelykereso/DocumentHandler.ashx?documentId=346291228es346268489&documentName=Divam+Pro_szig_0103056_1_20241128_publikus.pdf,missing row recovered from latest permit point 4 table
Divam Pro (er.név: Demetrina 25 EC),6300/98-2/2019,alapengedely,Torma,"levéltetű fajok, lepkehernyók",rovarölő szer,0.4,liter/ha,350-600,l/ha,12,49,2-leveles állapot- gyökérnövekedés vége (BBCH 12-49),,2,14,2026-10-31,Divam Pro_szig_0103056_1_20241128_publikus.pdf,https://novenyvedoszer.nebih.gov.hu/Engedelykereso/DocumentHandler.ashx?documentId=346291228es346268489&documentName=Divam+Pro_szig_0103056_1_20241128_publikus.pdf,missing row recovered from latest permit point 4 table
Divam Pro (er.név: Demetrina 25 EC),6300/98-2/2019,alapengedely,"Vöröshagyma, mogyoró-hagyma, fokhagyma, zöldhagyma, metélőhagyma","levéltetű fajok, lepkehernyók",rovarölő szer,0.5,liter/ha,300-500,l/ha,12,45,2-leveles állapot - hagymafej- képződés (BBCH 12-45),,3,14,2026-10-31,Divam Pro_szig_0103056_1_20241128_publikus.pdf,https://novenyvedoszer.nebih.gov.hu/Engedelykereso/DocumentHandler.ashx?documentId=346291228es346268489&documentName=Divam+Pro_szig_0103056_1_20241128_publikus.pdf,missing row recovered from latest permit point 4 table
Divam Pro (er.név: Demetrina 25 EC),6300/98-2/2019,alapengedely,"Brokkoli, karfiol /fehér és zöld/","levéltetű fajok, lepkehernyók",rovarölő szer,0.4,liter/ha,350-600,l/ha,12,45,2-leveles állapot - 50 %-os virágzat méret (BBCH 12-45),,3,14,2026-10-31,Divam Pro_szig_0103056_1_20241128_publikus.pdf,https://novenyvedoszer.nebih.gov.hu/Engedelykereso/DocumentHandler.ashx?documentId=346291228es346268489&documentName=Divam+Pro_szig_0103056_1_20241128_publikus.pdf,missing row recovered from latest permit point 4 table
Divam Pro (er.név: Demetrina 25 EC),6300/98-2/2019,alapengedely,Karalábé,"levéltetű fajok, lepkehernyók",rovarölő szer,0.4,liter/ha,350-600,l/ha,12,45,2-leveles állapot - 50 %-os szárvastagság (BBCH 12-45),,2,7,2026-10-31,Divam Pro_szig_0103056_1_20241128_publikus.pdf,https://novenyvedoszer.nebih.gov.hu/Engedelykereso/DocumentHandler.ashx?documentId=346291228es346268489&documentName=Divam+Pro_szig_0103056_1_20241128_publikus.pdf,missing row recovered from latest permit point 4 table
Divam Pro (er.név: Demetrina 25 EC),6300/98-2/2019,alapengedely,"Jégsaláta, fejessaláta, galambbegy saláta/madársaláta, kerti zsázsa, rukkola/borsmustár","levéltetű fajok, lepkehernyók",rovarölő szer,0.5,liter/ha,300-500,l/ha,12,45,2-leveles állapot - 50 %-os levéltömeg (BBCH 12-45),,3,7,2026-10-31,Divam Pro_szig_0103056_1_20241128_publikus.pdf,https://novenyvedoszer.nebih.gov.hu/Engedelykereso/DocumentHandler.ashx?documentId=346291228es346268489&documentName=Divam+Pro_szig_0103056_1_20241128_publikus.pdf,missing row recovered from latest permit point 4 table
Divam Pro (er.név: Demetrina 25 EC),6300/98-2/2019,alapengedely,"Menta, kakukkfű, zsálya, bazsalikom, oregánó/szurokfű, majoranna","levélbogarak, ormányos bogarak, lepkehernyók, levéltetű fajok",rovarölő szer,0.5,liter/ha,300-500,l/ha,11,43,1-leveles állapot - 30 %-os levéltömeg (BBCH 11-43),,3,14,2026-10-31,Divam Pro_szig_0103056_1_20241128_publikus.pdf,https://novenyvedoszer.nebih.gov.hu/Engedelykereso/DocumentHandler.ashx?documentId=346291228es346268489&documentName=Divam+Pro_szig_0103056_1_20241128_publikus.pdf,missing row recovered from latest permit point 4 table
Divam Pro (er.név: Demetrina 25 EC),6300/98-2/2019,alapengedely,"Zöldborsó, cukorborsó","tripszek, levéltetű fajok",rovarölő szer,0.25,liter/ha,250-400,l/ha,33,71,3 látható szárköz -hüvelyképződés kezdete (BBCH 33-71),,2,14,2026-10-31,Divam Pro_szig_0103056_1_20241128_publikus.pdf,https://novenyvedoszer.nebih.gov.hu/Engedelykereso/DocumentHandler.ashx?documentId=346291228es346268489&documentName=Divam+Pro_szig_0103056_1_20241128_publikus.pdf,missing row recovered from latest permit point 4 table
Divam Pro (er.név: Demetrina 25 EC),6300/98-2/2019,alapengedely,Zöldbab (szabadföldi és hajtatott),"lepkehernyók, levéltetű fajok",rovarölő szer,0.5,liter/ha,250-400,l/ha,13,71,3 kifejlett hármas levél - hüvelyképződés kezdete (BBCH 13-71),,2,14,2026-10-31,Divam Pro_szig_0103056_1_20241128_publikus.pdf,https://novenyvedoszer.nebih.gov.hu/Engedelykereso/DocumentHandler.ashx?documentId=346291228es346268489&documentName=Divam+Pro_szig_0103056_1_20241128_publikus.pdf,missing row recovered from latest permit point 4 table
Divam Pro (er.név: Demetrina 25 EC),6300/98-2/2019,alapengedely,"Petrezselyem /levél/ (szabadföldi és hajtatott), zamatos turbolya (szabadföldi és hajtatott), zeller /levélzeller/ (szabadföldi és hajtatott)","sárgarépalégy, lepkehernyók, levéltetű fajok",rovarölő szer,0.5,liter/ha,300-500,l/ha,14,49,4-leveles állapot- gyökérnövekedés vége (BBCH 14-49),,3,14,2026-10-31,Divam Pro_szig_0103056_1_20241128_publikus.pdf,https://novenyvedoszer.nebih.gov.hu/Engedelykereso/DocumentHandler.ashx?documentId=346291228es346268489&documentName=Divam+Pro_szig_0103056_1_20241128_publikus.pdf,missing row recovered from latest permit point 4 table
Divam Pro (er.név: Demetrina 25 EC),6300/98-2/2019,alapengedely,"Koriander /levél, hajtás/ (szabadföldi és hajtatott), kapor /levél, hajtás/ (szabadföldi és hajtatott), kömény /levél, hajtás/ (szabadföldi és hajtatott), lestyán /levél, hajtás/ (szabadföldi és hajtatott), angyalgyökér /levél, hajtás/ (szabadföldi és hajtatott)","levélbogarak, ormányos bogarak, répalégy, lepkehernyók, levéltetű fajok",rovarölő szer,0.5,liter/ha,350-600,l/ha,11,43,1-leveles állapot - 30 %-os levéltömeg (BBCH 11-43),,3,14,2026-10-31,Divam Pro_szig_0103056_1_20241128_publikus.pdf,https://novenyvedoszer.nebih.gov.hu/Engedelykereso/DocumentHandler.ashx?documentId=346291228es346268489&documentName=Divam+Pro_szig_0103056_1_20241128_publikus.pdf,missing row recovered from latest permit point 4 table
Divam Pro (er.név: Demetrina 25 EC),6300/98-2/2019,alapengedely,"Borágó (szabadföldi és hajtatott), rozmaring (szabadföldi és hajtatott), citromfű /Melissa/ (szabadföldi és hajtatott), tárkony (szabadföldi és hajtatott), babér (szabadföldi és hajtatott)","levéltetű fajok, lepkehernyók, levélbogarak, ormányos bogarak",rovarölő szer,0.5,liter/ha,350-600,l/ha,11,43,1-leveles állapot - 30 %-os levéltömeg (BBCH 11-43),,3,14,2026-10-31,Divam Pro_szig_0103056_1_20241128_publikus.pdf,https://novenyvedoszer.nebih.gov.hu/Engedelykereso/DocumentHandler.ashx?documentId=346291228es346268489&documentName=Divam+Pro_szig_0103056_1_20241128_publikus.pdf,missing row recovered from latest permit point 4 table
Divam Pro (er.név: Demetrina 25 EC),6300/98-2/2019,alapengedely,"Szárzeller /halványított, zöld/ (szabadföldi és hajtatott)","lepkehernyók, levéltetű fajok",rovarölő szer,0.3,liter/ha,300-500,l/ha,14,49,4-leveles állapot- gyökérnövekedés vége (BBCH 14-49),,4,14,2026-10-31,Divam Pro_szig_0103056_1_20241128_publikus.pdf,https://novenyvedoszer.nebih.gov.hu/Engedelykereso/DocumentHandler.ashx?documentId=346291228es346268489&documentName=Divam+Pro_szig_0103056_1_20241128_publikus.pdf,missing row recovered from latest permit point 4 table
Divam Pro (er.név: Demetrina 25 EC),6300/98-2/2019,alapengedely,Gumós zeller,"levéltetű fajok, lepkehernyók, sárgarépalégy",rovarölő szer,0.5,liter/ha,300-500,l/ha,14,49,4-leveles állapot- gyökérnövekedés vége (BBCH 14- 49),,3,14,2026-10-31,Divam Pro_szig_0103056_1_20241128_publikus.pdf,https://novenyvedoszer.nebih.gov.hu/Engedelykereso/DocumentHandler.ashx?documentId=346291228es346268489&documentName=Divam+Pro_szig_0103056_1_20241128_publikus.pdf,missing row recovered from latest permit point 4 table
Divam Pro (er.név: Demetrina 25 EC),6300/98-2/2019,alapengedely,"Dísznövények /egynyári, évelő/ (szabadföldi és hajtatott)","levéltetű fajok, viaszos vándor pajzstetvek, tripszek, liszteskék, levélaknázó legyek, mezei poloskák, lepkehernyók, fenyő- gubacstetvek, lombormányosok",rovarölő szer,0.4,liter/ha,350-600,l/ha,,,nincs korlátozás,,3,7,2026-10-31,Divam Pro_szig_0103056_1_20241128_publikus.pdf,https://novenyvedoszer.nebih.gov.hu/Engedelykereso/DocumentHandler.ashx?documentId=346291228es346268489&documentName=Divam+Pro_szig_0103056_1_20241128_publikus.pdf,missing row recovered from latest permit point 4 table
Laser,02.5/1414/4/2008,alapengedely,burgonya,burgonya- bogár,rovarölő szer,0.15,l/ha,300-400,l/ha,48,48,gumónövekedés vége (BBCH 48),,3,7,2027-10-31,Laser_mod_3010_1_20260107_public.pdf,https://novenyvedoszer.nebih.gov.hu/Engedelykereso/DocumentHandler.ashx?documentId=348318238es348319192&documentName=Laser_mod_3010_1_20260107_public.pdf,missing row recovered from latest permit point 4 table
Laser,02.5/1414/4/2008,alapengedely,paprika (szabadföldi),tripszek,rovarölő szer,0.4,l/ha,300-500,l/ha,79,79,A jellemző bogyóméret és alak kialakulásáig (BBCH 79),,3,5,2027-10-31,Laser_mod_3010_1_20260107_public.pdf,https://novenyvedoszer.nebih.gov.hu/Engedelykereso/DocumentHandler.ashx?documentId=348318238es348319192&documentName=Laser_mod_3010_1_20260107_public.pdf,missing row recovered from latest permit point 4 table
Laser,02.5/1414/4/2008,alapengedely,hajtatott paprika,"nyugati virágtripsz, gyapottok- bagolylepke",rovarölő szer,0.04,%,600-1500,l/ha,79,79,A jellemző bogyóméret és alak kialakulásáig (BBCH 79)80%-os érés (BBCH 88),,3,5,2027-10-31,Laser_mod_3010_1_20260107_public.pdf,https://novenyvedoszer.nebih.gov.hu/Engedelykereso/DocumentHandler.ashx?documentId=348318238es348319192&documentName=Laser_mod_3010_1_20260107_public.pdf,missing row recovered from latest permit point 4 table
Laser,02.5/1414/4/2008,alapengedely,hajtatott paradicsom,gyapottok- bagolylepke,rovarölő szer,0.04,%,600-1500,l/ha,88,88,80%-os érés (BBCH 88),,3,5,2027-10-31,Laser_mod_3010_1_20260107_public.pdf,https://novenyvedoszer.nebih.gov.hu/Engedelykereso/DocumentHandler.ashx?documentId=348318238es348319192&documentName=Laser_mod_3010_1_20260107_public.pdf,missing row recovered from latest permit point 4 table
Laser,02.5/1414/4/2008,alapengedely,hajtatott dísznövények,nyugati virágtripsz,rovarölő szer,0.04,%,600-1500,l/ha,,,két héttel a forgalomba kerülés előtt,,3,7,2027-10-31,Laser_mod_3010_1_20260107_public.pdf,https://novenyvedoszer.nebih.gov.hu/Engedelykereso/DocumentHandler.ashx?documentId=348318238es348319192&documentName=Laser_mod_3010_1_20260107_public.pdf,missing row recovered from latest permit point 4 table
Laser,02.5/1414/4/2008,alapengedely,vöröshagyma,dohánytripsz,rovarölő szer,0.3,l/ha,400-500,l/ha,48,48,50 %-os dőlés (BBCH 48),,2,7,2027-10-31,Laser_mod_3010_1_20260107_public.pdf,https://novenyvedoszer.nebih.gov.hu/Engedelykereso/DocumentHandler.ashx?documentId=348318238es348319192&documentName=Laser_mod_3010_1_20260107_public.pdf,missing row recovered from latest permit point 4 table
Laser,02.5/1414/4/2008,alapengedely,"újhagyma, póréhagyma",dohánytripsz,rovarölő szer,0.3,l/ha,300-500,l/ha,14,14,A 4. levél megjelenése (BBCH 14),,2,7,2027-10-31,Laser_mod_3010_1_20260107_public.pdf,https://novenyvedoszer.nebih.gov.hu/Engedelykereso/DocumentHandler.ashx?documentId=348318238es348319192&documentName=Laser_mod_3010_1_20260107_public.pdf,missing row recovered from latest permit point 4 table
Laser,02.5/1414/4/2008,alapengedely,"alma, körte, birsalma, naspolya","almamoly, aknázómolyok",rovarölő szer,0.5,l/ha,600-1000,l/ha,80,80,végső gyümölcsméret eléréséig (BBCH 80),,3,7,2027-10-31,Laser_mod_3010_1_20260107_public.pdf,https://novenyvedoszer.nebih.gov.hu/Engedelykereso/DocumentHandler.ashx?documentId=348318238es348319192&documentName=Laser_mod_3010_1_20260107_public.pdf,missing row recovered from latest permit point 4 table
Laser,02.5/1414/4/2008,alapengedely,körte,körte- levélbolha,rovarölő szer,0.6-0.9,l/ha,600-1000,l/ha,80,80,végső gyümölcsméret eléréséig (BBCH 80),,1,7,2027-10-31,Laser_mod_3010_1_20260107_public.pdf,https://novenyvedoszer.nebih.gov.hu/Engedelykereso/DocumentHandler.ashx?documentId=348318238es348319192&documentName=Laser_mod_3010_1_20260107_public.pdf,missing row recovered from latest permit point 4 table
Laser Duplo (er.név: Spin Tor),46797/2004,alapengedely,"málna, szeder","foltosszárnyú muslica, nyugati virágtripsz",rovarölő szer,0.2,l/ha,600-1000,l/ha,71,81,gyümölcsnövekedés kezdetétől ‒ a fajtára jellemző színeződés kezdetéig (BBCH 71-81),,2,10,2027-10-31,Laser Duplo_mod_20260326.pdf,https://novenyvedoszer.nebih.gov.hu/Engedelykereso/DocumentHandler.ashx?documentId=348776886es348890151&documentName=Laser+Duplo_mod_20260326.pdf,missing row recovered from latest permit point 4 table
Laser Duplo (er.név: Spin Tor),46797/2004,alapengedely,"ribiszke, köszméte","foltosszárnyú muslica, nyugati virágtripsz, üvegszárnyú ribiszkelepke",rovarölő szer,0.2,l/ha,600-1000,l/ha,71,81,gyümölcsnövekedés kezdetétől ‒ a fajtára jellemző színeződés kezdetéig (BBCH 71-81),,2,7,2027-10-31,Laser Duplo_mod_20260326.pdf,https://novenyvedoszer.nebih.gov.hu/Engedelykereso/DocumentHandler.ashx?documentId=348776886es348890151&documentName=Laser+Duplo_mod_20260326.pdf,missing row recovered from latest permit point 4 table
Laser Duplo (er.név: Spin Tor),46797/2004,alapengedely,áfonya,"áfonya- gubacsszúnyog, foltosszárnyú muslica, nyugati virágtripsz",rovarölő szer,0.2,l/ha,500-1000,l/ha,09,81,rügyfakadás – a fajtára jellemző színeződés kezdetéig (BBCH 09-81),,2,7,2027-10-31,Laser Duplo_mod_20260326.pdf,https://novenyvedoszer.nebih.gov.hu/Engedelykereso/DocumentHandler.ashx?documentId=348776886es348890151&documentName=Laser+Duplo_mod_20260326.pdf,missing row recovered from latest permit point 4 table
Laser Duplo (er.név: Spin Tor),46797/2004,alapengedely,vöröshagyma,dohánytripsz,rovarölő szer,0.15,l/ha,400-500,l/ha,12,48,kétleveles állapottól ‒ az 50 %-os dőlésig (BBCH 12-48),,2,7,2027-10-31,Laser Duplo_mod_20260326.pdf,https://novenyvedoszer.nebih.gov.hu/Engedelykereso/DocumentHandler.ashx?documentId=348776886es348890151&documentName=Laser+Duplo_mod_20260326.pdf,missing row recovered from latest permit point 4 table
Laser Duplo (er.név: Spin Tor),46797/2004,alapengedely,"újhagyma, póréhagyma",dohánytripsz,rovarölő szer,0.15,l/ha,300-500,l/ha,12,14,kétleveles állapottól ‒ a 4. levél megjelenése (BBCH 12-14),,2,7,2027-10-31,Laser Duplo_mod_20260326.pdf,https://novenyvedoszer.nebih.gov.hu/Engedelykereso/DocumentHandler.ashx?documentId=348776886es348890151&documentName=Laser+Duplo_mod_20260326.pdf,missing row recovered from latest permit point 4 table
Laser Duplo (er.név: Spin Tor),46797/2004,alapengedely,"alma, körte, birs, naspolya","almamoly, aknázómolyok",rovarölő szer,0.25,l/ha,600-1000,l/ha,15,80,levélkiterüléstől ‒ a végső gyümölcsméret eléréséig (BBCH 15-80),,3,7,2027-10-31,Laser Duplo_mod_20260326.pdf,https://novenyvedoszer.nebih.gov.hu/Engedelykereso/DocumentHandler.ashx?documentId=348776886es348890151&documentName=Laser+Duplo_mod_20260326.pdf,missing row recovered from latest permit point 4 table
Laser Duplo (er.név: Spin Tor),46797/2004,alapengedely,körte,körte-levélbolha,rovarölő szer,0.3-0.45,l/ha,600-1000,l/ha,57,80,fehér bimbós állapottól ‒ végső gyümölcsméret eléréséig (BBCH 57-80),,1,7,2027-10-31,Laser Duplo_mod_20260326.pdf,https://novenyvedoszer.nebih.gov.hu/Engedelykereso/DocumentHandler.ashx?documentId=348776886es348890151&documentName=Laser+Duplo_mod_20260326.pdf,missing row recovered from latest permit point 4 table
Laser Duplo (er.név: Spin Tor),46797/2004,alapengedely,hajtatott uborka,"nyugati virágtripsz, dohánytripsz",rovarölő szer,0.2,l/ha,600-1000,l/ha,12,88,kétleveles állapottól ‒ a 80 %-os érésig (BBCH 12-88),,3,7,2027-10-31,Laser Duplo_mod_20260326.pdf,https://novenyvedoszer.nebih.gov.hu/Engedelykereso/DocumentHandler.ashx?documentId=348776886es348890151&documentName=Laser+Duplo_mod_20260326.pdf,missing row recovered from latest permit point 4 table
Laser Duplo (er.név: Spin Tor),46797/2004,alapengedely,hajtatott tojásgyümölcs,gyapottok-bagolylepke,rovarölő szer,0.2,l/ha,600-1000,l/ha,12,79,kétleveles állapottól ‒ a jellemző bogyóméret és alak kialakulásáig (BBCH 12-79),,3,7,2027-10-31,Laser Duplo_mod_20260326.pdf,https://novenyvedoszer.nebih.gov.hu/Engedelykereso/DocumentHandler.ashx?documentId=348776886es348890151&documentName=Laser+Duplo_mod_20260326.pdf,missing row recovered from latest permit point 4 table
Laser Duplo (er.név: Spin Tor),46797/2004,alapengedely,dió,nyugati dióburok- fúrólégy,rovarölő szer,0.2,l/ha,600-1000,l/ha,71,80,5-10 mm-es gyümölcskezdeményektől ‒ végső gyümölcsméret eléréséig (BBCH 71-80),,3,10,2027-10-31,Laser Duplo_mod_20260326.pdf,https://novenyvedoszer.nebih.gov.hu/Engedelykereso/DocumentHandler.ashx?documentId=348776886es348890151&documentName=Laser+Duplo_mod_20260326.pdf,missing row recovered from latest permit point 4 table
Laser Duplo (er.név: Spin Tor),46797/2004,alapengedely,fekete bodza,foltosszárnyú muslica,rovarölő szer,0.2,l/ha,400-1500,l/ha,71,81,gyümölcsnövekedés kezdetétől ‒ a fajtára jellemző színeződés kezdetéig (BBCH 71-81),,2,7,2027-10-31,Laser Duplo_mod_20260326.pdf,https://novenyvedoszer.nebih.gov.hu/Engedelykereso/DocumentHandler.ashx?documentId=348776886es348890151&documentName=Laser+Duplo_mod_20260326.pdf,missing row recovered from latest permit point 4 table
Coragen 20 SC,02.5/1126/5/2008,alapengedely,"paradicsom, paprika (szabadföldi)",gyapottok- bagolylepke,rovarölő szer,125-200,ml/ha,400-600,l/ha,51,82,első virágbimbók megjelenése – érés kezdete (BBCH 51-82),,2,14,2028-05-31,Coragen 20 SC_mod_20260115_publikus.pdf,https://novenyvedoszer.nebih.gov.hu/Engedelykereso/DocumentHandler.ashx?documentId=348318246es348426202&documentName=Coragen+20+SC_mod_20260115_publikus.pdf,missing row recovered from latest permit point 4 table
Coragen 20 SC,02.5/1126/5/2008,alapengedely,"paradicsom (hajtatott), paprika (hajtatott kápia, töltenivaló, pritamin, fűszer, alma, pfefferoni, hegyes erős)",gyapottok- bagolylepke,rovarölő szer,125-200,ml/ha,600-1000,l/ha,51,82,első virágbimbók megjelenése – érés kezdete (BBCH 51-82),,2,14,2028-05-31,Coragen 20 SC_mod_20260115_publikus.pdf,https://novenyvedoszer.nebih.gov.hu/Engedelykereso/DocumentHandler.ashx?documentId=348318246es348426202&documentName=Coragen+20+SC_mod_20260115_publikus.pdf,missing row recovered from latest permit point 4 table
Coragen 20 SC,02.5/1126/5/2008,alapengedely,"zöldbab, szárazbab (szabadföldi)",gyapottok- bagolylepke,rovarölő szer,125-150,ml/ha,300-600,l/ha,51,81,első virágbimbók megjelenése – érés kezdete (BBCH 51-81),,2,14,2028-05-31,Coragen 20 SC_mod_20260115_publikus.pdf,https://novenyvedoszer.nebih.gov.hu/Engedelykereso/DocumentHandler.ashx?documentId=348318246es348426202&documentName=Coragen+20+SC_mod_20260115_publikus.pdf,missing row recovered from latest permit point 4 table
Coragen 20 SC,02.5/1126/5/2008,alapengedely,dió,almamoly,rovarölő szer,125-200,ml/ha,600-1200,l/ha,71,81,10 mm-es gyümölcskezdemények – érés kezdete (BBCH 71-81),,2,14,2028-05-31,Coragen 20 SC_mod_20260115_publikus.pdf,https://novenyvedoszer.nebih.gov.hu/Engedelykereso/DocumentHandler.ashx?documentId=348318246es348426202&documentName=Coragen+20+SC_mod_20260115_publikus.pdf,missing row recovered from latest permit point 4 table
Coragen 20 SC,02.5/1126/5/2008,alapengedely,sárgarépa,"sárgarépalégy, bagolylepkék",rovarölő szer,125-150,ml/ha,300-600,l/ha,14,49,4 leveles állapot – gyökérnövekedés vége (BBCH 14-49),,1,‒,2028-05-31,Coragen 20 SC_mod_20260115_publikus.pdf,https://novenyvedoszer.nebih.gov.hu/Engedelykereso/DocumentHandler.ashx?documentId=348318246es348426202&documentName=Coragen+20+SC_mod_20260115_publikus.pdf,missing row recovered from latest permit point 4 table
Coragen 20 SC,02.5/1126/5/2008,alapengedely,pattogatni való kukorica,kukoricamoly,rovarölő szer,100-125,ml/ha,400-1000,l/ha,50,87,címerhányás előtti állapot – sárgaérés (BBCH 50-87),,2,14,2028-05-31,Coragen 20 SC_mod_20260115_publikus.pdf,https://novenyvedoszer.nebih.gov.hu/Engedelykereso/DocumentHandler.ashx?documentId=348318246es348426202&documentName=Coragen+20+SC_mod_20260115_publikus.pdf,missing row recovered from latest permit point 4 table
Coragen 20 SC,02.5/1126/5/2008,alapengedely,pattogatni való kukorica,gyapottok- bagolylepke,rovarölő szer,125-150,ml/ha,400-1000,l/ha,50,87,címerhányás előtti állapot – sárgaérés (BBCH 50-87),,2,14,2028-05-31,Coragen 20 SC_mod_20260115_publikus.pdf,https://novenyvedoszer.nebih.gov.hu/Engedelykereso/DocumentHandler.ashx?documentId=348318246es348426202&documentName=Coragen+20+SC_mod_20260115_publikus.pdf,missing row recovered from latest permit point 4 table
Coragen 20 SC,02.5/1126/5/2008,alapengedely,dohány,gyapottok- bagolylepke,rovarölő szer,125-150,ml/ha,300-800,l/ha,51,51,virágbimbók megjelenésétől (BBCH 51) – az első betakarításig,,2,14,2028-05-31,Coragen 20 SC_mod_20260115_publikus.pdf,https://novenyvedoszer.nebih.gov.hu/Engedelykereso/DocumentHandler.ashx?documentId=348318246es348426202&documentName=Coragen+20+SC_mod_20260115_publikus.pdf,missing row recovered from latest permit point 4 table
Lepinox Plus,04.2/1788-1/2017,alapengedely,Komló,kukoricamolya,rovarölő szer,1,kg/ha,1500,l/ha,11,79,Első levél kiterülése ‒ első szedés (BBCH 11-79),,3,7,2039-06-30,Lepinox Plus megújítás_40534-1_2026.05.08_publikus.pdf,https://novenyvedoszer.nebih.gov.hu/Engedelykereso/DocumentHandler.ashx?documentId=348959791es348967018&documentName=Lepinox+Plus+meg%c3%baj%c3%adt%c3%a1s_40534-1_2026.05.08_publikus.pdf,missing row recovered from latest permit point 4 table
Lepinox Plus,04.2/1788-1/2017,alapengedely,"Szabadföldi és hajtatott zöldségfélék: fejes káposzta, kelkáposzta, kínai kel, brokkoli, karfiol, karalábé, kelbimbó, saláta cikória, fejes saláta, endívia, galambbegy saláta, spenót, mángold","tarka vándorbagoly, apró jegyesbagoly, gyapottok- bagolylepke, káposztamoly",rovarölő szer,1,kg/ha,500,l/ha,11,49,1 leveles állapot ‒ végleges fejméret (BBCH 11-49),,3,7,2039-06-30,Lepinox Plus megújítás_40534-1_2026.05.08_publikus.pdf,https://novenyvedoszer.nebih.gov.hu/Engedelykereso/DocumentHandler.ashx?documentId=348959791es348967018&documentName=Lepinox+Plus+meg%c3%baj%c3%adt%c3%a1s_40534-1_2026.05.08_publikus.pdf,missing row recovered from latest permit point 4 table
Lepinox Plus,04.2/1788-1/2017,alapengedely,"Szabadföldi és hajtatott szúrós articsóka, édeskömény, szárzeller","tarka vándorbagoly, apró jegyesbagoly, gyapottok- bagolylepke",rovarölő szer,1,kg/ha,500,l/ha,11,49,1 leveles állapot ‒ végső levéltömeg (BBCH 11-49),,3,7,2039-06-30,Lepinox Plus megújítás_40534-1_2026.05.08_publikus.pdf,https://novenyvedoszer.nebih.gov.hu/Engedelykereso/DocumentHandler.ashx?documentId=348959791es348967018&documentName=Lepinox+Plus+meg%c3%baj%c3%adt%c3%a1s_40534-1_2026.05.08_publikus.pdf,missing row recovered from latest permit point 4 table
Lepinox Plus,04.2/1788-1/2017,alapengedely,"Szabadföldi és hajtatott levélpetrezselyem, retek, bazsalikom, ehető virágok","tarka vándorbagoly, apró jegyesbagoly, gyapottok- bagolylepke, káposztamoly",rovarölő szer,1,kg/ha,500,l/ha,11,49,"1 leveles állapot ‒ végső levél-, szár-, virágtömeg (BBCH 11-49)",,3,7,2039-06-30,Lepinox Plus megújítás_40534-1_2026.05.08_publikus.pdf,https://novenyvedoszer.nebih.gov.hu/Engedelykereso/DocumentHandler.ashx?documentId=348959791es348967018&documentName=Lepinox+Plus+meg%c3%baj%c3%adt%c3%a1s_40534-1_2026.05.08_publikus.pdf,missing row recovered from latest permit point 4 table
Lepinox Plus,04.2/1788-1/2017,alapengedely,"Szabadföldi és hajtatott zöldbab, zöldborsó, zöld tehénborsó","tarka vándorbagoly, apró jegyesbagoly, gyapottok- bagolylepke",rovarölő szer,1,kg/ha,500,l/ha,11,79,1 leveles állapot ‒ a hüvelyek elérték végleges méretüket (BBCH 11-79),,3,7,2039-06-30,Lepinox Plus megújítás_40534-1_2026.05.08_publikus.pdf,https://novenyvedoszer.nebih.gov.hu/Engedelykereso/DocumentHandler.ashx?documentId=348959791es348967018&documentName=Lepinox+Plus+meg%c3%baj%c3%adt%c3%a1s_40534-1_2026.05.08_publikus.pdf,missing row recovered from latest permit point 4 table
Lepinox Plus,04.2/1788-1/2017,alapengedely,"Szabadföldi és hajtatott tök, cukkini, görögdinnye, sárgadinnye","tarka vándorbagoly, apró jegyesbagoly, gyapottok- bagolylepke",rovarölő szer,1,kg/ha,500,l/ha,11,79,1 leveles állapot ‒ a főszár termése elérte a fajtára jellemző formát és méretet (BBCH 11-79),,3,7,2039-06-30,Lepinox Plus megújítás_40534-1_2026.05.08_publikus.pdf,https://novenyvedoszer.nebih.gov.hu/Engedelykereso/DocumentHandler.ashx?documentId=348959791es348967018&documentName=Lepinox+Plus+meg%c3%baj%c3%adt%c3%a1s_40534-1_2026.05.08_publikus.pdf,missing row recovered from latest permit point 4 table
Lepinox Plus,04.2/1788-1/2017,alapengedely,"Szabadföldi és hajtatott paprika, paradicsom, tojásgyümölcs","tarka vándorbagoly, apró jegyesbagoly, gyapottok- bagolylepke, paradicsommoly",rovarölő szer,1,kg/ha,500,l/ha,11,87,1 leveles állapot ‒ 70 %- os érés (BBCH 11-87),,3,7,2039-06-30,Lepinox Plus megújítás_40534-1_2026.05.08_publikus.pdf,https://novenyvedoszer.nebih.gov.hu/Engedelykereso/DocumentHandler.ashx?documentId=348959791es348967018&documentName=Lepinox+Plus+meg%c3%baj%c3%adt%c3%a1s_40534-1_2026.05.08_publikus.pdf,missing row recovered from latest permit point 4 table
Lepinox Plus,04.2/1788-1/2017,alapengedely,"Dísznövények, díszfák, díszcserjék","bagolylepke fajok, selyemfényű puszpángmoly, szegfű- sodrómoly",rovarölő szer,1,kg/ha,500-1500,l/ha,,,nincs korlátozás,,3,7,2039-06-30,Lepinox Plus megújítás_40534-1_2026.05.08_publikus.pdf,https://novenyvedoszer.nebih.gov.hu/Engedelykereso/DocumentHandler.ashx?documentId=348959791es348967018&documentName=Lepinox+Plus+meg%c3%baj%c3%adt%c3%a1s_40534-1_2026.05.08_publikus.pdf,missing row recovered from latest permit point 4 table
Teppeki,02.5/1174/4/2007,alapengedely,"lágyszárú dísznö- vények, fásszárú dísznövények (hajtatott)",levéltetű fajok,rovarölő szer,0.16,kg/ha,1000,l/ha,,,nincs korlátozva,,3,14,2028-04-30,Teppeki_KK_mod_20260317.pdf,https://novenyvedoszer.nebih.gov.hu/Engedelykereso/DocumentHandler.ashx?documentId=348700335es348696491&documentName=Teppeki_KK_mod_20260317.pdf,missing row recovered from latest permit point 4 table
Teppeki,02.5/1174/4/2007,alapengedely,olajtök,levéltetű fajok,rovarölő szer,0.16,kg/ha,600-1000,l/ha,21,80,1 elsődleges oldalhaj- tás ‒ termésérés kez- dete (BBCH 21-80),,2,7,2028-04-30,Teppeki_KK_mod_20260317.pdf,https://novenyvedoszer.nebih.gov.hu/Engedelykereso/DocumentHandler.ashx?documentId=348700335es348696491&documentName=Teppeki_KK_mod_20260317.pdf,missing row recovered from latest permit point 4 table
Teppeki,02.5/1174/4/2007,alapengedely,"sárgadinnye, görögdinnye (szabadföldi)",levéltetű fajok,rovarölő szer,0.1,kg/ha,400-1000,l/ha,21,80,1 elsődleges oldalhaj- tás ‒ termésérés kez- dete (BBCH 21-80),,3,7-14,2028-04-30,Teppeki_KK_mod_20260317.pdf,https://novenyvedoszer.nebih.gov.hu/Engedelykereso/DocumentHandler.ashx?documentId=348700335es348696491&documentName=Teppeki_KK_mod_20260317.pdf,missing row recovered from latest permit point 4 table
Teppeki,02.5/1174/4/2007,alapengedely,tojásgyümölcs (hajtatott),levéltetű fajok,rovarölő szer,0.08-0.16,kg/ha,600-1200,l/ha,12,71,2 lombleveles állapot - az első bogyó teljes kifejlődése (BBCH 12-71),,3,7,2028-04-30,Teppeki_KK_mod_20260317.pdf,https://novenyvedoszer.nebih.gov.hu/Engedelykereso/DocumentHandler.ashx?documentId=348700335es348696491&documentName=Teppeki_KK_mod_20260317.pdf,missing row recovered from latest permit point 4 table
Teppeki,02.5/1174/4/2007,alapengedely,zöldbab (szabadföldi),levéltetű fajok,rovarölő szer,0.14,kg/ha,200-400,l/ha,16,18,6 leveles állapot – 8 leveles állapot (BBCH 16-18),,1,7,2028-04-30,Teppeki_KK_mod_20260317.pdf,https://novenyvedoszer.nebih.gov.hu/Engedelykereso/DocumentHandler.ashx?documentId=348700335es348696491&documentName=Teppeki_KK_mod_20260317.pdf,missing row recovered from latest permit point 4 table
Teppeki,02.5/1174/4/2007,alapengedely,szamóca (szabadföldi),levéltetű fajok,rovarölő szer,0.14,kg/ha,200-1000,l/ha,11,89,első levél kiterülése – szedésérettség (BBCH 11-89),,2,7-10,2028-04-30,Teppeki_KK_mod_20260317.pdf,https://novenyvedoszer.nebih.gov.hu/Engedelykereso/DocumentHandler.ashx?documentId=348700335es348696491&documentName=Teppeki_KK_mod_20260317.pdf,missing row recovered from latest permit point 4 table
Teppeki,02.5/1174/4/2007,alapengedely,"málna, szeder, pi- ros ribiszke, fe- kete ribiszke,",levéltetű fajok,rovarölő szer,0.07,kg/ha,200-1000,l/ha,,,első levelek kiterülése – szedésérettség,,2,7-10,2028-04-30,Teppeki_KK_mod_20260317.pdf,https://novenyvedoszer.nebih.gov.hu/Engedelykereso/DocumentHandler.ashx?documentId=348700335es348696491&documentName=Teppeki_KK_mod_20260317.pdf,missing row recovered from latest permit point 4 table
Teppeki,02.5/1174/4/2007,alapengedely,karalábé (szabadföldi),levéltetű fajok,rovarölő szer,0.14,kg/ha,150-400,l/ha,12,49,2 leveles állapot – végleges szárvastag- ság (BBCH 12-49),,2,10,2028-04-30,Teppeki_KK_mod_20260317.pdf,https://novenyvedoszer.nebih.gov.hu/Engedelykereso/DocumentHandler.ashx?documentId=348700335es348696491&documentName=Teppeki_KK_mod_20260317.pdf,missing row recovered from latest permit point 4 table
Teppeki,02.5/1174/4/2007,alapengedely,"uborka, spárgatök, cukkini, lopótök, csillagtök (patisz- szon) (szabadföldi)",levéltetű fajok,rovarölő szer,0.16,kg/ha,600,l/ha,15,80,leveles állapot – ter- mésérés kezdete (BBCH 15-80),,2,7-14,2028-04-30,Teppeki_KK_mod_20260317.pdf,https://novenyvedoszer.nebih.gov.hu/Engedelykereso/DocumentHandler.ashx?documentId=348700335es348696491&documentName=Teppeki_KK_mod_20260317.pdf,missing row recovered from latest permit point 4 table
Teppeki,02.5/1174/4/2007,alapengedely,cékla (szabadföldi),levéltetű fajok,rovarölő szer,0.14,kg/ha,200-500,l/ha,12,49,2 leveles állapot ‒ gyökérnövekedés vége (BBCH 12-49),,1,7-14,2028-04-30,Teppeki_KK_mod_20260317.pdf,https://novenyvedoszer.nebih.gov.hu/Engedelykereso/DocumentHandler.ashx?documentId=348700335es348696491&documentName=Teppeki_KK_mod_20260317.pdf,missing row recovered from latest permit point 4 table
Teppeki,02.5/1174/4/2007,alapengedely,"Fűszernövények (hajtatott) (metélőhagyma, turbolya, zellerlevél, kapor, angyalgyökér, kö- mény levél, korian- der, lestyán, spanyol turbolya, sóska, petrezselyem, zsá- lya, rozmaring, ka- kukkfű, majoránna, bazsalikom, szurokfű, menta, citromfű, babérlevél, izsóp, tárkony) ehető virágok* (hajtatott)",levéltetű fajok,rovarölő szer,0.16,kg/ha,200-600,l/ha,12,49,2 leveles állapot – végső levéltömeg (BBCH 12-49),,1,7-14,2028-04-30,Teppeki_KK_mod_20260317.pdf,https://novenyvedoszer.nebih.gov.hu/Engedelykereso/DocumentHandler.ashx?documentId=348700335es348696491&documentName=Teppeki_KK_mod_20260317.pdf,missing row recovered from latest permit point 4 table
Teppeki,02.5/1174/4/2007,alapengedely,"görögdinnye, sár- gadinnye, cukkini (hajtatott)","levéltetű fajok, liszteske fajok",rovarölő szer,0.16,kg/ha,200-600,l/ha,21,80,1 elsődleges oldalhaj- tás ‒ termésérés kez- dete (BBCH 21-80),,3,7,2028-04-30,Teppeki_KK_mod_20260317.pdf,https://novenyvedoszer.nebih.gov.hu/Engedelykereso/DocumentHandler.ashx?documentId=348700335es348696491&documentName=Teppeki_KK_mod_20260317.pdf,missing row recovered from latest permit point 4 table
Teppeki,02.5/1174/4/2007,alapengedely,"tönkebúza, alakor, durumbúza",levéltetű fajok,rovarölő szer,0.14,kg/ha,200-600,l/ha,39,75,nyelvecske állapot – tejesérés (BBCH 39-75),,2,21,2028-04-30,Teppeki_KK_mod_20260317.pdf,https://novenyvedoszer.nebih.gov.hu/Engedelykereso/DocumentHandler.ashx?documentId=348700335es348696491&documentName=Teppeki_KK_mod_20260317.pdf,missing row recovered from latest permit point 4 table
Teppeki,02.5/1174/4/2007,alapengedely,"kelkáposzta, fejes káposzta (fehér, vörös), kínai kel, bimbóskel, fodros kel,","levéltetű fajok, kö- zönséges liszteske",rovarölő szer,0.14,kg/ha,200-800,l/ha,12,49,2 leveles állapot – végleges fejméret (BBCH 12-49),,2,10-14,2028-04-30,Teppeki_KK_mod_20260317.pdf,https://novenyvedoszer.nebih.gov.hu/Engedelykereso/DocumentHandler.ashx?documentId=348700335es348696491&documentName=Teppeki_KK_mod_20260317.pdf,missing row recovered from latest permit point 4 table
Teppeki,02.5/1174/4/2007,alapengedely,"sárgarépa, petrezselyem, pasztinák, gumós zeller, re- tek, fekete gyökér, torma, karórépa, csemege baraboly, csicsóka, spanyol pozdor",levéltetű fajok,rovarölő szer,0.14,kg/ha,200-800,l/ha,12,49,2 leveles állapot – gyökérnövekedés vége (BBCH 12-49),,2,14,2028-04-30,Teppeki_KK_mod_20260317.pdf,https://novenyvedoszer.nebih.gov.hu/Engedelykereso/DocumentHandler.ashx?documentId=348700335es348696491&documentName=Teppeki_KK_mod_20260317.pdf,missing row recovered from latest permit point 4 table
Teppeki,02.5/1174/4/2007,alapengedely,"málna, szeder, pi- ros ribiszke, fe- kete ribiszke, köszméte, áfonya, fekete áfo- nya (szabadföldi)",levéltetű fajok,rovarölő szer,0.07,kg/ha,200-1000,l/ha,11,89,első levelek kiterülése – szedésérettség (BBCH 11-89),,2,7-10,2028-04-30,Teppeki_KK_mod_20260317.pdf,https://novenyvedoszer.nebih.gov.hu/Engedelykereso/DocumentHandler.ashx?documentId=348700335es348696491&documentName=Teppeki_KK_mod_20260317.pdf,missing row recovered from latest permit point 4 table
Teppeki,02.5/1174/4/2007,alapengedely,"kelkáposzta, fejes káposzta (fehér, vörös), kínai kel, bimbóskel, fodros kel, tarlórépa (szabadföldi)","levéltetű fajok, kö- zönséges liszteske",rovarölő szer,0.14,kg/ha,200-800,l/ha,12,49,2 leveles állapot – végleges fejméret (BBCH 12-49),,2,10-14,2028-04-30,Teppeki_KK_mod_20260317.pdf,https://novenyvedoszer.nebih.gov.hu/Engedelykereso/DocumentHandler.ashx?documentId=348700335es348696491&documentName=Teppeki_KK_mod_20260317.pdf,missing row recovered from latest permit point 4 table
Turex WG,6300/1580-1/2022,alapengedely,gyep,kártevő lepkefajok,rovarölő szer,1,kg/ha,2000,l/ha,09,91,"keléstől, kihajtástól az utolsó kaszálásig (BBCH 09-91)",,3,7,2027-06-01,Turex WG_eng_1580_1_20220627_publikus.pdf,https://novenyvedoszer.nebih.gov.hu/Engedelykereso/DocumentHandler.ashx?documentId=328028789es328028839&documentName=Turex+WG_eng_1580_1_20220627_publikus.pdf,missing row recovered from latest permit point 4 table
Turex WG,6300/1580-1/2022,alapengedely,szamóca,kártevő lepkefajok,rovarölő szer,1,kg/ha,1000-2000,l/ha,13,89,3. levél kiterülésétől szedésig (BBCH 13-89),,3,7,2027-06-01,Turex WG_eng_1580_1_20220627_publikus.pdf,https://novenyvedoszer.nebih.gov.hu/Engedelykereso/DocumentHandler.ashx?documentId=328028789es328028839&documentName=Turex+WG_eng_1580_1_20220627_publikus.pdf,missing row recovered from latest permit point 4 table
Turex WG,6300/1580-1/2022,alapengedely,"málna, szeder, köszméte, fekete és piros ribiszke, riszméte (josta), áfonya, fekete bodza",kártevő lepkefajok,rovarölő szer,1,kg/ha,600-1000,l/ha,11,79,Levélkiterülés kezdetétől 90 %-os bogyófejlettségig (BBCH 11-79),,3,7,2027-06-01,Turex WG_eng_1580_1_20220627_publikus.pdf,https://novenyvedoszer.nebih.gov.hu/Engedelykereso/DocumentHandler.ashx?documentId=328028789es328028839&documentName=Turex+WG_eng_1580_1_20220627_publikus.pdf,missing row recovered from latest permit point 4 table
Turex WG,6300/1580-1/2022,alapengedely,komló,"kukoricamoly, kártevő lepkefajok",rovarölő szer,1,kg/ha,600-1000,l/ha,11,80,Levélkiterülés kezdetétől 80 %-os termésfejlettségig (BBCH 11-80),,3,7,2027-06-01,Turex WG_eng_1580_1_20220627_publikus.pdf,https://novenyvedoszer.nebih.gov.hu/Engedelykereso/DocumentHandler.ashx?documentId=328028789es328028839&documentName=Turex+WG_eng_1580_1_20220627_publikus.pdf,missing row recovered from latest permit point 4 table
Turex WG,6300/1580-1/2022,alapengedely,"alma, körte","kis téliaraszoló, kártevő lepkefajok",rovarölő szer,1,kg/ha,800-1000,l/ha,11,87,Levélkiterülés kezdetétől szedésérettségig (BBCH 11-87),,3,7,2027-06-01,Turex WG_eng_1580_1_20220627_publikus.pdf,https://novenyvedoszer.nebih.gov.hu/Engedelykereso/DocumentHandler.ashx?documentId=328028789es328028839&documentName=Turex+WG_eng_1580_1_20220627_publikus.pdf,missing row recovered from latest permit point 4 table
Turex WG,6300/1580-1/2022,alapengedely,"cseresznye, meggy, kajszi, őszibarack, nektarin, szilva","kis téliaraszoló, kártevő lepkefajok",rovarölő szer,1,kg/ha,800-1000,l/ha,11,87,Levélkiterülés kezdetétől szedésérettségig (BBCH 11-87),,3,7,2027-06-01,Turex WG_eng_1580_1_20220627_publikus.pdf,https://novenyvedoszer.nebih.gov.hu/Engedelykereso/DocumentHandler.ashx?documentId=328028789es328028839&documentName=Turex+WG_eng_1580_1_20220627_publikus.pdf,missing row recovered from latest permit point 4 table
Turex WG,6300/1580-1/2022,alapengedely,erdészeti fafajok,kártevő lepkefajok,rovarölő szer,1,kg/ha,800-1000,l/ha,11,91,Levélkiterülés kezdetétől hajtásnövekedés végéig (BBCH 11-91),,3,7,2027-06-01,Turex WG_eng_1580_1_20220627_publikus.pdf,https://novenyvedoszer.nebih.gov.hu/Engedelykereso/DocumentHandler.ashx?documentId=328028789es328028839&documentName=Turex+WG_eng_1580_1_20220627_publikus.pdf,missing row recovered from latest permit point 4 table
Turex WG,6300/1580-1/2022,alapengedely,gyümölcs- és díszfaiskola,kártevő lepkefajok,rovarölő szer,1,kg/ha,800-1000,l/ha,11,91,Levélkiterülés kezdetétől hajtásnövekedés végéig (BBCH 11-91),,6,7,2027-06-01,Turex WG_eng_1580_1_20220627_publikus.pdf,https://novenyvedoszer.nebih.gov.hu/Engedelykereso/DocumentHandler.ashx?documentId=328028789es328028839&documentName=Turex+WG_eng_1580_1_20220627_publikus.pdf,missing row recovered from latest permit point 4 table
Amistar Top,02.5/2452/5/2008,alapengedely,paradicsom (hajtatott),"fitoftórás, alternáriás, szeptóriás, kladospóriumos betegség, szürkepenész",gombaölő szer,0.6-1,l/ha,400-600,l/ha,21,21,Első elsődleges oldalhajtás képződésétől (BBCH 21) teljes érésig (BBCH 89),,3,8,2027-11-30,AmistarTop_mod_20250618.pdf,https://novenyvedoszer.nebih.gov.hu/Engedelykereso/DocumentHandler.ashx?documentId=347577820es347586101&documentName=AmistarTop_mod_20250618.pdf,missing normal l/ha row recovered from latest permit point 4 table
Amistar Top,02.5/2452/5/2008,alapengedely,paprika (hajtatott),"kolletotrihumos, alternáriás betegség, paprikalisztharmat, szürkepenész",gombaölő szer,0.6-1,l/ha,600-1000,l/ha,51,51,Bimbófejlődés kezdetétől (BBCH 51) terméskötődésig (BBCH 70),,3,8,2027-11-30,AmistarTop_mod_20250618.pdf,https://novenyvedoszer.nebih.gov.hu/Engedelykereso/DocumentHandler.ashx?documentId=347577820es347586101&documentName=AmistarTop_mod_20250618.pdf,missing normal l/ha row recovered from latest permit point 4 table
Amistar Top,02.5/2452/5/2008,alapengedely,tojásgyümölcs (hajtatott),"szürkepenész, fitoftórás-, alternáriás betegség, lisztharmat",gombaölő szer,0.6-1,l/ha,500-1000,l/ha,21,21,Első elsődleges oldalhajtás képződésétől (BBCH 21) teljes érésig (BBCH 89),,3,7,2027-11-30,AmistarTop_mod_20250618.pdf,https://novenyvedoszer.nebih.gov.hu/Engedelykereso/DocumentHandler.ashx?documentId=347577820es347586101&documentName=AmistarTop_mod_20250618.pdf,missing normal l/ha row recovered from latest permit point 4 table
Amistar Top,02.5/2452/5/2008,alapengedely,"káposztafélék (fejes káposzta, kelkáposzta, bimbós kel, kínai kel, karfiol, brokkoli)","káposztaperonoszpóra alternáriás, plenodómuszos betegség, lisztharmat",gombaölő szer,0.6-1,l/ha,500-600,l/ha,41,41,Fejesedés kezdetétől (BBCH 41) végleges fejméret eléréséig (BBCH 49),,2,14,2027-11-30,AmistarTop_mod_20250618.pdf,https://novenyvedoszer.nebih.gov.hu/Engedelykereso/DocumentHandler.ashx?documentId=347577820es347586101&documentName=AmistarTop_mod_20250618.pdf,missing normal l/ha row recovered from latest permit point 4 table
Amistar Top,02.5/2452/5/2008,alapengedely,"gyökérzöldségek (sárgarépa, petrezselyem, gumós zeller,cékla)","peronoszpóra, rozsda, lisztharmat, alternáriás, szeptóriás betegség, cerkospórás levélfoltosság",gombaölő szer,0.6-1,l/ha,400-600,l/ha,41,41,Gyökérvastagodás kezdetétől (BBCH 41) gyökérnövekedés végéig (BBCH 49),,2,14,2027-11-30,AmistarTop_mod_20250618.pdf,https://novenyvedoszer.nebih.gov.hu/Engedelykereso/DocumentHandler.ashx?documentId=347577820es347586101&documentName=AmistarTop_mod_20250618.pdf,missing normal l/ha row recovered from latest permit point 4 table
Amistar Top,02.5/2452/5/2008,alapengedely,"salátafélék fejes saláta, borsmustár (rukkola) (szabadföldi)","peronoszpóra, szürkepenész, fehérpenész",gombaölő szer,0.8-1,l/ha,300-800,l/ha,16,16,6 leveles állapottól (BBCH 16) végleges fejméret vagy végső levéltömeg eléréséig (BBCH 49),,2,7,2027-11-30,AmistarTop_mod_20250618.pdf,https://novenyvedoszer.nebih.gov.hu/Engedelykereso/DocumentHandler.ashx?documentId=347577820es347586101&documentName=AmistarTop_mod_20250618.pdf,missing normal l/ha row recovered from latest permit point 4 table
Amistar Top,02.5/2452/5/2008,alapengedely,articsóka (szabadföldi),"lisztharmat, szürkepenész",gombaölő szer,0.8-1,l/ha,300-1000,l/ha,30,30,Szárbaindulás kezdetétől (BBCH 30) virágzatfejlődésig (BBCH 55),,3,10,2027-11-30,AmistarTop_mod_20250618.pdf,https://novenyvedoszer.nebih.gov.hu/Engedelykereso/DocumentHandler.ashx?documentId=347577820es347586101&documentName=AmistarTop_mod_20250618.pdf,missing normal l/ha row recovered from latest permit point 4 table
Amistar Top,02.5/2452/5/2008,alapengedely,cukkini,"lisztharmat, peronoszpóra, kladospóriumos betegség",gombaölő szer,0.8-1,l/ha,500-800,l/ha,21,21,Első elsődleges oldalhajtás növekedésétől (BBCH 21) teljes érésig (BBCH 89),,2,10,2027-11-30,AmistarTop_mod_20250618.pdf,https://novenyvedoszer.nebih.gov.hu/Engedelykereso/DocumentHandler.ashx?documentId=347577820es347586101&documentName=AmistarTop_mod_20250618.pdf,missing normal l/ha row recovered from latest permit point 4 table
Amistar Top,02.5/2452/5/2008,alapengedely,szamóca (szabadföldi) (hajtatott),"lisztharmat, gnomóniás betegség, mikoszferellás levélfoltosság, antraknózis",gombaölő szer,1,l/ha,300-1200,l/ha,60,60,Az első virágok nyílásától (BBCH 60) egy héttel betakarítás előtti állapotig (BBCH 86),,3,7,2027-11-30,AmistarTop_mod_20250618.pdf,https://novenyvedoszer.nebih.gov.hu/Engedelykereso/DocumentHandler.ashx?documentId=347577820es347586101&documentName=AmistarTop_mod_20250618.pdf,missing normal l/ha row recovered from latest permit point 4 table
Amistar Top,02.5/2452/5/2008,alapengedely,"gyógy- és fűszernövények kamilla, máriatövis, orbáncfű, cickafark, gyűszűvirág, körömvirág, vasfű, orvosi csucsor, macskagyökér, levendula, konyhakömény, ánizs","peronoszpóra, lisztharmat, rozsda, fehérpenész, alternáriás-, szeptóriás- , fómás betegség",gombaölő szer,0.6-1,l/ha,250-500,l/ha,14,14,Négyleveles állapottól (BBCH 14) 14 nappal betakarítás előtti állapotig,,2,14,2027-11-30,AmistarTop_mod_20250618.pdf,https://novenyvedoszer.nebih.gov.hu/Engedelykereso/DocumentHandler.ashx?documentId=347577820es347586101&documentName=AmistarTop_mod_20250618.pdf,missing normal l/ha row recovered from latest permit point 4 table
Amistar Top,02.5/2452/5/2008,alapengedely,rizs,"pirikuláriás barnulás, bipoláriszos levélfoltosság (helmintosporiózis)",gombaölő szer,0.8-1,l/ha,200-400,l/ha,41,41,Zászlós levél megjelenésétől (BBCH 41) teljes virágzásig (BBCH 65),,2,10,2027-11-30,AmistarTop_mod_20250618.pdf,https://novenyvedoszer.nebih.gov.hu/Engedelykereso/DocumentHandler.ashx?documentId=347577820es347586101&documentName=AmistarTop_mod_20250618.pdf,missing normal l/ha row recovered from latest permit point 4 table
Amistar Top,02.5/2452/5/2008,alapengedely,vajrépa,"albugós betegség, lisztharmat, alternáriás betegség, szklerotíniás betegség (fehérpenész)",gombaölő szer,0.6-1,l/ha,400-600,l/ha,41,41,Gyökérvastagodás kezdetétől (BBCH 41) gyökérnövekedés végéig (BBCH 49),,2,14,2027-11-30,AmistarTop_mod_20250618.pdf,https://novenyvedoszer.nebih.gov.hu/Engedelykereso/DocumentHandler.ashx?documentId=347577820es347586101&documentName=AmistarTop_mod_20250618.pdf,missing normal l/ha row recovered from latest permit point 4 table
Amistar Top,02.5/2452/5/2008,alapengedely,"tárkony, lestyán, citromfű, rozmaring, orvosi zsálya, muskotályzsálya","peronoszpóra, lisztharmat, rozsda, szklerotíniás betegség (fehérpenész), alternáriás betegség, szeptóriás levélfoltosság, fómás betegség, ramuláriás levélfoltosság",gombaölő szer,0.6-1,l/ha,250-500,l/ha,14,14,Négyleveles állapottól (BBCH 14) 14 nappal betakarítás előtti állapotig,,2,14,2027-11-30,AmistarTop_mod_20250618.pdf,https://novenyvedoszer.nebih.gov.hu/Engedelykereso/DocumentHandler.ashx?documentId=347577820es347586101&documentName=AmistarTop_mod_20250618.pdf,missing normal l/ha row recovered from latest permit point 4 table
Dagonis,04.2/1707-2/2018,alapengedely,zöldborsó (szabadföldi),"aszkohitás betegség, fehérpenész (szklerotíniás betegség), rozsda",gombaölő szer,1.6-2,l/ha,200-800,l/ha,15,15,5 leveles állapottól (BBCH 15) – érés kezdetéig (BBCH 81),,1,7,2028-12-31,Dagonis_mod_20241216.pdf,https://novenyvedoszer.nebih.gov.hu/Engedelykereso/DocumentHandler.ashx?documentId=346335893es346404504&documentName=Dagonis_mod_20241216.pdf,missing normal l/ha row recovered from latest permit point 4 table
Dagonis,04.2/1707-2/2018,alapengedely,"gyökérzöldségek: sárgarépa, petrezselyem (gyökértermesztés), zeller, torma, cékla, csicsóka, pasztinák, retek, karórépa gyökerükért termesztett gyógynövények: macskagyökér, ginzeng (szabadföldi)",lisztharmat,gombaölő szer,0.4-0.6,l/ha,200-1000,l/ha,12,12,2 leveles állapottól (BBCH 12) – gyökérnövekedé s végéig (BBCH 49),,2,7,2028-12-31,Dagonis_mod_20241216.pdf,https://novenyvedoszer.nebih.gov.hu/Engedelykereso/DocumentHandler.ashx?documentId=346335893es346404504&documentName=Dagonis_mod_20241216.pdf,missing normal l/ha row recovered from latest permit point 4 table
Dagonis,04.2/1707-2/2018,alapengedely,"gyökérzöldségek: sárgarépa, petrezselyem (gyökértermesztés), zeller, torma, cékla, csicsóka, pasztinák, retek, karórépa gyökerükért termesztett gyógynövények: macskagyökér, ginzeng (szabadföldi)",alternáriás betegség,gombaölő szer,0.6-1,l/ha,200-1000,l/ha,12,12,2 leveles állapottól (BBCH 12) – gyökérnövekedé s végéig (BBCH 49),,2,7,2028-12-31,Dagonis_mod_20241216.pdf,https://novenyvedoszer.nebih.gov.hu/Engedelykereso/DocumentHandler.ashx?documentId=346335893es346404504&documentName=Dagonis_mod_20241216.pdf,missing normal l/ha row recovered from latest permit point 4 table
Dagonis,04.2/1707-2/2018,alapengedely,"gyökérzöldségek: sárgarépa, petrezselyem (gyökértermesztés), zeller, torma, cékla, csicsóka, pasztinák, retek, karórépa gyökerükért termesztett gyógynövények: macskagyökér, ginzeng (szabadföldi)",fehérpenész (szklerotíniás betegség),gombaölő szer,1.6-2,l/ha,200-1000,l/ha,12,12,2 leveles állapottól (BBCH 12) – gyökérnövekedé s végéig (BBCH 49),,1,7,2028-12-31,Dagonis_mod_20241216.pdf,https://novenyvedoszer.nebih.gov.hu/Engedelykereso/DocumentHandler.ashx?documentId=346335893es346404504&documentName=Dagonis_mod_20241216.pdf,missing normal l/ha row recovered from latest permit point 4 table
Dagonis,04.2/1707-2/2018,alapengedely,"salátafélék: fejes saláta, endívia, borsmustár, cikória, galambbegysaláta, római saláta (szabadföldi és hajtatott)","fehérpenész (szklerotíniás betegség), rhizoktóniás betegség",gombaölő szer,1.6-2,l/ha,200-1000,l/ha,12,12,2 leveles állapottól (BBCH 12) – végleges fejméret illetve végső levéltömeg eléréséig (BBCH 49),,1,7,2028-12-31,Dagonis_mod_20241216.pdf,https://novenyvedoszer.nebih.gov.hu/Engedelykereso/DocumentHandler.ashx?documentId=346335893es346404504&documentName=Dagonis_mod_20241216.pdf,missing normal l/ha row recovered from latest permit point 4 table
Dagonis,04.2/1707-2/2018,alapengedely,"vöröshagyma, póréhagyma, újhagyma, téli sarjadékhagy-ma (szabadföldi)","sztemfíliu- mos betegség, alternáriás levélfoltos- ság, rozsda",gombaölő szer,0.6-1,l/ha,200-600,l/ha,13,13,3. levél megjelenése (BBCH 13) – levélszáradásig illetve végső fejátmérő eléréséig (BBCH 49),,2,7,2028-12-31,Dagonis_mod_20241216.pdf,https://novenyvedoszer.nebih.gov.hu/Engedelykereso/DocumentHandler.ashx?documentId=346335893es346404504&documentName=Dagonis_mod_20241216.pdf,missing normal l/ha row recovered from latest permit point 4 table
Dagonis,04.2/1707-2/2018,alapengedely,"káposztafélék: fejeskáposzta, brokkoli, karfiol, kelbimbó (szabadföldi)","alternáriás betegség, mikoszfer- ellás betegség",gombaölő szer,0.6-1,l/ha,200-800,l/ha,41,41,fejesedés kezdetétől (BBCH 41) – öregedés kezdetéig (BBCH 91),,3,7,2028-12-31,Dagonis_mod_20241216.pdf,https://novenyvedoszer.nebih.gov.hu/Engedelykereso/DocumentHandler.ashx?documentId=346335893es346404504&documentName=Dagonis_mod_20241216.pdf,missing normal l/ha row recovered from latest permit point 4 table
Dagonis,04.2/1707-2/2018,alapengedely,burgonya (szabadföldi),alternáriás betegség,gombaölő szer,0.6-0.75,l/ha,200-600,l/ha,14,14,4 leveles állapottól (BBCH 14) – az első virágzat bogyóinak aszottá válásáig (BBCH 89),,3,7,2028-12-31,Dagonis_mod_20241216.pdf,https://novenyvedoszer.nebih.gov.hu/Engedelykereso/DocumentHandler.ashx?documentId=346335893es346404504&documentName=Dagonis_mod_20241216.pdf,missing normal l/ha row recovered from latest permit point 4 table
Dagonis,04.2/1707-2/2018,alapengedely,szamóca (szabadföldi és hajtatott),lisztharmat,gombaölő szer,0.4-0.6,l/ha,200-800,l/ha,60,60,az első virágok nyílásától (BBCH 60) – szedés előtti állapotig (BBCH 89),,3,7,2028-12-31,Dagonis_mod_20241216.pdf,https://novenyvedoszer.nebih.gov.hu/Engedelykereso/DocumentHandler.ashx?documentId=346335893es346404504&documentName=Dagonis_mod_20241216.pdf,missing normal l/ha row recovered from latest permit point 4 table
Dagonis,04.2/1707-2/2018,alapengedely,levelükért termesztett fűszernövé-nyek* (szabadföldi),lisztharmat,gombaölő szer,0.4-0.6,l/ha,200-1000,l/ha,12,12,2 leveles állapottól (BBCH 12) – az élelmezés- egészségügyi várakozási idő betartásáig,,1,7,2028-12-31,Dagonis_mod_20241216.pdf,https://novenyvedoszer.nebih.gov.hu/Engedelykereso/DocumentHandler.ashx?documentId=346335893es346404504&documentName=Dagonis_mod_20241216.pdf,missing normal l/ha row recovered from latest permit point 4 table
Dagonis,04.2/1707-2/2018,alapengedely,levelükért termesztett fűszernövé-nyek* (szabadföldi),alternáriás betegség,gombaölő szer,0.6-1,l/ha,200-1000,l/ha,12,12,2 leveles állapottól (BBCH 12) – az élelmezés- egészségügyi várakozási idő betartásáig,,1,7,2028-12-31,Dagonis_mod_20241216.pdf,https://novenyvedoszer.nebih.gov.hu/Engedelykereso/DocumentHandler.ashx?documentId=346335893es346404504&documentName=Dagonis_mod_20241216.pdf,missing normal l/ha row recovered from latest permit point 4 table
Dagonis,04.2/1707-2/2018,alapengedely,levelükért termesztett fűszernövé-nyek* (szabadföldi),fehérpenész (szklerotíniás betegség),gombaölő szer,1.6-2,l/ha,200-1000,l/ha,12,12,2 leveles állapottól (BBCH 12) – az élelmezés- egészségügyi várakozási idő betartásáig,,1,7,2028-12-31,Dagonis_mod_20241216.pdf,https://novenyvedoszer.nebih.gov.hu/Engedelykereso/DocumentHandler.ashx?documentId=346335893es346404504&documentName=Dagonis_mod_20241216.pdf,missing normal l/ha row recovered from latest permit point 4 table
Sivanto Prime,6300/368-1/2019,alapengedely,"szárazborsó, szárazbab, csicseriborsó, lencse, csillagfürt, lóbab",levéltetvek,rovarölő szer,0.375,l/ha,150-750,l/ha,30,87,szárbaindulás kezdete – 70 %-os érés (BBCH 30-87),,1,10,2026-12-09,Sivanto Prime_mod_75387_2_20251114_publikus.pdf,https://novenyvedoszer.nebih.gov.hu/Engedelykereso/DocumentHandler.ashx?documentId=348059236es348078925&documentName=Sivanto+Prime_mod_75387_2_20251114_publikus.pdf,missing normal l/ha row recovered from latest permit point 4 table
Sivanto Prime,6300/368-1/2019,alapengedely,"fejes káposzta, kelkáposzta, bimbós kel, karfiol, brokkoli, karalábé",levéltetvek,rovarölő szer,0.625,l/ha,200-1000,l/ha,12,49,"kétleveles állapot – végleges fejméret, illetve főhajtáshossz (BBCH 12-49)",,1,10,2026-12-09,Sivanto Prime_mod_75387_2_20251114_publikus.pdf,https://novenyvedoszer.nebih.gov.hu/Engedelykereso/DocumentHandler.ashx?documentId=348059236es348078925&documentName=Sivanto+Prime_mod_75387_2_20251114_publikus.pdf,missing normal l/ha row recovered from latest permit point 4 table
Sivanto Prime,6300/368-1/2019,alapengedely,"lágyszárú dísznövény, fásszárú dísznövények (szabadföldi)",levéltetvek,rovarölő szer,0.5,l/ha,300-1000,l/ha,,,nincs korlátozás,,1,10,2026-12-09,Sivanto Prime_mod_75387_2_20251114_publikus.pdf,https://novenyvedoszer.nebih.gov.hu/Engedelykereso/DocumentHandler.ashx?documentId=348059236es348078925&documentName=Sivanto+Prime_mod_75387_2_20251114_publikus.pdf,missing normal l/ha row recovered from latest permit point 4 table
Sivanto Prime,6300/368-1/2019,alapengedely,"lágyszárú dísznövény, fásszárú dísznövények (zárt termesztő berendezés)",levéltetvek,rovarölő szer,0.5-1.125,l/ha,500-1500,l/ha,,,nincs korlátozás,,4,7,2026-12-09,Sivanto Prime_mod_75387_2_20251114_publikus.pdf,https://novenyvedoszer.nebih.gov.hu/Engedelykereso/DocumentHandler.ashx?documentId=348059236es348078925&documentName=Sivanto+Prime_mod_75387_2_20251114_publikus.pdf,missing normal l/ha row recovered from latest permit point 4 table
Sivanto Prime,6300/368-1/2019,alapengedely,cékla,levéltetvek,rovarölő szer,0.625,l/ha,300-500,l/ha,12,45,kétleveles állapot – 50 %-os gyökérnagyság (BBCH 12-45),,1,‒,2026-12-09,Sivanto Prime_mod_75387_2_20251114_publikus.pdf,https://novenyvedoszer.nebih.gov.hu/Engedelykereso/DocumentHandler.ashx?documentId=348059236es348078925&documentName=Sivanto+Prime_mod_75387_2_20251114_publikus.pdf,missing normal l/ha row recovered from latest permit point 4 table
Sivanto Prime,6300/368-1/2019,alapengedely,sárgarépa,levéltetvek,rovarölő szer,0.625,l/ha,300-500,l/ha,14,45,négy leveles állapot – 50 %-os gyökérvastagság (BBCH 14-45),,1,‒,2026-12-09,Sivanto Prime_mod_75387_2_20251114_publikus.pdf,https://novenyvedoszer.nebih.gov.hu/Engedelykereso/DocumentHandler.ashx?documentId=348059236es348078925&documentName=Sivanto+Prime_mod_75387_2_20251114_publikus.pdf,missing normal l/ha row recovered from latest permit point 4 table
Sivanto Prime,6300/368-1/2019,alapengedely,"cseresznye, meggy",levéltetvek,rovarölő szer,0.375,l/ha,200-1500,l/ha,69,81,teljes sziromhullás – érés kezdete (BBCH 69-81),,1,‒,2026-12-09,Sivanto Prime_mod_75387_2_20251114_publikus.pdf,https://novenyvedoszer.nebih.gov.hu/Engedelykereso/DocumentHandler.ashx?documentId=348059236es348078925&documentName=Sivanto+Prime_mod_75387_2_20251114_publikus.pdf,missing normal l/ha row recovered from latest permit point 4 table
Sivanto Prime,6300/368-1/2019,alapengedely,"szilva, kökényszilva",levéltetvek,rovarölő szer,0.375,l/ha,200-1500,l/ha,69,81,teljes sziromhullás – érés kezdete (BBCH 69-81,,1,‒,2026-12-09,Sivanto Prime_mod_75387_2_20251114_publikus.pdf,https://novenyvedoszer.nebih.gov.hu/Engedelykereso/DocumentHandler.ashx?documentId=348059236es348078925&documentName=Sivanto+Prime_mod_75387_2_20251114_publikus.pdf,missing normal l/ha row recovered from latest permit point 4 table
Sivanto Prime,6300/368-1/2019,alapengedely,cukorrépa,levéltetvek,rovarölő szer,0.25,l/ha,150-400,l/ha,12,19,kétleveles állapot – tőlevélrózsás állapot (BBCH 12-19),,1,‒,2026-12-09,Sivanto Prime_mod_75387_2_20251114_publikus.pdf,https://novenyvedoszer.nebih.gov.hu/Engedelykereso/DocumentHandler.ashx?documentId=348059236es348078925&documentName=Sivanto+Prime_mod_75387_2_20251114_publikus.pdf,missing normal l/ha row recovered from latest permit point 4 table
Sivanto Prime,6300/368-1/2019,alapengedely,takarmányrépa,levéltetvek,rovarölő szer,0.25,l/ha,150-400,l/ha,12,19,kétleveles állapot – tőlevélrózsás állapot (BBCH 12-19),,1,‒,2026-12-09,Sivanto Prime_mod_75387_2_20251114_publikus.pdf,https://novenyvedoszer.nebih.gov.hu/Engedelykereso/DocumentHandler.ashx?documentId=348059236es348078925&documentName=Sivanto+Prime_mod_75387_2_20251114_publikus.pdf,missing normal l/ha row recovered from latest permit point 4 table
Sivanto Prime,6300/368-1/2019,alapengedely,"piros ribiszke, fekete ribiszke, köszméte, ribiszkeköszméte, málna, szeder, fekete bodza, áfonya","levéltetvek, közönséges teknőspajzstetű",rovarölő szer,0.3,l/ha,150-1200,l/ha,11,19,első levelek kiterülnek – az első levelek elérik végső méretüket (BBCH 11-19),,1,‒,2026-12-09,Sivanto Prime_mod_75387_2_20251114_publikus.pdf,https://novenyvedoszer.nebih.gov.hu/Engedelykereso/DocumentHandler.ashx?documentId=348059236es348078925&documentName=Sivanto+Prime_mod_75387_2_20251114_publikus.pdf,missing normal l/ha row recovered from latest permit point 4 table
Champion WG,02.5/12063-1/2010,alapengedely,"friss hüvelyesek (zöldbab, zöldborsó)","gombás (peronoszpóra, aszkohíta, szeptória, kolletotrihum /fenésedés/) és baktériumos betegségek",gombaölő szer,2,kg/ha,400-600,l/ha,12,12,2 leveles állapottól (BBCH 12) virágzás végéig (BBCH 69),,4,7,2029-03-31,Champion WG_mód_20240305.pdf,https://novenyvedoszer.nebih.gov.hu/Engedelykereso/DocumentHandler.ashx?documentId=344905273es344945562&documentName=Champion+WG_m%c3%b3d_20240305.pdf,missing normal kg/ml per hectare row recovered from latest permit point 4 table
Champion WG,02.5/12063-1/2010,alapengedely,burgonya,"burgonyavész, alternária, baktériumos betegségek",gombaölő szer,2,kg/ha,600-1000,l/ha,15,15,"5 leveles állapottól (BBCH 15), bogyóérésig (BBCH 85)",,4,7,2029-03-31,Champion WG_mód_20240305.pdf,https://novenyvedoszer.nebih.gov.hu/Engedelykereso/DocumentHandler.ashx?documentId=344905273es344945562&documentName=Champion+WG_m%c3%b3d_20240305.pdf,missing normal kg/ml per hectare row recovered from latest permit point 4 table
Champion WG,02.5/12063-1/2010,alapengedely,"hagymafélék (vöröshagyma, fokhagyma, mogyoróhagyma)","gombás (peronoszpóra, alternária, sztemfílium, fenésedés) és baktériumos betegségek",gombaölő szer,2,kg/ha,400-600,l/ha,14,14,4 leveles állapottól (BBCH 14) a külső levelek talajra fekvésének kezdetéig (BBCH 47),,4,7,2029-03-31,Champion WG_mód_20240305.pdf,https://novenyvedoszer.nebih.gov.hu/Engedelykereso/DocumentHandler.ashx?documentId=344905273es344945562&documentName=Champion+WG_m%c3%b3d_20240305.pdf,missing normal kg/ml per hectare row recovered from latest permit point 4 table
Champion WG,02.5/12063-1/2010,alapengedely,"gyökérzöldségek (sárgarépa, petrezselyem, paszternák, zeller)","gombás (alternária, cerkospóra) és baktériumos levélbetegségek",gombaölő szer,2,kg/ha,400-600,l/ha,15,15,5 leveles állapottól (BBCH 15) 70 %-os gyökér- vastagságig (BBCH 47),,4,7,2029-03-31,Champion WG_mód_20240305.pdf,https://novenyvedoszer.nebih.gov.hu/Engedelykereso/DocumentHandler.ashx?documentId=344905273es344945562&documentName=Champion+WG_m%c3%b3d_20240305.pdf,missing normal kg/ml per hectare row recovered from latest permit point 4 table
Champion WG,02.5/12063-1/2010,alapengedely,komló,peronoszpóra,gombaölő szer,2,kg/ha,800-1200,l/ha,14,14,4. levél kiterülésétől (BBCH 14) tobozfejlődés 50%- os állapotáig (BBCH 85),,4,7,2029-03-31,Champion WG_mód_20240305.pdf,https://novenyvedoszer.nebih.gov.hu/Engedelykereso/DocumentHandler.ashx?documentId=344905273es344945562&documentName=Champion+WG_m%c3%b3d_20240305.pdf,missing normal kg/ml per hectare row recovered from latest permit point 4 table
Champion WG,02.5/12063-1/2010,alapengedely,cékla,"cerkospórás levélfoltosság, fómás betegség, peronoszpóra",gombaölő szer,2,kg/ha,300-600,l/ha,15,15,"5 leveles állapottól (BBCH 15) érés közepéig – magburok vörösbarna, a gomoly világosbarna (BBCH 85)",,4,7,2029-03-31,Champion WG_mód_20240305.pdf,https://novenyvedoszer.nebih.gov.hu/Engedelykereso/DocumentHandler.ashx?documentId=344905273es344945562&documentName=Champion+WG_m%c3%b3d_20240305.pdf,missing normal kg/ml per hectare row recovered from latest permit point 4 table
Cyperkill Max,04.2/636-1/2011,alapengedely,"száraz hüvelyesek (bab, borsó, lencse, csillagfürt)","levéltetvek, ormányosbogara k, gyapottok- bagolylepke, tripszek",rovarölő szer,50,ml/ha,400-600,l/ha,11,85,1-leveles állapot ‒ 50 %-os érés (BBCH 11-85),,2,10,2027-02-28,Cyperkill Max_KK_2466_1_20231016_publikus.pdf,https://novenyvedoszer.nebih.gov.hu/Engedelykereso/DocumentHandler.ashx?documentId=343807151es343807501&documentName=Cyperkill+Max_KK_2466_1_20231016_publikus.pdf,missing normal kg/ml per hectare row recovered from latest permit point 4 table
Cyperkill Max,04.2/636-1/2011,alapengedely,"friss hüvelyesek (bab, borsó)","levéltetvek, ormányosbogara k, gyapottok- bagolylepke, tripszek",rovarölő szer,50,ml/ha,400-600,l/ha,11,70,1-leveles állapot ‒ hüvelyképződés kezdete (BBCH 11-70),,2,10,2027-02-28,Cyperkill Max_KK_2466_1_20231016_publikus.pdf,https://novenyvedoszer.nebih.gov.hu/Engedelykereso/DocumentHandler.ashx?documentId=343807151es343807501&documentName=Cyperkill+Max_KK_2466_1_20231016_publikus.pdf,missing normal kg/ml per hectare row recovered from latest permit point 4 table
Cyperkill Max,04.2/636-1/2011,alapengedely,"sárgarépa, petrezselyem, pasztinák, zeller",levéltetvek,rovarölő szer,50,ml/ha,400-600,l/ha,14,49,4-leveles állapot ‒ gyökérnövekedés vége (BBCH 14-49),,2,10,2027-02-28,Cyperkill Max_KK_2466_1_20231016_publikus.pdf,https://novenyvedoszer.nebih.gov.hu/Engedelykereso/DocumentHandler.ashx?documentId=343807151es343807501&documentName=Cyperkill+Max_KK_2466_1_20231016_publikus.pdf,missing normal kg/ml per hectare row recovered from latest permit point 4 table
Cyperkill Max,04.2/636-1/2011,alapengedely,"retek, feketegyökér","földibolhák, káposztalégy",rovarölő szer,50,ml/ha,400-600,l/ha,10,49,szikleveles állapot ‒ gyökérnövekedés vége (BBCH 10-49),,2,10,2027-02-28,Cyperkill Max_KK_2466_1_20231016_publikus.pdf,https://novenyvedoszer.nebih.gov.hu/Engedelykereso/DocumentHandler.ashx?documentId=343807151es343807501&documentName=Cyperkill+Max_KK_2466_1_20231016_publikus.pdf,missing normal kg/ml per hectare row recovered from latest permit point 4 table
Cyperkill Max,04.2/636-1/2011,alapengedely,"fejes káposzta, bimbós kel, karfiol, brokkoli","bagolylepkék, hernyókártevők, levéltetvek",rovarölő szer,50,ml/ha,400-800,l/ha,12,48,2-leveles állapot ‒ 80 %-os fejméret (BBCH 12-48),,2,10,2027-02-28,Cyperkill Max_KK_2466_1_20231016_publikus.pdf,https://novenyvedoszer.nebih.gov.hu/Engedelykereso/DocumentHandler.ashx?documentId=343807151es343807501&documentName=Cyperkill+Max_KK_2466_1_20231016_publikus.pdf,missing normal kg/ml per hectare row recovered from latest permit point 4 table
Cyperkill Max,04.2/636-1/2011,alapengedely,"fejes saláta, endívia, borsmustár (rukkola)","bagolylepkék, levéltetvek",rovarölő szer,50,ml/ha,400-600,l/ha,12,48,2-leveles állapot ‒ 80 %-os fejméret (BBCH 12-48),,2,10,2027-02-28,Cyperkill Max_KK_2466_1_20231016_publikus.pdf,https://novenyvedoszer.nebih.gov.hu/Engedelykereso/DocumentHandler.ashx?documentId=343807151es343807501&documentName=Cyperkill+Max_KK_2466_1_20231016_publikus.pdf,missing normal kg/ml per hectare row recovered from latest permit point 4 table
Cyperkill Max,04.2/636-1/2011,alapengedely,fűszernövények,szívó- és rágókártevők,rovarölő szer,50,ml/ha,400-800,l/ha,,,nincs korlátozás,,2,10,2027-02-28,Cyperkill Max_KK_2466_1_20231016_publikus.pdf,https://novenyvedoszer.nebih.gov.hu/Engedelykereso/DocumentHandler.ashx?documentId=343807151es343807501&documentName=Cyperkill+Max_KK_2466_1_20231016_publikus.pdf,missing normal kg/ml per hectare row recovered from latest permit point 4 table
Cyperkill Max,04.2/636-1/2011,alapengedely,dísznövények,szívó- és rágókártevők,rovarölő szer,30-150,ml/ha,400-1500,l/ha,,,nincs korlátozás,,2,10,2027-02-28,Cyperkill Max_KK_2466_1_20231016_publikus.pdf,https://novenyvedoszer.nebih.gov.hu/Engedelykereso/DocumentHandler.ashx?documentId=343807151es343807501&documentName=Cyperkill+Max_KK_2466_1_20231016_publikus.pdf,missing normal kg/ml per hectare row recovered from latest permit point 4 table
Cyperkill Max,04.2/636-1/2011,alapengedely,"paradicsom, paprika (szabadföld)",gyapottok- bagolylepke,rovarölő szer,200,ml/ha,400-600,l/ha,51,82,első virágbimbó megjelenése – érés kezdete (BBCH 51-82),,2,10,2027-02-28,Cyperkill Max_KK_2466_1_20231016_publikus.pdf,https://novenyvedoszer.nebih.gov.hu/Engedelykereso/DocumentHandler.ashx?documentId=343807151es343807501&documentName=Cyperkill+Max_KK_2466_1_20231016_publikus.pdf,missing normal kg/ml per hectare row recovered from latest permit point 4 table
Cyperkill Max,04.2/636-1/2011,alapengedely,"batávia saláta, jégsaláta, lollo saláta, római saláta, tépő saláta","bagolylepkék, levéltetvek, hernyókártevők",rovarölő szer,50,ml/ha,400-600,l/ha,12,48,2-leveles állapot ‒ 80 %-os fejméret (BBCH 12-48),,2,10,2027-02-28,Cyperkill Max_KK_2466_1_20231016_publikus.pdf,https://novenyvedoszer.nebih.gov.hu/Engedelykereso/DocumentHandler.ashx?documentId=343807151es343807501&documentName=Cyperkill+Max_KK_2466_1_20231016_publikus.pdf,missing normal kg/ml per hectare row recovered from latest permit point 4 table
Microthiol Special,67.906/1980,alapengedely,tojásgyümölcs,lisztharmat,gombaölő szer,5-8,kg/ha,400-600,l/ha,15,15,5 leveles állapottól (BBCH 15) virágzás végéig (BBCH 69),,4,7,2027-07-31,MicrothiolSpecial_mód_20251210.pdf,https://novenyvedoszer.nebih.gov.hu/Engedelykereso/DocumentHandler.ashx?documentId=348233522es348252620&documentName=MicrothiolSpecial_m%c3%b3d_20251210.pdf,missing normal kg/ml per hectare row recovered from latest permit point 4 table
Microthiol Special,67.906/1980,alapengedely,mogyoró,lisztharmat,gombaölő szer,5,kg/ha,500-1000,l/ha,03,03,levélrügy duzzadás végétől (BBCH 03) virágrügy duzzadásig (BBCH 51),,6,7,2027-07-31,MicrothiolSpecial_mód_20251210.pdf,https://novenyvedoszer.nebih.gov.hu/Engedelykereso/DocumentHandler.ashx?documentId=348233522es348252620&documentName=MicrothiolSpecial_m%c3%b3d_20251210.pdf,missing normal kg/ml per hectare row recovered from latest permit point 4 table
Microthiol Special,67.906/1980,alapengedely,olajretek,lisztharmat,gombaölő szer,5,kg/ha,500-1000,l/ha,31,31,1. látható szárköz megjelenésétől (BBCH 31) teljes becőméret eléréséig (BBCH 79),,6,7,2027-07-31,MicrothiolSpecial_mód_20251210.pdf,https://novenyvedoszer.nebih.gov.hu/Engedelykereso/DocumentHandler.ashx?documentId=348233522es348252620&documentName=MicrothiolSpecial_m%c3%b3d_20251210.pdf,missing normal kg/ml per hectare row recovered from latest permit point 4 table
Microthiol Special,67.906/1980,alapengedely,"lencse, csicseriborsó, lóbab",lisztharmat,gombaölő szer,5,kg/ha,300-800,l/ha,39,39,9 látható szárközös állapottól (BBCH 39) 50%-os hüvelyérésig (BBCH 85),,4,10,2027-07-31,MicrothiolSpecial_mód_20251210.pdf,https://novenyvedoszer.nebih.gov.hu/Engedelykereso/DocumentHandler.ashx?documentId=348233522es348252620&documentName=MicrothiolSpecial_m%c3%b3d_20251210.pdf,missing normal kg/ml per hectare row recovered from latest permit point 4 table
Microthiol Special,67.906/1980,alapengedely,"póré-, gyöngy-, sarjadékhagyma",lisztharmat,gombaölő szer,5,kg/ha,200-500,l/ha,16,16,6. levél megjelenésétől (BBCH 16) dőlés kezdetéig (BBCH 47),,6,7,2027-07-31,MicrothiolSpecial_mód_20251210.pdf,https://novenyvedoszer.nebih.gov.hu/Engedelykereso/DocumentHandler.ashx?documentId=348233522es348252620&documentName=MicrothiolSpecial_m%c3%b3d_20251210.pdf,missing normal kg/ml per hectare row recovered from latest permit point 4 table
Microthiol Special,67.906/1980,alapengedely,"brokkoli, kelkáposzta, bimbóskel, karfiol",lisztharmat,gombaölő szer,5,kg/ha,350-650,l/ha,14,14,4 leveles állapottól (BBCH 14) végleges fejméret vagy végső levéltömeg eléréséig (BBCH 49),,4,10,2027-07-31,MicrothiolSpecial_mód_20251210.pdf,https://novenyvedoszer.nebih.gov.hu/Engedelykereso/DocumentHandler.ashx?documentId=348233522es348252620&documentName=MicrothiolSpecial_m%c3%b3d_20251210.pdf,missing normal kg/ml per hectare row recovered from latest permit point 4 table
Microthiol Special,67.906/1980,alapengedely,karalábé,lisztharmat,gombaölő szer,5,kg/ha,350-650,l/ha,14,14,4 leveles állapottól (BBCH 14) szárnövekedés végéig (BBCH 49),,4,10,2027-07-31,MicrothiolSpecial_mód_20251210.pdf,https://novenyvedoszer.nebih.gov.hu/Engedelykereso/DocumentHandler.ashx?documentId=348233522es348252620&documentName=MicrothiolSpecial_m%c3%b3d_20251210.pdf,missing normal kg/ml per hectare row recovered from latest permit point 4 table
Microthiol Special,67.906/1980,alapengedely,"pasztinák, gumós zeller, torma, retek, cékla",lisztharmat,gombaölő szer,5,kg/ha,300-600,l/ha,14,14,4 leveles állapottól (BBCH 14) gyökérnövekedés végéig (BBCH 49),,2,10,2027-07-31,MicrothiolSpecial_mód_20251210.pdf,https://novenyvedoszer.nebih.gov.hu/Engedelykereso/DocumentHandler.ashx?documentId=348233522es348252620&documentName=MicrothiolSpecial_m%c3%b3d_20251210.pdf,missing normal kg/ml per hectare row recovered from latest permit point 4 table
Microthiol Special,67.906/1980,alapengedely,"gyógynövények (kamilla, máriatövis, orbáncfű, cickafark, gyűszűvirág, orvosi csucsor, körömvirág, vasfű, macskagyökér, levendula) fűszernövények (metélőhagyma, metélőpetrezselyem, kapor, levélzeller, angelika, lestyán, szurokfű, borsikafű, tárkony, zsálya, izsóp, kakukkfű, citromfű, rozmaring, koriander, bazsalikom, menta, majoranna, zamatos turbolya)",lisztharmat,gombaölő szer,2.5-5,kg/ha,300-800,l/ha,14,14,4 leveles állapottól (BBCH 14) virágzásig (BBCH 60),,3,10,2027-07-31,MicrothiolSpecial_mód_20251210.pdf,https://novenyvedoszer.nebih.gov.hu/Engedelykereso/DocumentHandler.ashx?documentId=348233522es348252620&documentName=MicrothiolSpecial_m%c3%b3d_20251210.pdf,missing normal kg/ml per hectare row recovered from latest permit point 4 table
Microthiol Special,67.906/1980,alapengedely,közterületi díszfák és díszcserjék,lisztharmat,gombaölő szer,2.5-5,kg/ha,350-1200,l/ha,,,nincs korlátozás,,14,7,2027-07-31,MicrothiolSpecial_mód_20251210.pdf,https://novenyvedoszer.nebih.gov.hu/Engedelykereso/DocumentHandler.ashx?documentId=348233522es348252620&documentName=MicrothiolSpecial_m%c3%b3d_20251210.pdf,missing normal kg/ml per hectare row recovered from latest permit point 4 table
Microthiol Special,67.906/1980,alapengedely,"sárgarépa, petrezselyem (gyökér)",lisztharmat,gombaölő szer,5,kg/ha,300-600,l/ha,14,14,4 leveles állapottól (BBCH 14) gyökérnövekedés végéig (BBCH 49),,2,10,2027-07-31,MicrothiolSpecial_mód_20251210.pdf,https://novenyvedoszer.nebih.gov.hu/Engedelykereso/DocumentHandler.ashx?documentId=348233522es348252620&documentName=MicrothiolSpecial_m%c3%b3d_20251210.pdf,missing normal kg/ml per hectare row recovered from latest permit point 4 table
Thiovit Jet,18263/1995,alapengedely,cukorrépa,lisztharmat,gombaölő szer,5-7,kg/ha,200-500,l/ha,,,50-80,,4,7,2026-12-31,ThiovitJet_KKmod_20220620.pdf,https://novenyvedoszer.nebih.gov.hu/Engedelykereso/DocumentHandler.ashx?documentId=327843006es327866853&documentName=ThiovitJet_KKmod_20220620.pdf,missing normal kg/ml per hectare row recovered from latest permit point 4 table
Thiovit Jet,18263/1995,alapengedely,"sárgadinnye, görögdinnye, cukkini, uborka, sütőtök, spárgatök, patisszon",lisztharmat,gombaölő szer,3-7.5,kg/ha,200-1000,l/ha,,,40-75,,6,7,2026-12-31,ThiovitJet_KKmod_20220620.pdf,https://novenyvedoszer.nebih.gov.hu/Engedelykereso/DocumentHandler.ashx?documentId=327843006es327866853&documentName=ThiovitJet_KKmod_20220620.pdf,missing normal kg/ml per hectare row recovered from latest permit point 4 table
Thiovit Jet,18263/1995,alapengedely,"hüvelyesek (száraz bab, száraz borsó, zöldborsó, lencse, zöldbab, fejtett bab)",lisztharmat,gombaölő szer,2-4,kg/ha,400-800,l/ha,,,30-50,,4,7,2026-12-31,ThiovitJet_KKmod_20220620.pdf,https://novenyvedoszer.nebih.gov.hu/Engedelykereso/DocumentHandler.ashx?documentId=327843006es327866853&documentName=ThiovitJet_KKmod_20220620.pdf,missing normal kg/ml per hectare row recovered from latest permit point 4 table
Thiovit Jet,18263/1995,alapengedely,"sárgarépa, pasztinák, zeller (gyökér és levél), retek, bakszakáll, cékla",lisztharmat,gombaölő szer,2-4,kg/ha,400-800,l/ha,,,30-50,,4,7,2026-12-31,ThiovitJet_KKmod_20220620.pdf,https://novenyvedoszer.nebih.gov.hu/Engedelykereso/DocumentHandler.ashx?documentId=327843006es327866853&documentName=ThiovitJet_KKmod_20220620.pdf,missing normal kg/ml per hectare row recovered from latest permit point 4 table
Thiovit Jet,18263/1995,alapengedely,cikória,lisztharmat,gombaölő szer,2-4,kg/ha,400-800,l/ha,,,30-50,,4,7,2026-12-31,ThiovitJet_KKmod_20220620.pdf,https://novenyvedoszer.nebih.gov.hu/Engedelykereso/DocumentHandler.ashx?documentId=327843006es327866853&documentName=ThiovitJet_KKmod_20220620.pdf,missing normal kg/ml per hectare row recovered from latest permit point 4 table
Thiovit Jet,18263/1995,alapengedely,szamóca,lisztharmat,gombaölő szer,3-4,kg/ha,400-1000,l/ha,,,40,,3,10,2026-12-31,ThiovitJet_KKmod_20220620.pdf,https://novenyvedoszer.nebih.gov.hu/Engedelykereso/DocumentHandler.ashx?documentId=327843006es327866853&documentName=ThiovitJet_KKmod_20220620.pdf,missing normal kg/ml per hectare row recovered from latest permit point 4 table
Thiovit Jet,18263/1995,alapengedely,"málna, ribiszke (piros, fekete), köszméte, szeder, szedermálna, áfonya, gyepürózsa",lisztharmat,gombaölő szer,3-7,kg/ha,500-1000,l/ha,,,40-70,,4,7,2026-12-31,ThiovitJet_KKmod_20220620.pdf,https://novenyvedoszer.nebih.gov.hu/Engedelykereso/DocumentHandler.ashx?documentId=327843006es327866853&documentName=ThiovitJet_KKmod_20220620.pdf,missing normal kg/ml per hectare row recovered from latest permit point 4 table
Thiovit Jet,18263/1995,alapengedely,"gyógy- és fűszernövények (macskagyökér, koriander, angelika, borsmenta, citromfű, kamilla, kapor, konyhakömény, édeskömény, ánizs, szurokfű, borsikafű, izsóp, kakukkfű, rozmaring, bazsalikom, turbolya, orvosi csucsor, körömvirág, orbáncfű, lestyán, majoranna, tárkony, levendula, gyűszűvirág, mustár, cickafark, vasfű, lórom, zsálya, orvosi ziliz, articsóka, mórmályva, útifű (keskeny levelű), sáfrányos szeklice, máriatövis)",lisztharmat,gombaölő szer,2-5,kg/ha,200-800,l/ha,,,30-60,,3,10,2026-12-31,ThiovitJet_KKmod_20220620.pdf,https://novenyvedoszer.nebih.gov.hu/Engedelykereso/DocumentHandler.ashx?documentId=327843006es327866853&documentName=ThiovitJet_KKmod_20220620.pdf,missing normal kg/ml per hectare row recovered from latest permit point 4 table
Thiovit Jet,18263/1995,alapengedely,tölgy,lisztharmat,gombaölő szer,1.5-3,kg/ha,600-1500,l/ha,,,20-30,,3,7,2026-12-31,ThiovitJet_KKmod_20220620.pdf,https://novenyvedoszer.nebih.gov.hu/Engedelykereso/DocumentHandler.ashx?documentId=327843006es327866853&documentName=ThiovitJet_KKmod_20220620.pdf,missing normal kg/ml per hectare row recovered from latest permit point 4 table
Thiovit Jet,18263/1995,alapengedely,"közterületi díszfák, díszcserjék",lisztharmat,gombaölő szer,2.5-5,kg/ha,600-1500,l/ha,,,20-40,,5,7,2026-12-31,ThiovitJet_KKmod_20220620.pdf,https://novenyvedoszer.nebih.gov.hu/Engedelykereso/DocumentHandler.ashx?documentId=327843006es327866853&documentName=ThiovitJet_KKmod_20220620.pdf,missing normal kg/ml per hectare row recovered from latest permit point 4 table
Thiovit Jet,18263/1995,alapengedely,dísznövények (hajtatott),lisztharmat,gombaölő szer,2.5-5,kg/ha,500-1000,l/ha,,,20-40,,10,10,2026-12-31,ThiovitJet_KKmod_20220620.pdf,https://novenyvedoszer.nebih.gov.hu/Engedelykereso/DocumentHandler.ashx?documentId=327843006es327866853&documentName=ThiovitJet_KKmod_20220620.pdf,missing normal kg/ml per hectare row recovered from latest permit point 4 table
Thiovit Jet,18263/1995,alapengedely,petrezselyem (gyökér és levél),lisztharmat,gombaölő szer,2-4,kg/ha,400-800,l/ha,,,30-50,,4,7,2026-12-31,ThiovitJet_KKmod_20220620.pdf,https://novenyvedoszer.nebih.gov.hu/Engedelykereso/DocumentHandler.ashx?documentId=327843006es327866853&documentName=ThiovitJet_KKmod_20220620.pdf,missing normal kg/ml per hectare row recovered from latest permit point 4 table
Vitisan SP,6300/39-1/2021,alapengedely,"köszméte, pirosribiszke, feketeribiszke",lisztharmat,gombaölő szer,3-5,kg/ha,300-1000,l/ha,10,10,levélfejlődés kezdetétől (BBCH 10) fajtára jellemző gyümölcsszín kialakulásáig (BBCH 85),,6,5,2037-10-31,Vitisan SP megújítás_51185-1_2025.06.17_publikus.pdf,https://novenyvedoszer.nebih.gov.hu/Engedelykereso/DocumentHandler.ashx?documentId=347596429es347604164&documentName=Vitisan+SP+meg%c3%baj%c3%adt%c3%a1s_51185-1_2025.06.17_publikus.pdf,missing normal kg/ml per hectare row recovered from latest permit point 4 table
Vitisan SP,6300/39-1/2021,alapengedely,"málna, szeder",botrítiszes betegség (szürkepenész),gombaölő szer,3-5,kg/ha,600-1000,l/ha,59,59,virágbimbók elkülönülésétől (BBCH 59) szedés előtti második napig (BBCH 87),,6,5,2037-10-31,Vitisan SP megújítás_51185-1_2025.06.17_publikus.pdf,https://novenyvedoszer.nebih.gov.hu/Engedelykereso/DocumentHandler.ashx?documentId=347596429es347604164&documentName=Vitisan+SP+meg%c3%baj%c3%adt%c3%a1s_51185-1_2025.06.17_publikus.pdf,missing normal kg/ml per hectare row recovered from latest permit point 4 table
Vitisan SP,6300/39-1/2021,alapengedely,"uborka, sütőtök, spárgatök, cukkini, patisszon, sárgadinnye, görögdinnye szabadföldi",lisztharmat,gombaölő szer,3-5,kg/ha,300-1200,l/ha,12,12,kétleveles állapottól (BBCH 12) szedés előtti második napig (BBCH 87),,6,5,2037-10-31,Vitisan SP megújítás_51185-1_2025.06.17_publikus.pdf,https://novenyvedoszer.nebih.gov.hu/Engedelykereso/DocumentHandler.ashx?documentId=347596429es347604164&documentName=Vitisan+SP+meg%c3%baj%c3%adt%c3%a1s_51185-1_2025.06.17_publikus.pdf,missing normal kg/ml per hectare row recovered from latest permit point 4 table
Vitisan SP,6300/39-1/2021,alapengedely,"uborka, cukkini, sárgadinnye hajtatott","lisztharmat, botrítiszes betegség (szürkepenész)",gombaölő szer,2.5,kg/ha,300-600,l/ha,,,50 cm-es magasságig,,6,5,2037-10-31,Vitisan SP megújítás_51185-1_2025.06.17_publikus.pdf,https://novenyvedoszer.nebih.gov.hu/Engedelykereso/DocumentHandler.ashx?documentId=347596429es347604164&documentName=Vitisan+SP+meg%c3%baj%c3%adt%c3%a1s_51185-1_2025.06.17_publikus.pdf,missing normal kg/ml per hectare row recovered from latest permit point 4 table
Vitisan SP,6300/39-1/2021,alapengedely,"paradicsom, tojásgyümölcs hajtatott","lisztharmat, botrítiszes betegség (szürkepenész)",gombaölő szer,2.5,kg/ha,300-600,l/ha,,,50 cm-es magasságig,,6,5,2037-10-31,Vitisan SP megújítás_51185-1_2025.06.17_publikus.pdf,https://novenyvedoszer.nebih.gov.hu/Engedelykereso/DocumentHandler.ashx?documentId=347596429es347604164&documentName=Vitisan+SP+meg%c3%baj%c3%adt%c3%a1s_51185-1_2025.06.17_publikus.pdf,missing normal kg/ml per hectare row recovered from latest permit point 4 table
Vitisan SP,6300/39-1/2021,alapengedely,"endívia, galambbegy saláta szabadföldi és hajtatott",lisztharmat,gombaölő szer,3,kg/ha,300-600,l/ha,12,12,kétleveles állapottól (BBCH 12) végleges fejméret illetve levélnagyság eléréséig (BBCH 49),,10,5,2037-10-31,Vitisan SP megújítás_51185-1_2025.06.17_publikus.pdf,https://novenyvedoszer.nebih.gov.hu/Engedelykereso/DocumentHandler.ashx?documentId=347596429es347604164&documentName=Vitisan+SP+meg%c3%baj%c3%adt%c3%a1s_51185-1_2025.06.17_publikus.pdf,missing normal kg/ml per hectare row recovered from latest permit point 4 table
Vitisan SP,6300/39-1/2021,alapengedely,spárga szabadföldi,"botrítiszes betegség (szürkepenész), sztemfíliumos betegség",gombaölő szer,3,kg/ha,800-1000,l/ha,93,93,a spárgasípok betakarítását követően a fillokládiumok lehullásáig (BBCH 93),,6,5,2037-10-31,Vitisan SP megújítás_51185-1_2025.06.17_publikus.pdf,https://novenyvedoszer.nebih.gov.hu/Engedelykereso/DocumentHandler.ashx?documentId=347596429es347604164&documentName=Vitisan+SP+meg%c3%baj%c3%adt%c3%a1s_51185-1_2025.06.17_publikus.pdf,missing normal kg/ml per hectare row recovered from latest permit point 4 table
Vitisan SP,6300/39-1/2021,alapengedely,dísznövények szabadföldi és hajtatott,lisztharmat,gombaölő szer,2.5,kg/ha,500-1000,l/ha,,,50 cm-es magasságig,,10,5,2037-10-31,Vitisan SP megújítás_51185-1_2025.06.17_publikus.pdf,https://novenyvedoszer.nebih.gov.hu/Engedelykereso/DocumentHandler.ashx?documentId=347596429es347604164&documentName=Vitisan+SP+meg%c3%baj%c3%adt%c3%a1s_51185-1_2025.06.17_publikus.pdf,missing normal kg/ml per hectare row recovered from latest permit point 4 table
Badge SC,6300/655-1/2019,alapengedely,"őszibarack, nektarin, kajszi, szilva, cseresznye, meggy","moníliás betegség, tafrinás levélfodrosodás, sztigminás betegség (levéllyukacsoso dás), baktériumos és gombás ágelhalás",gombaölő szer,3.6-4,l/ha,1000-1500,l/ha,91,91,levélsárgulás kezdetétől (BBCH 91) virágrügyek megjelenéséig (BBCH 55),,4,14,2026-12-31,BadgeSC_mód_20250904.pdf,https://novenyvedoszer.nebih.gov.hu/Engedelykereso/DocumentHandler.ashx?documentId=347800750es347859801&documentName=BadgeSC_m%c3%b3d_20250904.pdf,missing verified normal row recovered from latest permit point 4 table
Badge SC,6300/655-1/2019,alapengedely,burgonya,burgonyavész (fitoftórás betegség),gombaölő szer,2.5-3,l/ha,600-800,l/ha,15,15,5 leveles állapottól (BBCH 15) bogyóérésig (BBCH 85),,6,7,2026-12-31,BadgeSC_mód_20250904.pdf,https://novenyvedoszer.nebih.gov.hu/Engedelykereso/DocumentHandler.ashx?documentId=347800750es347859801&documentName=BadgeSC_m%c3%b3d_20250904.pdf,missing verified normal row recovered from latest permit point 4 table
Badge SC,6300/655-1/2019,alapengedely,"lágyszárú dísznövények, fásszárú dísznövények szabadföldi és hajtatott","peronoszpóra, cerkospórás levélfoltosság, antraknózis (kolletotrihumos betegség), rozsda, baktériumos betegségek",gombaölő szer,2.8,l/ha,600-1000,l/ha,,,n.k.,,6,7,2026-12-31,BadgeSC_mód_20250904.pdf,https://novenyvedoszer.nebih.gov.hu/Engedelykereso/DocumentHandler.ashx?documentId=347800750es347859801&documentName=BadgeSC_m%c3%b3d_20250904.pdf,missing verified normal row recovered from latest permit point 4 table
Badge SC,6300/655-1/2019,alapengedely,komló,peronoszpóra,gombaölő szer,4-5.5,l/ha,1000-2000,l/ha,39,39,indanövekedés végétől (BBCH 39) tobozok szedésérettségéig (BBCH 89),,3,7,2026-12-31,BadgeSC_mód_20250904.pdf,https://novenyvedoszer.nebih.gov.hu/Engedelykereso/DocumentHandler.ashx?documentId=347800750es347859801&documentName=BadgeSC_m%c3%b3d_20250904.pdf,missing verified normal row recovered from latest permit point 4 table
Badge SC,6300/655-1/2019,alapengedely,cukorrépa,"cerkospórás levélfoltosság, ramuláriás levélfoltosság",gombaölő szer,3.6,l/ha,200-500,l/ha,39,39,sorzáródás végétől (BBCH 39) gyökérfejlődés végéig (BBCH 49),,3,14,2026-12-31,BadgeSC_mód_20250904.pdf,https://novenyvedoszer.nebih.gov.hu/Engedelykereso/DocumentHandler.ashx?documentId=347800750es347859801&documentName=BadgeSC_m%c3%b3d_20250904.pdf,missing verified normal row recovered from latest permit point 4 table
Badge WG,6300/656-1/2019,alapengedely,meggy,"(levéllyukacsosodá s), baktériumos és gombás ágelhalás",gombaölő szer,2.8-3.2,kg/ha,1000-1500,l/ha,03,03,levélrügyduzzadás végétől (BBCH 03) sziromlabda állapotig (BBCH 59),,2,14,2026-12-31,BadgeWG_mód_20251007.pdf,https://novenyvedoszer.nebih.gov.hu/Engedelykereso/DocumentHandler.ashx?documentId=347945463es347942624&documentName=BadgeWG_m%c3%b3d_20251007.pdf,missing verified normal row recovered from latest permit point 4 table
Badge WG,6300/656-1/2019,alapengedely,komló,peronoszpóra,gombaölő szer,4-7,kg/ha,1000-2000,l/ha,39,39,indanövekedés végétől (BBCH 39) tobozok szedésérettségéig (BBCH 89),,3,7,2026-12-31,BadgeWG_mód_20251007.pdf,https://novenyvedoszer.nebih.gov.hu/Engedelykereso/DocumentHandler.ashx?documentId=347945463es347942624&documentName=BadgeWG_m%c3%b3d_20251007.pdf,missing verified normal row recovered from latest permit point 4 table
Badge WG,6300/656-1/2019,alapengedely,cukorrépa,"cerkospórás levélfoltosság, ramuláriás levélfoltosság",gombaölő szer,3.5,kg/ha,200-500,l/ha,39,39,sorzáródás végétől (BBCH 39) gyökérfejlődés végéig (BBCH 49),,3,7,2026-12-31,BadgeWG_mód_20251007.pdf,https://novenyvedoszer.nebih.gov.hu/Engedelykereso/DocumentHandler.ashx?documentId=347945463es347942624&documentName=BadgeWG_m%c3%b3d_20251007.pdf,missing verified normal row recovered from latest permit point 4 table
Flosul,6300/13225-2/2019,alapengedely,Uborka,lisztharmat,gombaölő szer,5-7.5,l/ha,400-1000,l/ha,13,13,háromleveles állapottól (BBCH 13) teljes érésig (BBCH 89),,6,7,2029-05-31,Flosul_mód_20251209.pdf,https://novenyvedoszer.nebih.gov.hu/Engedelykereso/DocumentHandler.ashx?documentId=348233510es348252608&documentName=Flosul_m%c3%b3d_20251209.pdf,missing verified normal row recovered from latest permit point 4 table
Flosul,6300/13225-2/2019,alapengedely,"Sütőtök, spárgatök, patisszon",lisztharmat,gombaölő szer,5,l/ha,200-600,l/ha,13,13,háromleveles állapottól (BBCH 13) teljes érésig (BBCH 89),,8,7,2029-05-31,Flosul_mód_20251209.pdf,https://novenyvedoszer.nebih.gov.hu/Engedelykereso/DocumentHandler.ashx?documentId=348233510es348252608&documentName=Flosul_m%c3%b3d_20251209.pdf,missing verified normal row recovered from latest permit point 4 table
Flosul,6300/13225-2/2019,alapengedely,"Sárgadinnye, görögdinnye",lisztharmat,gombaölő szer,5-7.5,l/ha,200-600,l/ha,13,13,háromleveles állapottól (BBCH 13) teljes érésig (BBCH 89),,5,7,2029-05-31,Flosul_mód_20251209.pdf,https://novenyvedoszer.nebih.gov.hu/Engedelykereso/DocumentHandler.ashx?documentId=348233510es348252608&documentName=Flosul_m%c3%b3d_20251209.pdf,missing verified normal row recovered from latest permit point 4 table
Flosul,6300/13225-2/2019,alapengedely,Zöldborsó,lisztharmat,gombaölő szer,5-7.5,l/ha,400-1000,l/ha,13,13,háromleveles állapottól (BBCH 13) végső hüvelyméretig (BBCH 79),,1,7,2029-05-31,Flosul_mód_20251209.pdf,https://novenyvedoszer.nebih.gov.hu/Engedelykereso/DocumentHandler.ashx?documentId=348233510es348252608&documentName=Flosul_m%c3%b3d_20251209.pdf,missing verified normal row recovered from latest permit point 4 table
Flosul,6300/13225-2/2019,alapengedely,"Fejes saláta és egyéb salátafélék (zsázsa, endíviasaláta,borsmustár /rukkola/, vörös saláta)",lisztharmat,gombaölő szer,3.5-7.5,l/ha,200-1000,l/ha,13,13,2-3 leveles állapottól (BBCH 13) teljes magérésig (BBCH 89),,4,15,2029-05-31,Flosul_mód_20251209.pdf,https://novenyvedoszer.nebih.gov.hu/Engedelykereso/DocumentHandler.ashx?documentId=348233510es348252608&documentName=Flosul_m%c3%b3d_20251209.pdf,missing verified normal row recovered from latest permit point 4 table
Flosul,6300/13225-2/2019,alapengedely,Szamóca,lisztharmat,gombaölő szer,5-7.5,l/ha,200-600,l/ha,60,60,az első virágok nyílásától (BBCH 60) a szedéseket követő időszakig (BBCH 90),,8,9,2029-05-31,Flosul_mód_20251209.pdf,https://novenyvedoszer.nebih.gov.hu/Engedelykereso/DocumentHandler.ashx?documentId=348233510es348252608&documentName=Flosul_m%c3%b3d_20251209.pdf,missing verified normal row recovered from latest permit point 4 table
Flosul,6300/13225-2/2019,alapengedely,Rózsa,lisztharmat,gombaölő szer,3,l/ha,450-1500,l/ha,11,11,első levelek kiterülésétől (BBCH 11),,5,10,2029-05-31,Flosul_mód_20251209.pdf,https://novenyvedoszer.nebih.gov.hu/Engedelykereso/DocumentHandler.ashx?documentId=348233510es348252608&documentName=Flosul_m%c3%b3d_20251209.pdf,missing verified normal row recovered from latest permit point 4 table
Funguran Progress,6300/741-1/2019,alapengedely,Burgonya,burgonyavész,gombaölő szer,2,kg/ha,150-400,l/ha,37,37,sorzáródás (BBCH 37) – levélsárgulás kezdete (BBCH 91),,4,7,2029-03-31,Funguran Progress _mód_20240220.pdf,https://novenyvedoszer.nebih.gov.hu/Engedelykereso/DocumentHandler.ashx?documentId=344859775es344860279&documentName=Funguran+Progress+_m%c3%b3d_20240220.pdf,missing verified normal row recovered from latest permit point 4 table
Funguran Progress,6300/741-1/2019,alapengedely,Díszbokrok és díszcserjék (legfeljebb 50 cm-es magasságig),baktériumos levélfoltosságok,gombaölő szer,2,kg/ha,800,l/ha,12,12,levélkiterülés (BBCH 12),,4,10,2029-03-31,Funguran Progress _mód_20240220.pdf,https://novenyvedoszer.nebih.gov.hu/Engedelykereso/DocumentHandler.ashx?documentId=344859775es344860279&documentName=Funguran+Progress+_m%c3%b3d_20240220.pdf,missing verified normal row recovered from latest permit point 4 table
Funguran Progress,6300/741-1/2019,alapengedely,Komló,peronoszpóra,gombaölő szer,2.4,kg/ha,1200,max,31,31,a felsővezeték magasságához viszonyított 10%-os indahossz (BBCH 31) – 50-60%-os indahossz (BBCH 36),,2,7,2029-03-31,Funguran Progress _mód_20240220.pdf,https://novenyvedoszer.nebih.gov.hu/Engedelykereso/DocumentHandler.ashx?documentId=344859775es344860279&documentName=Funguran+Progress+_m%c3%b3d_20240220.pdf,missing verified normal row recovered from latest permit point 4 table
Kumar,6300/891-1/2021,alapengedely,"vöröshagyma, fokhagyma, mogyoró-hagyma, gyöngyhagyma szabadföldi",sztemfíliumos betegség,gombaölő szer,3,kg/ha,400-600,l/ha,13,13,háromleveles állapottól (BBCH 13) a fejátmérő eléréséig (BBCH 49),,6,7,2037-10-31,Kumar megújítás_0059488-1_2024.07.16_publikus.pdf,https://novenyvedoszer.nebih.gov.hu/Engedelykereso/DocumentHandler.ashx?documentId=345801440es345799646&documentName=Kumar+meg%c3%baj%c3%adt%c3%a1s_0059488-1_2024.07.16_publikus.pdf,missing verified normal row recovered from latest permit point 4 table
Kumar,6300/891-1/2021,alapengedely,"sárgarépa, petrezselyem, kerekrépa, karórépa, pasztinák, zeller, torma, retek, cékla, csicsóka, feketegyökér szabadföldi",lisztharmat,gombaölő szer,3,kg/ha,400-600,l/ha,13,13,háromleveles állapottól (BBCH 13) a gyökérnövekedés (BBCH 49),,6,7,2037-10-31,Kumar megújítás_0059488-1_2024.07.16_publikus.pdf,https://novenyvedoszer.nebih.gov.hu/Engedelykereso/DocumentHandler.ashx?documentId=345801440es345799646&documentName=Kumar+meg%c3%baj%c3%adt%c3%a1s_0059488-1_2024.07.16_publikus.pdf,missing verified normal row recovered from latest permit point 4 table
Kumar,6300/891-1/2021,alapengedely,spárga szabadföldi,sztemfíliumos betegség,gombaölő szer,3,kg/ha,800-1000,l/ha,39,39,szárnövekedés végétől (BBCH 39) a fillokládiumok lehullásáig (BBCH 93),,6,7,2037-10-31,Kumar megújítás_0059488-1_2024.07.16_publikus.pdf,https://novenyvedoszer.nebih.gov.hu/Engedelykereso/DocumentHandler.ashx?documentId=345801440es345799646&documentName=Kumar+meg%c3%baj%c3%adt%c3%a1s_0059488-1_2024.07.16_publikus.pdf,missing verified normal row recovered from latest permit point 4 table
Kumar,6300/891-1/2021,alapengedely,"angelika, bazsalikom, borsikafű, cickafark, citromfű, édesgyökér, édeskömény (édes és keserű), izsóp, kakukkfű, kamilla, kapor, komló, konyhakömény, koriander, kis ezerjófű, lestyán, levendula, macskagyökér, majoránna, mályva, menta, metélőhagyma, metélőpetrezse- lyem, orbáncfű, orvosi pemetefű, orvosi zilíz, orvosi zsálya, ökörfarkkóró, rozmaring, sáfrányos szeklice, szurokfű, tárkony, zamatos turbolya szabadföldi és hajtatott",lisztharmat,gombaölő szer,3,kg/ha,400-600,l/ha,12,12,kétleveles állapottól (BBCH 12) szedés/betakarítás előtti második napig (BBCH 87),,6,7,2037-10-31,Kumar megújítás_0059488-1_2024.07.16_publikus.pdf,https://novenyvedoszer.nebih.gov.hu/Engedelykereso/DocumentHandler.ashx?documentId=345801440es345799646&documentName=Kumar+meg%c3%baj%c3%adt%c3%a1s_0059488-1_2024.07.16_publikus.pdf,missing verified normal row recovered from latest permit point 4 table
Polyversum,04.2/285-1/2011,alapengedely,"őszi káposztarepce, tavaszi káposztarepce, mustár, olajretek",csírakori betegségek,gombaölő szer,2,kg/t mag,5-10,l/t,,,vetőmag,,1,,2039-02-28,Polyversum mód_32686-2_2025.05.22_publikus.pdf,https://novenyvedoszer.nebih.gov.hu/Engedelykereso/DocumentHandler.ashx?documentId=347048189es347250567&documentName=Polyversum+m%c3%b3d_32686-2_2025.05.22_publikus.pdf,missing verified normal row recovered from latest permit point 4 table
Polyversum,04.2/285-1/2011,alapengedely,szamóca szabadföldi,"diplokarponos levélfoltosság (feketefoltosság), gnomóniás levélfoltosság, mikoszferellás levélfoltosság, botrítiszes betegség (szürkepenész), fitoftórás gyümölcsrothadás",gombaölő szer,0.1-0.2,kg/ha,300-800,permetezés l/ha,41,41,indanövekedés kezdetétől (BBCH 41) fajtára jellemző színeződés kezdetéig (BBCH 85),,4,7,2039-02-28,Polyversum mód_32686-2_2025.05.22_publikus.pdf,https://novenyvedoszer.nebih.gov.hu/Engedelykereso/DocumentHandler.ashx?documentId=347048189es347250567&documentName=Polyversum+m%c3%b3d_32686-2_2025.05.22_publikus.pdf,missing verified normal row recovered from latest permit point 4 table
Polyversum,04.2/285-1/2011,alapengedely,uborka szabadföldi,csírakori betegségek,gombaölő szer,2,kg/t mag,5-10,l/t,,,vetőmag,,1,7,2039-02-28,Polyversum mód_32686-2_2025.05.22_publikus.pdf,https://novenyvedoszer.nebih.gov.hu/Engedelykereso/DocumentHandler.ashx?documentId=347048189es347250567&documentName=Polyversum+m%c3%b3d_32686-2_2025.05.22_publikus.pdf,missing verified normal row recovered from latest permit point 4 table
Polyversum,04.2/285-1/2011,alapengedely,"paradicsom, paprika hajtatott",csírakori betegségek,gombaölő szer,2,kg/t mag,5-10,l/t,,,vetőmag,,1,5,2039-02-28,Polyversum mód_32686-2_2025.05.22_publikus.pdf,https://novenyvedoszer.nebih.gov.hu/Engedelykereso/DocumentHandler.ashx?documentId=347048189es347250567&documentName=Polyversum+m%c3%b3d_32686-2_2025.05.22_publikus.pdf,missing verified normal row recovered from latest permit point 4 table
Polyversum,04.2/285-1/2011,alapengedely,"fejeskáposzta, kelkáposzta, bimbós kel,",csírakori betegségek,gombaölő szer,2,kg/t mag,5-10,l/t,,,vetőmag,,1,5,2039-02-28,Polyversum mód_32686-2_2025.05.22_publikus.pdf,https://novenyvedoszer.nebih.gov.hu/Engedelykereso/DocumentHandler.ashx?documentId=347048189es347250567&documentName=Polyversum+m%c3%b3d_32686-2_2025.05.22_publikus.pdf,missing verified normal row recovered from latest permit point 4 table
Polyversum,04.2/285-1/2011,alapengedely,"sárgarépa, petrezselyem, zeller, pasztinák",csírakori betegségek,gombaölő szer,2,kg/t mag,5-10,l/t,,,vetőmag,,1,14,2039-02-28,Polyversum mód_32686-2_2025.05.22_publikus.pdf,https://novenyvedoszer.nebih.gov.hu/Engedelykereso/DocumentHandler.ashx?documentId=347048189es347250567&documentName=Polyversum+m%c3%b3d_32686-2_2025.05.22_publikus.pdf,missing verified normal row recovered from latest permit point 4 table
Polyversum,04.2/285-1/2011,alapengedely,"pázsitok, gyepek, golf- és futball pályák","fuzáriumos betegségek, hópenész, pítiumos betegség",gombaölő szer,2,kg/t mag,5-10,l/t,,,vetőmag,,1,14,2039-02-28,Polyversum mód_32686-2_2025.05.22_publikus.pdf,https://novenyvedoszer.nebih.gov.hu/Engedelykereso/DocumentHandler.ashx?documentId=347048189es347250567&documentName=Polyversum+m%c3%b3d_32686-2_2025.05.22_publikus.pdf,missing verified normal row recovered from latest permit point 4 table
Polyversum,04.2/285-1/2011,alapengedely,erdészeti- és dísznövény csemetekertek,csírakori betegségek,gombaölő szer,2,kg/t mag,5-10,l/t,,,vetőmag,,1,14,2039-02-28,Polyversum mód_32686-2_2025.05.22_publikus.pdf,https://novenyvedoszer.nebih.gov.hu/Engedelykereso/DocumentHandler.ashx?documentId=347048189es347250567&documentName=Polyversum+m%c3%b3d_32686-2_2025.05.22_publikus.pdf,missing verified normal row recovered from latest permit point 4 table
Polyversum,04.2/285-1/2011,alapengedely,erdészeti- és dísznövény csemetekertek,"szklerotíniás betegség (fehérpenész), botrítiszes betegség (szürkepenész), levélfoltosságok (Alternaria spp., Septoria spp., Phyllosticta spp. stb.)",gombaölő szer,0.25,kg/ha,300-800,l/ha,31,31,hajtásnövekedés kezdetétől (BBCH 31) hajtásnövekedés végéig (BBCH 91),,7,7,2039-02-28,Polyversum mód_32686-2_2025.05.22_publikus.pdf,https://novenyvedoszer.nebih.gov.hu/Engedelykereso/DocumentHandler.ashx?documentId=347048189es347250567&documentName=Polyversum+m%c3%b3d_32686-2_2025.05.22_publikus.pdf,missing verified normal row recovered from latest permit point 4 table
Scala,02.5/11108-2/2010,alapengedely,vöröshagyma,"botrítiszes betegség (szürkepenész), alternáriás- és sztemfíliumos betegség",gombaölő szer,1-2,l/ha,300-600,l/ha,13,13,3. levél megjelenésétől (BBCH 13) 50%-os dőlésig (BBCH 48),,2,10,2028-05-31,Scala_mod_20260511.pdf,https://novenyvedoszer.nebih.gov.hu/Engedelykereso/DocumentHandler.ashx?documentId=350182020es350111999&documentName=Scala_mod_20260511.pdf,missing verified normal row recovered from latest permit point 4 table
Scala,02.5/11108-2/2010,alapengedely,póréhagyma szabadföldi,"botrítiszes betegség (szürkepenész), alternáriás- és sztemfíliumos betegség",gombaölő szer,1-2,l/ha,300-600,l/ha,15,15,5. levél megjelenésétől (BBCH 15) levélszáradásig (BBCH 49),,2,10,2028-05-31,Scala_mod_20260511.pdf,https://novenyvedoszer.nebih.gov.hu/Engedelykereso/DocumentHandler.ashx?documentId=350182020es350111999&documentName=Scala_mod_20260511.pdf,missing verified normal row recovered from latest permit point 4 table
Scala,02.5/11108-2/2010,alapengedely,sárgarépa,"alternáriás levélfoltosság, cerkospórás levélfoltosság",gombaölő szer,1.5-2,l/ha,200-800,l/ha,16,16,6 leveles állapottól (BBCH 16) gyökérnövekedés végéig (BBCH 49),,2,10,2028-05-31,Scala_mod_20260511.pdf,https://novenyvedoszer.nebih.gov.hu/Engedelykereso/DocumentHandler.ashx?documentId=350182020es350111999&documentName=Scala_mod_20260511.pdf,missing verified normal row recovered from latest permit point 4 table
Sulbari,6300/2631-1/2021,alapengedely,cukorrépa takarmányrépa,lisztharmat,gombaölő szer,5-7.5,kg/ha,200-600,l/ha,39,39,sorzáródás végétől (BBCH 39) gyökérfejlődés végéig (BBCH 49),,2,10,2026-10-30,Sulbari_eng_20211005.pdf,https://novenyvedoszer.nebih.gov.hu/Engedelykereso/DocumentHandler.ashx?documentId=315398455es315380665&documentName=Sulbari_eng_20211005.pdf,missing verified normal row recovered from latest permit point 4 table
Sulbari,6300/2631-1/2021,alapengedely,"szőlő (bor-, csemege-)",lisztharmat,gombaölő szer,3-12.5,kg/ha,300-1000,l/ha,09,09,rügyfakadást követően a zöld hajtáscsúcsok láthatóvá válásától (BBCH 09) fürtzáródás végéig (BBCH 79),,8,7,2026-10-30,Sulbari_eng_20211005.pdf,https://novenyvedoszer.nebih.gov.hu/Engedelykereso/DocumentHandler.ashx?documentId=315398455es315380665&documentName=Sulbari_eng_20211005.pdf,missing verified normal row recovered from latest permit point 4 table
Sulbari,6300/2631-1/2021,alapengedely,"almatermésűek (alma, körte, birs, naspolya)",lisztharmat,gombaölő szer,3-7.5,kg/ha,500-1000,l/ha,10,10,egérfüles állapottól (BBCH 10) kései piros/fehérbimbós állapotig (BBCH 59),,2,7,2026-10-30,Sulbari_eng_20211005.pdf,https://novenyvedoszer.nebih.gov.hu/Engedelykereso/DocumentHandler.ashx?documentId=315398455es315380665&documentName=Sulbari_eng_20211005.pdf,missing verified normal row recovered from latest permit point 4 table
Sulbari,6300/2631-1/2021,alapengedely,"őszibarack, kajszi, nektarin",lisztharmat,gombaölő szer,5,kg/ha,500-1000,l/ha,69,69,virágzás végétől (BBCH 69) a fajtára jellemző gyümölcsszíneződ és kialakulásáig (BBCH 85),,3,7,2026-10-30,Sulbari_eng_20211005.pdf,https://novenyvedoszer.nebih.gov.hu/Engedelykereso/DocumentHandler.ashx?documentId=315398455es315380665&documentName=Sulbari_eng_20211005.pdf,missing verified normal row recovered from latest permit point 4 table
Sulbari,6300/2631-1/2021,alapengedely,"paprika, paradicsom, tojásgyümölcs",lisztharmat,gombaölő szer,3-5,kg/ha,200-1000,l/ha,13,13,háromleveles állapottól (BBCH 13) 80%-os érésig (BBCH 88),,4,10,2026-10-30,Sulbari_eng_20211005.pdf,https://novenyvedoszer.nebih.gov.hu/Engedelykereso/DocumentHandler.ashx?documentId=315398455es315380665&documentName=Sulbari_eng_20211005.pdf,missing verified normal row recovered from latest permit point 4 table
Sulbari,6300/2631-1/2021,alapengedely,"kabakosok (sárgadinnye, görögdinnye, cukkini, uborka, sütőtök, spárgatök, patisszon)",lisztharmat,gombaölő szer,3-5,kg/ha,200-1000,l/ha,13,13,háromleveles állapottól (BBCH 13) 80%-os érésig (BBCH 88),,4,10,2026-10-30,Sulbari_eng_20211005.pdf,https://novenyvedoszer.nebih.gov.hu/Engedelykereso/DocumentHandler.ashx?documentId=315398455es315380665&documentName=Sulbari_eng_20211005.pdf,missing verified normal row recovered from latest permit point 4 table
Sulbari,6300/2631-1/2021,alapengedely,"száraz borsó, zöldborsó",lisztharmat,gombaölő szer,3-5,kg/ha,400-1000,l/ha,13,13,háromleveles állapottól (BBCH 13) végső hüvelyméretig (BBCH 79),,2,7,2026-10-30,Sulbari_eng_20211005.pdf,https://novenyvedoszer.nebih.gov.hu/Engedelykereso/DocumentHandler.ashx?documentId=315398455es315380665&documentName=Sulbari_eng_20211005.pdf,missing verified normal row recovered from latest permit point 4 table
Tazer 250 SC,04.2/86-1/2014,alapengedely,spárga,rozsda,gombaölő szer,1,l/ha,600-800,l/ha,60,60,hajtásnövekedéstől (BBCH 60) termés (bogyó) érésig (BBCH 88),,3,10,2027-12-31,Tazer_KKmod_20260410.pdf,https://novenyvedoszer.nebih.gov.hu/Engedelykereso/DocumentHandler.ashx?documentId=348897721es348890194&documentName=Tazer_KKmod_20260410.pdf,missing verified normal row recovered from latest permit point 4 table
Tazer 250 SC,04.2/86-1/2014,alapengedely,"száraz bab, száraz borsó, lencse","lisztharmat, peronoszpóra, rozsda, aszkohitás foltosság",gombaölő szer,0.75-1,l/ha,400-600,l/ha,13,13,3 leveles állapottól (BBCH 13) a hüvelyek 50%-a elérte a végleges nagyságot állapotig (BBCH 75),,2,10,2027-12-31,Tazer_KKmod_20260410.pdf,https://novenyvedoszer.nebih.gov.hu/Engedelykereso/DocumentHandler.ashx?documentId=348897721es348890194&documentName=Tazer_KKmod_20260410.pdf,missing verified normal row recovered from latest permit point 4 table
Tazer 250 SC,04.2/86-1/2014,alapengedely,"cukorborsó, zöldborsó, zöldbab","lisztharmat, peronoszpóra, rozsda, aszkohitás foltosság",gombaölő szer,0.75-1,l/ha,400-600,l/ha,13,13,3 leveles állapottól (BBCH 13) a hüvelyek 30%-a elérte a végleges nagyságot állapotig (BBCH 73),,2,10,2027-12-31,Tazer_KKmod_20260410.pdf,https://novenyvedoszer.nebih.gov.hu/Engedelykereso/DocumentHandler.ashx?documentId=348897721es348890194&documentName=Tazer_KKmod_20260410.pdf,missing verified normal row recovered from latest permit point 4 table
Tazer 250 SC,04.2/86-1/2014,alapengedely,fejtett bab,"lisztharmat, peronoszpóra, rozsda, aszkohitás foltosság",gombaölő szer,0.75-1,l/ha,400-600,l/ha,13,13,3 leveles állapottól (BBCH 13) érés kezdetéig (BBCH 81),,2,10,2027-12-31,Tazer_KKmod_20260410.pdf,https://novenyvedoszer.nebih.gov.hu/Engedelykereso/DocumentHandler.ashx?documentId=348897721es348890194&documentName=Tazer_KKmod_20260410.pdf,missing verified normal row recovered from latest permit point 4 table
Tazer 250 SC,04.2/86-1/2014,alapengedely,"közterületi jelentőségű fásszárú- és évelő növények, cserepes- és vágott dísznövények","lisztharmat, peronoszpóra, rozsda, szürkepenész, alternáriás betegség",gombaölő szer,0.8-1,l/ha,500-1500,l/ha,,,nincs korlátozás,,2,14,2027-12-31,Tazer_KKmod_20260410.pdf,https://novenyvedoszer.nebih.gov.hu/Engedelykereso/DocumentHandler.ashx?documentId=348897721es348890194&documentName=Tazer_KKmod_20260410.pdf,missing verified normal row recovered from latest permit point 4 table
Tazer 250 SC,04.2/86-1/2014,alapengedely,szamóca,"szürkepenész lisztharmat, gnomóniás betegség, mikoszferellás levélfoltosság, antraknózis",gombaölő szer,0.8-1,l/ha,400-600,l/ha,55,55,első virágzatok megjelenésétől (BBCH 55) érés kezdetéig (BBCH 81),,2,10,2027-12-31,Tazer_KKmod_20260410.pdf,https://novenyvedoszer.nebih.gov.hu/Engedelykereso/DocumentHandler.ashx?documentId=348897721es348890194&documentName=Tazer_KKmod_20260410.pdf,missing verified normal row recovered from latest permit point 4 table
Tazer 250 SC,04.2/86-1/2014,alapengedely,"sárgarépa, paszternák, gyökérpetrezselyem","lisztharmat, sztemfíliumos betegség, alternáriás betegség, cerkospórás levélfoltosság, peronoszpóra",gombaölő szer,1,l/ha,200-600,l/ha,16,16,6 leveles állapottól (BBCH 16) végső gyökérvastagság eléréséig (BBCH 49),,2,7,2027-12-31,Tazer_KKmod_20260410.pdf,https://novenyvedoszer.nebih.gov.hu/Engedelykereso/DocumentHandler.ashx?documentId=348897721es348890194&documentName=Tazer_KKmod_20260410.pdf,missing verified normal row recovered from latest permit point 4 table
Amistar Gold,6300/336-1/2021,alapengedely,búza őszi és tavaszi,"szeptóriás levélfoltosság, levélrozsda (vörösrozsda), sárgarozsda",gombaölő szer,1,l/ha,200-400,l/ha,31,31,egy szárcsomós állapottól (BBCH 31) virágzás végéig (BBCH 69),,1,,2027-03-15,AmistarGold_mod_20251118.pdf,https://novenyvedoszer.nebih.gov.hu/Engedelykereso/DocumentHandler.ashx?documentId=348142309es348078949&documentName=AmistarGold_mod_20251118.pdf,missing verified normal row recovered from latest permit point 4 table
Amistar Gold,6300/336-1/2021,alapengedely,őszi káposztarepce,fómás (plenodómuszos) betegség szklerotíniás betegség,gombaölő szer,1,l/ha,200-400,l/ha,14,14,négyleveles állapottól (BBCH 14) virágzás végéig (BBCH 69),,"2 (1 ősszel, 1 tavasszal)",,2027-03-15,AmistarGold_mod_20251118.pdf,https://novenyvedoszer.nebih.gov.hu/Engedelykereso/DocumentHandler.ashx?documentId=348142309es348078949&documentName=AmistarGold_mod_20251118.pdf,missing verified normal row recovered from latest permit point 4 table
Amistar Gold,6300/336-1/2021,alapengedely,tavaszi repce,fómás (plenodómuszos) szklerotíniás betegség,gombaölő szer,1,l/ha,200-400,l/ha,30,30,szárbaindulástól (BBCH 30) virágzás végéig (BBCH 69),,1,,2027-03-15,AmistarGold_mod_20251118.pdf,https://novenyvedoszer.nebih.gov.hu/Engedelykereso/DocumentHandler.ashx?documentId=348142309es348078949&documentName=AmistarGold_mod_20251118.pdf,missing verified normal row recovered from latest permit point 4 table
Amistar Gold,6300/336-1/2021,alapengedely,napraforgó,szklerotíniás betegség leptoszfériás és diaportés szárfoltosság,gombaölő szer,1,l/ha,200-600,l/ha,30,30,szármegnyúlás kezdetétől (BBCH 30) virágzat kiemelkedéséig (BBCH 55),,2,21,2027-03-15,AmistarGold_mod_20251118.pdf,https://novenyvedoszer.nebih.gov.hu/Engedelykereso/DocumentHandler.ashx?documentId=348142309es348078949&documentName=AmistarGold_mod_20251118.pdf,missing verified normal row recovered from latest permit point 4 table
Amistar Gold,6300/336-1/2021,alapengedely,"cukorrépa, takarmány- répa","cerkospórás levélfoltosság, ramuláriás levélfoltosság, rozsda, lisztharmat, rizoktóniás betegség",gombaölő szer,1,l/ha,200-400,l/ha,31,31,sorzáródás kezdetétől (BBCH 31) a gyökérfejlődés végéig (BBCH 49),,2,21,2027-03-15,AmistarGold_mod_20251118.pdf,https://novenyvedoszer.nebih.gov.hu/Engedelykereso/DocumentHandler.ashx?documentId=348142309es348078949&documentName=AmistarGold_mod_20251118.pdf,missing verified normal row recovered from latest permit point 4 table
DiPel DF,04.2/2118-1/2013,alapengedely,"hüvelyesek (zöldborsó, zöldbab, csicseriborsó, lóbab) (szabadföldi)","bagoly- lepkék, gyapottok- bagolylepke, lombrágó hernyók, borsómoly",rovarölő szer,1,kg/ha,400-600,l/ha,09,89,keléstől szedésérettségig (BBCH 09-89,,8,7,2038-06-30,DiPel_DF_mod_20250403publikus.pdf,https://novenyvedoszer.nebih.gov.hu/Engedelykereso/DocumentHandler.ashx?documentId=346860819es346853239&documentName=DiPel_DF_mod_20250403publikus.pdf,missing verified normal row recovered from latest permit point 4 table
DiPel DF,04.2/2118-1/2013,alapengedely,salátafélék (szabadföldi),"bagoly- lepkék, lombrágó hernyók",rovarölő szer,1,kg/ha,400-600,l/ha,09,89,keléstől szedésérettségig (BBCH 09- 89),,8,7,2038-06-30,DiPel_DF_mod_20250403publikus.pdf,https://novenyvedoszer.nebih.gov.hu/Engedelykereso/DocumentHandler.ashx?documentId=346860819es346853239&documentName=DiPel_DF_mod_20250403publikus.pdf,missing verified normal row recovered from latest permit point 4 table
DiPel DF,04.2/2118-1/2013,alapengedely,"hajtatott dísznövények (szegfű, muskátli, gerbera, hibiszkusz, rózsa)",lombrágó hernyók,rovarölő szer,0.75-1,kg/ha,,,09,87,"keléstől, hajtatástól szedésérettségig (BBCH 09-87)",,8,7,2038-06-30,DiPel_DF_mod_20250403publikus.pdf,https://novenyvedoszer.nebih.gov.hu/Engedelykereso/DocumentHandler.ashx?documentId=346860819es346853239&documentName=DiPel_DF_mod_20250403publikus.pdf,missing verified normal row recovered from latest permit point 4 table
DiPel DF,04.2/2118-1/2013,alapengedely,"cseresznye meggy, kajszi, szilva","lombrágó hernyók, gyümölcs- molyok, amerikai fehér medvelepke",rovarölő szer,1-1.5,kg/ha,800-1500,l/ha,11,87,Levélkiterülés kezdetétől szedésérettségig (BBCH 11-87),,8,7,2038-06-30,DiPel_DF_mod_20250403publikus.pdf,https://novenyvedoszer.nebih.gov.hu/Engedelykereso/DocumentHandler.ashx?documentId=346860819es346853239&documentName=DiPel_DF_mod_20250403publikus.pdf,missing verified normal row recovered from latest permit point 4 table
DiPel DF,04.2/2118-1/2013,alapengedely,"bogyós gyümölcsűek (málna, szeder, köszméte, ribiszke, fekete bodza, szamóca)","lombrágó hernyók, amerikai fehér medvelepke",rovarölő szer,1-1.5,kg/ha,400-800,l/ha,11,87,Levélkiterülés kezdetétől szedésérettségig (BBCH 11-87),,8,7,2038-06-30,DiPel_DF_mod_20250403publikus.pdf,https://novenyvedoszer.nebih.gov.hu/Engedelykereso/DocumentHandler.ashx?documentId=346860819es346853239&documentName=DiPel_DF_mod_20250403publikus.pdf,missing verified normal row recovered from latest permit point 4 table
DiPel DF,04.2/2118-1/2013,alapengedely,"héjas gyümölcsűek (dió, mandula, mogyoró, szelídgesztenye)","lombrágó hernyók, gyümölcs- molyok, amerikai fehér medvelepke",rovarölő szer,1-1.5,kg/ha,800-1500,l/ha,11,87,Levélkiterülés kezdetétől szedésérettségig (BBCH 11-87),,8,7,2038-06-30,DiPel_DF_mod_20250403publikus.pdf,https://novenyvedoszer.nebih.gov.hu/Engedelykereso/DocumentHandler.ashx?documentId=346860819es346853239&documentName=DiPel_DF_mod_20250403publikus.pdf,missing verified normal row recovered from latest permit point 4 table
Luna Sensation,04.2/1165-1/2018,alapengedely,"petrezselyem, zeller (gumós), pasztinák","alternáriás betegség, szklerotíniás betegség (fehérpenész), lisztharmat",gombaölő szer,0.5,l/ha,200-800,l/ha,41,41,gyökérvastagodás kezdetétől (BBCH 41) gyökérnövekedés végéig (BBCH 49),,2,14,2028-01-31,LunaSensation_mod_20250127.pdf,https://novenyvedoszer.nebih.gov.hu/Engedelykereso/DocumentHandler.ashx?documentId=348897719es348890192&documentName=LunaSensation_mod_20250127.pdf,missing verified normal row recovered from latest permit point 4 table
Luna Sensation,04.2/1165-1/2018,alapengedely,"kelkáposzta, kínai kel",alternáriás betegség,gombaölő szer,0.5,l/ha,200-800,l/ha,41,41,fejesedés kezdetétől (BBCH 41) végleges fejméret eléréséig (BBCH 49),,1,14,2028-01-31,LunaSensation_mod_20250127.pdf,https://novenyvedoszer.nebih.gov.hu/Engedelykereso/DocumentHandler.ashx?documentId=348897719es348890192&documentName=LunaSensation_mod_20250127.pdf,missing verified normal row recovered from latest permit point 4 table
Makler 250 SE,6300/410-1/2021,alapengedely,fejes káposzta,"alternáriás betegség, botrítiszes betegség (szürkepenész)",gombaölő szer,0.8,l/ha,200-600,l/ha,41,41,fejesedés kezdetétől (BBCH 41) végleges fejméret eléréséig (BBCH 49),,2,8,2028-05-31,Makler250SE_mod_20251015.pdf,https://novenyvedoszer.nebih.gov.hu/Engedelykereso/DocumentHandler.ashx?documentId=347992854es347966635&documentName=Makler250SE_mod_20251015.pdf,missing verified normal row recovered from latest permit point 4 table
Makler 250 SE,6300/410-1/2021,alapengedely,"karfiol, brokkoli, kelbimbó, kelkáposzta","albugós betegség (fehérsömör), alternáriás betegség, peronoszpóra, mikoszferellás gyűrűsfoltosság",gombaölő szer,0.8-1,l/ha,200-600,l/ha,13,13,3 leveles állapottól (BBCH 13) végleges főhajtáshossz eléréséig (BBCH 39),,2,12,2028-05-31,Makler250SE_mod_20251015.pdf,https://novenyvedoszer.nebih.gov.hu/Engedelykereso/DocumentHandler.ashx?documentId=347992854es347966635&documentName=Makler250SE_mod_20251015.pdf,missing verified normal row recovered from latest permit point 4 table
Makler 250 SE,6300/410-1/2021,alapengedely,gumós zeller,"szeptóriás levélfoltosság, cerkospórás levélfoltosság",gombaölő szer,1,l/ha,200-400,l/ha,19,19,9 vagy több valódi levél kiterülésétől (BBCH 19) gyökérfejlődés végéig (BBCH 49),,1,12,2028-05-31,Makler250SE_mod_20251015.pdf,https://novenyvedoszer.nebih.gov.hu/Engedelykereso/DocumentHandler.ashx?documentId=347992854es347966635&documentName=Makler250SE_mod_20251015.pdf,missing verified normal row recovered from latest permit point 4 table
Makler 250 SE,6300/410-1/2021,alapengedely,"torma, tarlórépa","lisztharmat, alternáriás betegség, botrítiszes betegség (szürkepenész), albugós betegség (fehérsömör)",gombaölő szer,1,l/ha,200-400,l/ha,19,19,9 vagy több valódi levél kiterülésétől (BBCH 19) gyökérfejlődés végéig (BBCH 49),,1,12,2028-05-31,Makler250SE_mod_20251015.pdf,https://novenyvedoszer.nebih.gov.hu/Engedelykereso/DocumentHandler.ashx?documentId=347992854es347966635&documentName=Makler250SE_mod_20251015.pdf,missing verified normal row recovered from latest permit point 4 table
Makler 250 SE,6300/410-1/2021,alapengedely,cékla,"cerkospórás levélfoltosság, lisztharmat",gombaölő szer,1,l/ha,200-400,l/ha,11,11,1 leveles állapottól (BBCH 11) gyökérfejlődés végéig (BBCH 49),,1,12,2028-05-31,Makler250SE_mod_20251015.pdf,https://novenyvedoszer.nebih.gov.hu/Engedelykereso/DocumentHandler.ashx?documentId=347992854es347966635&documentName=Makler250SE_mod_20251015.pdf,missing verified normal row recovered from latest permit point 4 table
Medax Top,04.2/1322-1/2014,alapengedely,őszi káposztarepce,"növekedés szabályozás, szárszilárdítás, télállóság fokozása",növekedés szabályozó szer,0.6-1,l/ha,200-250,l/ha,13,19,ősszel háromleveles állapottól tőlevélrózsás fejlettségig (BBCH 13- 19) és/vagy tavasszal 1 nóduszos állapottól zöldbimbós állapotig (BBCH 31- 51),,1 őszi és/vagy 1 tavaszi,,2026-10-15,Medax Top_KKmod_0095551-1_2024.11.14_publikus.pdf,https://novenyvedoszer.nebih.gov.hu/Engedelykereso/DocumentHandler.ashx?documentId=346208221es346208526&documentName=Medax+Top_KKmod_0095551-1_2024.11.14_publikus.pdf,missing verified normal row recovered from latest permit point 4 table
Medax Top,04.2/1322-1/2014,alapengedely,"durumbúza, tönkölybúza","növekedés szabályozás, szárszilárdítás",növekedés szabályozó szer,1,l/ha,200-250,l/ha,31,37,1 nóduszos állapottól zászlóslevél megjelenéséig (BBCH 31- 37),,1,14,2026-10-15,Medax Top_KKmod_0095551-1_2024.11.14_publikus.pdf,https://novenyvedoszer.nebih.gov.hu/Engedelykereso/DocumentHandler.ashx?documentId=346208221es346208526&documentName=Medax+Top_KKmod_0095551-1_2024.11.14_publikus.pdf,missing verified normal row recovered from latest permit point 4 table
Medax Top,04.2/1322-1/2014,alapengedely,mustár (vetőmag),"növekedés szabályozás, szárszilárdítás",növekedés szabályozó szer,1,l/ha,200-250,l/ha,21,51,első oldalhajtás megjelenésétő l zöldbimbós állapotig (BBCH 21- 51),,1,14,2026-10-15,Medax Top_KKmod_0095551-1_2024.11.14_publikus.pdf,https://novenyvedoszer.nebih.gov.hu/Engedelykereso/DocumentHandler.ashx?documentId=346208221es346208526&documentName=Medax+Top_KKmod_0095551-1_2024.11.14_publikus.pdf,missing verified normal row recovered from latest permit point 4 table
Medax Top,04.2/1322-1/2014,alapengedely,olajlen,"növekedés szabályozás, szárszilárdítás",növekedés szabályozó szer,1,l/ha,200-250,l/ha,,,szárnövekedé s kezdetétől első sziromlevelek,,1,14,2026-10-15,Medax Top_KKmod_0095551-1_2024.11.14_publikus.pdf,https://novenyvedoszer.nebih.gov.hu/Engedelykereso/DocumentHandler.ashx?documentId=346208221es346208526&documentName=Medax+Top_KKmod_0095551-1_2024.11.14_publikus.pdf,missing verified normal row recovered from latest permit point 4 table
Medax Top,04.2/1322-1/2014,alapengedely,magvas gomborka,"növekedés szabályozás, szárszilárdítás",növekedés szabályozó szer,1,l/ha,200-250,l/ha,31,59,szárbaindulás kezdetétől sárgabimbós állapotig (BBCH 31- 59),,1,14,2026-10-15,Medax Top_KKmod_0095551-1_2024.11.14_publikus.pdf,https://novenyvedoszer.nebih.gov.hu/Engedelykereso/DocumentHandler.ashx?documentId=346208221es346208526&documentName=Medax+Top_KKmod_0095551-1_2024.11.14_publikus.pdf,missing verified normal row recovered from latest permit point 4 table
Medax Top,04.2/1322-1/2014,alapengedely,mák,"növekedés szabályozás, szárszilárdítás",növekedés szabályozó szer,1,l/ha,200-250,l/ha,31,59,szárbaindulás kezdetétől kampósbot állapot végéig (BBCH 31- 59),,1,14,2026-10-15,Medax Top_KKmod_0095551-1_2024.11.14_publikus.pdf,https://novenyvedoszer.nebih.gov.hu/Engedelykereso/DocumentHandler.ashx?documentId=346208221es346208526&documentName=Medax+Top_KKmod_0095551-1_2024.11.14_publikus.pdf,missing verified normal row recovered from latest permit point 4 table
Merpan 80 WDG,02.5/773/2/2007,alapengedely,"Almatermésűek alma, körte, birs, naspolya","varasodás, moníliás betegség",gombaölő szer,1.25-2,kg/ha,800-1500,l/ha,07,07,rügypattanástól (BBCH 07) végső gyümölcsméret kialakulásáig (BBCH 80),,10,7,2027-01-31,Merpan80WDG_mod_20260428.pdf,https://novenyvedoszer.nebih.gov.hu/Engedelykereso/DocumentHandler.ashx?documentId=348959767es348930994&documentName=Merpan80WDG_mod_20260428.pdf,missing verified normal row recovered from latest permit point 4 table
Merpan 80 WDG,02.5/773/2/2007,alapengedely,"Csonthéjasok cseresznye, meggy,","sztigminás betegség, moníliás betegség, antraknózis",gombaölő szer,1.25-2,kg/ha,800-1200,l/ha,07,07,rügypattanástól (BBCH 07) zöldborsó nagyságú gyümölcsméret kialakulásáig (BBCH 71-74),,3,7,2027-01-31,Merpan80WDG_mod_20260428.pdf,https://novenyvedoszer.nebih.gov.hu/Engedelykereso/DocumentHandler.ashx?documentId=348959767es348930994&documentName=Merpan80WDG_mod_20260428.pdf,missing verified normal row recovered from latest permit point 4 table
Merpan 80 WDG,02.5/773/2/2007,alapengedely,szamóca,"gombabetegségek, kivéve: lisztharmat",gombaölő szer,1.25,kg/ha,400-600,l/ha,90,90,betakarítás utáni állapottól (BBCH 90) érés kezdetéig (BBCH 81),,2,7,2027-01-31,Merpan80WDG_mod_20260428.pdf,https://novenyvedoszer.nebih.gov.hu/Engedelykereso/DocumentHandler.ashx?documentId=348959767es348930994&documentName=Merpan80WDG_mod_20260428.pdf,missing verified normal row recovered from latest permit point 4 table
Merpan 80 WDG,02.5/773/2/2007,alapengedely,málna,"gombabetegségek, kivéve: lisztharmat",gombaölő szer,1.25,kg/ha,400-600,l/ha,90,90,betakarítás utáni állapottól (BBCH 90) érés kezdetéig (BBCH 81),,6,7,2027-01-31,Merpan80WDG_mod_20260428.pdf,https://novenyvedoszer.nebih.gov.hu/Engedelykereso/DocumentHandler.ashx?documentId=348959767es348930994&documentName=Merpan80WDG_mod_20260428.pdf,missing verified normal row recovered from latest permit point 4 table
Merpan 80 WDG,02.5/773/2/2007,alapengedely,paradicsom,"paradicsomvész, alternáriás betegség, szürkerothadás",gombaölő szer,1.25-1.6,kg/ha,400-600,l/ha,15,15,5 leveles állapottól (BBCH 15) az 1. bogyó teljes kifejlődéséig (BBCH 71),,4,7,2027-01-31,Merpan80WDG_mod_20260428.pdf,https://novenyvedoszer.nebih.gov.hu/Engedelykereso/DocumentHandler.ashx?documentId=348959767es348930994&documentName=Merpan80WDG_mod_20260428.pdf,missing verified normal row recovered from latest permit point 4 table
Milbeknock,04.2/1415-1/2018,alapengedely,paradicsom (szabadföldi),közönséges takácsatka (Tetranychus urticae),"rovarölő szer, atkaölő szer",1,l/ha,500-1500,l/ha,69,89,virágzás vége ‒ teljes érés (BBCH 69-89),,2,7,2027-05-31,Milbeknock_mod_40065_2_20251028_publikus.pdf,https://novenyvedoszer.nebih.gov.hu/Engedelykereso/DocumentHandler.ashx?documentId=348013446es348042781&documentName=Milbeknock_mod_40065_2_20251028_publikus.pdf,missing verified normal row recovered from latest permit point 4 table
Milbeknock,04.2/1415-1/2018,alapengedely,uborka (szabadföldi),közönséges takácsatka (Tetranychus urticae),"rovarölő szer, atkaölő szer",1,l/ha,500-1500,l/ha,69,89,virágzás vége ‒ teljes érés (BBCH 69-89),,2,7,2027-05-31,Milbeknock_mod_40065_2_20251028_publikus.pdf,https://novenyvedoszer.nebih.gov.hu/Engedelykereso/DocumentHandler.ashx?documentId=348013446es348042781&documentName=Milbeknock_mod_40065_2_20251028_publikus.pdf,missing verified normal row recovered from latest permit point 4 table
Nasa Neo,6300/955-1/2022,alapengedely,tarló,"1.1 magról kelő egy- és kétszikű gyomok, 1.2 évelő egy- és kétszikű gyomok",gyomirtó szer,2-6,l/ha,250-300,l/ha,,,a gyomnövények intenzív növekedésekor,,1,,2027-03-31,Nasa Neo eng 2022.03.23 publikus.pdf,https://novenyvedoszer.nebih.gov.hu/Engedelykereso/DocumentHandler.ashx?documentId=326208609es325499665&documentName=Nasa+Neo+eng+2022.03.23+publikus.pdf,missing verified normal row recovered from latest permit point 4 table
Nasa Neo,6300/955-1/2022,alapengedely,"szőlő (bor-, csemege-) (min. 3 éves)","magról kelő egy- és kétszikű gyomok, évelő egy- és kétszikű gyomok",gyomirtó szer,2-6,l/ha,150-300,l/ha,,,"hajtásnövekedés kezdetéig, szüret után",,2,60,2027-03-31,Nasa Neo eng 2022.03.23 publikus.pdf,https://novenyvedoszer.nebih.gov.hu/Engedelykereso/DocumentHandler.ashx?documentId=326208609es325499665&documentName=Nasa+Neo+eng+2022.03.23+publikus.pdf,missing verified normal row recovered from latest permit point 4 table
Nasa Neo,6300/955-1/2022,alapengedely,"almatermésűek (alma, körte, birs, naspolya) (min. 3 éves)","magról kelő egy- és kétszikű gyomok, évelő egy- és kétszikű gyomok",gyomirtó szer,2-6,l/ha,150-300,l/ha,,,hajtásnövekedés kezdetéig vagy szüret után,,1,60,2027-03-31,Nasa Neo eng 2022.03.23 publikus.pdf,https://novenyvedoszer.nebih.gov.hu/Engedelykereso/DocumentHandler.ashx?documentId=326208609es325499665&documentName=Nasa+Neo+eng+2022.03.23+publikus.pdf,missing verified normal row recovered from latest permit point 4 table
Nasa Neo,6300/955-1/2022,alapengedely,"csonthéjasok (cseresznye, meggy, őszibarack, nektarin, kajszi, ringló, szilva) (min. 3 éves)","magról kelő egy- és kétszikű gyomok, évelő egy- és kétszikű gyomok",gyomirtó szer,2-6,l/ha,150-300,l/ha,,,hajtásnövekedés kezdetéig vagy szüret után,,1,60,2027-03-31,Nasa Neo eng 2022.03.23 publikus.pdf,https://novenyvedoszer.nebih.gov.hu/Engedelykereso/DocumentHandler.ashx?documentId=326208609es325499665&documentName=Nasa+Neo+eng+2022.03.23+publikus.pdf,missing verified normal row recovered from latest permit point 4 table
Sivanto Energy,6300/2328-2/2022,alapengedely,köles,"kukoricamoly, gyapottok- bagolylepke, levéltetvek",rovarölő szer,0.75,l/ha,200-500,l/ha,51,59,bugahányás kezdete ‒ bugahányás vége (BBCH 51-59) szemfejlődés kezdete ‒ tejesérés (BBCH 71-75),,1,14,2027-08-15,Sivanto_Energy_mod_20250924publikus.pdf,https://novenyvedoszer.nebih.gov.hu/Engedelykereso/DocumentHandler.ashx?documentId=347867535es347859837&documentName=Sivanto_Energy_mod_20250924publikus.pdf,missing verified normal row recovered from latest permit point 4 table
Sivanto Energy,6300/2328-2/2022,alapengedely,cirok,"kukoricamoly, gyapottok- bagolylepke, levéltetvek",rovarölő szer,0.75,l/ha,200-500,l/ha,51,59,bugahányás kezdete ‒ bugahányás vége (BBCH 51-59) szemfejlődés kezdete ‒ tejesérés (BBCH 71-75),,1,14,2027-08-15,Sivanto_Energy_mod_20250924publikus.pdf,https://novenyvedoszer.nebih.gov.hu/Engedelykereso/DocumentHandler.ashx?documentId=347867535es347859837&documentName=Sivanto_Energy_mod_20250924publikus.pdf,missing verified normal row recovered from latest permit point 4 table
Sivanto Energy,6300/2328-2/2022,alapengedely,őszi és tavaszi zab,"levéltetvek, vetésfehérítő bogarak",rovarölő szer,0.5,l/ha,200-500,l/ha,41,59,levélhüvely- növekedés kezdete ‒ a buga teljesen kiemelkedett (BBCH 41-59) szemképződés ‒ viaszérés (BBCH 71-83),,2,14,2027-08-15,Sivanto_Energy_mod_20250924publikus.pdf,https://novenyvedoszer.nebih.gov.hu/Engedelykereso/DocumentHandler.ashx?documentId=347867535es347859837&documentName=Sivanto_Energy_mod_20250924publikus.pdf,missing verified normal row recovered from latest permit point 4 table
Sivanto Energy,6300/2328-2/2022,alapengedely,őszi és tavaszi zab,gabonapoloskák,rovarölő szer,0.75,l/ha,200-500,l/ha,41,59,levélhüvely- növekedés kezdete ‒ a buga teljesen kiemelkedett (BBCH 41-59) szemképződés ‒ viaszérés (BBCH 71-83),,2,14,2027-08-15,Sivanto_Energy_mod_20250924publikus.pdf,https://novenyvedoszer.nebih.gov.hu/Engedelykereso/DocumentHandler.ashx?documentId=347867535es347859837&documentName=Sivanto_Energy_mod_20250924publikus.pdf,missing verified normal row recovered from latest permit point 4 table
Sivanto Energy,6300/2328-2/2022,alapengedely,pattogtatni való kukorica,"kukoricamoly, gyapottok- bagolylepke, amerikai kukoricabogár, levéltetvek",rovarölő szer,0.75,l/ha,200-500,l/ha,51,59,címerhányás kezdete ‒ címerhányás vége (BBCH 51-59) szemfejlődés kezdete ‒ tejesérés (BBCH 71-75),,1,14,2027-08-15,Sivanto_Energy_mod_20250924publikus.pdf,https://novenyvedoszer.nebih.gov.hu/Engedelykereso/DocumentHandler.ashx?documentId=347867535es347859837&documentName=Sivanto_Energy_mod_20250924publikus.pdf,missing verified normal row recovered from latest permit point 4 table
Teldor 500 SC,16205/2003,alapengedely,uborka hajtatott,botrítiszes betegség (szürkepenész),gombaölő szer,1,l/ha,400-1200,l/ha,12,12,kétleveles állapottól (BBCH 12) érésig (BBCH 89),,3,8,2030-12-31,Teldor_KKmod_20260421.pdf,https://novenyvedoszer.nebih.gov.hu/Engedelykereso/DocumentHandler.ashx?documentId=348897720es348890193&documentName=Teldor_KKmod_20260421.pdf,missing verified normal row recovered from latest permit point 4 table
Teldor 500 SC,16205/2003,alapengedely,fejes saláta hajtatott,"botrítiszes betegség (szürkepenész), szklerotíniás betegség (fehérpenész)",gombaölő szer,1,l/ha,400-600,l/ha,13,13,háromleveles állapottól (BBCH 13) végleges fejméret kialakulásáig (BBCH 49),,3,7,2030-12-31,Teldor_KKmod_20260421.pdf,https://novenyvedoszer.nebih.gov.hu/Engedelykereso/DocumentHandler.ashx?documentId=348897720es348890193&documentName=Teldor_KKmod_20260421.pdf,missing verified normal row recovered from latest permit point 4 table
Teldor 500 SC,16205/2003,alapengedely,"batávia saláta, jégsaláta, lollo saláta, római saláta, tépősaláta hajtatott","botrítiszes betegség (szürkepenész), szklerotíniás betegség (fehérpenész)",gombaölő szer,1,l/ha,400-600,l/ha,13,13,háromleveles állapottól (BBCH 13) végleges fejméret kialakulásáig (BBCH 49),,3,7,2030-12-31,Teldor_KKmod_20260421.pdf,https://novenyvedoszer.nebih.gov.hu/Engedelykereso/DocumentHandler.ashx?documentId=348897720es348890193&documentName=Teldor_KKmod_20260421.pdf,missing verified normal row recovered from latest permit point 4 table
Teldor 500 SC,16205/2003,alapengedely,lágyszárú dísznövények hajtatott,botrítiszes betegség (szürkepenész),gombaölő szer,1,l/ha,400-1000,l/ha,,,n. k.*,,3,10,2030-12-31,Teldor_KKmod_20260421.pdf,https://novenyvedoszer.nebih.gov.hu/Engedelykereso/DocumentHandler.ashx?documentId=348897720es348890193&documentName=Teldor_KKmod_20260421.pdf,missing verified normal row recovered from latest permit point 4 table
Teldor 500 SC,16205/2003,alapengedely,"díszfák, díszcserjék, díszfaiskola szabadföldi","moníliás virág- és hajtáspusztulás, botrítiszes betegség (szürkepenész)",gombaölő szer,1,l/ha,400-1200,l/ha,,,n. k.*,,3,10,2030-12-31,Teldor_KKmod_20260421.pdf,https://novenyvedoszer.nebih.gov.hu/Engedelykereso/DocumentHandler.ashx?documentId=348897720es348890193&documentName=Teldor_KKmod_20260421.pdf,missing verified normal row recovered from latest permit point 4 table
Atonik,658/2005,alapengedely,"paprika, paradicsom","növekedés- szabályozás, termésnövelés",növekedés szabályozó szer,0.5,l/ha,300-500,l/ha,50,71,bimbófejlődéstől az 1. bogyó teljes kifejlődéséig (BBCH 50-71),,3,7,2026-10-31,Atonik_felülvizsgálat_20211206 final indoklás nélkül.pdf,https://novenyvedoszer.nebih.gov.hu/Engedelykereso/DocumentHandler.ashx?documentId=317052167es317052255&documentName=Atonik_fel%c3%bclvizsg%c3%a1lat_20211206+final+indokl%c3%a1s+n%c3%a9lk%c3%bcl.pdf,missing verified normal row recovered from latest permit point 4 table
Atonik,658/2005,alapengedely,szója,"növekedés- szabályozás, termésnövelés",növekedés szabályozó szer,0.5-1,l/ha,300-500,l/ha,61,61,"virágzás kezdete, 10 %-os virágzás (BBCH 61)",,1,14,2026-10-31,Atonik_felülvizsgálat_20211206 final indoklás nélkül.pdf,https://novenyvedoszer.nebih.gov.hu/Engedelykereso/DocumentHandler.ashx?documentId=317052167es317052255&documentName=Atonik_fel%c3%bclvizsg%c3%a1lat_20211206+final+indokl%c3%a1s+n%c3%a9lk%c3%bcl.pdf,missing verified normal row recovered from latest permit point 4 table
Atonik,658/2005,alapengedely,mák,"növekedés- szabályozás, termésnövelés",növekedés szabályozó szer,0.6,l/ha,300-500,l/ha,12,15,"tőlevélrózsa (2-5 leveles) állapotban (BBCH 12-15), majd a szár növekedésének megindulásától a vegetatív fázis végéig (BBCH 30-39)",,2,10,2026-10-31,Atonik_felülvizsgálat_20211206 final indoklás nélkül.pdf,https://novenyvedoszer.nebih.gov.hu/Engedelykereso/DocumentHandler.ashx?documentId=317052167es317052255&documentName=Atonik_fel%c3%bclvizsg%c3%a1lat_20211206+final+indokl%c3%a1s+n%c3%a9lk%c3%bcl.pdf,missing verified normal row recovered from latest permit point 4 table
Aviator Xpro 225 EC,6700/2507-1/2023,alapengedely,tritikálé,"lisztharmat, vörösrozsda (levélrozsda), szeptóriás levélfoltosság, szeptóriás pelyvafoltosság, pirenofórás betegség",gombaölő szer,0.8-1,l/ha,200-400,l/ha,30,30,szárbaindulástól (BBCH 30) kalászhányás végéig (BBCH 59),,2,14,2028-03-31,AviatorXpro_mod_20260427.pdf,https://novenyvedoszer.nebih.gov.hu/Engedelykereso/DocumentHandler.ashx?documentId=348959754es348930981&documentName=AviatorXpro_mod_20260427.pdf,missing verified normal row recovered from latest permit point 4 table
Aviator Xpro 225 EC,6700/2507-1/2023,alapengedely,tritikálé,kalászfuzáriózis,gombaölő szer,1,l/ha,200-400,l/ha,30,30,szárbaindulástól (BBCH 30) kalászhányás végéig (BBCH 59),,2,14,2028-03-31,AviatorXpro_mod_20260427.pdf,https://novenyvedoszer.nebih.gov.hu/Engedelykereso/DocumentHandler.ashx?documentId=348959754es348930981&documentName=AviatorXpro_mod_20260427.pdf,missing verified normal row recovered from latest permit point 4 table
Aviator Xpro 225 EC,6700/2507-1/2023,alapengedely,rozs,"lisztharmat, barnarozsda (levélrozsda), szeptóriás levélfoltosság, pirenofórás betegség, rinhospóriumos levélfoltosság",gombaölő szer,0.8-1,l/ha,200-400,l/ha,30,30,szárbaindulástól (BBCH 30) kalászhányás végéig (BBCH 59),,2,14,2028-03-31,AviatorXpro_mod_20260427.pdf,https://novenyvedoszer.nebih.gov.hu/Engedelykereso/DocumentHandler.ashx?documentId=348959754es348930981&documentName=AviatorXpro_mod_20260427.pdf,missing verified normal row recovered from latest permit point 4 table
Azatin EC,6300/1561-1/2020,alapengedely,"uborka, cukkini (hajtatott)","levéltetvek, üvegházi liszteske, aknázó legyek, bagolylepkék lárvái, tripszek",rovarölő szer,1-1.5,l/ha,1000,l/ha,11,89,első levelek kiterülésétől – a növény teljes kifejlődéséig (BBCH 11-89) januártól- decemberig,,5,7,2028-01-31,Azatin EC_mod_35743_1_20250424_publikus.pdf,https://novenyvedoszer.nebih.gov.hu/Engedelykereso/DocumentHandler.ashx?documentId=346901071es346881143&documentName=Azatin+EC_mod_35743_1_20250424_publikus.pdf,missing verified normal row recovered from latest permit point 4 table
Azatin EC,6300/1561-1/2020,alapengedely,"görögdinnye, sárgadinnye, tök (hajtatott)","levéltetvek, üvegházi liszteske, aknázó legyek, bagolylepkék lárvái, tripszek",rovarölő szer,1-1.5,l/ha,1000,l/ha,11,89,első levelek kiterülésétől- a növény teljes kifejlődéséig (BBCH 11-89) januártól- decemberig,,5,7,2028-01-31,Azatin EC_mod_35743_1_20250424_publikus.pdf,https://novenyvedoszer.nebih.gov.hu/Engedelykereso/DocumentHandler.ashx?documentId=346901071es346881143&documentName=Azatin+EC_mod_35743_1_20250424_publikus.pdf,missing verified normal row recovered from latest permit point 4 table
Azatin EC,6300/1561-1/2020,alapengedely,"fejes saláta, endívia, borsmustár, vadsaláta, spenót, mángold, metélő petrezselyem, kerti bazsalikom (hajtatott)","levéltetvek, üvegházi liszteske, aknázó legyek, bagolylepkék lárvái",rovarölő szer,1-1.5,l/ha,600-800,l/ha,11,89,első levelek kiterülésétől – a növény teljes kifejlődéséig (BBCH 11-89) januártól- decemberig,,3,7,2028-01-31,Azatin EC_mod_35743_1_20250424_publikus.pdf,https://novenyvedoszer.nebih.gov.hu/Engedelykereso/DocumentHandler.ashx?documentId=346901071es346881143&documentName=Azatin+EC_mod_35743_1_20250424_publikus.pdf,missing verified normal row recovered from latest permit point 4 table
Azatin EC,6300/1561-1/2020,alapengedely,lágyszárú és fásszárú dísznövények (hajtatott),"levéltetvek, üvegházi liszteske, kabócák, lepkefajok lárvái, aknázó legyek, tripszek",rovarölő szer,1-1.5,l/ha,800-1000,l/ha,,,nincs korlátozva,,5,7,2028-01-31,Azatin EC_mod_35743_1_20250424_publikus.pdf,https://novenyvedoszer.nebih.gov.hu/Engedelykereso/DocumentHandler.ashx?documentId=346901071es346881143&documentName=Azatin+EC_mod_35743_1_20250424_publikus.pdf,missing verified normal row recovered from latest permit point 4 table
Casino Royal,6700/2182-1/2023,alapengedely,cékla,lisztharmat,gombaölő szer,1,kg/ha,300-600,l/ha,15,15,5 leveles állapottól (BBCH 15) a gyökérnövekedés végéig (BBCH 49),,2,10,2027-01-31,CasinoRoyal_eng_20230906.pdf,https://novenyvedoszer.nebih.gov.hu/Engedelykereso/DocumentHandler.ashx?documentId=343613904es343614204&documentName=CasinoRoyal_eng_20230906.pdf,missing verified normal row recovered from latest permit point 4 table
Casino Royal,6700/2182-1/2023,alapengedely,gumós zeller,szklerotíniás betegség (fehérpenész),gombaölő szer,1,kg/ha,300-600,l/ha,15,15,5 leveles állapottól (BBCH 15) a gyökérnövekedés végéig (BBCH 49),,2,10,2027-01-31,CasinoRoyal_eng_20230906.pdf,https://novenyvedoszer.nebih.gov.hu/Engedelykereso/DocumentHandler.ashx?documentId=343613904es343614204&documentName=CasinoRoyal_eng_20230906.pdf,missing verified normal row recovered from latest permit point 4 table
Casino Royal,6700/2182-1/2023,alapengedely,"paszternák, gyökér- petrezselyem","alternáriás betegség, lisztharmat",gombaölő szer,0.75,kg/ha,300-600,l/ha,15,15,5 leveles állapottól (BBCH 15) a gyökérnövekedés végéig (BBCH 49),,2,21,2027-01-31,CasinoRoyal_eng_20230906.pdf,https://novenyvedoszer.nebih.gov.hu/Engedelykereso/DocumentHandler.ashx?documentId=343613904es343614204&documentName=CasinoRoyal_eng_20230906.pdf,missing verified normal row recovered from latest permit point 4 table
Casino Royal,6700/2182-1/2023,alapengedely,torma,"alternáriás betegség, lisztharmat",gombaölő szer,1,kg/ha,300-600,l/ha,15,15,5 leveles állapottól (BBCH 15) a gyökérnövekedés végéig (BBCH 49),,2,14,2027-01-31,CasinoRoyal_eng_20230906.pdf,https://novenyvedoszer.nebih.gov.hu/Engedelykereso/DocumentHandler.ashx?documentId=343613904es343614204&documentName=CasinoRoyal_eng_20230906.pdf,missing verified normal row recovered from latest permit point 4 table
Cuproxat FW,12430/1993,alapengedely,"zöldbab, zöldborsó",baktériumos és gombás betegségek (kivéve lisztharmat),gombaölő szer,4-5,l/ha,400-1000,l/ha,15,15,5 leveles állapottól (BBCH 15) virágzás végéig (BBCH 69),,6,7,2027-12-31,CuproxatFW_mod_20260428.pdf,https://novenyvedoszer.nebih.gov.hu/Engedelykereso/DocumentHandler.ashx?documentId=348959771es348930998&documentName=CuproxatFW_mod_20260428.pdf,missing verified normal row recovered from latest permit point 4 table
Cuproxat FW,12430/1993,alapengedely,vöröshagyma,baktériumos és gombás betegségek (kivéve lisztharmat),gombaölő szer,4-5,l/ha,400-600,l/ha,15,15,5 levél megjelenésétől (BBCH 15) dőlés kezdetéig (BBCH 47),,6,7,2027-12-31,CuproxatFW_mod_20260428.pdf,https://novenyvedoszer.nebih.gov.hu/Engedelykereso/DocumentHandler.ashx?documentId=348959771es348930998&documentName=CuproxatFW_mod_20260428.pdf,missing verified normal row recovered from latest permit point 4 table
Cuproxat FW,12430/1993,alapengedely,"szilva, meggy, cseresznye","baktériumos és gombás eredetű ágelhalás, levéllyukacso- sodás, monília, apiognomóniás levélfoltosság levélfodrosodás",gombaölő szer,4-5,l/ha,800-1000,l/ha,07,07,levélrügy- pattanástól (BBCH 07) fajtára jellemző színeződés kialakulásáig (BBCH 85),,6,7,2027-12-31,CuproxatFW_mod_20260428.pdf,https://novenyvedoszer.nebih.gov.hu/Engedelykereso/DocumentHandler.ashx?documentId=348959771es348930998&documentName=CuproxatFW_mod_20260428.pdf,missing verified normal row recovered from latest permit point 4 table
Enervin Pro,8750/5592-1/2026,alapengedely,újhagyma szabadföldi,peronoszpóra,gombaölő szer,3.2,l/ha,100-1000,l/ha,15,15,ötödik levél megjelenésétől (BBCH 15) levélszáradásig (BBCH 49),,1,7,2028-05-31,EnervinPro_mod_20260414.pdf,https://novenyvedoszer.nebih.gov.hu/Engedelykereso/DocumentHandler.ashx?documentId=348897718es348890191&documentName=EnervinPro_mod_20260414.pdf,missing verified normal row recovered from latest permit point 4 table
Folpan 80 WDG,02.5/775/1/2008,alapengedely,Borszőlő,Peronoszpóra szürkepenész,gombaölő szer,1-1.25,kg/ha,600-1200,l/ha,15,15,5. levél kiterülésétől (BBCH 15) fürtzáródásig (BBCH 78),,4,8,2029-07-31,Folpan 80 WDG_mód_20240611.pdf,https://novenyvedoszer.nebih.gov.hu/Engedelykereso/DocumentHandler.ashx?documentId=345682614es345681917&documentName=Folpan+80+WDG_m%c3%b3d_20240611.pdf,missing verified normal row recovered from latest permit point 4 table
Folpan 80 WDG,02.5/775/1/2008,alapengedely,Burgonya,"Fitoftóra, alternária",gombaölő szer,1.25-2,kg/ha,400-600,l/ha,31,31,sorzáródástól (BBCH 31) bogyóérés kezdetéig (BBCH 81),,4,8,2029-07-31,Folpan 80 WDG_mód_20240611.pdf,https://novenyvedoszer.nebih.gov.hu/Engedelykereso/DocumentHandler.ashx?documentId=345682614es345681917&documentName=Folpan+80+WDG_m%c3%b3d_20240611.pdf,missing verified normal row recovered from latest permit point 4 table
Folpan 80 WDG,02.5/775/1/2008,alapengedely,"Dísznövények (rózsa, krizantém, tulipán)","peronoszpóra, levélfoltosság, szürkepenész,",gombaölő szer,1.6-2.4,kg/ha,400-600,l/ha,,,nincs korlátozás,,4,8,2029-07-31,Folpan 80 WDG_mód_20240611.pdf,https://novenyvedoszer.nebih.gov.hu/Engedelykereso/DocumentHandler.ashx?documentId=345682614es345681917&documentName=Folpan+80+WDG_m%c3%b3d_20240611.pdf,missing verified normal row recovered from latest permit point 4 table
Joust 250 EC,6700/0032591-1/2024,alapengedely,"fehér here, vörös here, bíborhere, alexandriai here vetőmag- termesztés","lisztharmat, rozsda, pszeudopezizás levélfoltosság, cerkospórás levélfoltosság aszkohitás betegség, kolletotrihumos betegség",gombaölő szer,0.6-0.7,l/ha,200-300,l/ha,17,17,hét leveles állapottól (BBCH 17) virágzás végéig (BBCH 69),,2,14,2026-08-15,Joust250EC_mod_20250819.pdf,https://novenyvedoszer.nebih.gov.hu/Engedelykereso/DocumentHandler.ashx?documentId=347800718es347801068&documentName=Joust250EC_mod_20250819.pdf,missing verified normal row recovered from latest permit point 4 table
Joust 250 EC,6700/0032591-1/2024,alapengedely,facélia vetőmag- termesztés,rozsda,gombaölő szer,0.6-0.7,l/ha,200-300,l/ha,17,17,hét leveles állapottól (BBCH 17) virágzás végéig (BBCH 69),,2,14,2026-08-15,Joust250EC_mod_20250819.pdf,https://novenyvedoszer.nebih.gov.hu/Engedelykereso/DocumentHandler.ashx?documentId=347800718es347801068&documentName=Joust250EC_mod_20250819.pdf,missing verified normal row recovered from latest permit point 4 table
Joust 250 EC,6700/0032591-1/2024,alapengedely,homoki zab vetőmag- termesztés,"lisztharmat, koronás rozsda",gombaölő szer,0.6,l/ha,200-300,l/ha,30,30,szárbaindulástól (BBCH 30) virágzás kezdetéig (BBCH 61),,2,14,2026-08-15,Joust250EC_mod_20250819.pdf,https://novenyvedoszer.nebih.gov.hu/Engedelykereso/DocumentHandler.ashx?documentId=347800718es347801068&documentName=Joust250EC_mod_20250819.pdf,missing verified normal row recovered from latest permit point 4 table
Kanemite 15 SC,6700/1018-1/2023,alapengedely,paprika (zárt termesztő berendezés),közönséges takácsatka,atkaölő szer,1,l/ha,500-1000,l/ha,50,80,a kártevő megjelenésekor bimbófejlődés ‒ érés kezdete (BBCH 50-80),,1,7,2027-11-15,Kanemite15SC_mod_47533_2_20250902_publikus.pdf,https://novenyvedoszer.nebih.gov.hu/Engedelykereso/DocumentHandler.ashx?documentId=347867508es347859809&documentName=Kanemite15SC_mod_47533_2_20250902_publikus.pdf,missing verified normal row recovered from latest permit point 4 table
Kanemite 15 SC,6700/1018-1/2023,alapengedely,uborka (zárt termesztő berendezés),közönséges takácsatka,atkaölő szer,1,l/ha,500-1000,l/ha,50,80,a kártevő megjelenésekor bimbófejlődés ‒ érés kezdete (BBCH 50-80),,1,7,2027-11-15,Kanemite15SC_mod_47533_2_20250902_publikus.pdf,https://novenyvedoszer.nebih.gov.hu/Engedelykereso/DocumentHandler.ashx?documentId=347867508es347859809&documentName=Kanemite15SC_mod_47533_2_20250902_publikus.pdf,missing verified normal row recovered from latest permit point 4 table
Kanemite 15 SC,6700/1018-1/2023,alapengedely,cukkini (zárt termesztő berendezés),közönséges takácsatka,atkaölő szer,1,l/ha,500-1000,l/ha,50,80,a kártevő megjelenésekor bimbófejlődés ‒ érés kezdete (BBCH 50-80),,1,7,2027-11-15,Kanemite15SC_mod_47533_2_20250902_publikus.pdf,https://novenyvedoszer.nebih.gov.hu/Engedelykereso/DocumentHandler.ashx?documentId=347867508es347859809&documentName=Kanemite15SC_mod_47533_2_20250902_publikus.pdf,missing verified normal row recovered from latest permit point 4 table
Klartan 24 EW,02.5/2322/2/2007,alapengedely,alma,"almamoly, aknázómoly, levéltetvek",rovarölő szer,0.2-0.3,l/ha,500-1000,l/ha,53,80,virágrügy- pattanás ‒ végső gyümölcsméret (BBCH 53-80),,2,14,2028-01-31,Klartan 24 EW_mod_0035886_2_20241119_publikus.pdf,https://novenyvedoszer.nebih.gov.hu/Engedelykereso/DocumentHandler.ashx?documentId=346208243es346268452&documentName=Klartan+24+EW_mod_0035886_2_20241119_publikus.pdf,missing verified normal row recovered from latest permit point 4 table
Klartan 24 EW,02.5/2322/2/2007,alapengedely,"szőlő (bor, csemege)","szőlőmolyok, amerikai szőlőkabóca",rovarölő szer,0.2-0.3,l/ha,600-1000,l/ha,56,80,"fürtmegnyúlás ‒ érés kezdete, bogyószíneződés (BBCH 56-80)",,2,14,2028-01-31,Klartan 24 EW_mod_0035886_2_20241119_publikus.pdf,https://novenyvedoszer.nebih.gov.hu/Engedelykereso/DocumentHandler.ashx?documentId=346208243es346268452&documentName=Klartan+24+EW_mod_0035886_2_20241119_publikus.pdf,missing verified normal row recovered from latest permit point 4 table
Klartan 24 EW,02.5/2322/2/2007,alapengedely,"borsó (zöld, száraz)","zöld borsó- levéltetű, fekete répa-levéltetű",rovarölő szer,0.3,l/ha,300-400,l/ha,50,79,bimbófejlődés ‒ a hüvelyek elérték a végleges méretüket (BBCH 50-79),,2,14,2028-01-31,Klartan 24 EW_mod_0035886_2_20241119_publikus.pdf,https://novenyvedoszer.nebih.gov.hu/Engedelykereso/DocumentHandler.ashx?documentId=346208243es346268452&documentName=Klartan+24+EW_mod_0035886_2_20241119_publikus.pdf,missing verified normal row recovered from latest permit point 4 table
Klartan 24 EW,02.5/2322/2/2007,alapengedely,lóbab,"zöld borsó- levéltetű, fekete répa-levéltetű",rovarölő szer,0.3,l/ha,300-400,l/ha,50,79,bimbófejlődés ‒ a hüvelyek elérték a végleges méretüket (BBCH 50-79),,2,14,2028-01-31,Klartan 24 EW_mod_0035886_2_20241119_publikus.pdf,https://novenyvedoszer.nebih.gov.hu/Engedelykereso/DocumentHandler.ashx?documentId=346208243es346268452&documentName=Klartan+24+EW_mod_0035886_2_20241119_publikus.pdf,missing verified normal row recovered from latest permit point 4 table
Ranman Top,04.2/2076-1/2012,alapengedely,dohány,peronoszpóra,gombaölő szer,0.5,l/ha,400-600,l/ha,21,21,kacsok megjelenésének kezdetétől (BBCH 21) tokok 90%-os érettségéig (BBCH 89),,3,7,2037-07-31,RanmanTop_KKmód_20250522.pdf,https://novenyvedoszer.nebih.gov.hu/Engedelykereso/DocumentHandler.ashx?documentId=347048190es347250568&documentName=RanmanTop_KKm%c3%b3d_20250522.pdf,missing verified normal row recovered from latest permit point 4 table
Revycare,6300/1537-1/2020,alapengedely,rozs,levélrozsda rinhospóriumos levélfoltosság,gombaölő szer,0.75-1.5,l/ha,100-300,l/ha,30,30,szárbaindulástól (BBCH 30) - virágzás végéig (BBCH 69),,2,14 (21),2030-03-20,Revycare_mód_20251105.pdf,https://novenyvedoszer.nebih.gov.hu/Engedelykereso/DocumentHandler.ashx?documentId=348013429es348042761&documentName=Revycare_m%c3%b3d_20251105.pdf,missing verified normal row recovered from latest permit point 4 table
Revycare,6300/1537-1/2020,alapengedely,tritikálé,levélrozsda szeptóriás betegségek,gombaölő szer,0.75-1.5,l/ha,100-300,l/ha,30,30,szárbaindulástól (BBCH 30) - virágzás végéig (BBCH 69),,2,14 (21),2030-03-20,Revycare_mód_20251105.pdf,https://novenyvedoszer.nebih.gov.hu/Engedelykereso/DocumentHandler.ashx?documentId=348013429es348042761&documentName=Revycare_m%c3%b3d_20251105.pdf,missing verified normal row recovered from latest permit point 4 table
Revycare,6300/1537-1/2020,alapengedely,zab,lisztharmat,gombaölő szer,0.75-1.5,l/ha,100-300,l/ha,30,30,szárbaindulástól (BBCH 30) - virágzás végéig (BBCH 69),,2,14 (21),2030-03-20,Revycare_mód_20251105.pdf,https://novenyvedoszer.nebih.gov.hu/Engedelykereso/DocumentHandler.ashx?documentId=348013429es348042761&documentName=Revycare_m%c3%b3d_20251105.pdf,missing verified normal row recovered from latest permit point 4 table
Revysion,6300/1490-1/2022,alapengedely,napraforgó,"diaportés szárfoltosság, leptoszfériás szárfoltosság, alternáriás betegség, szklerotíniás betegség (fehérpenész)",gombaölő szer,1-1.5,l/ha,100-400,l/ha,31,31,egy szárközös állapottól (BBCH 31) virágzás végéig (BBCH 69),,2,14,2030-03-20,Revysion_mod_20250218.pdf,https://novenyvedoszer.nebih.gov.hu/Engedelykereso/DocumentHandler.ashx?documentId=346545581es346550842&documentName=Revysion_mod_20250218.pdf,missing verified normal row recovered from latest permit point 4 table
Revysion,6300/1490-1/2022,alapengedely,"kukorica (szemes-, vetőmag-, siló-), csemegekukorica","északi levélfoltosság, szemfoltbetegség, rozsda",gombaölő szer,0.75-1.25,l/ha,100-400,l/ha,31,31,egy szárcsomós állapottól (BBCH 31) virágzás végéig (BBCH 69),,1,14,2030-03-20,Revysion_mod_20250218.pdf,https://novenyvedoszer.nebih.gov.hu/Engedelykereso/DocumentHandler.ashx?documentId=346545581es346550842&documentName=Revysion_mod_20250218.pdf,missing verified normal row recovered from latest permit point 4 table
Revysion,6300/1490-1/2022,alapengedely,"kukorica (szemes-, vetőmag-, siló-), csemegekukorica",fuzáriumos csőpenész,gombaölő szer,1.25,l/ha,100-400,l/ha,31,31,egy szárcsomós állapottól (BBCH 31) virágzás végéig (BBCH 69),,1,14,2030-03-20,Revysion_mod_20250218.pdf,https://novenyvedoszer.nebih.gov.hu/Engedelykereso/DocumentHandler.ashx?documentId=346545581es346550842&documentName=Revysion_mod_20250218.pdf,missing verified normal row recovered from latest permit point 4 table
Sumi Alfa 5 EC,65412/1989,alapengedely,"kukorica (takarmány, csemege, vetőmag)",kukoricamoly,rovarölő szer,0.3,l/ha,300-500,l/ha,17,69,7-8 leveles állapottól virágzás végéig (BBCH 17-69),,1,7,2026-12-31,Sumi Alfa 5 EC mod_20260325.pdf,https://novenyvedoszer.nebih.gov.hu/Engedelykereso/DocumentHandler.ashx?documentId=348700330es348696486&documentName=Sumi+Alfa+5+EC+mod_20260325.pdf,missing verified normal row recovered from latest permit point 4 table
Sumi Alfa 5 EC,65412/1989,alapengedely,"kukorica (takarmány, csemege, vetőmag)",amerikai kukoricabogár,rovarölő szer,0.4-0.5,l/ha,300-500,l/ha,17,69,7-8 leveles állapottól virágzás végéig (BBCH 17-69),,1,7,2026-12-31,Sumi Alfa 5 EC mod_20260325.pdf,https://novenyvedoszer.nebih.gov.hu/Engedelykereso/DocumentHandler.ashx?documentId=348700330es348696486&documentName=Sumi+Alfa+5+EC+mod_20260325.pdf,missing verified normal row recovered from latest permit point 4 table
Sumi Alfa 5 EC,65412/1989,alapengedely,cukorrépa,levéltetvek,rovarölő szer,0.15,l/ha,300,l/ha,14,45,négyleveles állapottól 50 %-os gyökérnagyságig (BBCH 14-45),,3,7,2026-12-31,Sumi Alfa 5 EC mod_20260325.pdf,https://novenyvedoszer.nebih.gov.hu/Engedelykereso/DocumentHandler.ashx?documentId=348700330es348696486&documentName=Sumi+Alfa+5+EC+mod_20260325.pdf,missing verified normal row recovered from latest permit point 4 table
Sumi Alfa 5 EC,65412/1989,alapengedely,dísznövények,"üvegházi molytetű, levéltetvek",rovarölő szer,0.5,l/ha,500-1000,l/ha,,,nincs korlátozás,,1,7,2026-12-31,Sumi Alfa 5 EC mod_20260325.pdf,https://novenyvedoszer.nebih.gov.hu/Engedelykereso/DocumentHandler.ashx?documentId=348700330es348696486&documentName=Sumi+Alfa+5+EC+mod_20260325.pdf,missing verified normal row recovered from latest permit point 4 table
Vintec,6300/2876-1/2020,alapengedely,Szőlő (bor és csemege),"Korai tőkepusztulás kórokozói (Phaeomoniella chlamydospora, Phaeoacremonium minimum, Eutypa lata)",gombaölő szer,200,g/ha,100-200,l/ha,00,00,nyugalmi időszakban a metszést követően (BBCH 00),,2,7,2032-07-06,Vintec_mód_20241001.pdf,https://novenyvedoszer.nebih.gov.hu/Engedelykereso/DocumentHandler.ashx?documentId=346034345es346068355&documentName=Vintec_m%c3%b3d_20241001.pdf,missing verified normal row recovered from latest permit point 4 table
Cuprozin Progress,6300/776-1/2019,alapengedely,Burgonya,burgonyavész,gombaölő szer,2,l/ha,150-400,l/ha,37,37,sorzáródás (BBCH 37) – levélsárgulás kezdete (BBCH 91),,6,7,,Cuprozin Progress_mód_20240220.pdf,https://novenyvedoszer.nebih.gov.hu/Engedelykereso/DocumentHandler.ashx?documentId=344859768es344860272&documentName=Cuprozin+Progress_m%c3%b3d_20240220.pdf,missing point 4 row recovered from markdown table audit; source Cuprozin_Progress__6300-776-1-2019__Cuprozin_Progress_mód_20240220.md line 393
Cuprozin Progress,6300/776-1/2019,alapengedely,Spárga,sztemfíliumos betegség,gombaölő szer,2,l/ha,800-1000,l/ha,31,31,spárgasípok betakarítása utáni szármegnyúlás (BBCH 31) – fillokládiumok sárgulása (BBCH 93),,6,7,,Cuprozin Progress_mód_20240220.pdf,https://novenyvedoszer.nebih.gov.hu/Engedelykereso/DocumentHandler.ashx?documentId=344859768es344860272&documentName=Cuprozin+Progress_m%c3%b3d_20240220.pdf,missing point 4 row recovered from markdown table audit; source Cuprozin_Progress__6300-776-1-2019__Cuprozin_Progress_mód_20240220.md line 396
Cuprozin Progress,6300/776-1/2019,alapengedely,Uborka,peronoszpóra,gombaölő szer,3.1,l/ha,600,l/ha,13,13,3 leveles állapot (BBCH 13) – végleges termésméret elérése (BBCH 79),,4,5,,Cuprozin Progress_mód_20240220.pdf,https://novenyvedoszer.nebih.gov.hu/Engedelykereso/DocumentHandler.ashx?documentId=344859768es344860272&documentName=Cuprozin+Progress_m%c3%b3d_20240220.pdf,missing point 4 row recovered from markdown table audit; source Cuprozin_Progress__6300-776-1-2019__Cuprozin_Progress_mód_20240220.md line 397
Cuprozin Progress,6300/776-1/2019,alapengedely,Sárgarépa,alternáriás levélfoltosság,gombaölő szer,2,l/ha,400-600,l/ha,13,13,3-4 leveles állapot (BBCH 13) – 70%-os gyökérvastagság (BBCH 47),,6,7,,Cuprozin Progress_mód_20240220.pdf,https://novenyvedoszer.nebih.gov.hu/Engedelykereso/DocumentHandler.ashx?documentId=344859768es344860272&documentName=Cuprozin+Progress_m%c3%b3d_20240220.pdf,missing point 4 row recovered from markdown table audit; source Cuprozin_Progress__6300-776-1-2019__Cuprozin_Progress_mód_20240220.md line 398
Cuprozin Progress,6300/776-1/2019,alapengedely,Vöröshagyma,peronoszpóra,gombaölő szer,2,l/ha,400-600,l/ha,13,13,3. levél megjelenése (BBCH 13) – levelek 50%-ának megdőlése (BBCH 48),,6,7,,Cuprozin Progress_mód_20240220.pdf,https://novenyvedoszer.nebih.gov.hu/Engedelykereso/DocumentHandler.ashx?documentId=344859768es344860272&documentName=Cuprozin+Progress_m%c3%b3d_20240220.pdf,missing point 4 row recovered from markdown table audit; source Cuprozin_Progress__6300-776-1-2019__Cuprozin_Progress_mód_20240220.md line 399
Cuprozin Progress,6300/776-1/2019,alapengedely,Díszfák és díszcserjék 50 cm növénymagas ság alatt 50 cm – 125 cm növénymagas ság 125 cm növénymagas ság felett,baktériumos levélfoltosságok,gombaölő szer,2-3,l/ha,1000-1500,max max max,31,31,hajtásnövekedés kezdete (BBCH 31) – végső hajtásméret elérése (BBCH 91),,6 5 4,5,,Cuprozin Progress_mód_20240220.pdf,https://novenyvedoszer.nebih.gov.hu/Engedelykereso/DocumentHandler.ashx?documentId=344859768es344860272&documentName=Cuprozin+Progress_m%c3%b3d_20240220.pdf,missing point 4 row recovered from markdown table audit; source Cuprozin_Progress__6300-776-1-2019__Cuprozin_Progress_mód_20240220.md line 400
Cuprozin Progress,6300/776-1/2019,alapengedely,Komló,peronoszpóra,gombaölő szer,2.4,l/ha,1200,max,31,31,a felsővezeték magasságához viszonyított 10%-os indahossz (BBCH 31) – 50-60%-os indahossz (BBCH 36),,3,7,,Cuprozin Progress_mód_20240220.pdf,https://novenyvedoszer.nebih.gov.hu/Engedelykereso/DocumentHandler.ashx?documentId=344859768es344860272&documentName=Cuprozin+Progress_m%c3%b3d_20240220.pdf,missing point 4 row recovered from markdown table audit; source Cuprozin_Progress__6300-776-1-2019__Cuprozin_Progress_mód_20240220.md line 401
Cuprozin Progress,6300/776-1/2019,alapengedely,Zeller gumótermesztés,szeptóriás levélfoltosság (csak a fertőzés mérséklésére),gombaölő szer,2,l/ha,600,l/ha,,,gyökérvastagodás kezdete (BBXC 41) – két héttel a szedés előtti állapot,,6,10,,Cuprozin Progress_mód_20240220.pdf,https://novenyvedoszer.nebih.gov.hu/Engedelykereso/DocumentHandler.ashx?documentId=344859768es344860272&documentName=Cuprozin+Progress_m%c3%b3d_20240220.pdf,missing point 4 row recovered from markdown table audit; source Cuprozin_Progress__6300-776-1-2019__Cuprozin_Progress_mód_20240220.md line 587
Cuprozin Progress,6300/776-1/2019,alapengedely,Cukkíni,"peronoszpóra, gombás levélfoltosságok (csak a fertőzés mérséklésére",gombaölő szer,3,l/ha,600,l/ha,15,15,5 leveles állapot (BBCH 15) - egy héttel a betakarítás előtti állapotig,,4,5,,Cuprozin Progress_mód_20240220.pdf,https://novenyvedoszer.nebih.gov.hu/Engedelykereso/DocumentHandler.ashx?documentId=344859768es344860272&documentName=Cuprozin+Progress_m%c3%b3d_20240220.pdf,missing point 4 row recovered from markdown table audit; source Cuprozin_Progress__6300-776-1-2019__Cuprozin_Progress_mód_20240220.md line 588
Cuprozin Progress,6300/776-1/2019,alapengedely,Lopótök,gombás levélfoltosságok (csak a fertőzés mérséklésére),gombaölő szer,3,l/ha,600,l/ha,15,15,5 leveles állapot (BBCH 15) - egy héttel a betakarítás előtti állapotig,,4,5,,Cuprozin Progress_mód_20240220.pdf,https://novenyvedoszer.nebih.gov.hu/Engedelykereso/DocumentHandler.ashx?documentId=344859768es344860272&documentName=Cuprozin+Progress_m%c3%b3d_20240220.pdf,missing point 4 row recovered from markdown table audit; source Cuprozin_Progress__6300-776-1-2019__Cuprozin_Progress_mód_20240220.md line 590
Cuprozin Progress,6300/776-1/2019,alapengedely,Szamóca (szabadföld és hajtatás),baktériumos (xantomónászos) levélfoltosság),gombaölő szer,1.8,l/ha,1000-2000,l/ha,91,91,betakarítás után hónaljrügyek képződésének kezdete (BBCH 91) – levélelhalás (BBCH 97),,7,7,,Cuprozin Progress_mód_20240220.pdf,https://novenyvedoszer.nebih.gov.hu/Engedelykereso/DocumentHandler.ashx?documentId=344859768es344860272&documentName=Cuprozin+Progress_m%c3%b3d_20240220.pdf,missing point 4 row recovered from markdown table audit; source Cuprozin_Progress__6300-776-1-2019__Cuprozin_Progress_mód_20240220.md line 593
Cuprozin Progress,6300/776-1/2019,alapengedely,"Ribiszke félék: piros-, fehér és feketeribiszke, köszméte, riszméte, josta (szabadföld és hajtatás)","drepanopezizás levélfoltosság, rozsda",gombaölő szer,4,l/ha,500-1000,l/ha,91,91,betakarítást követően (BBCH 91) – virágzás előtti állapot (BBCH 59),,3,5,,Cuprozin Progress_mód_20240220.pdf,https://novenyvedoszer.nebih.gov.hu/Engedelykereso/DocumentHandler.ashx?documentId=344859768es344860272&documentName=Cuprozin+Progress_m%c3%b3d_20240220.pdf,missing point 4 row recovered from markdown table audit; source Cuprozin_Progress__6300-776-1-2019__Cuprozin_Progress_mód_20240220.md line 594
Cuprozin Progress,6300/776-1/2019,alapengedely,"Kék áfonya, fürtös áfonya (szabadföld és hajtatás)",godróniás vesszőelhalás,gombaölő szer,4,l/ha,500-1000,l/ha,91,91,betakarítást követően (BBCH 91) – virágzás előtti állapot (BBCH 59),,3,5,,Cuprozin Progress_mód_20240220.pdf,https://novenyvedoszer.nebih.gov.hu/Engedelykereso/DocumentHandler.ashx?documentId=344859768es344860272&documentName=Cuprozin+Progress_m%c3%b3d_20240220.pdf,missing point 4 row recovered from markdown table audit; source Cuprozin_Progress__6300-776-1-2019__Cuprozin_Progress_mód_20240220.md line 595
Cuprozin Progress,6300/776-1/2019,alapengedely,Málna (szabadföld és hajtatás),"rozsda, elzinoés vesszőfoltosság",gombaölő szer,4,l/ha,500-1000,l/ha,91,91,betakarítást követően (BBCH 91) – virágzás előtti állapot (BBCH 59),,3,5,,Cuprozin Progress_mód_20240220.pdf,https://novenyvedoszer.nebih.gov.hu/Engedelykereso/DocumentHandler.ashx?documentId=344859768es344860272&documentName=Cuprozin+Progress_m%c3%b3d_20240220.pdf,missing point 4 row recovered from markdown table audit; source Cuprozin_Progress__6300-776-1-2019__Cuprozin_Progress_mód_20240220.md line 596
Cuprozin Progress,6300/776-1/2019,alapengedely,Szeder (szabadföld és hajtatás),szeptocitás vesszőfoltosság,gombaölő szer,4,l/ha,500-1000,l/ha,91,91,betakarítást követően (BBCH 91) – virágzás előtti állapot (BBCH 59),,3,5,,Cuprozin Progress_mód_20240220.pdf,https://novenyvedoszer.nebih.gov.hu/Engedelykereso/DocumentHandler.ashx?documentId=344859768es344860272&documentName=Cuprozin+Progress_m%c3%b3d_20240220.pdf,missing point 4 row recovered from markdown table audit; source Cuprozin_Progress__6300-776-1-2019__Cuprozin_Progress_mód_20240220.md line 597
Cuprozin Progress,6300/776-1/2019,alapengedely,Spenót,peronoszpóra,gombaölő szer,2,l/ha,400-600,l/ha,13,13,három leveles állapot (BBCH 13) – két héttel a levelek betakarítása előtti állapot,,6,7,,Cuprozin Progress_mód_20240220.pdf,https://novenyvedoszer.nebih.gov.hu/Engedelykereso/DocumentHandler.ashx?documentId=344859768es344860272&documentName=Cuprozin+Progress_m%c3%b3d_20240220.pdf,missing point 4 row recovered from markdown table audit; source Cuprozin_Progress__6300-776-1-2019__Cuprozin_Progress_mód_20240220.md line 598
Cuprozin Progress,6300/776-1/2019,alapengedely,"Kínai kel, kelbimbó (szabadföld és hajtatás)",alternáriás levélfoltosság,gombaölő szer,2,l/ha,400-600,l/ha,13,13,három leveles állapot (BBCH 13) – egy héttel a levelek betakarítása előtti állapot,,4 (szabadföld) 2 (hajtatás),7,,Cuprozin Progress_mód_20240220.pdf,https://novenyvedoszer.nebih.gov.hu/Engedelykereso/DocumentHandler.ashx?documentId=344859768es344860272&documentName=Cuprozin+Progress_m%c3%b3d_20240220.pdf,missing point 4 row recovered from markdown table audit; source Cuprozin_Progress__6300-776-1-2019__Cuprozin_Progress_mód_20240220.md line 679
Cuprozin Progress,6300/776-1/2019,alapengedely,Dísznövények (hajtatás) 50 cm növénymagassá g alatt 50 cm – 125 cm növénymagassá g,gombás levélfoltosságok,gombaölő szer,2-3,l/ha,1000-1500,l/ha,12,12,levélkiterülés (BBCH 12),,4,10,,Cuprozin Progress_mód_20240220.pdf,https://novenyvedoszer.nebih.gov.hu/Engedelykereso/DocumentHandler.ashx?documentId=344859768es344860272&documentName=Cuprozin+Progress_m%c3%b3d_20240220.pdf,missing point 4 row recovered from markdown table audit; source Cuprozin_Progress__6300-776-1-2019__Cuprozin_Progress_mód_20240220.md line 682
Karate Zeon 5 CS,11769/2002,alapengedely,"csonthéjasok (őszibarack, kajszi, szilva, cseresznye, meggy)","gyümölcsmolyok, levéltetvek, levélbolha, cseresznyelégy, aranyos eszelény",rovarölő szer,0.2-0.3,l/ha,800-1500,l/ha,83,83,színeződés kialakulása (BBCH 83),,2,8,,Karate Zeon 5 CS_ mod_20250718_publikus.pdf,https://novenyvedoszer.nebih.gov.hu/Engedelykereso/DocumentHandler.ashx?documentId=347735145es347738488&documentName=Karate+Zeon+5+CS_+mod_20250718_publikus.pdf,missing point 4 row recovered from markdown table audit; source Karate_Zeon_5_CS__11769-2002__Karate_Zeon_5_CS_mod_20250718_publikus.md line 454
Karate Zeon 5 CS,11769/2002,alapengedely,"csonthéjasok (őszibarack, kajszi, szilva, cseresznye, meggy)",foltosszárnyú muslica,rovarölő szer,0.3,l/ha,800-1500,l/ha,83,83,színeződés kialakulása (BBCH 83),,2,8,,Karate Zeon 5 CS_ mod_20250718_publikus.pdf,https://novenyvedoszer.nebih.gov.hu/Engedelykereso/DocumentHandler.ashx?documentId=347735145es347738488&documentName=Karate+Zeon+5+CS_+mod_20250718_publikus.pdf,missing point 4 row recovered from markdown table audit; source Karate_Zeon_5_CS__11769-2002__Karate_Zeon_5_CS_mod_20250718_publikus.md line 456
Karate Zeon 5 CS,11769/2002,alapengedely,mogyoró,mogyoróormányos,rovarölő szer,0.2,l/ha,800-1000,l/ha,80,80,végső gyümölcsméret (BBCH 80),,3,12,,Karate Zeon 5 CS_ mod_20250718_publikus.pdf,https://novenyvedoszer.nebih.gov.hu/Engedelykereso/DocumentHandler.ashx?documentId=347735145es347738488&documentName=Karate+Zeon+5+CS_+mod_20250718_publikus.pdf,missing point 4 row recovered from markdown table audit; source Karate_Zeon_5_CS__11769-2002__Karate_Zeon_5_CS_mod_20250718_publikus.md line 457
Karate Zeon 5 CS,11769/2002,alapengedely,mandula,"levéltetvek, mandula-magdarázs",rovarölő szer,0.2,l/ha,800-1000,l/ha,80,80,végső gyümölcsméret (BBCH 80),,3,12,,Karate Zeon 5 CS_ mod_20250718_publikus.pdf,https://novenyvedoszer.nebih.gov.hu/Engedelykereso/DocumentHandler.ashx?documentId=347735145es347738488&documentName=Karate+Zeon+5+CS_+mod_20250718_publikus.pdf,missing point 4 row recovered from markdown table audit; source Karate_Zeon_5_CS__11769-2002__Karate_Zeon_5_CS_mod_20250718_publikus.md line 458
Karate Zeon 5 CS,11769/2002,alapengedely,dió,"almamoly, levéltetvek, dióburok-fúrólégy",rovarölő szer,0.2,l/ha,800-1000,l/ha,81,81,végső gyümölcsméret (BBCH 81),,3,10,,Karate Zeon 5 CS_ mod_20250718_publikus.pdf,https://novenyvedoszer.nebih.gov.hu/Engedelykereso/DocumentHandler.ashx?documentId=347735145es347738488&documentName=Karate+Zeon+5+CS_+mod_20250718_publikus.pdf,missing point 4 row recovered from markdown table audit; source Karate_Zeon_5_CS__11769-2002__Karate_Zeon_5_CS_mod_20250718_publikus.md line 459
Karate Zeon 5 CS,11769/2002,alapengedely,szőlő,foltosszárnyú muslica amerikai szőlőkabóca,rovarölő szer,0.25,l/ha,800-1000,l/ha,78,78,fürtzáródás (BBCH 78),,2,10,,Karate Zeon 5 CS_ mod_20250718_publikus.pdf,https://novenyvedoszer.nebih.gov.hu/Engedelykereso/DocumentHandler.ashx?documentId=347735145es347738488&documentName=Karate+Zeon+5+CS_+mod_20250718_publikus.pdf,missing point 4 row recovered from markdown table audit; source Karate_Zeon_5_CS__11769-2002__Karate_Zeon_5_CS_mod_20250718_publikus.md line 461
Karate Zeon 5 CS,11769/2002,alapengedely,szamóca (szabadföldi),"levéltetvek, foltosszárnyú muslica",rovarölő szer,0.2,l/ha,400-1000,l/ha,85,85,a fajtára jellemző színeződés kezdete (BBCH 85),,2,14,,Karate Zeon 5 CS_ mod_20250718_publikus.pdf,https://novenyvedoszer.nebih.gov.hu/Engedelykereso/DocumentHandler.ashx?documentId=347735145es347738488&documentName=Karate+Zeon+5+CS_+mod_20250718_publikus.pdf,missing point 4 row recovered from markdown table audit; source Karate_Zeon_5_CS__11769-2002__Karate_Zeon_5_CS_mod_20250718_publikus.md line 462
Karate Zeon 5 CS,11769/2002,alapengedely,"ribiszke, köszméte, málna, szeder","levéltetvek, foltosszárnyú muslica",rovarölő szer,0.2,l/ha,600-1200,l/ha,69,69,virágzás vége (BBCH 69),,2,14,,Karate Zeon 5 CS_ mod_20250718_publikus.pdf,https://novenyvedoszer.nebih.gov.hu/Engedelykereso/DocumentHandler.ashx?documentId=347735145es347738488&documentName=Karate+Zeon+5+CS_+mod_20250718_publikus.pdf,missing point 4 row recovered from markdown table audit; source Karate_Zeon_5_CS__11769-2002__Karate_Zeon_5_CS_mod_20250718_publikus.md line 463
Karate Zeon 5 CS,11769/2002,alapengedely,fekete bodza,"amerikai fehér szövőlepke, levéltetvek",rovarölő szer,0.3,l/ha,500-1000,l/ha,69,69,virágzás vége (BBCH 69),,2,10,,Karate Zeon 5 CS_ mod_20250718_publikus.pdf,https://novenyvedoszer.nebih.gov.hu/Engedelykereso/DocumentHandler.ashx?documentId=347735145es347738488&documentName=Karate+Zeon+5+CS_+mod_20250718_publikus.pdf,missing point 4 row recovered from markdown table audit; source Karate_Zeon_5_CS__11769-2002__Karate_Zeon_5_CS_mod_20250718_publikus.md line 464
Karate Zeon 5 CS,11769/2002,alapengedely,paprika,"bagolylepkék lárvái, levéltetvek",rovarölő szer,0.2-0.4,l/ha,400-800,l/ha,82,82,érés kezdete (BBCH 82),,2,10,,Karate Zeon 5 CS_ mod_20250718_publikus.pdf,https://novenyvedoszer.nebih.gov.hu/Engedelykereso/DocumentHandler.ashx?documentId=347735145es347738488&documentName=Karate+Zeon+5+CS_+mod_20250718_publikus.pdf,missing point 4 row recovered from markdown table audit; source Karate_Zeon_5_CS__11769-2002__Karate_Zeon_5_CS_mod_20250718_publikus.md line 465
Karate Zeon 5 CS,11769/2002,alapengedely,paradicsom (hajtatott),"bagolylepkék lárvái, levéltetvek",rovarölő szer,0.2-0.4,l/ha,400-600,l/ha,82,82,érés kezdete (BBCH 82),,2,10,,Karate Zeon 5 CS_ mod_20250718_publikus.pdf,https://novenyvedoszer.nebih.gov.hu/Engedelykereso/DocumentHandler.ashx?documentId=347735145es347738488&documentName=Karate+Zeon+5+CS_+mod_20250718_publikus.pdf,missing point 4 row recovered from markdown table audit; source Karate_Zeon_5_CS__11769-2002__Karate_Zeon_5_CS_mod_20250718_publikus.md line 466
Karate Zeon 5 CS,11769/2002,alapengedely,uborka,"bagolylepkék lárvái, levéltetvek",rovarölő szer,0.2,l/ha,400-800,l/ha,70,70,termésképződés kezdete (BBCH 70),,2,10,,Karate Zeon 5 CS_ mod_20250718_publikus.pdf,https://novenyvedoszer.nebih.gov.hu/Engedelykereso/DocumentHandler.ashx?documentId=347735145es347738488&documentName=Karate+Zeon+5+CS_+mod_20250718_publikus.pdf,missing point 4 row recovered from markdown table audit; source Karate_Zeon_5_CS__11769-2002__Karate_Zeon_5_CS_mod_20250718_publikus.md line 468
Karate Zeon 5 CS,11769/2002,alapengedely,"fejes káposzta, bimbós kel, karfiol, brokkoli, kelkáposzta","bagolylepkék lárvái, levéltetvek, káposztapoloska",rovarölő szer,0.2,l/ha,400-600,l/ha,45,45,50 %-os fejátmérő (BBCH 45),,2,10,,Karate Zeon 5 CS_ mod_20250718_publikus.pdf,https://novenyvedoszer.nebih.gov.hu/Engedelykereso/DocumentHandler.ashx?documentId=347735145es347738488&documentName=Karate+Zeon+5+CS_+mod_20250718_publikus.pdf,missing point 4 row recovered from markdown table audit; source Karate_Zeon_5_CS__11769-2002__Karate_Zeon_5_CS_mod_20250718_publikus.md line 469
Karate Zeon 5 CS,11769/2002,alapengedely,borsó (zöld- és szárazborsó),levéltetvek,rovarölő szer,0.15,l/ha,400-600,l/ha,72,72,hüvelyképződés kezdete (BBCH 72),,2,5,,Karate Zeon 5 CS_ mod_20250718_publikus.pdf,https://novenyvedoszer.nebih.gov.hu/Engedelykereso/DocumentHandler.ashx?documentId=347735145es347738488&documentName=Karate+Zeon+5+CS_+mod_20250718_publikus.pdf,missing point 4 row recovered from markdown table audit; source Karate_Zeon_5_CS__11769-2002__Karate_Zeon_5_CS_mod_20250718_publikus.md line 470
Karate Zeon 5 CS,11769/2002,alapengedely,bab (zöld- és szárazbab),gyapottok-bagolylepke,rovarölő szer,0.15,l/ha,400-600,l/ha,79,79,babszemek kidomborodnak a hüvelyen (BBCH 79),,2,12,,Karate Zeon 5 CS_ mod_20250718_publikus.pdf,https://novenyvedoszer.nebih.gov.hu/Engedelykereso/DocumentHandler.ashx?documentId=347735145es347738488&documentName=Karate+Zeon+5+CS_+mod_20250718_publikus.pdf,missing point 4 row recovered from markdown table audit; source Karate_Zeon_5_CS__11769-2002__Karate_Zeon_5_CS_mod_20250718_publikus.md line 471
Karate Zeon 5 CS,11769/2002,alapengedely,saláta,"bagolylepkék lárvái, levéltetvek",rovarölő szer,0.125,l/ha,400-600,l/ha,45,45,50 %-os levéltömeg (BBCH 45),,2,12,,Karate Zeon 5 CS_ mod_20250718_publikus.pdf,https://novenyvedoszer.nebih.gov.hu/Engedelykereso/DocumentHandler.ashx?documentId=347735145es347738488&documentName=Karate+Zeon+5+CS_+mod_20250718_publikus.pdf,missing point 4 row recovered from markdown table audit; source Karate_Zeon_5_CS__11769-2002__Karate_Zeon_5_CS_mod_20250718_publikus.md line 553
Karate Zeon 5 CS,11769/2002,alapengedely,torma,"földibolha, káposztapoloska",rovarölő szer,0.3,l/ha,400-600,l/ha,49,49,gyökér- növekedés vége (BBCH 49),,2,14,,Karate Zeon 5 CS_ mod_20250718_publikus.pdf,https://novenyvedoszer.nebih.gov.hu/Engedelykereso/DocumentHandler.ashx?documentId=347735145es347738488&documentName=Karate+Zeon+5+CS_+mod_20250718_publikus.pdf,missing point 4 row recovered from markdown table audit; source Karate_Zeon_5_CS__11769-2002__Karate_Zeon_5_CS_mod_20250718_publikus.md line 555
Karate Zeon 5 CS,11769/2002,alapengedely,"tojásgyümölcs (szabadföldi, hajtatott)","bagolylepkék lárvái, levéltetvek",rovarölő szer,0.2,l/ha,400-600,l/ha,82,82,érés kezdete (BBCH 82),,2,10,,Karate Zeon 5 CS_ mod_20250718_publikus.pdf,https://novenyvedoszer.nebih.gov.hu/Engedelykereso/DocumentHandler.ashx?documentId=347735145es347738488&documentName=Karate+Zeon+5+CS_+mod_20250718_publikus.pdf,missing point 4 row recovered from markdown table audit; source Karate_Zeon_5_CS__11769-2002__Karate_Zeon_5_CS_mod_20250718_publikus.md line 556
Karate Zeon 5 CS,11769/2002,alapengedely,"borsmustár (rukkola), galambbegy saláta","bagolylepkék lárvái, levéltetvek",rovarölő szer,0.2-0.25,l/ha,400-600,l/ha,45,45,levélfejlődés (BBCH 45),,2,12,,Karate Zeon 5 CS_ mod_20250718_publikus.pdf,https://novenyvedoszer.nebih.gov.hu/Engedelykereso/DocumentHandler.ashx?documentId=347735145es347738488&documentName=Karate+Zeon+5+CS_+mod_20250718_publikus.pdf,missing point 4 row recovered from markdown table audit; source Karate_Zeon_5_CS__11769-2002__Karate_Zeon_5_CS_mod_20250718_publikus.md line 557
Karate Zeon 5 CS,11769/2002,alapengedely,"sóska, spenót (szabadföldi)","bagolylepkék lárvái, levéltetvek",rovarölő szer,0.15,l/ha,400-600,l/ha,45,45,levélfejlődés (BBCH 45),,2,12,,Karate Zeon 5 CS_ mod_20250718_publikus.pdf,https://novenyvedoszer.nebih.gov.hu/Engedelykereso/DocumentHandler.ashx?documentId=347735145es347738488&documentName=Karate+Zeon+5+CS_+mod_20250718_publikus.pdf,missing point 4 row recovered from markdown table audit; source Karate_Zeon_5_CS__11769-2002__Karate_Zeon_5_CS_mod_20250718_publikus.md line 558
Karate Zeon 5 CS,11769/2002,alapengedely,"zöld fűszernövények (metélőhagyma, metélőpetrezse- lyem, zellerlevél, kapor, angyalgyökér, lestyán, szurokfű, borsikafű, tárkony, zsálya, izsóp, kakukkfű, citromfű, rozmaring, koriander, bazsalikom, menta, majoránna, zamatos turbolya)","bagolylepkék lárvái, levéltetvek, poloskák",rovarölő szer,0.2-0.25,l/ha,400-600,l/ha,,,levélfejlődés (a betakarítás előtt 7 nappal),,2,12,,Karate Zeon 5 CS_ mod_20250718_publikus.pdf,https://novenyvedoszer.nebih.gov.hu/Engedelykereso/DocumentHandler.ashx?documentId=347735145es347738488&documentName=Karate+Zeon+5+CS_+mod_20250718_publikus.pdf,missing point 4 row recovered from markdown table audit; source Karate_Zeon_5_CS__11769-2002__Karate_Zeon_5_CS_mod_20250718_publikus.md line 559
Karate Zeon 5 CS,11769/2002,alapengedely,"vöröshagyma, fokhagyma, mogyoróhagyma","levéltetű-, lepke-, légy-, tripszfajok",rovarölő szer,0.15,l/ha,300-600,l/ha,45,45,hagymafej- képződés (BBCH 45),,3,12,,Karate Zeon 5 CS_ mod_20250718_publikus.pdf,https://novenyvedoszer.nebih.gov.hu/Engedelykereso/DocumentHandler.ashx?documentId=347735145es347738488&documentName=Karate+Zeon+5+CS_+mod_20250718_publikus.pdf,missing point 4 row recovered from markdown table audit; source Karate_Zeon_5_CS__11769-2002__Karate_Zeon_5_CS_mod_20250718_publikus.md line 560
Karate Zeon 5 CS,11769/2002,alapengedely,újhagyma,"levéltetű-, légy-, lepke-, tripszfajok",rovarölő szer,0.1-0.15,l/ha,200-600,l/ha,45,45,hagymafej- képződés (BBCH 45),,1,12,,Karate Zeon 5 CS_ mod_20250718_publikus.pdf,https://novenyvedoszer.nebih.gov.hu/Engedelykereso/DocumentHandler.ashx?documentId=347735145es347738488&documentName=Karate+Zeon+5+CS_+mod_20250718_publikus.pdf,missing point 4 row recovered from markdown table audit; source Karate_Zeon_5_CS__11769-2002__Karate_Zeon_5_CS_mod_20250718_publikus.md line 561
Karate Zeon 5 CS,11769/2002,alapengedely,édeskömény,"levéltetű-, lepke-, poloska-, földi bolha fajok",rovarölő szer,0.2,l/ha,300-600,l/ha,45,45,levélzet fejlődése (BBCH 45),,2,12,,Karate Zeon 5 CS_ mod_20250718_publikus.pdf,https://novenyvedoszer.nebih.gov.hu/Engedelykereso/DocumentHandler.ashx?documentId=347735145es347738488&documentName=Karate+Zeon+5+CS_+mod_20250718_publikus.pdf,missing point 4 row recovered from markdown table audit; source Karate_Zeon_5_CS__11769-2002__Karate_Zeon_5_CS_mod_20250718_publikus.md line 562
Karate Zeon 5 CS,11769/2002,alapengedely,"gyógynövények (macskagyökér, körömvirág, kamilla, római kamilla, máriatövis, orbáncfű, cickafark, gyűszűvirág, orvosi csucsor, levendula, vasfű, lósóska)","levéltetű-, lepke-, poloska-, földi bolha fajok",rovarölő szer,0.2,l/ha,300-600,l/ha,45,45,levélzet fejlődése (BBCH 45),,1,12,,Karate Zeon 5 CS_ mod_20250718_publikus.pdf,https://novenyvedoszer.nebih.gov.hu/Engedelykereso/DocumentHandler.ashx?documentId=347735145es347738488&documentName=Karate+Zeon+5+CS_+mod_20250718_publikus.pdf,missing point 4 row recovered from markdown table audit; source Karate_Zeon_5_CS__11769-2002__Karate_Zeon_5_CS_mod_20250718_publikus.md line 618
Karate Zeon 5 CS,11769/2002,alapengedely,dohány,"levéltetvek, bagolylepkék",rovarölő szer,0.2,l/ha,400-800,l/ha,49,49,levélfejlődés vége (betakarítás előtt 7 nappal) (BBCH 49),,2,10,,Karate Zeon 5 CS_ mod_20250718_publikus.pdf,https://novenyvedoszer.nebih.gov.hu/Engedelykereso/DocumentHandler.ashx?documentId=347735145es347738488&documentName=Karate+Zeon+5+CS_+mod_20250718_publikus.pdf,missing point 4 row recovered from markdown table audit; source Karate_Zeon_5_CS__11769-2002__Karate_Zeon_5_CS_mod_20250718_publikus.md line 620
Karate Zeon 5 CS,11769/2002,alapengedely,rizs,"tollas árvaszúnyog, rizs- árvaszúnyog, rizslégy, nyári pajzsosrák, tapadó lencserák, zöld vándorpoloska",rovarölő szer,0.2,l/ha,250-300,l/ha,75,75,tejesérés (BBCH 75),,2,10,,Karate Zeon 5 CS_ mod_20250718_publikus.pdf,https://novenyvedoszer.nebih.gov.hu/Engedelykereso/DocumentHandler.ashx?documentId=347735145es347738488&documentName=Karate+Zeon+5+CS_+mod_20250718_publikus.pdf,missing point 4 row recovered from markdown table audit; source Karate_Zeon_5_CS__11769-2002__Karate_Zeon_5_CS_mod_20250718_publikus.md line 621
Karate Zeon 5 CS,11769/2002,alapengedely,mák,"máktokormányos, fekete répa-levéltetű",rovarölő szer,0.15,l/ha,250-400,l/ha,51,51,zöldbimbós állapot (BBCH 51),,2,10,,Karate Zeon 5 CS_ mod_20250718_publikus.pdf,https://novenyvedoszer.nebih.gov.hu/Engedelykereso/DocumentHandler.ashx?documentId=347735145es347738488&documentName=Karate+Zeon+5+CS_+mod_20250718_publikus.pdf,missing point 4 row recovered from markdown table audit; source Karate_Zeon_5_CS__11769-2002__Karate_Zeon_5_CS_mod_20250718_publikus.md line 622
Karate Zeon 5 CS,11769/2002,alapengedely,cékla,"levéltetvek, répabolha, bagolylepkék lárvái",rovarölő szer,0.2,l/ha,300-500,l/ha,49,49,gyökér- növekedés vége (BBCH 49),,2,10,,Karate Zeon 5 CS_ mod_20250718_publikus.pdf,https://novenyvedoszer.nebih.gov.hu/Engedelykereso/DocumentHandler.ashx?documentId=347735145es347738488&documentName=Karate+Zeon+5+CS_+mod_20250718_publikus.pdf,missing point 4 row recovered from markdown table audit; source Karate_Zeon_5_CS__11769-2002__Karate_Zeon_5_CS_mod_20250718_publikus.md line 623
Karate Zeon 5 CS,11769/2002,alapengedely,sárgarépa,"levéltetvek, légyfajok",rovarölő szer,0.2,l/ha,300-500,l/ha,49,49,gyökér- növekedés vége (BBCH 49),,2,10,,Karate Zeon 5 CS_ mod_20250718_publikus.pdf,https://novenyvedoszer.nebih.gov.hu/Engedelykereso/DocumentHandler.ashx?documentId=347735145es347738488&documentName=Karate+Zeon+5+CS_+mod_20250718_publikus.pdf,missing point 4 row recovered from markdown table audit; source Karate_Zeon_5_CS__11769-2002__Karate_Zeon_5_CS_mod_20250718_publikus.md line 624
Signum WG,1753/2006,alapengedely,borsmustár (rukkola) (szabadföldi),szürkepenész,gombaölő szer,1.5,kg/ha,400-600,l/ha,14,14,4 leveles állapottól (BBCH 14) végső levéltömeg eléréséig (BBCH 49),,2,7,,SignumWG_mod_20260511.pdf,https://novenyvedoszer.nebih.gov.hu/Engedelykereso/DocumentHandler.ashx?documentId=350182021es350112000&documentName=SignumWG_mod_20260511.pdf,missing point 4 row recovered from markdown table audit; source Signum_WG__1753-2006__SignumWG_mod_20260511.md line 368
Signum WG,1753/2006,alapengedely,galambbegy- saláta (szabadföldi és hajtatott),"szürkepenész, fehérpenész, rizoktóniás palántadőlés",gombaölő szer,1.5,kg/ha,200-600,l/ha,14,14,4 leveles állapottól (BBCH 14) végső levéltömeg eléréséig (BBCH 49),,1,7,,SignumWG_mod_20260511.pdf,https://novenyvedoszer.nebih.gov.hu/Engedelykereso/DocumentHandler.ashx?documentId=350182021es350112000&documentName=SignumWG_mod_20260511.pdf,missing point 4 row recovered from markdown table audit; source Signum_WG__1753-2006__SignumWG_mod_20260511.md line 370
Signum WG,1753/2006,alapengedely,spárga,szürkepenész rozsda,gombaölő szer,1-1.5,kg/ha,400-1000,l/ha,14,14,4 leveles állapottól (BBCH 14) szárnövekedés végéig (BBCH 39),,2,14,,SignumWG_mod_20260511.pdf,https://novenyvedoszer.nebih.gov.hu/Engedelykereso/DocumentHandler.ashx?documentId=350182021es350112000&documentName=SignumWG_mod_20260511.pdf,missing point 4 row recovered from markdown table audit; source Signum_WG__1753-2006__SignumWG_mod_20260511.md line 371
Signum WG,1753/2006,alapengedely,szamóca (szabadföldi és hajtatott),"szürkepenész, mikoszferellás, diplokarponos levélfoltosság, gnomóniás betegség, antraknózis, lisztharmat",gombaölő szer,1.8,kg/ha,450-1000,szabadföldi: hajtatott:,13,13,3. levél kiterülésétől (BBCH 13) Érés kezdetéig (BBCH 81),,1,14,,SignumWG_mod_20260511.pdf,https://novenyvedoszer.nebih.gov.hu/Engedelykereso/DocumentHandler.ashx?documentId=350182021es350112000&documentName=SignumWG_mod_20260511.pdf,missing point 4 row recovered from markdown table audit; source Signum_WG__1753-2006__SignumWG_mod_20260511.md line 372
Signum WG,1753/2006,alapengedely,"málna, szeder","didimellás betegség, szürkepenész",gombaölő szer,1,kg/ha,400-600,l/ha,55,55,első virágzatok megjelenésétől (BBCH 55) 1 héttel betakarítás előtti állapotig (BBCH 86),,2,7,,SignumWG_mod_20260511.pdf,https://novenyvedoszer.nebih.gov.hu/Engedelykereso/DocumentHandler.ashx?documentId=350182021es350112000&documentName=SignumWG_mod_20260511.pdf,missing point 4 row recovered from markdown table audit; source Signum_WG__1753-2006__SignumWG_mod_20260511.md line 373
Signum WG,1753/2006,alapengedely,"piros-, fekete- és fehér ribiszke, köszméte, áfonya","drepanopezizás levélfoltosság, szürkepenész, lisztharmat",gombaölő szer,1,kg/ha,400-600,l/ha,57,57,virágbimbók elkülönülésétől (BBCH 57) 2 héttel betakarítás előtti állapotig (BBCH 84),,2,7,,SignumWG_mod_20260511.pdf,https://novenyvedoszer.nebih.gov.hu/Engedelykereso/DocumentHandler.ashx?documentId=350182021es350112000&documentName=SignumWG_mod_20260511.pdf,missing point 4 row recovered from markdown table audit; source Signum_WG__1753-2006__SignumWG_mod_20260511.md line 374
Signum WG,1753/2006,alapengedely,"dísznövények egynyári, évelő, vágott virág, cserepes; 50 cm növénymagasságig (szabadföldi és üvegházi)","alternária, szürkepenész, fehérpenész, rizoktóniás palántadőlés",gombaölő szer,1-1.8,kg/ha,400-1000,l/ha,,,n. k.,,2,12,,SignumWG_mod_20260511.pdf,https://novenyvedoszer.nebih.gov.hu/Engedelykereso/DocumentHandler.ashx?documentId=350182021es350112000&documentName=SignumWG_mod_20260511.pdf,missing point 4 row recovered from markdown table audit; source Signum_WG__1753-2006__SignumWG_mod_20260511.md line 376
Signum WG,1753/2006,alapengedely,paprika (hajtatott),lisztharmat,gombaölő szer,1,kg/ha,500-1500,l/ha,18,18,8 leveles állapottól (BBCH 18) terméskötődésig (BBCH 70),,2,7,,SignumWG_mod_20260511.pdf,https://novenyvedoszer.nebih.gov.hu/Engedelykereso/DocumentHandler.ashx?documentId=350182021es350112000&documentName=SignumWG_mod_20260511.pdf,missing point 4 row recovered from markdown table audit; source Signum_WG__1753-2006__SignumWG_mod_20260511.md line 494
Signum WG,1753/2006,alapengedely,"vöröshagyma, fokhagyma, mogyoróhagyma","alternáriás levélfoltosság, fómás rothadás",gombaölő szer,1,kg/ha,300-600,l/ha,20,20,10. levél megjelenésétől (BBCH 20) dőlés kezdetéig (BBCH 47),,2,7,,SignumWG_mod_20260511.pdf,https://novenyvedoszer.nebih.gov.hu/Engedelykereso/DocumentHandler.ashx?documentId=350182021es350112000&documentName=SignumWG_mod_20260511.pdf,missing point 4 row recovered from markdown table audit; source Signum_WG__1753-2006__SignumWG_mod_20260511.md line 496
Signum WG,1753/2006,alapengedely,fekete bodza,"levélfoltosságok (Cercospora sp. Phoma sp.) szürkepenész, kocsánybénulás (Colletotrichum sp., Phoma sp., Fusarium sp.)",gombaölő szer,1,kg/ha,400-1000,l/ha,90,90,betakarítást követően (BBCH 90) érés kezdetéig (BBCH 81),,3,7,,SignumWG_mod_20260511.pdf,https://novenyvedoszer.nebih.gov.hu/Engedelykereso/DocumentHandler.ashx?documentId=350182021es350112000&documentName=SignumWG_mod_20260511.pdf,missing point 4 row recovered from markdown table audit; source Signum_WG__1753-2006__SignumWG_mod_20260511.md line 498
Signum WG,1753/2006,alapengedely,fűszerpaprika (szabadföldi),"szürkepenész, alternáriás betegség lisztharmat",gombaölő szer,1,kg/ha,500-1000,l/ha,18,18,8 leveles állapottól (BBCH 18) teljes érésig (BBCH 89),,3,7,,SignumWG_mod_20260511.pdf,https://novenyvedoszer.nebih.gov.hu/Engedelykereso/DocumentHandler.ashx?documentId=350182021es350112000&documentName=SignumWG_mod_20260511.pdf,missing point 4 row recovered from markdown table audit; source Signum_WG__1753-2006__SignumWG_mod_20260511.md line 500
Signum WG,1753/2006,alapengedely,cékla,"lisztharmat, fehérpenész, cerkospórás levélfoltosság",gombaölő szer,0.75-1,kg/ha,300-600,l/ha,14,14,4 leveles állapottól (BBCH 14) gyökérnövekedés végéig (BBCH 49),,2,7,,SignumWG_mod_20260511.pdf,https://novenyvedoszer.nebih.gov.hu/Engedelykereso/DocumentHandler.ashx?documentId=350182021es350112000&documentName=SignumWG_mod_20260511.pdf,missing point 4 row recovered from markdown table audit; source Signum_WG__1753-2006__SignumWG_mod_20260511.md line 501
Signum WG,1753/2006,alapengedely,tölgy erdészeti csemetekert,"lisztharmat, apiognomóniáslev élfoltosság (barna levélfoltosság)",gombaölő szer,1-1.8,kg/ha,200-1000,l/ha,,,n. k.,,2,7,,SignumWG_mod_20260511.pdf,https://novenyvedoszer.nebih.gov.hu/Engedelykereso/DocumentHandler.ashx?documentId=350182021es350112000&documentName=SignumWG_mod_20260511.pdf,missing point 4 row recovered from markdown table audit; source Signum_WG__1753-2006__SignumWG_mod_20260511.md line 502
Signum WG,1753/2006,alapengedely,"fejes káposzta, kelkáposzta, fodros kel, csúcsos káposzta","alternária, mikoszferella fehérsömör",gombaölő szer,1,kg/ha,600-1000,l/ha,14,14,4 leveles állapottól (BBCH 14) végleges fejméret eléréséig (BBCH 49),,2,14,,SignumWG_mod_20260511.pdf,https://novenyvedoszer.nebih.gov.hu/Engedelykereso/DocumentHandler.ashx?documentId=350182021es350112000&documentName=SignumWG_mod_20260511.pdf,missing point 4 row recovered from markdown table audit; source Signum_WG__1753-2006__SignumWG_mod_20260511.md line 503
Signum WG,1753/2006,alapengedely,"fejes káposzta, csúcsos káposzta","botrítiszes betegség (szürkepenész), plenodómuszos betegség (fóma)",gombaölő szer,0.5,kg/ha,100,l/ha,,,betárolás előtt,,1,14,,SignumWG_mod_20260511.pdf,https://novenyvedoszer.nebih.gov.hu/Engedelykereso/DocumentHandler.ashx?documentId=350182021es350112000&documentName=SignumWG_mod_20260511.pdf,missing point 4 row recovered from markdown table audit; source Signum_WG__1753-2006__SignumWG_mod_20260511.md line 504
Signum WG,1753/2006,alapengedely,mogyoró,"lisztharmat, moníliás",gombaölő szer,1,kg/ha,600-1500,l/ha,69,69,virágzás végétől (BBCH 69),,2,7,,SignumWG_mod_20260511.pdf,https://novenyvedoszer.nebih.gov.hu/Engedelykereso/DocumentHandler.ashx?documentId=350182021es350112000&documentName=SignumWG_mod_20260511.pdf,missing point 4 row recovered from markdown table audit; source Signum_WG__1753-2006__SignumWG_mod_20260511.md line 505
Signum WG,1753/2006,alapengedely,dió,"ofiognomóniás betegség, fomopsziszos betegség (diaporte), gombás termésbetegségek (pl. Alternaria spp., Botryosphaeria spp., Cladosporium spp., Diplodia spp., Fusarium spp.)",gombaölő szer,1,kg/ha,600-1500,l/ha,61,61,virágzás kezdetétől (BBCH 61) végleges termésméret eléréséig – lignifikáció kezdete (BBCH 79),,2,7,,SignumWG_mod_20260511.pdf,https://novenyvedoszer.nebih.gov.hu/Engedelykereso/DocumentHandler.ashx?documentId=350182021es350112000&documentName=SignumWG_mod_20260511.pdf,missing point 4 row recovered from markdown table audit; source Signum_WG__1753-2006__SignumWG_mod_20260511.md line 592
Signum WG,1753/2006,alapengedely,"vöröshagyma, fokhagyma, mogyoróhagyma","botrítiszes betegségek, kladospóriumos betegség",gombaölő szer,1,kg/ha,300-600,l/ha,20,20,10. levél megjelenésétől (BBCH 20) dőlés kezdetéig (BBCH 47),,2,7,,SignumWG_mod_20260511.pdf,https://novenyvedoszer.nebih.gov.hu/Engedelykereso/DocumentHandler.ashx?documentId=350182021es350112000&documentName=SignumWG_mod_20260511.pdf,missing point 4 row recovered from markdown table audit; source Signum_WG__1753-2006__SignumWG_mod_20260511.md line 593
"Switch 62,5 WG",11982/2002,alapengedely,"málna, szeder",szürkepenész,gombaölő szer,1,kg/ha,500-1500,l/ha,61,61,virágzás kezdetétől (BBCH 61) 2 héttel betakarítás előtti állapotig (BBCH 84),,3,7,,Switch_62.5_WG_mod_20250429publikus.pdf,https://novenyvedoszer.nebih.gov.hu/Engedelykereso/DocumentHandler.ashx?documentId=346901082es346927905&documentName=Switch_62.5_WG_mod_20250429publikus.pdf,missing point 4 row recovered from markdown table audit; source Switch_62_5_WG__11982-2002__Switch_62.5_WG_mod_20250429publikus.md line 275
"Switch 62,5 WG",11982/2002,alapengedely,"csonthéjasok (cseresznye, meggy, őszibarack, kajszi)",monília,gombaölő szer,0.8-1,kg/ha,600-1500,l/ha,61,61,első virágok nyílásától (BBCH 61) 1 héttel betakarítás előtti állapotig (BBCH 86),,2,7,,Switch_62.5_WG_mod_20250429publikus.pdf,https://novenyvedoszer.nebih.gov.hu/Engedelykereso/DocumentHandler.ashx?documentId=346901082es346927905&documentName=Switch_62.5_WG_mod_20250429publikus.pdf,missing point 4 row recovered from markdown table audit; source Switch_62_5_WG__11982-2002__Switch_62.5_WG_mod_20250429publikus.md line 277
"Switch 62,5 WG",11982/2002,alapengedely,"almatermésűek (alma, körte, birs, naspolya)",tárolási betegségek,gombaölő szer,0.8,kg/ha,500-1500,l/ha,61,61,virágzás kezdetétől (BBCH 61) 1 héttel betakarítás előtti állapotig (BBCH 86),,2,6,,Switch_62.5_WG_mod_20250429publikus.pdf,https://novenyvedoszer.nebih.gov.hu/Engedelykereso/DocumentHandler.ashx?documentId=346901082es346927905&documentName=Switch_62.5_WG_mod_20250429publikus.pdf,missing point 4 row recovered from markdown table audit; source Switch_62_5_WG__11982-2002__Switch_62.5_WG_mod_20250429publikus.md line 279
"Switch 62,5 WG",11982/2002,alapengedely,"salátafélék (fejes saláta, endívia, borsmustár (rukkola)) (hajtatott, szabadföldi)","szürkepenész, fehérpenész",gombaölő szer,0.6,kg/ha,800-600,hajtatott: szabad földi:,11,11,1 leveles állapottól (BBCH 11) végleges fejméret eléréséig (BBCH 49),,2,10,,Switch_62.5_WG_mod_20250429publikus.pdf,https://novenyvedoszer.nebih.gov.hu/Engedelykereso/DocumentHandler.ashx?documentId=346901082es346927905&documentName=Switch_62.5_WG_mod_20250429publikus.pdf,missing point 4 row recovered from markdown table audit; source Switch_62_5_WG__11982-2002__Switch_62.5_WG_mod_20250429publikus.md line 280
"Switch 62,5 WG",11982/2002,alapengedely,mángold,"szürkepenész, fehérpenész",gombaölő szer,0.6,kg/ha,400-600,l/ha,11,11,1 leveles állapottól (BBCH 11) 50%-os szárvastagságig (BBCH 45),,2,10,,Switch_62.5_WG_mod_20250429publikus.pdf,https://novenyvedoszer.nebih.gov.hu/Engedelykereso/DocumentHandler.ashx?documentId=346901082es346927905&documentName=Switch_62.5_WG_mod_20250429publikus.pdf,missing point 4 row recovered from markdown table audit; source Switch_62_5_WG__11982-2002__Switch_62.5_WG_mod_20250429publikus.md line 281
"Switch 62,5 WG",11982/2002,alapengedely,dísznövények,szürkepenész,gombaölő szer,0.8-1,kg/ha,500-1200,l/ha,,,nincs korlátozás,,3,14,,Switch_62.5_WG_mod_20250429publikus.pdf,https://novenyvedoszer.nebih.gov.hu/Engedelykereso/DocumentHandler.ashx?documentId=346901082es346927905&documentName=Switch_62.5_WG_mod_20250429publikus.pdf,missing point 4 row recovered from markdown table audit; source Switch_62_5_WG__11982-2002__Switch_62.5_WG_mod_20250429publikus.md line 282
"Switch 62,5 WG",11982/2002,alapengedely,"lencse, csicseriborsó, lóbab","szürkepenész, fehérpenész, aszkohitás betegség",gombaölő szer,1,kg/ha,300-800,l/ha,51,51,első virágbimbók megjelenésétől (BBCH 51) a babszemek kidomborodnak a hüvelyen állapotig (BBCH 79),,2,10,,Switch_62.5_WG_mod_20250429publikus.pdf,https://novenyvedoszer.nebih.gov.hu/Engedelykereso/DocumentHandler.ashx?documentId=346901082es346927905&documentName=Switch_62.5_WG_mod_20250429publikus.pdf,missing point 4 row recovered from markdown table audit; source Switch_62_5_WG__11982-2002__Switch_62.5_WG_mod_20250429publikus.md line 283
"Switch 62,5 WG",11982/2002,alapengedely,tojásgyümölcs (hajtatott),szürkepenész,gombaölő szer,0.8-1,kg/ha,500-1500,l/ha,67,67,7. virág nyílásától (BBCH 67) érés kezdetéig (BBCH 81),,2,10,,Switch_62.5_WG_mod_20250429publikus.pdf,https://novenyvedoszer.nebih.gov.hu/Engedelykereso/DocumentHandler.ashx?documentId=346901082es346927905&documentName=Switch_62.5_WG_mod_20250429publikus.pdf,missing point 4 row recovered from markdown table audit; source Switch_62_5_WG__11982-2002__Switch_62.5_WG_mod_20250429publikus.md line 359
"Switch 62,5 WG",11982/2002,alapengedely,cukkini,szürkepenész,gombaölő szer,0.8-1,kg/ha,500-1200,l/ha,71,71,1 kifejlett terméses állapottól (BBCH 71) termésfejlődésig (BBCH 79),,2,10,,Switch_62.5_WG_mod_20250429publikus.pdf,https://novenyvedoszer.nebih.gov.hu/Engedelykereso/DocumentHandler.ashx?documentId=346901082es346927905&documentName=Switch_62.5_WG_mod_20250429publikus.pdf,missing point 4 row recovered from markdown table audit; source Switch_62_5_WG__11982-2002__Switch_62.5_WG_mod_20250429publikus.md line 361
"Switch 62,5 WG",11982/2002,alapengedely,gumós zeller,"alternáriás levélfoltosság, lisztharmat, fehérpenész",gombaölő szer,1,kg/ha,300-800,l/ha,14,14,4 leveles állapottól (BBCH 14) 70%-os gyökér- vastagságig (BBCH 47),,2,14,,Switch_62.5_WG_mod_20250429publikus.pdf,https://novenyvedoszer.nebih.gov.hu/Engedelykereso/DocumentHandler.ashx?documentId=346901082es346927905&documentName=Switch_62.5_WG_mod_20250429publikus.pdf,missing point 4 row recovered from markdown table audit; source Switch_62_5_WG__11982-2002__Switch_62.5_WG_mod_20250429publikus.md line 362
"Switch 62,5 WG",11982/2002,alapengedely,gyökér- petrezselyem,"alternáriás levélfoltosság, lisztharmat, fehérpenész",gombaölő szer,0.8-1,kg/ha,300-800,l/ha,14,14,4 leveles állapottól (BBCH 14) 70%-os gyökérvastag-ságig (BBCH 47),,2,14,,Switch_62.5_WG_mod_20250429publikus.pdf,https://novenyvedoszer.nebih.gov.hu/Engedelykereso/DocumentHandler.ashx?documentId=346901082es346927905&documentName=Switch_62.5_WG_mod_20250429publikus.pdf,missing point 4 row recovered from markdown table audit; source Switch_62_5_WG__11982-2002__Switch_62.5_WG_mod_20250429publikus.md line 364
"Switch 62,5 WG",11982/2002,alapengedely,"vöröshagyma, fokhagyma, mogyoróhagyma (hajtatott, szabadföldi)","szürkepenész, fehérpenész, alternáriás betegség",gombaölő szer,1,kg/ha,300-600,hajtatott: szabad földi:,20,20,10. levél megjelenésétől (BBCH 20) dőlés kezdetéig (BBCH 47),,2,14,,Switch_62.5_WG_mod_20250429publikus.pdf,https://novenyvedoszer.nebih.gov.hu/Engedelykereso/DocumentHandler.ashx?documentId=346901082es346927905&documentName=Switch_62.5_WG_mod_20250429publikus.pdf,missing point 4 row recovered from markdown table audit; source Switch_62_5_WG__11982-2002__Switch_62.5_WG_mod_20250429publikus.md line 366
"Switch 62,5 WG",11982/2002,alapengedely,"zöld fűszernövények (metélőhagyma, metélő- petrezselyem, kapor, levélzeller, angelika, lestyán, szurokfű, borsikafű, tárkony, zsálya, izsóp, kakukkfű, citromfű, rozmaring, koriander, bazsalikom, menta, majoranna, zamatos turbolya)","szürkepenész, fehérpenész, alternáriás betegségek, lisztharmat",gombaölő szer,0.6,kg/ha,200-1000,l/ha,,,korai virágfejlődéstől 2 héttel betakarítás előtti állapotig,,2,10,,Switch_62.5_WG_mod_20250429publikus.pdf,https://novenyvedoszer.nebih.gov.hu/Engedelykereso/DocumentHandler.ashx?documentId=346901082es346927905&documentName=Switch_62.5_WG_mod_20250429publikus.pdf,missing point 4 row recovered from markdown table audit; source Switch_62_5_WG__11982-2002__Switch_62.5_WG_mod_20250429publikus.md line 461
"Switch 62,5 WG",11982/2002,alapengedely,sárgadinnye (hajtatott),"fehérpenész, kolletotrihumos betegség (fenésedés), kladospóriumos betegség, didimellás betegség",gombaölő szer,1,kg/ha,600-1200,l/ha,21,21,indanövekedés kezdetétől (BBCH 21) érés kezdetig (BBCH 81),,2,10,,Switch_62.5_WG_mod_20250429publikus.pdf,https://novenyvedoszer.nebih.gov.hu/Engedelykereso/DocumentHandler.ashx?documentId=346901082es346927905&documentName=Switch_62.5_WG_mod_20250429publikus.pdf,missing point 4 row recovered from markdown table audit; source Switch_62_5_WG__11982-2002__Switch_62.5_WG_mod_20250429publikus.md line 464
"Switch 62,5 WG",11982/2002,alapengedely,bodza,"levélfoltossá-gok (Cercospora sp. Phoma sp.) szürkepenész, kocsánybénulás (Colletotrichum sp., Phoma sp., Fusarium sp.)",gombaölő szer,1,kg/ha,400-1000,l/ha,90,90,betakarítást követően (BBCH 90) érés kezdetéig (BBCH 81),,3,10,,Switch_62.5_WG_mod_20250429publikus.pdf,https://novenyvedoszer.nebih.gov.hu/Engedelykereso/DocumentHandler.ashx?documentId=346901082es346927905&documentName=Switch_62.5_WG_mod_20250429publikus.pdf,missing point 4 row recovered from markdown table audit; source Switch_62_5_WG__11982-2002__Switch_62.5_WG_mod_20250429publikus.md line 465
"Switch 62,5 WG",11982/2002,alapengedely,"spenót, sóska","lisztharmat, rozsda",gombaölő szer,0.6-0.8,kg/ha,300-600,l/ha,14,14,4 leveles állapottól (BBCH 14) betakarítás előtt 14 nappal,,2,10,,Switch_62.5_WG_mod_20250429publikus.pdf,https://novenyvedoszer.nebih.gov.hu/Engedelykereso/DocumentHandler.ashx?documentId=346901082es346927905&documentName=Switch_62.5_WG_mod_20250429publikus.pdf,missing point 4 row recovered from markdown table audit; source Switch_62_5_WG__11982-2002__Switch_62.5_WG_mod_20250429publikus.md line 466
"Switch 62,5 WG",11982/2002,alapengedely,spárga,rozsda,gombaölő szer,0.8-1,kg/ha,400-800,l/ha,,,spárgasípok szedését követően a szárnövekedés végéig,,3,10,,Switch_62.5_WG_mod_20250429publikus.pdf,https://novenyvedoszer.nebih.gov.hu/Engedelykereso/DocumentHandler.ashx?documentId=346901082es346927905&documentName=Switch_62.5_WG_mod_20250429publikus.pdf,missing point 4 row recovered from markdown table audit; source Switch_62_5_WG__11982-2002__Switch_62.5_WG_mod_20250429publikus.md line 467
"Switch 62,5 WG",11982/2002,alapengedely,"pázsitok, gyepek, golf- és futball pályák","hópenész, levélfoltosságok és rozsda",gombaölő szer,1,kg/ha,300-600,l/ha,29,29,beállt gyep állapottól (BBCH 29),,2,14,,Switch_62.5_WG_mod_20250429publikus.pdf,https://novenyvedoszer.nebih.gov.hu/Engedelykereso/DocumentHandler.ashx?documentId=346901082es346927905&documentName=Switch_62.5_WG_mod_20250429publikus.pdf,missing point 4 row recovered from markdown table audit; source Switch_62_5_WG__11982-2002__Switch_62.5_WG_mod_20250429publikus.md line 468
Taegro,6300/1274-1/2021,alapengedely,paradicsom szabadföldi,pszeudomonászos betegség,gombaölő szer,0.185-0.37,kg/ha,180-1000,l/ha,12,12,2 leveles állapottól (BBCH 12) teljes érésig (BBCH 89),,10,7,,Taegro_mod_20231122.pdf,https://novenyvedoszer.nebih.gov.hu/Engedelykereso/DocumentHandler.ashx?documentId=343954472es343954774&documentName=Taegro_mod_20231122.pdf,missing point 4 row recovered from markdown table audit; source Taegro__6300-1274-1-2021__Taegro_mod_20231122.md line 382
Taegro,6300/1274-1/2021,alapengedely,"fejes káposzta, karfiol, kelkáposzta, pak choi, brokkoli, kelbimbó, kínai kel, karalábé szabadföldi","mikoszferellás betegség, alternáriás betegség",gombaölő szer,0.185-0.37,kg/ha,180-500,l/ha,11,11,1 leveles állapottól (BBCH 11) végleges fejméret eléréséig (BBCH 49),,10,7,,Taegro_mod_20231122.pdf,https://novenyvedoszer.nebih.gov.hu/Engedelykereso/DocumentHandler.ashx?documentId=343954472es343954774&documentName=Taegro_mod_20231122.pdf,missing point 4 row recovered from markdown table audit; source Taegro__6300-1274-1-2021__Taegro_mod_20231122.md line 385
Taegro,6300/1274-1/2021,alapengedely,"rukkola, galambbegysalát a, endívia, spenót, kerti zsázsa szabadföldi és hajtatott","szklerotíniás betegség (fehérpenész), botrítiszes betegség (szürkepenész)",gombaölő szer,0.185-0.37,kg/ha,180-500,l/ha,12,12,2 leveles állapottól (BBCH 12) végső levéltömeg eléréséig (BBCH 49),,10,7,,Taegro_mod_20231122.pdf,https://novenyvedoszer.nebih.gov.hu/Engedelykereso/DocumentHandler.ashx?documentId=343954472es343954774&documentName=Taegro_mod_20231122.pdf,missing point 4 row recovered from markdown table audit; source Taegro__6300-1274-1-2021__Taegro_mod_20231122.md line 386
Taegro,6300/1274-1/2021,alapengedely,baby leaf szabadföldi és hajtatott,"szklerotíniás betegség (fehérpenész), botrítiszes betegség (szürkepenész)",gombaölő szer,0.185-0.37,kg/ha,180-500,l/ha,10,10,szikleveles állapottól (BBCH 10) 8 leveles állapotig (BBCH 18),,10,7,,Taegro_mod_20231122.pdf,https://novenyvedoszer.nebih.gov.hu/Engedelykereso/DocumentHandler.ashx?documentId=343954472es343954774&documentName=Taegro_mod_20231122.pdf,missing point 4 row recovered from markdown table audit; source Taegro__6300-1274-1-2021__Taegro_mod_20231122.md line 387
Taegro,6300/1274-1/2021,alapengedely,"sárgarépa, petrezselyem (gyökér), zeller (gumós), paszternák szabadföldi és hajtatott","lisztharmat, alternáriás betegség",gombaölő szer,0.185-0.37,kg/ha,180-500,l/ha,11,11,1 leveles állapottól (BBCH 11) gyökérnövekedés végéig (BBCH 49),,10,7,,Taegro_mod_20231122.pdf,https://novenyvedoszer.nebih.gov.hu/Engedelykereso/DocumentHandler.ashx?documentId=343954472es343954774&documentName=Taegro_mod_20231122.pdf,missing point 4 row recovered from markdown table audit; source Taegro__6300-1274-1-2021__Taegro_mod_20231122.md line 388
Taegro,6300/1274-1/2021,alapengedely,cékla szabadföldi és hajtatott,"lisztharmat, alternáriás betegség",gombaölő szer,0.185-0.37,kg/ha,180-500,l/ha,11,11,1 leveles állapottól (BBCH 11) gyökérnövekedés végéig (BBCH 49),,10,7,,Taegro_mod_20231122.pdf,https://novenyvedoszer.nebih.gov.hu/Engedelykereso/DocumentHandler.ashx?documentId=343954472es343954774&documentName=Taegro_mod_20231122.pdf,missing point 4 row recovered from markdown table audit; source Taegro__6300-1274-1-2021__Taegro_mod_20231122.md line 389
Taegro,6300/1274-1/2021,alapengedely,retek szabadföldi és hajtatott,"peronoszpóra, botrítiszes betegség (szürkepenész), alternáriás betegség",gombaölő szer,0.185-0.37,kg/ha,180-500,l/ha,11,11,1 leveles állapottól (BBCH 11) gyökérnövekedés végéig (BBCH 49),,10,7,,Taegro_mod_20231122.pdf,https://novenyvedoszer.nebih.gov.hu/Engedelykereso/DocumentHandler.ashx?documentId=343954472es343954774&documentName=Taegro_mod_20231122.pdf,missing point 4 row recovered from markdown table audit; source Taegro__6300-1274-1-2021__Taegro_mod_20231122.md line 390
Taegro,6300/1274-1/2021,alapengedely,torma szabadföldi és hajtatott,"lisztharmat, alternáriás betegség",gombaölő szer,0.185-0.37,kg/ha,180-500,l/ha,11,11,1 leveles állapottól (BBCH 11) gyökérnövekedés végéig (BBCH 49),,10,7,,Taegro_mod_20231122.pdf,https://novenyvedoszer.nebih.gov.hu/Engedelykereso/DocumentHandler.ashx?documentId=343954472es343954774&documentName=Taegro_mod_20231122.pdf,missing point 4 row recovered from markdown table audit; source Taegro__6300-1274-1-2021__Taegro_mod_20231122.md line 391
Taegro,6300/1274-1/2021,alapengedely,"vöröshagyma, fokhagyma, újhagyma, salottahagyma",botrítiszes betegség (szürkepenész),gombaölő szer,0.185-0.37,kg/ha,180-500,l/ha,11,11,első levél megjelenésététől (BBCH 11) végső fejátmérő eléréséig (BBCH 49),,10,7,,Taegro_mod_20231122.pdf,https://novenyvedoszer.nebih.gov.hu/Engedelykereso/DocumentHandler.ashx?documentId=343954472es343954774&documentName=Taegro_mod_20231122.pdf,missing point 4 row recovered from markdown table audit; source Taegro__6300-1274-1-2021__Taegro_mod_20231122.md line 392
Taegro,6300/1274-1/2021,alapengedely,mogyoró,lágy- és fásszárú,gombaölő szer,10,kg/ha,7,l/ha,,,"0,185-0,370",,10,"botrítiszes betegség (szürkepenész), lisztharmat, alternáriás betegség",,Taegro_mod_20231122.pdf,https://novenyvedoszer.nebih.gov.hu/Engedelykereso/DocumentHandler.ashx?documentId=343954472es343954774&documentName=Taegro_mod_20231122.pdf,missing point 4 row recovered from markdown table audit; source Taegro__6300-1274-1-2021__Taegro_mod_20231122.md line 523
Taegro,6300/1274-1/2021,alapengedely,"rukkola, galambbegysaláta, endívia, spenót, kerti zsázsa szabadföldi és hajtatott","szklerotíniás betegség (fehérpenész), botrítiszes betegség (szürkepenész)",gombaölő szer,0.185-0.37,kg/ha,180-500,l/ha,12,12,2 leveles állapottól (BBCH 12) végső levéltömeg eléréséig (BBCH 49),,10,7,,Taegro_mod_20231122.pdf,https://novenyvedoszer.nebih.gov.hu/Engedelykereso/DocumentHandler.ashx?documentId=343954472es343954774&documentName=Taegro_mod_20231122.pdf,missing point 4 row recovered from markdown table audit; source Taegro__6300-1274-1-2021__Taegro_mod_20231122.md line 1249
Taegro,6300/1274-1/2021,alapengedely,zöldbab szabadföldi és hajtatott,"szklerotíniás betegség (fehérpenész), botrítiszes betegség (szürkepenész)",gombaölő szer,0.185-0.37,kg/ha,180-500,l/ha,11,11,1 kifejlett hármaslevéltől (BBCH 11) teljes érésig (BBCH 89),,10,7,,Taegro_mod_20231122.pdf,https://novenyvedoszer.nebih.gov.hu/Engedelykereso/DocumentHandler.ashx?documentId=343954472es343954774&documentName=Taegro_mod_20231122.pdf,missing point 4 row recovered from markdown table audit; source Taegro__6300-1274-1-2021__Taegro_mod_20231122.md line 1403
Taegro,6300/1274-1/2021,alapengedely,"száraz bab, lencse","szklerotíniás betegség (fehérpenész), botrítiszes betegség (szürkepenész)",gombaölő szer,0.185-0.37,kg/ha,180-500,l/ha,11,11,1 kifejlett hármaslevéltől (BBCH 11) teljes érésig (BBCH 89),,10,7,,Taegro_mod_20231122.pdf,https://novenyvedoszer.nebih.gov.hu/Engedelykereso/DocumentHandler.ashx?documentId=343954472es343954774&documentName=Taegro_mod_20231122.pdf,missing point 4 row recovered from markdown table audit; source Taegro__6300-1274-1-2021__Taegro_mod_20231122.md line 1404
Taegro,6300/1274-1/2021,alapengedely,"bazsalikom, metélőhagyma, tárkony, rozmaring, orvosi zsálya, kakukkfű szabadföldi és hajtatott","botrítiszes betegség (szürkepenész), lisztharmat, alternáriás betegség",gombaölő szer,0.185-0.37,kg/ha,180-500,l/ha,11,11,1 leveles állapottól (BBCH 11) az élelmezés- egészségügyi várakozási idő betartásáig,,10,7,,Taegro_mod_20231122.pdf,https://novenyvedoszer.nebih.gov.hu/Engedelykereso/DocumentHandler.ashx?documentId=343954472es343954774&documentName=Taegro_mod_20231122.pdf,missing point 4 row recovered from markdown table audit; source Taegro__6300-1274-1-2021__Taegro_mod_20231122.md line 1405
Taegro,6300/1274-1/2021,alapengedely,spárga szabadföldi és hajtatott,"botrítiszes betegség (szürkepenész), sztemfíliumos betegség",gombaölő szer,0.185-0.37,kg/ha,180-500,l/ha,93,93,a spárgasípok betakarítását követően a fillokládiumok lehullásáig (BBCH 93),,10,7,,Taegro_mod_20231122.pdf,https://novenyvedoszer.nebih.gov.hu/Engedelykereso/DocumentHandler.ashx?documentId=343954472es343954774&documentName=Taegro_mod_20231122.pdf,missing point 4 row recovered from markdown table audit; source Taegro__6300-1274-1-2021__Taegro_mod_20231122.md line 1406
Taegro,6300/1274-1/2021,alapengedely,"piros ribiszke, fekete ribiszke, köszméte, áfonya, fekete berkenye, málna, szeder","lisztharmat, botrítiszes betegség (szürkepenész)",gombaölő szer,0.185-0.37,kg/ha,180-500,l/ha,30,30,hajtásnövekedéstől (BBCH 30) betakarítás végéig (BBCH 89),,10,7,,Taegro_mod_20231122.pdf,https://novenyvedoszer.nebih.gov.hu/Engedelykereso/DocumentHandler.ashx?documentId=343954472es343954774&documentName=Taegro_mod_20231122.pdf,missing point 4 row recovered from markdown table audit; source Taegro__6300-1274-1-2021__Taegro_mod_20231122.md line 1407
Taegro,6300/1274-1/2021,alapengedely,"cseresznye, őszibarack, nektarin, kajszi","moníliás virág és hajtáspusztulás, moníliás termésrothadás, botrítiszes betegség (szürkepenész)",gombaölő szer,0.185-0.37,kg/ha,180-1000,l/ha,61,61,virágzás kezdetétől (BBCH 61) fogyasztásra érettségig (BBCH 89),,10,7,,Taegro_mod_20231122.pdf,https://novenyvedoszer.nebih.gov.hu/Engedelykereso/DocumentHandler.ashx?documentId=343954472es343954774&documentName=Taegro_mod_20231122.pdf,missing point 4 row recovered from markdown table audit; source Taegro__6300-1274-1-2021__Taegro_mod_20231122.md line 1408
Taegro,6300/1274-1/2021,alapengedely,mogyoró,lisztharmat,gombaölő szer,0.185-0.37,kg/ha,180-1000,l/ha,11,11,levélkiterülés kezdetétől (BBCH 11) a teljes érésig (BBCH 89),,10,7,,Taegro_mod_20231122.pdf,https://novenyvedoszer.nebih.gov.hu/Engedelykereso/DocumentHandler.ashx?documentId=343954472es343954774&documentName=Taegro_mod_20231122.pdf,missing point 4 row recovered from markdown table audit; source Taegro__6300-1274-1-2021__Taegro_mod_20231122.md line 1409
Architect,6300/765-2/2022,alapengedely,napraforgó,"diaportés szárfoltosság, leptoszfériás szárfoltosság, alternáriás betegség, szklerotíniás",gombaölő szer,1.2,l/ha,100-400,l/ha,31,31,1 látható szárköz kifejlődésétől (BBCH 31) a levelecskékkel körülvett virágbimbó megjelenéséig (BBCH 51),,2,21,,Architect_mod_20260514.pdf,https://novenyvedoszer.nebih.gov.hu/Engedelykereso/DocumentHandler.ashx?documentId=350182018es350111997&documentName=Architect_mod_20260514.pdf,missing point 4 row recovered from markdown table audit; source Architect__6300-765-2-2022__Architect_mod_20260514.md line 246
Architect,6300/765-2/2022,alapengedely,napraforgó,"diaportés szárfoltosság, leptoszfériás szárfoltosság, alternáriás betegség, szklerotíniás betegség (fehérpenész) növekedés szabályzás, megdőlés gátlása",gombaölő szer,1.2-2,l/ha,100-400,l/ha,51,51,a virágbimbó megjelenésétől (BBCH 51) a virágzat elhajlásáig (BBCH 59),,2,21,,Architect_mod_20260514.pdf,https://novenyvedoszer.nebih.gov.hu/Engedelykereso/DocumentHandler.ashx?documentId=350182018es350111997&documentName=Architect_mod_20260514.pdf,missing point 4 row recovered from markdown table audit; source Architect__6300-765-2-2022__Architect_mod_20260514.md line 347
Architect,6300/765-2/2022,alapengedely,mák,"peronoszpóra, pleospórás betegség növekedés szabályzás, megdőlés gátlása",gombaölő szer,1.5-2,l/ha,100-400,l/ha,31,31,szárbaindulás kezdetétől (BBCH 31) kampósbot állapot végéig (BBCH 59),,1,14 (osztott),,Architect_mod_20260514.pdf,https://novenyvedoszer.nebih.gov.hu/Engedelykereso/DocumentHandler.ashx?documentId=350182018es350111997&documentName=Architect_mod_20260514.pdf,missing point 4 row recovered from markdown table audit; source Architect__6300-765-2-2022__Architect_mod_20260514.md line 351
Architect,6300/765-2/2022,alapengedely,mák,"növekedés szabályzás, megdőlés gátlása",gombaölő szer,1-1.5,l/ha,100-400,l/ha,31,31,szárbaindulás kezdetétől (BBCH 31) kampósbot állapot végéig (BBCH 59),,1,14 (osztott),,Architect_mod_20260514.pdf,https://novenyvedoszer.nebih.gov.hu/Engedelykereso/DocumentHandler.ashx?documentId=350182018es350111997&documentName=Architect_mod_20260514.pdf,missing point 4 row recovered from markdown table audit; source Architect__6300-765-2-2022__Architect_mod_20260514.md line 352
Astra Rézoxiklorid,45325/1/1999,alapengedely,"cseresznye, meggy, szilva","baktériumos és gombás eredetű ágelhalás, sztigminás betegség (levéllyukacsosodás), moníliás virág- és",gombaölő szer,2,kg/ha,400-1000,l/ha,95,95,50%-os levélsárgulástól (BBCH 95) virágrügy- pattanásig (BBCH 53),,4,7,,Astra Rézoxiklorid megújítás_0032853-1_2024.11.15_publikus.pdf,https://novenyvedoszer.nebih.gov.hu/Engedelykereso/DocumentHandler.ashx?documentId=346208226es346208531&documentName=Astra+R%c3%a9zoxiklorid+meg%c3%baj%c3%adt%c3%a1s_0032853-1_2024.11.15_publikus.pdf,missing point 4 row recovered from markdown table audit; source Astra_Rézoxiklorid__45325-1-1999__Astra_Rézoxiklorid_megújítás_0032853-1_2024.11.15_publikus.md line 179
Astra Rézoxiklorid,45325/1/1999,alapengedely,szőlő bor- és csemege,peronoszpóra,gombaölő szer,1.5-2,kg/ha,500-1000,l/ha,15,15,5. levél kiterülésétől (BBCH 15) fürtzáródás végéig (BBCH 79),,5,7,,Astra Rézoxiklorid megújítás_0032853-1_2024.11.15_publikus.pdf,https://novenyvedoszer.nebih.gov.hu/Engedelykereso/DocumentHandler.ashx?documentId=346208226es346208531&documentName=Astra+R%c3%a9zoxiklorid+meg%c3%baj%c3%adt%c3%a1s_0032853-1_2024.11.15_publikus.pdf,missing point 4 row recovered from markdown table audit; source Astra_Rézoxiklorid__45325-1-1999__Astra_Rézoxiklorid_megújítás_0032853-1_2024.11.15_publikus.md line 293
Astra Rézoxiklorid,45325/1/1999,alapengedely,paradicsom hajtatott,"baktériumos betegségek, fitoftórás betegség (paradicsomvész)",gombaölő szer,1.5-2,kg/ha,400-1000,l/ha,15,15,5 leveles állapottól (BBCH 15) érés kezdetéig (BBCH 81),,5,10,,Astra Rézoxiklorid megújítás_0032853-1_2024.11.15_publikus.pdf,https://novenyvedoszer.nebih.gov.hu/Engedelykereso/DocumentHandler.ashx?documentId=346208226es346208531&documentName=Astra+R%c3%a9zoxiklorid+meg%c3%baj%c3%adt%c3%a1s_0032853-1_2024.11.15_publikus.pdf,missing point 4 row recovered from markdown table audit; source Astra_Rézoxiklorid__45325-1-1999__Astra_Rézoxiklorid_megújítás_0032853-1_2024.11.15_publikus.md line 294
Astra Rézoxiklorid,45325/1/1999,alapengedely,"uborka, cukkini szabadföldi és hajtatott","baktériumos betegségek, peronoszpóra",gombaölő szer,1.5-2,kg/ha,400-1000,l/ha,15,15,5 leveles állapottól (BBCH 15) termésnöveked és végéig (BBCH 79),,5,10,,Astra Rézoxiklorid megújítás_0032853-1_2024.11.15_publikus.pdf,https://novenyvedoszer.nebih.gov.hu/Engedelykereso/DocumentHandler.ashx?documentId=346208226es346208531&documentName=Astra+R%c3%a9zoxiklorid+meg%c3%baj%c3%adt%c3%a1s_0032853-1_2024.11.15_publikus.pdf,missing point 4 row recovered from markdown table audit; source Astra_Rézoxiklorid__45325-1-1999__Astra_Rézoxiklorid_megújítás_0032853-1_2024.11.15_publikus.md line 295
Astra Rézoxiklorid,45325/1/1999,alapengedely,nektarin,"baktériumos és gombás eredetű ágelhalás, sztigminás betegség (levéllyukacsosodás), moníliás virág- és hajtáspusztulás, tafrinás levélfodrosodás",gombaölő szer,2,kg/ha,400-1000,l/ha,95,95,50%-os levélsárgulástól (BBCH 95) virágrügy- pattanásig (BBCH 53),,4,7,,Astra Rézoxiklorid megújítás_0032853-1_2024.11.15_publikus.pdf,https://novenyvedoszer.nebih.gov.hu/Engedelykereso/DocumentHandler.ashx?documentId=346208226es346208531&documentName=Astra+R%c3%a9zoxiklorid+meg%c3%baj%c3%adt%c3%a1s_0032853-1_2024.11.15_publikus.pdf,missing point 4 row recovered from markdown table audit; source Astra_Rézoxiklorid__45325-1-1999__Astra_Rézoxiklorid_megújítás_0032853-1_2024.11.15_publikus.md line 297
Astra Rézoxiklorid,45325/1/1999,alapengedely,"cseresznye, meggy",blumeriellás levélfoltosság,gombaölő szer,2,kg/ha,400-1000,l/ha,95,95,50%-os levélsárgulástól (BBCH 95) virágrügy- pattanásig (BBCH 53),,4,7,,Astra Rézoxiklorid megújítás_0032853-1_2024.11.15_publikus.pdf,https://novenyvedoszer.nebih.gov.hu/Engedelykereso/DocumentHandler.ashx?documentId=346208226es346208531&documentName=Astra+R%c3%a9zoxiklorid+meg%c3%baj%c3%adt%c3%a1s_0032853-1_2024.11.15_publikus.pdf,missing point 4 row recovered from markdown table audit; source Astra_Rézoxiklorid__45325-1-1999__Astra_Rézoxiklorid_megújítás_0032853-1_2024.11.15_publikus.md line 298
Astra Rézoxiklorid,45325/1/1999,alapengedely,paradicsom hajtatott,"alternáriás betegség, kolletotrihumos betegség",gombaölő szer,1.5-2,kg/ha,400-1000,l/ha,15,15,5 leveles állapottól (BBCH 15) érés kezdetéig (BBCH 81),,5,10,,Astra Rézoxiklorid megújítás_0032853-1_2024.11.15_publikus.pdf,https://novenyvedoszer.nebih.gov.hu/Engedelykereso/DocumentHandler.ashx?documentId=346208226es346208531&documentName=Astra+R%c3%a9zoxiklorid+meg%c3%baj%c3%adt%c3%a1s_0032853-1_2024.11.15_publikus.pdf,missing point 4 row recovered from markdown table audit; source Astra_Rézoxiklorid__45325-1-1999__Astra_Rézoxiklorid_megújítás_0032853-1_2024.11.15_publikus.md line 299
Astra Rézoxiklorid,45325/1/1999,alapengedely,tojásgyümölcs hajtatott,"baktériumos betegségek, fitoftórás betegség (paradicsomvész)",gombaölő szer,1.5-2,kg/ha,400-1000,l/ha,15,15,5 leveles állapottól (BBCH 15) érés kezdetéig (BBCH 81),,5,10,,Astra Rézoxiklorid megújítás_0032853-1_2024.11.15_publikus.pdf,https://novenyvedoszer.nebih.gov.hu/Engedelykereso/DocumentHandler.ashx?documentId=346208226es346208531&documentName=Astra+R%c3%a9zoxiklorid+meg%c3%baj%c3%adt%c3%a1s_0032853-1_2024.11.15_publikus.pdf,missing point 4 row recovered from markdown table audit; source Astra_Rézoxiklorid__45325-1-1999__Astra_Rézoxiklorid_megújítás_0032853-1_2024.11.15_publikus.md line 300
Astra Rézoxiklorid,45325/1/1999,alapengedely,"uborka, cukkini szabadföldi és hajtatott","alternáriás betegség, antraknózis",gombaölő szer,1.5-2,kg/ha,400-1000,l/ha,15,15,5 leveles állapottól (BBCH 15) termésnöveked és végéig (BBCH 79),,5,10,,Astra Rézoxiklorid megújítás_0032853-1_2024.11.15_publikus.pdf,https://novenyvedoszer.nebih.gov.hu/Engedelykereso/DocumentHandler.ashx?documentId=346208226es346208531&documentName=Astra+R%c3%a9zoxiklorid+meg%c3%baj%c3%adt%c3%a1s_0032853-1_2024.11.15_publikus.pdf,missing point 4 row recovered from markdown table audit; source Astra_Rézoxiklorid__45325-1-1999__Astra_Rézoxiklorid_megújítás_0032853-1_2024.11.15_publikus.md line 301
Astra Rézoxiklorid,45325/1/1999,alapengedely,"uborka, cukkini","baktériumos betegségek, peronoszpóra",gombaölő szer,1.5-2,kg/ha,400-1000,l/ha,15,15,5 leveles állapottól (BBCH 15),,5,10,,Astra Rézoxiklorid megújítás_0032853-1_2024.11.15_publikus.pdf,https://novenyvedoszer.nebih.gov.hu/Engedelykereso/DocumentHandler.ashx?documentId=346208226es346208531&documentName=Astra+R%c3%a9zoxiklorid+meg%c3%baj%c3%adt%c3%a1s_0032853-1_2024.11.15_publikus.pdf,missing point 4 row recovered from markdown table audit; source Astra_Rézoxiklorid__45325-1-1999__Astra_Rézoxiklorid_megújítás_0032853-1_2024.11.15_publikus.md line 759
Bordóilé Neo SC,16082/2003,alapengedely,"gyümölcsös, szőlő",lemosó permetezés,gombaölő szer,3-4,l/ha,800-1500,l/ha,7,7,levélrügy- pattanástól (BBCH 7) 3 héttel betakarítás előtti állapotig (BBCH 83),,2,7,,BordóiNeo SC_mod_20230213.pdf,https://novenyvedoszer.nebih.gov.hu/Engedelykereso/DocumentHandler.ashx?documentId=328433994es328434300&documentName=Bord%c3%b3iNeo+SC_mod_20230213.pdf,missing point 4 row recovered from markdown table audit; source Bordóilé_Neo_SC__16082-2003__BordóiNeo_SC_mod_20230213.md line 359
Bordóilé Neo SC,16082/2003,alapengedely,szőlő,"peronoszpóra, orbánc",gombaölő szer,3-4,l/ha,600-1000,l/ha,14,14,rövid hajtás állapottól (BBCH 14) fürtzáródásig (BBCH 79),,4,7,,BordóiNeo SC_mod_20230213.pdf,https://novenyvedoszer.nebih.gov.hu/Engedelykereso/DocumentHandler.ashx?documentId=328433994es328434300&documentName=Bord%c3%b3iNeo+SC_mod_20230213.pdf,missing point 4 row recovered from markdown table audit; source Bordóilé_Neo_SC__16082-2003__BordóiNeo_SC_mod_20230213.md line 361
Bordóilé Neo SC,16082/2003,alapengedely,burgonya,"burgonyavész, alternária",gombaölő szer,3-4,l/ha,400-600,l/ha,31,31,sorzáródás kezdetétől (BBCH 31) bogyóérésig (BBCH 89),,4,8,,BordóiNeo SC_mod_20230213.pdf,https://novenyvedoszer.nebih.gov.hu/Engedelykereso/DocumentHandler.ashx?documentId=328433994es328434300&documentName=Bord%c3%b3iNeo+SC_mod_20230213.pdf,missing point 4 row recovered from markdown table audit; source Bordóilé_Neo_SC__16082-2003__BordóiNeo_SC_mod_20230213.md line 362
Folicur Solo,24052/1997,alapengedely,"búza (őszi), rozs, tritikálé","gabonalisztharm at, rozsda-, helmintospóriu mos-, szeptóriás betegségek, kalászfuzáriózis",gombaölő szer,1,l/ha,300-400,l/ha,,,,,2,14,,FolicurSolo_mód_p_20220914.pdf,https://novenyvedoszer.nebih.gov.hu/Engedelykereso/DocumentHandler.ashx?documentId=328520936es328507592&documentName=FolicurSolo_m%c3%b3d_p_20220914.pdf,missing point 4 row recovered from markdown table audit; source Folicur_Solo__24052-1997__FolicurSolo_mód_p_20220914.md line 256
Folicur Solo,24052/1997,alapengedely,árpa,"gabonalisztharm at, rozsda-, helmintospóriu mos-, szeptóriás betegségek, kalászfuzáriózis",gombaölő szer,1,l/ha,300-400,l/ha,,,,,2,14,,FolicurSolo_mód_p_20220914.pdf,https://novenyvedoszer.nebih.gov.hu/Engedelykereso/DocumentHandler.ashx?documentId=328520936es328507592&documentName=FolicurSolo_m%c3%b3d_p_20220914.pdf,missing point 4 row recovered from markdown table audit; source Folicur_Solo__24052-1997__FolicurSolo_mód_p_20220914.md line 257
Folicur Solo,24052/1997,alapengedely,zab,"gabonalisztharm at, rozsda-, helmintospóriu mos-, szeptóriás betegségek, kalászfuzáriózis",gombaölő szer,1,l/ha,300-400,l/ha,,,,,2,14,,FolicurSolo_mód_p_20220914.pdf,https://novenyvedoszer.nebih.gov.hu/Engedelykereso/DocumentHandler.ashx?documentId=328520936es328507592&documentName=FolicurSolo_m%c3%b3d_p_20220914.pdf,missing point 4 row recovered from markdown table audit; source Folicur_Solo__24052-1997__FolicurSolo_mód_p_20220914.md line 258
Folicur Solo,24052/1997,alapengedely,káposzta- repce,"plenodómuszos- , szklerotíniás-, botrítiszes és alternáriás betegségek, fagykár csökkentés",gombaölő szer,0.5-1,l/ha,300-500,l/ha,,,,,2,14,,FolicurSolo_mód_p_20220914.pdf,https://novenyvedoszer.nebih.gov.hu/Engedelykereso/DocumentHandler.ashx?documentId=328520936es328507592&documentName=FolicurSolo_m%c3%b3d_p_20220914.pdf,missing point 4 row recovered from markdown table audit; source Folicur_Solo__24052-1997__FolicurSolo_mód_p_20220914.md line 259
Folicur Solo,24052/1997,alapengedely,"meggy, cseresz- nye","monília, blumeriellás levélfoltosság",gombaölő szer,0.75-1,l/ha,800-1000,l/ha,,,8-10,,2,14,,FolicurSolo_mód_p_20220914.pdf,https://novenyvedoszer.nebih.gov.hu/Engedelykereso/DocumentHandler.ashx?documentId=328520936es328507592&documentName=FolicurSolo_m%c3%b3d_p_20220914.pdf,missing point 4 row recovered from markdown table audit; source Folicur_Solo__24052-1997__FolicurSolo_mód_p_20220914.md line 260
Folicur Solo,24052/1997,alapengedely,"kajszi, ősziba","monília, gnomóniás",gombaölő szer,0.75-1,l/ha,800-1000,l/ha,,,8-10,,3,14,,FolicurSolo_mód_p_20220914.pdf,https://novenyvedoszer.nebih.gov.hu/Engedelykereso/DocumentHandler.ashx?documentId=328520936es328507592&documentName=FolicurSolo_m%c3%b3d_p_20220914.pdf,missing point 4 row recovered from markdown table audit; source Folicur_Solo__24052-1997__FolicurSolo_mód_p_20220914.md line 261
Folicur Solo,24052/1997,alapengedely,"rack, szilva","levélfoltosság, tafrinás levélfodrosodás",gombaölő szer,1,l/ha,800-1000,l/ha,,,10,,3,14,,FolicurSolo_mód_p_20220914.pdf,https://novenyvedoszer.nebih.gov.hu/Engedelykereso/DocumentHandler.ashx?documentId=328520936es328507592&documentName=FolicurSolo_m%c3%b3d_p_20220914.pdf,missing point 4 row recovered from markdown table audit; source Folicur_Solo__24052-1997__FolicurSolo_mód_p_20220914.md line 376
Folicur Solo,24052/1997,alapengedely,"sárgarépa, zeller, petrezse- lyem- gyökér, pasztinák, torma","alternáriás-, szeptóriás-, cerkospórás levélfoltosság, lisztharmat",gombaölő szer,0.75-1,l/ha,400-600,l/ha,,,"8-10,0",,3,14,,FolicurSolo_mód_p_20220914.pdf,https://novenyvedoszer.nebih.gov.hu/Engedelykereso/DocumentHandler.ashx?documentId=328520936es328507592&documentName=FolicurSolo_m%c3%b3d_p_20220914.pdf,missing point 4 row recovered from markdown table audit; source Folicur_Solo__24052-1997__FolicurSolo_mód_p_20220914.md line 380
Folicur Solo,24052/1997,alapengedely,petrezse- lyem (levél),"szeptóriás levélfoltosság, lisztharmat",gombaölő szer,0.75-1,l/ha,400-600,l/ha,,,"8-10,0",,1,14,,FolicurSolo_mód_p_20220914.pdf,https://novenyvedoszer.nebih.gov.hu/Engedelykereso/DocumentHandler.ashx?documentId=328520936es328507592&documentName=FolicurSolo_m%c3%b3d_p_20220914.pdf,missing point 4 row recovered from markdown table audit; source Folicur_Solo__24052-1997__FolicurSolo_mód_p_20220914.md line 382
Folicur Solo,24052/1997,alapengedely,"metélő- hagyma, póréhagy- ma","rozsda, alternáriás levélfoltosság, botrítiszes betegség",gombaölő szer,0.75-1,l/ha,250-500,l/ha,,,"8-10,0",,1,7,,FolicurSolo_mód_p_20220914.pdf,https://novenyvedoszer.nebih.gov.hu/Engedelykereso/DocumentHandler.ashx?documentId=328520936es328507592&documentName=FolicurSolo_m%c3%b3d_p_20220914.pdf,missing point 4 row recovered from markdown table audit; source Folicur_Solo__24052-1997__FolicurSolo_mód_p_20220914.md line 385
Folicur Solo,24052/1997,alapengedely,"kerti kömény,",lisztharmat,gombaölő szer,0.5-1,l/ha,250-500,l/ha,,,"5,0-10,0",,1,7,,FolicurSolo_mód_p_20220914.pdf,https://novenyvedoszer.nebih.gov.hu/Engedelykereso/DocumentHandler.ashx?documentId=328520936es328507592&documentName=FolicurSolo_m%c3%b3d_p_20220914.pdf,missing point 4 row recovered from markdown table audit; source Folicur_Solo__24052-1997__FolicurSolo_mód_p_20220914.md line 386
Folicur Solo,24052/1997,alapengedely,"díszfák, díszcserjék","apiognomóniás-, gnomóniás-, levélfoltosság, lisztharmat",gombaölő szer,0.75-1,l/ha,800-1500,l/ha,,,8-10,,2,10,,FolicurSolo_mód_p_20220914.pdf,https://novenyvedoszer.nebih.gov.hu/Engedelykereso/DocumentHandler.ashx?documentId=328520936es328507592&documentName=FolicurSolo_m%c3%b3d_p_20220914.pdf,missing point 4 row recovered from markdown table audit; source Folicur_Solo__24052-1997__FolicurSolo_mód_p_20220914.md line 470
Folicur Solo,24052/1997,alapengedely,"pázsitok, gyepek, golf- és futball pályák","hópenész, rozsda",gombaölő szer,1,l/ha,300-600,l/ha,,,10ml/100 m2,,2,14,,FolicurSolo_mód_p_20220914.pdf,https://novenyvedoszer.nebih.gov.hu/Engedelykereso/DocumentHandler.ashx?documentId=328520936es328507592&documentName=FolicurSolo_m%c3%b3d_p_20220914.pdf,missing point 4 row recovered from markdown table audit; source Folicur_Solo__24052-1997__FolicurSolo_mód_p_20220914.md line 471
Folicur Solo,24052/1997,alapengedely,dió,"gombás eredetű levél- és termésfoltosságo k (Gnomonia leptostyla, Alternaria spp. Fusarium spp., Diplodia sp., Phomopsis sp.)",gombaölő szer,0.8-1,l/ha,800-1500,l/ha,,,8-10,,2,14,,FolicurSolo_mód_p_20220914.pdf,https://novenyvedoszer.nebih.gov.hu/Engedelykereso/DocumentHandler.ashx?documentId=328520936es328507592&documentName=FolicurSolo_m%c3%b3d_p_20220914.pdf,missing point 4 row recovered from markdown table audit; source Folicur_Solo__24052-1997__FolicurSolo_mód_p_20220914.md line 472
"Lamdex Extra (er.név: Karate 2,5 WG)",12412/2002,alapengedely,cukorrépa,"bagolylepkék hernyói, levéltetvek, répabolha, lisztes répabarkó",rovarölő szer,0.3,kg/ha,300-500,l/ha,,,6-10,,2,10,,LamdexExtra_mod_20260518_pub.pdf,https://novenyvedoszer.nebih.gov.hu/Engedelykereso/DocumentHandler.ashx?documentId=350182043es350186824&documentName=LamdexExtra_mod_20260518_pub.pdf,missing point 4 row recovered from markdown table audit; source Lamdex_Extra_(er.név_Karate_2_5_WG)__12412-2002__LamdexExtra_mod_20260518_pub.md line 384
"Lamdex Extra (er.név: Karate 2,5 WG)",12412/2002,alapengedely,lucerna,lomb- és magkártevők,rovarölő szer,0.3,kg/ha,300-500,l/ha,,,6-10,,3,10,,LamdexExtra_mod_20260518_pub.pdf,https://novenyvedoszer.nebih.gov.hu/Engedelykereso/DocumentHandler.ashx?documentId=350182043es350186824&documentName=LamdexExtra_mod_20260518_pub.pdf,missing point 4 row recovered from markdown table audit; source Lamdex_Extra_(er.név_Karate_2_5_WG)__12412-2002__LamdexExtra_mod_20260518_pub.md line 386
"Lamdex Extra (er.név: Karate 2,5 WG)",12412/2002,alapengedely,"káposztarepce, fehér mustár","repcebecő- ormányos, repce-fénybogár, levéltetvek, repceszár- ormányos, repcebolha, repcedarázs",rovarölő szer,0.3,kg/ha,300-500,l/ha,,,6-10,,2,10,,LamdexExtra_mod_20260518_pub.pdf,https://novenyvedoszer.nebih.gov.hu/Engedelykereso/DocumentHandler.ashx?documentId=350182043es350186824&documentName=LamdexExtra_mod_20260518_pub.pdf,missing point 4 row recovered from markdown table audit; source Lamdex_Extra_(er.név_Karate_2_5_WG)__12412-2002__LamdexExtra_mod_20260518_pub.md line 387
"Lamdex Extra (er.név: Karate 2,5 WG)",12412/2002,alapengedely,"kalászosok (búza, árpa, tritikále, rozs, zab)","levéltetvek, vetésfehérítő bogár, gabonapoloska",rovarölő szer,0.3,kg/ha,300-500,l/ha,,,6-10,,2,12,,LamdexExtra_mod_20260518_pub.pdf,https://novenyvedoszer.nebih.gov.hu/Engedelykereso/DocumentHandler.ashx?documentId=350182043es350186824&documentName=LamdexExtra_mod_20260518_pub.pdf,missing point 4 row recovered from markdown table audit; source Lamdex_Extra_(er.név_Karate_2_5_WG)__12412-2002__LamdexExtra_mod_20260518_pub.md line 388
"Lamdex Extra (er.név: Karate 2,5 WG)",12412/2002,alapengedely,"kukorica (takarmány, vetőmag, csemege)","kukoricamoly, kukoricabogár, bagolylepkék hernyói",rovarölő szer,0.5,kg/ha,300-500,l/ha,,,10-15,,2,10,,LamdexExtra_mod_20260518_pub.pdf,https://novenyvedoszer.nebih.gov.hu/Engedelykereso/DocumentHandler.ashx?documentId=350182043es350186824&documentName=LamdexExtra_mod_20260518_pub.pdf,missing point 4 row recovered from markdown table audit; source Lamdex_Extra_(er.név_Karate_2_5_WG)__12412-2002__LamdexExtra_mod_20260518_pub.md line 389
"Lamdex Extra (er.név: Karate 2,5 WG)",12412/2002,alapengedely,napraforgó,"levéltetvek, poloskák, bagolylepkék lárvái",rovarölő szer,0.3-0.4,kg/ha,300-500,l/ha,,,6-13,,2,10,,LamdexExtra_mod_20260518_pub.pdf,https://novenyvedoszer.nebih.gov.hu/Engedelykereso/DocumentHandler.ashx?documentId=350182043es350186824&documentName=LamdexExtra_mod_20260518_pub.pdf,missing point 4 row recovered from markdown table audit; source Lamdex_Extra_(er.név_Karate_2_5_WG)__12412-2002__LamdexExtra_mod_20260518_pub.md line 390
Mycotal,8750/14590-1/2026,alapengedely,"fejes saláta, endívia (hajtatott)",levéltetű fajok,biológiai rovarölő szer,2,kg/ha,1000-2000,l/ha,,,a kártevők első megjelenésekor,,36,7,,Mycotal_eng_20260219.pdf,https://novenyvedoszer.nebih.gov.hu/Engedelykereso/DocumentHandler.ashx?documentId=348630188es348657234&documentName=Mycotal_eng_20260219.pdf,missing point 4 row recovered from markdown table audit; source Mycotal__8750-14590-1-2026__Mycotal_eng_20260219.md line 280
Mycotal,8750/14590-1/2026,alapengedely,"zöldbab, egyéb hüvellyel együtt fogyasztott zöldségféle (hajtatott)","levéltetű fajok, liszteske fajok, tripsz fajok",biológiai rovarölő szer,1,kg/ha,1000,l/ha,,,a kártevők első megjelenésekor,,36,7,,Mycotal_eng_20260219.pdf,https://novenyvedoszer.nebih.gov.hu/Engedelykereso/DocumentHandler.ashx?documentId=348630188es348657234&documentName=Mycotal_eng_20260219.pdf,missing point 4 row recovered from markdown table audit; source Mycotal__8750-14590-1-2026__Mycotal_eng_20260219.md line 281
Mycotal,8750/14590-1/2026,alapengedely,"hüvely nélkül fogyasztott bab (fejtett bab, száraz bab) (hajtatott)",levéltetű fajok,biológiai rovarölő szer,1,kg/ha,1000,l/ha,,,a kártevők első megjelenésekor,,36,7,,Mycotal_eng_20260219.pdf,https://novenyvedoszer.nebih.gov.hu/Engedelykereso/DocumentHandler.ashx?documentId=348630188es348657234&documentName=Mycotal_eng_20260219.pdf,missing point 4 row recovered from markdown table audit; source Mycotal__8750-14590-1-2026__Mycotal_eng_20260219.md line 282
Mycotal,8750/14590-1/2026,alapengedely,"tökfélék ehető héjjal uborka, spárgatök, cukkini (hajtatott)","levéltetű fajok, tripsz fajok",biológiai rovarölő szer,2,kg/ha,1000-2000,l/ha,,,a kártevők első megjelenésekor,,36,7,,Mycotal_eng_20260219.pdf,https://novenyvedoszer.nebih.gov.hu/Engedelykereso/DocumentHandler.ashx?documentId=348630188es348657234&documentName=Mycotal_eng_20260219.pdf,missing point 4 row recovered from markdown table audit; source Mycotal__8750-14590-1-2026__Mycotal_eng_20260219.md line 283
Mycotal,8750/14590-1/2026,alapengedely,"tojásgyümölcs, chili paprika (hajtatott)",levéltetű fajok,biológiai rovarölő szer,2,kg/ha,1000-2000,l/ha,,,a kártevők első megjelenésekor,,36,7,,Mycotal_eng_20260219.pdf,https://novenyvedoszer.nebih.gov.hu/Engedelykereso/DocumentHandler.ashx?documentId=348630188es348657234&documentName=Mycotal_eng_20260219.pdf,missing point 4 row recovered from markdown table audit; source Mycotal__8750-14590-1-2026__Mycotal_eng_20260219.md line 284
Mycotal,8750/14590-1/2026,alapengedely,"fejes káposzta (fehér, vörös), kelkáposzta, kínai kel, bimbóskel, fodros kel brokkoli, karfiol (hajtatott)","levéltetű fajok, tripsz fajok, liszteske fajok",biológiai rovarölő szer,2,kg/ha,1000-2000,l/ha,,,a kártevők első megjelenésekor,,36,7,,Mycotal_eng_20260219.pdf,https://novenyvedoszer.nebih.gov.hu/Engedelykereso/DocumentHandler.ashx?documentId=348630188es348657234&documentName=Mycotal_eng_20260219.pdf,missing point 4 row recovered from markdown table audit; source Mycotal__8750-14590-1-2026__Mycotal_eng_20260219.md line 285
Mycotal,8750/14590-1/2026,alapengedely,retek (hajtatott),tripsz fajok,biológiai rovarölő szer,2,kg/ha,1000,l/ha,,,a kártevők első megjelenésekor,,36,7,,Mycotal_eng_20260219.pdf,https://novenyvedoszer.nebih.gov.hu/Engedelykereso/DocumentHandler.ashx?documentId=348630188es348657234&documentName=Mycotal_eng_20260219.pdf,missing point 4 row recovered from markdown table audit; source Mycotal__8750-14590-1-2026__Mycotal_eng_20260219.md line 286
Mycotal,8750/14590-1/2026,alapengedely,sárgarépa (hajtatott),"levéltetű fajok, tripsz fajok",biológiai rovarölő szer,2,kg/ha,1000-2000,l/ha,,,a kártevők első megjelenésekor,,36,7,,Mycotal_eng_20260219.pdf,https://novenyvedoszer.nebih.gov.hu/Engedelykereso/DocumentHandler.ashx?documentId=348630188es348657234&documentName=Mycotal_eng_20260219.pdf,missing point 4 row recovered from markdown table audit; source Mycotal__8750-14590-1-2026__Mycotal_eng_20260219.md line 287
Mycotal,8750/14590-1/2026,alapengedely,fűszernövények (hajtatott),levéltetű fajok,biológiai rovarölő szer,2,kg/ha,1000-2000,l/ha,,,a kártevők első megjelenésekor,,36,7,,Mycotal_eng_20260219.pdf,https://novenyvedoszer.nebih.gov.hu/Engedelykereso/DocumentHandler.ashx?documentId=348630188es348657234&documentName=Mycotal_eng_20260219.pdf,missing point 4 row recovered from markdown table audit; source Mycotal__8750-14590-1-2026__Mycotal_eng_20260219.md line 288
Mycotal,8750/14590-1/2026,alapengedely,petrezselyem (hajtatott),liszteske fajok,biológiai rovarölő szer,2,kg/ha,1000-2000,l/ha,,,a kártevők első megjelenésekor,,36,7,,Mycotal_eng_20260219.pdf,https://novenyvedoszer.nebih.gov.hu/Engedelykereso/DocumentHandler.ashx?documentId=348630188es348657234&documentName=Mycotal_eng_20260219.pdf,missing point 4 row recovered from markdown table audit; source Mycotal__8750-14590-1-2026__Mycotal_eng_20260219.md line 289
Mycotal,8750/14590-1/2026,alapengedely,"vágott virágok, vágott zöld, díszcserjék (hajtatott)","levéltetű fajok, tripsz fajok",biológiai rovarölő szer,2,kg/ha,1000-2000,l/ha,,,a kártevők első megjelenésekor,,24,7,,Mycotal_eng_20260219.pdf,https://novenyvedoszer.nebih.gov.hu/Engedelykereso/DocumentHandler.ashx?documentId=348630188es348657234&documentName=Mycotal_eng_20260219.pdf,missing point 4 row recovered from markdown table audit; source Mycotal__8750-14590-1-2026__Mycotal_eng_20260219.md line 290
Mycotal,8750/14590-1/2026,alapengedely,fás szárú faiskolai növények (hajtatott),tripsz fajok,biológiai rovarölő szer,2,kg/ha,1000-2000,l/ha,,,a kártevők első megjelenésekor,,24,7,,Mycotal_eng_20260219.pdf,https://novenyvedoszer.nebih.gov.hu/Engedelykereso/DocumentHandler.ashx?documentId=348630188es348657234&documentName=Mycotal_eng_20260219.pdf,missing point 4 row recovered from markdown table audit; source Mycotal__8750-14590-1-2026__Mycotal_eng_20260219.md line 291
Orondis Evo,6700/0043441-2/2024,alapengedely,cukkini szabadföldi,"peronoszpóra, didimellás betegség, kladospóriumos betegség",gombaölő szer,1,l/ha,200-1000,l/ha,51,51,első virágkezde- mény megjelenésétől (BBCH 51) teljes érésig (BBCH 89),,2,7,,OrondisEvo_mod_20251015.pdf,https://novenyvedoszer.nebih.gov.hu/Engedelykereso/DocumentHandler.ashx?documentId=347992855es347966636&documentName=OrondisEvo_mod_20251015.pdf,missing point 4 row recovered from markdown table audit; source Orondis_Evo__6700-0043441-2-2024__OrondisEvo_mod_20251015.md line 341
Orondis Evo,6700/0043441-2/2024,alapengedely,cukkini hajtatott,"peronoszpóra, didimellás betegség",gombaölő szer,1,l/ha,200-1000,l/ha,11,11,egyleveles állapottól (BBCH 11) teljes érésig (BBCH 89),,2,7,,OrondisEvo_mod_20251015.pdf,https://novenyvedoszer.nebih.gov.hu/Engedelykereso/DocumentHandler.ashx?documentId=347992855es347966636&documentName=OrondisEvo_mod_20251015.pdf,missing point 4 row recovered from markdown table audit; source Orondis_Evo__6700-0043441-2-2024__OrondisEvo_mod_20251015.md line 342
Orondis Evo,6700/0043441-2/2024,alapengedely,sárgadinnye szabadföldi,kladospóriumos betegség,gombaölő szer,1,l/ha,200-1000,l/ha,51,51,első virágkezde- mény megjelenésétől (BBCH 51) teljes érésig (BBCH 89),,2,7,,OrondisEvo_mod_20251015.pdf,https://novenyvedoszer.nebih.gov.hu/Engedelykereso/DocumentHandler.ashx?documentId=347992855es347966636&documentName=OrondisEvo_mod_20251015.pdf,missing point 4 row recovered from markdown table audit; source Orondis_Evo__6700-0043441-2-2024__OrondisEvo_mod_20251015.md line 400
Protexio,6300/1957-1/2021,alapengedely,sárgarépa (szabadföldi),alternáriás levélfoltosság,gombaölő szer,8,l/ha,200-500,l/ha,,,16 ml/l víz,,4,5,,Protexio_eng_20210702.pdf,https://novenyvedoszer.nebih.gov.hu/Engedelykereso/DocumentHandler.ashx?documentId=314856002es314856302&documentName=Protexio_eng_20210702.pdf,missing point 4 row recovered from markdown table audit; source Protexio__6300-1957-1-2021__Protexio_eng_20210702.md line 162
Protexio,6300/1957-1/2021,alapengedely,sárgarépa (szabadföldi),gyökérfekély,gombaölő szer,10,l/ha,200-500,l/ha,,,20 ml/l víz,,1,5,,Protexio_eng_20210702.pdf,https://novenyvedoszer.nebih.gov.hu/Engedelykereso/DocumentHandler.ashx?documentId=314856002es314856302&documentName=Protexio_eng_20210702.pdf,missing point 4 row recovered from markdown table audit; source Protexio__6300-1957-1-2021__Protexio_eng_20210702.md line 163
Protexio,6300/1957-1/2021,alapengedely,"kabakosok (uborka, cukkini, sárgadinnye, görögdinnye, spárgatök, sütőtök, csillagtök) (szabadföldi)",lisztharmat,gombaölő szer,45-75,l/ha,900-1500,l/ha,,,50 ml/l víz,,6,5,,Protexio_eng_20210702.pdf,https://novenyvedoszer.nebih.gov.hu/Engedelykereso/DocumentHandler.ashx?documentId=314856002es314856302&documentName=Protexio_eng_20210702.pdf,missing point 4 row recovered from markdown table audit; source Protexio__6300-1957-1-2021__Protexio_eng_20210702.md line 164
Protexio,6300/1957-1/2021,alapengedely,fejessaláta (szabadföldi),szürkepenész (botrítiszes betegség),gombaölő szer,8,l/ha,200-1000,l/ha,,,8 ml/l víz,,6,5,,Protexio_eng_20210702.pdf,https://novenyvedoszer.nebih.gov.hu/Engedelykereso/DocumentHandler.ashx?documentId=314856002es314856302&documentName=Protexio_eng_20210702.pdf,missing point 4 row recovered from markdown table audit; source Protexio__6300-1957-1-2021__Protexio_eng_20210702.md line 236
Protexio,6300/1957-1/2021,alapengedely,szamóca (szabadföldi),szürkepenész (botrítiszes betegség),gombaölő szer,8,l/ha,200-1000,l/ha,,,8 ml/l víz,,6,5,,Protexio_eng_20210702.pdf,https://novenyvedoszer.nebih.gov.hu/Engedelykereso/DocumentHandler.ashx?documentId=314856002es314856302&documentName=Protexio_eng_20210702.pdf,missing point 4 row recovered from markdown table audit; source Protexio__6300-1957-1-2021__Protexio_eng_20210702.md line 238
Protexio,6300/1957-1/2021,alapengedely,dísznövények (szabadföldi),lisztharmat,gombaölő szer,45-75,l/ha,900-1500,l/ha,,,50 ml/l víz,,6,5,,Protexio_eng_20210702.pdf,https://novenyvedoszer.nebih.gov.hu/Engedelykereso/DocumentHandler.ashx?documentId=314856002es314856302&documentName=Protexio_eng_20210702.pdf,missing point 4 row recovered from markdown table audit; source Protexio__6300-1957-1-2021__Protexio_eng_20210702.md line 239
Raptol HP,6700/0012084-2/2024,alapengedely,fejes saláta (hajtatott),"levéltetvek, lombrágó hernyók",rovarölő szer,0.6,l/ha,300-800,l/ha,12,49,2 leveles állapot ‒ végleges levéltömeg (BBCH 12-49),,2,7,,Raptol HP_eng_0012084_2_20241119_publikus.pdf,https://novenyvedoszer.nebih.gov.hu/Engedelykereso/DocumentHandler.ashx?documentId=346291232es346268493&documentName=Raptol+HP_eng_0012084_2_20241119_publikus.pdf,missing point 4 row recovered from markdown table audit; source Raptol_HP__6700-0012084-2-2024__Raptol_HP_eng_0012084_2_20241119_publikus.md line 221
Raptol HP,6700/0012084-2/2024,alapengedely,"metélő petrezselyem, kapor, lestyán, turbolya, metélőhagyma, medvehagyma, citromfű, bazsalikom, zsálya, majoránna, kakukkfű, borsmenta, szurokfű (hajtatott)","levéltetvek, tripszek",rovarölő szer,0.6,l/ha,300-800,l/ha,12,49,2 leveles állapot ‒ végleges levéltömeg (BBCH 12-49),,2,5,,Raptol HP_eng_0012084_2_20241119_publikus.pdf,https://novenyvedoszer.nebih.gov.hu/Engedelykereso/DocumentHandler.ashx?documentId=346291232es346268493&documentName=Raptol+HP_eng_0012084_2_20241119_publikus.pdf,missing point 4 row recovered from markdown table audit; source Raptol_HP__6700-0012084-2-2024__Raptol_HP_eng_0012084_2_20241119_publikus.md line 223
Raptol HP,6700/0012084-2/2024,alapengedely,"fejes saláta, jégsaláta, endívia, batávia saláta, lollo saláta, római saláta, tépő saláta (szabadföldi)","levéltetvek, lombrágó hernyók",rovarölő szer,0.6,l/ha,300-800,l/ha,12,49,2 leveles állapot ‒ végleges levéltömeg (BBCH 12-49),,2,5,,Raptol HP_eng_0012084_2_20241119_publikus.pdf,https://novenyvedoszer.nebih.gov.hu/Engedelykereso/DocumentHandler.ashx?documentId=346291232es346268493&documentName=Raptol+HP_eng_0012084_2_20241119_publikus.pdf,missing point 4 row recovered from markdown table audit; source Raptol_HP__6700-0012084-2-2024__Raptol_HP_eng_0012084_2_20241119_publikus.md line 435
Raptol HP,6700/0012084-2/2024,alapengedely,"fejes káposzta, kelkáposzta, kínai kel, karfiol, karalábé (szabadföldi)","levéltetvek (kivéve káposzta- levéltetű), lombrágó hernyók, repcedarázs, földi bolhák, ormányos- bogarak",rovarölő szer,0.6,l/ha,300-800,l/ha,12,49,2 leveles állapot ‒ végleges fejméret (BBCH 12-49),,2,5,,Raptol HP_eng_0012084_2_20241119_publikus.pdf,https://novenyvedoszer.nebih.gov.hu/Engedelykereso/DocumentHandler.ashx?documentId=346291232es346268493&documentName=Raptol+HP_eng_0012084_2_20241119_publikus.pdf,missing point 4 row recovered from markdown table audit; source Raptol_HP__6700-0012084-2-2024__Raptol_HP_eng_0012084_2_20241119_publikus.md line 436
Raptol HP,6700/0012084-2/2024,alapengedely,"zöldbab, szárazbab, csillagfürt (szabadföldi)",levéltetvek,rovarölő szer,0.6,l/ha,300-800,l/ha,50,70,első virágbimbók megjelenése ‒ hüvely- képződés kezdete (BBCH 50-70),,2,5,,Raptol HP_eng_0012084_2_20241119_publikus.pdf,https://novenyvedoszer.nebih.gov.hu/Engedelykereso/DocumentHandler.ashx?documentId=346291232es346268493&documentName=Raptol+HP_eng_0012084_2_20241119_publikus.pdf,missing point 4 row recovered from markdown table audit; source Raptol_HP__6700-0012084-2-2024__Raptol_HP_eng_0012084_2_20241119_publikus.md line 553
Raptol HP,6700/0012084-2/2024,alapengedely,"sárgarépa, petrezselyem, pasztinák, zeller, retek, cékla, karórépa, torma, csicsóka, cikória (szabadföldi)","levéltetvek, tripszek",rovarölő szer,0.6,l/ha,300-800,l/ha,12,49,2 leveles állapot ‒ gyökér- növekedés vége (BBCH 12-49),,2,5,,Raptol HP_eng_0012084_2_20241119_publikus.pdf,https://novenyvedoszer.nebih.gov.hu/Engedelykereso/DocumentHandler.ashx?documentId=346291232es346268493&documentName=Raptol+HP_eng_0012084_2_20241119_publikus.pdf,missing point 4 row recovered from markdown table audit; source Raptol_HP__6700-0012084-2-2024__Raptol_HP_eng_0012084_2_20241119_publikus.md line 556
Raptol HP,6700/0012084-2/2024,alapengedely,"metélő petrezselyem, kapor, lestyán, turbolya, metélőhagyma, medvehagyma, citromfű, bazsalikom, zsálya, majoránna, kakukkfű, borsmenta, szurokfű (szabadföldi)","levéltetvek, tripszek, lombrágó hernyók",rovarölő szer,0.6,l/ha,300-800,l/ha,12,49,2 leveles állapot ‒ végleges levéltömeg (BBCH 12-49),,2,5,,Raptol HP_eng_0012084_2_20241119_publikus.pdf,https://novenyvedoszer.nebih.gov.hu/Engedelykereso/DocumentHandler.ashx?documentId=346291232es346268493&documentName=Raptol+HP_eng_0012084_2_20241119_publikus.pdf,missing point 4 row recovered from markdown table audit; source Raptol_HP__6700-0012084-2-2024__Raptol_HP_eng_0012084_2_20241119_publikus.md line 557
Raptol HP,6700/0012084-2/2024,alapengedely,"spenót, mángold (szabadföldi)",levéltetvek,rovarölő szer,0.6,l/ha,300-800,l/ha,15,49,5 leveles állapot ‒ végleges levéltömeg (BBCH 15-49),,2,5,,Raptol HP_eng_0012084_2_20241119_publikus.pdf,https://novenyvedoszer.nebih.gov.hu/Engedelykereso/DocumentHandler.ashx?documentId=346291232es346268493&documentName=Raptol+HP_eng_0012084_2_20241119_publikus.pdf,missing point 4 row recovered from markdown table audit; source Raptol_HP__6700-0012084-2-2024__Raptol_HP_eng_0012084_2_20241119_publikus.md line 558
Raptol HP,6700/0012084-2/2024,alapengedely,"zöldségfélék palántanevelés (paprika, paradicsom, tojásgyümölcs (padlizsán), görögdinnye, sárgadinnye, uborka, sütőtök, spárgatök, patisszon (csillagtök), cukkini, zöldbab, zöldborsó, cukorborsó, lóbab, szárazbab, szárazborsó, lencse, csicseriborsó, sárgarépa, petrezselyem (gyökér), pasztinák, vajrépa, zeller (gumó), torma, retek, cékla, kerekrépa, karórépa, csicsóka, feketegyökér, édesburgonya, vöröshagyma, újhagyma (zöldhagyma), fokhagyma, póréhagyma, gyöngyhagyma, sarjadékhagyma, mogyoróhagyma (salottahagyma), brokkoli, bimbóskel, fejes káposzta, kelkáposzta, karfiol, kínai kel, karalábé, borsmustár (rukkola), fejes saláta, jégsaláta, endívia, spenót, sóska, mángold, petrezselyem (levél), zeller (levél), kapor, metélőhagyma, cikória, galambbegysaláta","levéltetvek, tripszek, lombrágó hernyók",rovarölő szer,0.6,l/ha,300-800,l/ha,11,16,1 leveles állapot ‒ 6 leveles állapot (BBCH 11-16),,2,5,,Raptol HP_eng_0012084_2_20241119_publikus.pdf,https://novenyvedoszer.nebih.gov.hu/Engedelykereso/DocumentHandler.ashx?documentId=346291232es346268493&documentName=Raptol+HP_eng_0012084_2_20241119_publikus.pdf,missing point 4 row recovered from markdown table audit; source Raptol_HP__6700-0012084-2-2024__Raptol_HP_eng_0012084_2_20241119_publikus.md line 1297
Sulfolac 80 WG (er.név: Eurokén 2000 80 WG),35383/2001,alapengedely,"kalászosok (őszi búza, őszi- és tavaszi árpa, rozs, zab, tritikále)",lisztharmat,gombaölő szer,5,kg/ha,200-300,l/ha,25,25,5 mellékhajtásos állapottól (BBCH 25) virágzás végéig (BBCH 69),,2,7,,Sulfolac80WG_mod_20251125.pdf,https://novenyvedoszer.nebih.gov.hu/Engedelykereso/DocumentHandler.ashx?documentId=348142315es348148805&documentName=Sulfolac80WG_mod_20251125.pdf,missing point 4 row recovered from markdown table audit; source Sulfolac_80_WG_(er.név_Eurokén_2000_80_WG)__35383-2001__Sulfolac80WG_mod_20251125.md line 222
Sulfolac 80 WG (er.név: Eurokén 2000 80 WG),35383/2001,alapengedely,"almatermésűek (alma, körte, birs, naspolya)",lisztharmat,gombaölő szer,7.5,kg/ha,600-1200,l/ha,10,10,egérfüles állapottól (BBCH 10) virágzás kezdetétig (BBCH 61),,8,7,,Sulfolac80WG_mod_20251125.pdf,https://novenyvedoszer.nebih.gov.hu/Engedelykereso/DocumentHandler.ashx?documentId=348142315es348148805&documentName=Sulfolac80WG_mod_20251125.pdf,missing point 4 row recovered from markdown table audit; source Sulfolac_80_WG_(er.név_Eurokén_2000_80_WG)__35383-2001__Sulfolac80WG_mod_20251125.md line 224
Sulfolac 80 WG (er.név: Eurokén 2000 80 WG),35383/2001,alapengedely,"csonthéjasok (cseresznye, meggy, szilva, őszibarack, kajszi)","lisztharmat, levél-likasztó gombák",gombaölő szer,7.5,kg/ha,600-1200,l/ha,10,10,első levelek kiemelkedésétől (BBCH 10) virágzás kezdetétig (BBCH 61),,8,7,,Sulfolac80WG_mod_20251125.pdf,https://novenyvedoszer.nebih.gov.hu/Engedelykereso/DocumentHandler.ashx?documentId=348142315es348148805&documentName=Sulfolac80WG_mod_20251125.pdf,missing point 4 row recovered from markdown table audit; source Sulfolac_80_WG_(er.név_Eurokén_2000_80_WG)__35383-2001__Sulfolac80WG_mod_20251125.md line 226
Sulfolac 80 WG (er.név: Eurokén 2000 80 WG),35383/2001,alapengedely,"szőlő (bor-, csemege-)",lisztharmat,gombaölő szer,5-7.5,kg/ha,600-1200,l/ha,12,12,kisleveles állapottól (BBCH 12) virágzás kezdetétig (BBCH 61),,8,7,,Sulfolac80WG_mod_20251125.pdf,https://novenyvedoszer.nebih.gov.hu/Engedelykereso/DocumentHandler.ashx?documentId=348142315es348148805&documentName=Sulfolac80WG_mod_20251125.pdf,missing point 4 row recovered from markdown table audit; source Sulfolac_80_WG_(er.név_Eurokén_2000_80_WG)__35383-2001__Sulfolac80WG_mod_20251125.md line 308
Sulfolac 80 WG (er.név: Eurokén 2000 80 WG),35383/2001,alapengedely,"köszméte, ribiszke (piros, fekete), málna, szeder, bodza",lisztharmat,gombaölő szer,7,kg/ha,500-1500,l/ha,31,31,hajtásnövekedés kezdetétől (BBCH 31) virágzás kezdetétig (BBCH 61),,4,7,,Sulfolac80WG_mod_20251125.pdf,https://novenyvedoszer.nebih.gov.hu/Engedelykereso/DocumentHandler.ashx?documentId=348142315es348148805&documentName=Sulfolac80WG_mod_20251125.pdf,missing point 4 row recovered from markdown table audit; source Sulfolac_80_WG_(er.név_Eurokén_2000_80_WG)__35383-2001__Sulfolac80WG_mod_20251125.md line 311
Sulfolac 80 WG (er.név: Eurokén 2000 80 WG),35383/2001,alapengedely,"fejes káposzta, vörös, káposzta, kelkáposzta, bimbós kel, brokkoli, karfiol, karalábé, spenót, sóska",lisztharmat,gombaölő szer,3-5,kg/ha,400-600,l/ha,41,41,fejesedés kezdetétől (BBCH 41) végleges fejméret vagy végső levéltömeg eléréséig (BBCH 49),,4,7,,Sulfolac80WG_mod_20251125.pdf,https://novenyvedoszer.nebih.gov.hu/Engedelykereso/DocumentHandler.ashx?documentId=348142315es348148805&documentName=Sulfolac80WG_mod_20251125.pdf,missing point 4 row recovered from markdown table audit; source Sulfolac_80_WG_(er.név_Eurokén_2000_80_WG)__35383-2001__Sulfolac80WG_mod_20251125.md line 381
Sulfolac 80 WG (er.név: Eurokén 2000 80 WG),35383/2001,alapengedely,"sárgarépa, petrezselyem, zeller, cékla, torma",lisztharmat,gombaölő szer,3-5,kg/ha,400-600,l/ha,12,12,2 leveles állapottól (BBCH 12) gyökérnövekedés végéig (BBCH 49),,4,7,,Sulfolac80WG_mod_20251125.pdf,https://novenyvedoszer.nebih.gov.hu/Engedelykereso/DocumentHandler.ashx?documentId=348142315es348148805&documentName=Sulfolac80WG_mod_20251125.pdf,missing point 4 row recovered from markdown table audit; source Sulfolac_80_WG_(er.név_Eurokén_2000_80_WG)__35383-2001__Sulfolac80WG_mod_20251125.md line 383
Sulfolac 80 WG (er.név: Eurokén 2000 80 WG),35383/2001,alapengedely,tölgy,lisztharmat,gombaölő szer,1.5-3,kg/ha,500-1500,l/ha,,,rügypattanást követően,,3,7,,Sulfolac80WG_mod_20251125.pdf,https://novenyvedoszer.nebih.gov.hu/Engedelykereso/DocumentHandler.ashx?documentId=348142315es348148805&documentName=Sulfolac80WG_mod_20251125.pdf,missing point 4 row recovered from markdown table audit; source Sulfolac_80_WG_(er.név_Eurokén_2000_80_WG)__35383-2001__Sulfolac80WG_mod_20251125.md line 384
Tecorla,8750/3212-1/2026,alapengedely,"fejes káposzta, vörös káposzta, kelkáposzta, csúcsos káposzta","káposztalepke, répalepke, káposztamoly, káposzta- bagolylepke, veteménymoly, szalmaszínű sodrómoly",rovarölő szer,500,ml/ha,200-400,l/ha,41,49,fejesedés kezdete ‒ végleges fejméret (BBCH 41-49),,2,14,,Tecorla_eng_20260224_.pdf,https://novenyvedoszer.nebih.gov.hu/Engedelykereso/DocumentHandler.ashx?documentId=348630189es348657236&documentName=Tecorla_eng_20260224_.pdf,missing point 4 row recovered from markdown table audit; source Tecorla__8750-3212-1-2026__Tecorla_eng_20260224.md line 280
Tecorla,8750/3212-1/2026,alapengedely,"brokkoli, karfiol","káposztalepke, répalepke, káposztamoly, káposzta- bagolylepke, veteménymoly, szalmaszínű sodrómoly",rovarölő szer,500,ml/ha,200-800,l/ha,41,49,fejesedés kezdete ‒ végleges fejméret (BBCH 41-49),,2,14,,Tecorla_eng_20260224_.pdf,https://novenyvedoszer.nebih.gov.hu/Engedelykereso/DocumentHandler.ashx?documentId=348630189es348657236&documentName=Tecorla_eng_20260224_.pdf,missing point 4 row recovered from markdown table audit; source Tecorla__8750-3212-1-2026__Tecorla_eng_20260224.md line 281
Tecorla,8750/3212-1/2026,alapengedely,sárgarépa,sárgarépalégy,rovarölő szer,700,ml/ha,200-800,l/ha,70,89,magtermesztés esetén első termések kialakulása – teljes érésig (BBCH 70-89),,2,14,,Tecorla_eng_20260224_.pdf,https://novenyvedoszer.nebih.gov.hu/Engedelykereso/DocumentHandler.ashx?documentId=348630189es348657236&documentName=Tecorla_eng_20260224_.pdf,missing point 4 row recovered from markdown table audit; source Tecorla__8750-3212-1-2026__Tecorla_eng_20260224.md line 282
Tecorla,8750/3212-1/2026,alapengedely,sárgarépa,"bagolylepke fajok, sárgarépamoly, köménymoly, sárgarépa- fúrómoly",rovarölő szer,600,ml/ha,200-800,l/ha,70,89,magtermesztés esetén első termések kialakulása – teljes érésig (BBCH 70-89),,1,14,,Tecorla_eng_20260224_.pdf,https://novenyvedoszer.nebih.gov.hu/Engedelykereso/DocumentHandler.ashx?documentId=348630189es348657236&documentName=Tecorla_eng_20260224_.pdf,missing point 4 row recovered from markdown table audit; source Tecorla__8750-3212-1-2026__Tecorla_eng_20260224.md line 283
Tecorla,8750/3212-1/2026,alapengedely,"zeller, petrezselyem, pasztinák",sárgarépalégy,rovarölő szer,700,ml/ha,200-800,l/ha,70,89,magtermesztés esetén első termések kialakulása – teljes érésig (BBCH 70-89),,2,14,,Tecorla_eng_20260224_.pdf,https://novenyvedoszer.nebih.gov.hu/Engedelykereso/DocumentHandler.ashx?documentId=348630189es348657236&documentName=Tecorla_eng_20260224_.pdf,missing point 4 row recovered from markdown table audit; source Tecorla__8750-3212-1-2026__Tecorla_eng_20260224.md line 284
Tecorla,8750/3212-1/2026,alapengedely,"zeller, petrezselyem, pasztinák","bagolylepke fajok, sárgarépamoly, köménymoly, sárgarépa- fúrómoly",rovarölő szer,600,ml/ha,200-800,l/ha,70,89,magtermesztés esetén első termések kialakulása – teljes érésig (BBCH 70-89),,1,14,,Tecorla_eng_20260224_.pdf,https://novenyvedoszer.nebih.gov.hu/Engedelykereso/DocumentHandler.ashx?documentId=348630189es348657236&documentName=Tecorla_eng_20260224_.pdf,missing point 4 row recovered from markdown table audit; source Tecorla__8750-3212-1-2026__Tecorla_eng_20260224.md line 286
Vitra Rézhidroxid,45162/1999,alapengedely,szilva,"baktériumos és gombás eredetű ágelhalás, sztigminás betegség (levéllyukacsosodás), moníliás virág- és hajtáspusztulás, tafrinás betegség",gombaölő szer,2,kg/ha,400-1000,l/ha,95,95,50%-os levélsárgulástól (BBCH 95) virágrügy- pattanásig (BBCH 53),,4,7,,Vitra Rézhidroxid megújítás_0052080-1_2024.11.15_publikus.pdf,https://novenyvedoszer.nebih.gov.hu/Engedelykereso/DocumentHandler.ashx?documentId=346208231es346208536&documentName=Vitra+R%c3%a9zhidroxid+meg%c3%baj%c3%adt%c3%a1s_0052080-1_2024.11.15_publikus.pdf,missing point 4 row recovered from markdown table audit; source Vitra_Rézhidroxid__45162-1999__Vitra_Rézhidroxid_megújítás_0052080-1_2024.11.15_publikus.md line 278
Vitra Rézhidroxid,45162/1999,alapengedely,paradicsom hajtatott,baktériumos és gombás eredetű betegségek (kivéve lisztharmat),gombaölő szer,1.5-2,kg/ha,400-1000,l/ha,15,15,5 leveles állapottól (BBCH 15) érés kezdetéig (BBCH 81),,5,10,,Vitra Rézhidroxid megújítás_0052080-1_2024.11.15_publikus.pdf,https://novenyvedoszer.nebih.gov.hu/Engedelykereso/DocumentHandler.ashx?documentId=346208231es346208536&documentName=Vitra+R%c3%a9zhidroxid+meg%c3%baj%c3%adt%c3%a1s_0052080-1_2024.11.15_publikus.pdf,missing point 4 row recovered from markdown table audit; source Vitra_Rézhidroxid__45162-1999__Vitra_Rézhidroxid_megújítás_0052080-1_2024.11.15_publikus.md line 279
Vitra Rézhidroxid,45162/1999,alapengedely,"uborka, cukkíni szabadföldi és hajtatott",baktériumos és gombás eredetű betegségek (kivéve lisztharmat),gombaölő szer,1.5-2,kg/ha,400-1000,l/ha,15,15,5 leveles állapottól (BBCH 15) termésnövekedés végéig (BBCH 79),,5,10,,Vitra Rézhidroxid megújítás_0052080-1_2024.11.15_publikus.pdf,https://novenyvedoszer.nebih.gov.hu/Engedelykereso/DocumentHandler.ashx?documentId=346208231es346208536&documentName=Vitra+R%c3%a9zhidroxid+meg%c3%baj%c3%adt%c3%a1s_0052080-1_2024.11.15_publikus.pdf,missing point 4 row recovered from markdown table audit; source Vitra_Rézhidroxid__45162-1999__Vitra_Rézhidroxid_megújítás_0052080-1_2024.11.15_publikus.md line 280
Vitra Rézhidroxid,45162/1999,alapengedely,"cseresznye, meggy",blumeriellás levélfoltosság,gombaölő szer,2,kg/ha,400-1000,l/ha,95,95,50%-os levélsárgulástól (BBCH 95) virágrügy- pattanásig (BBCH 53),,4,7,,Vitra Rézhidroxid megújítás_0052080-1_2024.11.15_publikus.pdf,https://novenyvedoszer.nebih.gov.hu/Engedelykereso/DocumentHandler.ashx?documentId=346208231es346208536&documentName=Vitra+R%c3%a9zhidroxid+meg%c3%baj%c3%adt%c3%a1s_0052080-1_2024.11.15_publikus.pdf,missing point 4 row recovered from markdown table audit; source Vitra_Rézhidroxid__45162-1999__Vitra_Rézhidroxid_megújítás_0052080-1_2024.11.15_publikus.md line 282
Vitra Rézhidroxid,45162/1999,alapengedely,tojásgyümölcs hajtatott,baktériumos és gombás eredetű betegségek (kivéve lisztharmat),gombaölő szer,1.5-2,kg/ha,400-1000,l/ha,15,15,5 leveles állapottól (BBCH 15) érés kezdetéig (BBCH 81),,5,10,,Vitra Rézhidroxid megújítás_0052080-1_2024.11.15_publikus.pdf,https://novenyvedoszer.nebih.gov.hu/Engedelykereso/DocumentHandler.ashx?documentId=346208231es346208536&documentName=Vitra+R%c3%a9zhidroxid+meg%c3%baj%c3%adt%c3%a1s_0052080-1_2024.11.15_publikus.pdf,missing point 4 row recovered from markdown table audit; source Vitra_Rézhidroxid__45162-1999__Vitra_Rézhidroxid_megújítás_0052080-1_2024.11.15_publikus.md line 283
Affirm,02.5/2507/2/2009,alapengedely,"karfiol, brokkoli, fejes káposzta, bimbóskel, kínai kel, fodroskel","káposztalepke, fehér lepkék, káposzta- bagolylepke, gamma bagolylepke, káposztamoly, saláta- bagolylepke, vetési bagolylepke, gyapottok- bagolylepke",rovarölő szer,1.5,kg/ha,400-800,l/ha,11,49,"1 leveles állapot – végleges fejméret, a csúcsrügy alatti bimbók szorosan zártak (bimbóskel) BBCH 11-49",,2,7,,Affirm_mód_20260225.pdf,https://novenyvedoszer.nebih.gov.hu/Engedelykereso/DocumentHandler.ashx?documentId=348630191es348657238&documentName=Affirm_m%c3%b3d_20260225.pdf,missing point 4 row recovered from markdown table audit; source Affirm__02.5-2507-2-2009__Affirm_mód_20260225.md line 354
Alar 85,46.094/1981,alapengedely,gardénia,"dísznövények növénymagasságának csökkentésére, a virágszám növelésére, színintenzitás fokozására",növekedés szabályozó szer,2-5,kg/ha,750-1500,l/ha,,,növények végleges magasságának 2/3- ánál,,3,7,,Alar 85 ATP 18 mod_1794_2023 08 09 final indoklás nélkül.pdf,https://novenyvedoszer.nebih.gov.hu/Engedelykereso/DocumentHandler.ashx?documentId=343516704es343508766&documentName=Alar+85+ATP+18+mod_1794_2023+08+09+final+indokl%c3%a1s+n%c3%a9lk%c3%bcl.pdf,missing point 4 row recovered from markdown table audit; source Alar_85__46.094-1981__Alar_85_ATP_18_mod_1794_2023_08_09_final_indoklás_nélkül.md line 416
Amistar Max,6700/0041100-6/2024,alapengedely,rozs,barnarozsda (levélrozsda),gombaölő szer,1,l/ha,1.5,l/ha,,,150-400,,levélfoltosság,,,AmistarMax_eng_67000041100-62024_20241205_Publikus.pdf,https://novenyvedoszer.nebih.gov.hu/Engedelykereso/DocumentHandler.ashx?documentId=346291216es346268477&documentName=AmistarMax_eng_67000041100-62024_20241205_Publikus.pdf,missing point 4 row recovered from markdown table audit; source Amistar_Max__6700-0041100-6-2024__AmistarMax_eng_67000041100-62024_20241205_Publikus.md line 160
Amistar Max,6700/0041100-6/2024,alapengedely,tritikálé,"barnarozsda (levélrozsda), szeptóriás levélfoltosság",gombaölő szer,1,l/ha,1.5,l/ha,,,150-400,,levélfoltosság,,,AmistarMax_eng_67000041100-62024_20241205_Publikus.pdf,https://novenyvedoszer.nebih.gov.hu/Engedelykereso/DocumentHandler.ashx?documentId=346291216es346268477&documentName=AmistarMax_eng_67000041100-62024_20241205_Publikus.pdf,missing point 4 row recovered from markdown table audit; source Amistar_Max__6700-0041100-6-2024__AmistarMax_eng_67000041100-62024_20241205_Publikus.md line 161
Amistar Sun 325 SC,6300/2840-2/2022,alapengedely,napraforgó,alternáriás levél- és szárfoltosság,gombaölő szer,0.8-1,l/ha,20,l/ha,16,16,6 leveles állapottól (BBCH 16) sziromlevelek megjelenéséig (BBCH 59),,2,14,,AmistarSun325SC_mod_20250618.pdf,https://novenyvedoszer.nebih.gov.hu/Engedelykereso/DocumentHandler.ashx?documentId=347577819es347562500&documentName=AmistarSun325SC_mod_20250618.pdf,missing point 4 row recovered from markdown table audit; source Amistar_Sun_325_SC__6300-2840-2-2022__AmistarSun325SC_mod_20250618.md line 479
Amylo-X,6300/425-1/2021,alapengedely,szamóca(zárt termesztő berendezés),"lisztharmat, szürkepenész",gombaölő szer,1.5-2.5,kg/ha,500-1000,l/ha,10,10,1. levél megjelenésétől (BBCH 10) – betakarítás előtti állapotig (BBCH 89),,6,7,,AmyloX_mod_20260217.pdf,https://novenyvedoszer.nebih.gov.hu/Engedelykereso/DocumentHandler.ashx?documentId=348529243es348591503&documentName=AmyloX_mod_20260217.pdf,missing point 4 row recovered from markdown table audit; source Amylo-X__6300-425-1-2021__AmyloX_mod_20260217.md line 248
Ascra Xpro,04.2/3615-1/2018,alapengedely,őszi és tavaszi búza,"sárgarozsda, vörösrozsda, lisztharmat, szeptoriás levélfoltosság, pirenfórás levélfoltosságok, kalászfuzáriózis",gombaölő szer,0.9-1.5,l/ha,200-400,l/ha,30,30,szárba indulás kezdetétől (BBCH 30) virágzás kezdetéig (BBCH 61),,2,14,,AscraXpro_mód_20230516.pdf,https://novenyvedoszer.nebih.gov.hu/Engedelykereso/DocumentHandler.ashx?documentId=342908318es342856230&documentName=AscraXpro_m%c3%b3d_20230516.pdf,missing point 4 row recovered from markdown table audit; source Ascra_Xpro__04.2-3615-1-2018__AscraXpro_mód_20230516.md line 223
Azaka,04.2/1985-1/2016,alapengedely,"őszi káposztarepce, olajretek","alternáriás-, fómás betegség, szürkepenész, fehérpenész",gombaölő szer,0.75-1,l/ha,250-500,l/ha,60,60,virágzás megindulásától (BBCH 60) 50%-os virágzásig BBCH 65,,1,14,,Azaka_mod_20220720.pdf,https://novenyvedoszer.nebih.gov.hu/Engedelykereso/DocumentHandler.ashx?documentId=328137931es328136432&documentName=Azaka_mod_20220720.pdf,missing point 4 row recovered from markdown table audit; source Azaka__04.2-1985-1-2016__Azaka_mod_20220720.md line 217
Badge SC,6300/655-1/2019,alapengedely,"őszibarack, nektarin, kajszi, szilva, cseresznye, meggy","moníliás betegség, tafrinás levélfodrosodás, sztigminás betegség (levéllyukacsosodás), baktériumos és gombás ágelhalás",gombaölő szer,3.6-4,l/ha,1000-1500,l/ha,91,91,levélsárgulás kezdetétől (BBCH 91) virágrügyek megjelenéséig (BBCH 55),,4,14,,BadgeSC_mód_20250904.pdf,https://novenyvedoszer.nebih.gov.hu/Engedelykereso/DocumentHandler.ashx?documentId=347800750es347859801&documentName=BadgeSC_m%c3%b3d_20250904.pdf,missing point 4 row recovered from markdown table audit; source Badge_SC__6300-655-1-2019__BadgeSC_mód_20250904.md line 730
BeePlus,04.2/4623-1/2018,alapengedely,"őszi káposztarepce, mustár, olajretek gyümölcsfélék (cseresznye, meggy, kajszi, őszibarack, mandula, szilva, málna, szeder, köszméte, ribiszke, riszméte, szamóca, fekete bodza, alma, körte, birs, naspolya",méhcsalogatás,csalogató (attraktáns),1-2,l/ha,300-800,l/ha,61,63,virágzás kezdete BBCH 61-63 virágzás kezdete BBCH 61-63,,1,permetezés,,BeePlus_eng_20190206.pdf,https://novenyvedoszer.nebih.gov.hu/Engedelykereso/DocumentHandler.ashx?documentId=301777686es301779663&documentName=BeePlus_eng_20190206.pdf,missing point 4 row recovered from markdown table audit; source BeePlus__04.2-4623-1-2018__BeePlus_eng_20190206.md line 164
Beloukha,6700/0078734-1/2024,alapengedely,"3 évesnél idősebb szőlő (bor, csemege)",magról kelő egy- és kétszikű gyomnövények,gyomirtó szer,16,l/ha,200-400,l/ha,,,a vegetációs időszakban a gyomok felszaporodásakor,,2,14-28,,Beloukha_mód_2025.10.16.pdf,https://novenyvedoszer.nebih.gov.hu/Engedelykereso/DocumentHandler.ashx?documentId=347992899es348006580&documentName=Beloukha_m%c3%b3d_2025.10.16.pdf,missing point 4 row recovered from markdown table audit; source Beloukha__6700-0078734-1-2024__Beloukha_mód_2025.10.16.md line 209
Blossom Protect,04.2/2735-1/2011,alapengedely,"Almatermésűek (alma, körte, birs, naspolya) 1 m-es 2 m-es 3 m-es vagy magasabb lombkorona",tűzelhalás,gombaölő szer,0.75-2.25,kg/ha,500-1500,l/ha,61,61,virágzás kezdetétől (BBCH 61) 50%-os sziromhullásig (BBCH 67),,5,1,,Blossom Protect_mód_20250205.pdf,https://novenyvedoszer.nebih.gov.hu/Engedelykereso/DocumentHandler.ashx?documentId=346545557es346495049&documentName=Blossom+Protect_m%c3%b3d_20250205.pdf,missing point 4 row recovered from markdown table audit; source Blossom_Protect__04.2-2735-1-2011__Blossom_Protect_mód_20250205.md line 165
Blossom Protect,04.2/2735-1/2011,alapengedely,"Almatermésűek (alma, körte, birs, naspolya) 1 m-es 2 m-es 3 m-es vagy magasabb lombkorona","tárolási betegségek (Penicillium spp., Botrytis spp., Monilia sp.stb)",gombaölő szer,0.5-1.5,kg/ha,500-1500,l/ha,81,81,érés kezdetétől (BBCH 81) fogyasztásra érettségig (BBCH 89),,4,2,,Blossom Protect_mód_20250205.pdf,https://novenyvedoszer.nebih.gov.hu/Engedelykereso/DocumentHandler.ashx?documentId=346545557es346495049&documentName=Blossom+Protect_m%c3%b3d_20250205.pdf,missing point 4 row recovered from markdown table audit; source Blossom_Protect__04.2-2735-1-2011__Blossom_Protect_mód_20250205.md line 166
Caramba Turbo,02.5/1313/1/2010,alapengedely,olajretek,"levél- és szárbetegségek (alternária, fóma, szklerotinia, cilindrospóriumos betegség) fagykár csökkentés, megdőlés ellen (növényi növekedés szabályozó)","növekedés szabályozó szer, gombaölő szer",0.7-1.4,l/ha,200-400,l/ha,14,14,4 leveles állapottól (BBCH 14) tőlevélrózsás állapotig (BBCH 19),,1,90,,CarambaTurbo_mod_20260511.pdf,https://novenyvedoszer.nebih.gov.hu/Engedelykereso/DocumentHandler.ashx?documentId=350182015es350111994&documentName=CarambaTurbo_mod_20260511.pdf,missing point 4 row recovered from markdown table audit; source Caramba_Turbo__02.5-1313-1-2010__CarambaTurbo_mod_20260511.md line 268
Closer 120 SC,6300/13323-1/2019,alapengedely,"paradicsom, paprika (alma, töltenivaló, fűszer, kápia, pfefferoni, pritamin), tojásgyümölcs (zárt termesztő berendezés)",levéltetvek,rovarölő szer,0.2,l/ha,500-1500,l/ha,20,87,elsődleges oldalhajtás állapot – a 70 %-os érés (BBCH 20-87),,2,7,,Closer 120 SC_KK_879_1_20230327_publikus.pdf,https://novenyvedoszer.nebih.gov.hu/Engedelykereso/DocumentHandler.ashx?documentId=341517510es341517760&documentName=Closer+120+SC_KK_879_1_20230327_publikus.pdf,missing point 4 row recovered from markdown table audit; source Closer_120_SC__6300-13323-1-2019__Closer_120_SC_KK_879_1_20230327_publikus.md line 104
Cosayr,6700/0051664-4/2024,alapengedely,"alma, körte, birs",almamoly,rovarölő szer,100,kg/ha,500-1000,l/ha,70,87,gyümölcskötődéstől szedésérettségig (BBCH 70-87),,1,"0,12",,Cosayr_mod_97663_20251212_publikus.pdf,https://novenyvedoszer.nebih.gov.hu/Engedelykereso/DocumentHandler.ashx?documentId=348318204es348319153&documentName=Cosayr_mod_97663_20251212_publikus.pdf,missing point 4 row recovered from markdown table audit; source Cosayr__6700-0051664-4-2024__Cosayr_mod_97663_20251212_publikus.md line 207
Cosayr,6700/0051664-4/2024,alapengedely,"borszőlő, csemegeszőlő",tarka szőlőmoly,rovarölő szer,140,kg/ha,400-1200,l/ha,57,83,fürtmegnyúlástól bogyószíneződésig (BBCH 57-83),,1,"0,18",,Cosayr_mod_97663_20251212_publikus.pdf,https://novenyvedoszer.nebih.gov.hu/Engedelykereso/DocumentHandler.ashx?documentId=348318204es348319153&documentName=Cosayr_mod_97663_20251212_publikus.pdf,missing point 4 row recovered from markdown table audit; source Cosayr__6700-0051664-4-2024__Cosayr_mod_97663_20251212_publikus.md line 208
Dafne 250 EC,6300/201-16/2020,alapengedely,őszi káposzta- repce,"leptoszfériás (fómás) betegség, alternáriás betegség",gombaölő szer,0.5-0.6,l/ha,200-300,l/ha,,,,,1,14,,Dafne250EC_mod_20250724.pdf,https://novenyvedoszer.nebih.gov.hu/Engedelykereso/DocumentHandler.ashx?documentId=347735112es347738455&documentName=Dafne250EC_mod_20250724.pdf,missing point 4 row recovered from markdown table audit; source Dafne_250_EC__6300-201-16-2020__Dafne250EC_mod_20250724.md line 391
Decis,04.2/557-1/2011,alapengedely,"őszibarack*, kajszi*","molykártevők, levéltetvek",rovarölő szer,0.15,l/ha,800-1000,l/ha,,,"* szüret előtt nem alkalmazható, szüret után lombhullásig",,14 nap,"1,5",,Decis_mód_20240918.pdf,https://novenyvedoszer.nebih.gov.hu/Engedelykereso/DocumentHandler.ashx?documentId=346013044es346033702&documentName=Decis_m%c3%b3d_20240918.pdf,missing point 4 row recovered from markdown table audit; source Decis__04.2-557-1-2011__Decis_mód_20240918.md line 259
Delan Pro,04.2/7328-1/2016,alapengedely,Szőlő (bor),peronoszpóra feketerothadás,gombaölő szer,1.8-3,l/ha,200-1200,l/ha,15,15,5 leveles állapottól (BBCH 15) borsó nagyságú bogyó állapotig (fürtlehajlás) (BBCH 75),,4,10,,DelanPro_mod_20250908.pdf,https://novenyvedoszer.nebih.gov.hu/Engedelykereso/DocumentHandler.ashx?documentId=347867502es347859803&documentName=DelanPro_mod_20250908.pdf,missing point 4 row recovered from markdown table audit; source Delan_Pro__04.2-7328-1-2016__DelanPro_mod_20250908.md line 269
FBR-A,6300/3319-1/2021,alapengedely,szőlő,szőlőperonoszpóra,gombaölő szer,10,l/ha,1-4,l/ha,,,200-1000,,blokk kezelés,6,,FBR-A_eng_20211214.pdf,https://novenyvedoszer.nebih.gov.hu/Engedelykereso/DocumentHandler.ashx?documentId=322430253es322430553&documentName=FBR-A_eng_20211214.pdf,missing point 4 row recovered from markdown table audit; source FBR-A__6300-3319-1-2021__FBR-A_eng_20211214.md line 134
FBR-B,6300/3320-1/2021,alapengedely,szőlő,szőlőperonoszpóra,gombaölő szer,10,l/ha,1-4,l/ha,,,200-1000,,blokk kezelés,6,,FBR-B_eng_20211214.pdf,https://novenyvedoszer.nebih.gov.hu/Engedelykereso/DocumentHandler.ashx?documentId=322430254es322430554&documentName=FBR-B_eng_20211214.pdf,missing point 4 row recovered from markdown table audit; source FBR-B__6300-3320-1-2021__FBR-B_eng_20211214.md line 134
FBR-C,6300/3321-1/2021,alapengedely,szőlő,szőlőperonoszpóra,gombaölő szer,10,l/ha,1-4,l/ha,,,200-1000,,blokk kezelés,6,,FBR-C_eng_20211214.pdf,https://novenyvedoszer.nebih.gov.hu/Engedelykereso/DocumentHandler.ashx?documentId=322430255es322430555&documentName=FBR-C_eng_20211214.pdf,missing point 4 row recovered from markdown table audit; source FBR-C__6300-3321-1-2021__FBR-C_eng_20211214.md line 134
Foshield,6700/709-1/2023,alapengedely,szőlő,szőlőperonoszpóra,gombaölő szer,10,l/ha,1-4,l/ha,,,200-1000,,blokk kezelés,6,,Foshild_eng_20230313.pdf,https://novenyvedoszer.nebih.gov.hu/Engedelykereso/DocumentHandler.ashx?documentId=342601856es342595513&documentName=Foshild_eng_20230313.pdf,missing point 4 row recovered from markdown table audit; source Foshield__6700-709-1-2023__Foshild_eng_20230313.md line 132
Kupfer Fusilan WG,04.2/1533-1/2017,alapengedely,"zöldborsó, szárazborsó vetőmagtermesztés",peronoszpóra,gombaölő szer,2.2-2.5,kg/ha,400-500,l/ha,51,51,az első virágbimbók megjelenésétől (BBCH 51) szárazérésig (BBCH 89),,3,7,,Kupfer Fusilan WG megújítás_66991-1_2025.10.21_publikus.pdf,https://novenyvedoszer.nebih.gov.hu/Engedelykereso/DocumentHandler.ashx?documentId=348013416es348006597&documentName=Kupfer+Fusilan+WG+meg%c3%baj%c3%adt%c3%a1s_66991-1_2025.10.21_publikus.pdf,missing point 4 row recovered from markdown table audit; source Kupfer_Fusilan_WG__04.2-1533-1-2017__Kupfer_Fusilan_WG_megújítás_66991-1_2025.10.21_publikus.md line 213
Moddus 250 EC,46702/2004,alapengedely,őszi búza,szárszilárdítás,növekedés szabályozó szer,0.2-0.3,l/ha,200-300,l/ha,37,39,zászlós levél megjelenés – zászlóslevél kiterülése BBCH 37-39,,2,14,,Moddus 250 EC_mód_20240408.pdf,https://novenyvedoszer.nebih.gov.hu/Engedelykereso/DocumentHandler.ashx?documentId=345146702es345146801&documentName=Moddus+250+EC_m%c3%b3d_20240408.pdf,missing point 4 row recovered from markdown table audit; source Moddus_250_EC__46702-2004__Moddus_250_EC_mód_20240408.md line 234
Mospilan 20 SP,15904/2003,alapengedely,"őszi káposztarepce, mustár","repce- fénybogár, repcebecő- ormányos, repceszár- ormányos",rovarölő szer,200,g/ha,200-600,l/ha,50,80,rejtettbimbós állapot ‒ becősárgulás (BBCH 50-80),,1,14,,Mospilan 20 SP megújítás_45699-1_2026.05.18_publikus.pdf,https://novenyvedoszer.nebih.gov.hu/Engedelykereso/DocumentHandler.ashx?documentId=350182007es350111986&documentName=Mospilan+20+SP+meg%c3%baj%c3%adt%c3%a1s_45699-1_2026.05.18_publikus.pdf,missing point 4 row recovered from markdown table audit; source Mospilan_20_SP__15904-2003__Mospilan_20_SP_megújítás_45699-1_2026.05.18_publikus.md line 260
Mystic 250 EW,04.2/1152-1/2017,alapengedely,szőlő (bor),"lisztharmat, pszeudopezikulás orbánc feketerothadás",gombaölő szer,0.4,l/ha,400-800,l/ha,11,11,1. levél kiterülésétől BBCH 11 zsendülésig BBCH 85,,2,10,,Mystic 250 EW_mód_20250123.pdf,https://novenyvedoszer.nebih.gov.hu/Engedelykereso/DocumentHandler.ashx?documentId=346415268es346404547&documentName=Mystic+250+EW_m%c3%b3d_20250123.pdf,missing point 4 row recovered from markdown table audit; source Mystic_250_EW__04.2-1152-1-2017__Mystic_250_EW_mód_20250123.md line 279
Nasa Neo,6300/955-1/2022,alapengedely,tarló,"1.3 magról kelő egy- és kétszikű gyomok, 1.4 évelő egy- és kétszikű gyomok",gyomirtó szer,2-6,l/ha,250-300,l/ha,,,a gyomnövények intenzív növekedésekor,,1,60,,Nasa Neo eng 2022.03.23 publikus.pdf,https://novenyvedoszer.nebih.gov.hu/Engedelykereso/DocumentHandler.ashx?documentId=326208609es325499665&documentName=Nasa+Neo+eng+2022.03.23+publikus.pdf,missing point 4 row recovered from markdown table audit; source Nasa_Neo__6300-955-1-2022__Nasa_Neo_eng_2022.03.23_publikus.md line 601
Novagib,04.2/1531-2/2011,alapengedely,alma,4,növekedés szabályozó szer,300-1000,l/ha,5,l/ha,69,74,teljes sziromhullás időszakától 2-3cm- es gyümölcsméretig (BBCH 69-74),,7,"0,5",,Novagib_mod_20200916.pdf,https://novenyvedoszer.nebih.gov.hu/Engedelykereso/DocumentHandler.ashx?documentId=301699111es301699411&documentName=Novagib_mod_20200916.pdf,missing point 4 row recovered from markdown table audit; source Novagib__04.2-1531-2-2011__Novagib_mod_20200916.md line 204
Novagib,04.2/1531-2/2011,alapengedely,körte,2,növekedés szabályozó szer,300-1000,l/ha,6,l/ha,62,69,20%-os virágzás állapotától virágzás végéig (BBCH62-69),,3,"0,6",,Novagib_mod_20200916.pdf,https://novenyvedoszer.nebih.gov.hu/Engedelykereso/DocumentHandler.ashx?documentId=301699111es301699411&documentName=Novagib_mod_20200916.pdf,missing point 4 row recovered from markdown table audit; source Novagib__04.2-1531-2-2011__Novagib_mod_20200916.md line 205
Prosaro,1917/2005,alapengedely,búza (őszi),"gabonalisztharmat, rozsda-, helmintospóriumos-, szeptóriás betegségek, kalászfuzáriózis, egyéb betegségek",gombaölő szer,0.75-1,l/ha,250-300,l/ha,30,30,szárbaindulástól (BBCH 30) – virágzás végéig (BBCH 69),,2,14,,Prosaro_KKmod_20240307.pdf,https://novenyvedoszer.nebih.gov.hu/Engedelykereso/DocumentHandler.ashx?documentId=344905287es344945578&documentName=Prosaro_KKmod_20240307.pdf,missing point 4 row recovered from markdown table audit; source Prosaro__1917-2005__Prosaro_KKmod_20240307.md line 106
Protendo 300 EC,6300/731-1/2021,alapengedely,káposztarepce őszi és tavaszi,"leptoszfériás (fómás) betegség, szklerotíniás betegség (fehérpenész) alternáriás betegség (becőrontó)",gombaölő szer,0.3-0.6,l/ha,200-400,l/ha,20,20,oldalhajtások kialakulásától (BBCH 20) virágzás végéig (BBCH 69),,2 (2 tavaszi),21,,Protendo300EC_mod_20251118.pdf,https://novenyvedoszer.nebih.gov.hu/Engedelykereso/DocumentHandler.ashx?documentId=348142312es348148802&documentName=Protendo300EC_mod_20251118.pdf,missing point 4 row recovered from markdown table audit; source Protendo_300_EC__6300-731-1-2021__Protendo300EC_mod_20251118.md line 667
Protendo 300 EC,6300/731-1/2021,alapengedely,napraforgó,"diaportés betegség, alternáriás betegség, szklerotíniás betegség (fehérpenész)",gombaölő szer,0.3-0.6,l/ha,150-300,l/ha,16,16,6 leveles állapottól (BBCH 16) virágzás elejéig (BBCH 63),,2*,28,,Protendo300EC_mod_20251118.pdf,https://novenyvedoszer.nebih.gov.hu/Engedelykereso/DocumentHandler.ashx?documentId=348142312es348148802&documentName=Protendo300EC_mod_20251118.pdf,missing point 4 row recovered from markdown table audit; source Protendo_300_EC__6300-731-1-2021__Protendo300EC_mod_20251118.md line 669
Protendo 300 EC,6300/731-1/2021,alapengedely,szója,szklerotíniás betegség (fehérpenész),gombaölő szer,0.6,l/ha,150-300,l/ha,51,51,első virágbimbók megjelenésétől (BBCH 51) teljes virágzásig (BBCH 65),,1,28,,Protendo300EC_mod_20251118.pdf,https://novenyvedoszer.nebih.gov.hu/Engedelykereso/DocumentHandler.ashx?documentId=348142312es348148802&documentName=Protendo300EC_mod_20251118.pdf,missing point 4 row recovered from markdown table audit; source Protendo_300_EC__6300-731-1-2021__Protendo300EC_mod_20251118.md line 670
Retengo,04.2/1119-1/2017,alapengedely,Napraforgó,"Fehérpenészes, diaportés, fómás és alternáriás eredetű level-, szár- és tányérbetegségek",gombaölő szer,0.5-1,l/ha,100-400,l/ha,16,16,6 leveles kortól (BBCH 16) citromérésig (BBCH 75),,2,21,,Retengo_mod_20260514.pdf,https://novenyvedoszer.nebih.gov.hu/Engedelykereso/DocumentHandler.ashx?documentId=350182012es350111991&documentName=Retengo_mod_20260514.pdf,missing point 4 row recovered from markdown table audit; source Retengo__04.2-1119-1-2017__Retengo_mod_20260514.md line 289
Revus Top,6300/13378-1/2019,alapengedely,"Bimbóskel, brokkoli, karfiol szabadföldi","peronoszpóra, alternáriás betegség, mikoszferellás gyűrűsfoltosság",gombaölő szer,0.5,l/ha,400-600,l/ha,41,41,fejesedés kezdetétől (BBCH 41) végleges fejméret eléréséig (BBCH 49),,2,14,,RevusTop_mod_20250521.pdf,https://novenyvedoszer.nebih.gov.hu/Engedelykereso/DocumentHandler.ashx?documentId=347048192es347250570&documentName=RevusTop_mod_20250521.pdf,missing point 4 row recovered from markdown table audit; source Revus_Top__6300-13378-1-2019__RevusTop_mod_20250521.md line 437
Revus Top,6300/13378-1/2019,alapengedely,"Fejes saláta, endíviasaláta, cikóriasaláta szabadföldi és hajtatott",peronoszpóra marsszoninás levélfoltosság,gombaölő szer,0.5,l/ha,500-1000,l/ha,41,41,fejesedés vagy levélfejlődés kezdetétől (BBCH 41) végleges fejméret vagy végső levéltömeg eléréséig,,2,10,,RevusTop_mod_20250521.pdf,https://novenyvedoszer.nebih.gov.hu/Engedelykereso/DocumentHandler.ashx?documentId=347048192es347250570&documentName=RevusTop_mod_20250521.pdf,missing point 4 row recovered from markdown table audit; source Revus_Top__6300-13378-1-2019__RevusTop_mod_20250521.md line 438
Ridomil Gold R,8360/52803-1/2025,alapengedely,vöröshagyma,peronoszpóra,gombaölő szer,5,kg/ha,300-600,l/ha,11,11,első levél megjelenésétől (BBCH 11) végső fejátmérő eléréséig (BBCH 49),,1,10,,Ridomil Gold R_mod_20251119.pdf,https://novenyvedoszer.nebih.gov.hu/Engedelykereso/DocumentHandler.ashx?documentId=348142311es348148801&documentName=Ridomil+Gold+R_mod_20251119.pdf,missing point 4 row recovered from markdown table audit; source Ridomil_Gold_R__8360-52803-1-2025__Ridomil_Gold_R_mod_20251119.md line 273
Royal MH-30,02.5/447/1/2010,alapengedely,Dohány,Kacsgátlás,növekedés szabályozó szer,600-800,l/ha,24,Tetejezés után órán belül,,,30 nappal betakarítás előtt,,1,"15-17,5",,Royal MH-30_mód_20240927.pdf,https://novenyvedoszer.nebih.gov.hu/Engedelykereso/DocumentHandler.ashx?documentId=346034340es346033750&documentName=Royal+MH-30_m%c3%b3d_20240927.pdf,missing point 4 row recovered from markdown table audit; source Royal_MH-30__02.5-447-1-2010__Royal_MH-30_mód_20240927.md line 196
Ruler 10 EC,6700/0062779-4/2024,alapengedely,"dísznövények (zárt üvegház, át nem eresztő aljzattal) (talaj nélküli termesztőközeg)",takácsatka fajok,atkaölő szer,2,l/ha,1000,l/ha,35,67,50 %-os hajtáshossz elérésétől sziromhullásig (BBCH 35-67),,2,7-10,,Ruler10EC_eng_20240906_Publikus.pdf,https://novenyvedoszer.nebih.gov.hu/Engedelykereso/DocumentHandler.ashx?documentId=345951945es345983253&documentName=Ruler10EC_eng_20240906_Publikus.pdf,missing point 4 row recovered from markdown table audit; source Ruler_10_EC__6700-0062779-4-2024__Ruler10EC_eng_20240906_Publikus.md line 132
Runner 2 F,02.5/1954/5/2007,alapengedely,paprika (hajtatott),gyapottok- bagolylepke,rovarölő szer,1,l/ha,5,l/ha,25,81,5. elsődleges oldalhajtás képződése - érés kezdete (BBCH 25-81),,"0,5",500-1500,,Runner 2F_ megújítás_20221115 indoklás nélkül.pdf,https://novenyvedoszer.nebih.gov.hu/Engedelykereso/DocumentHandler.ashx?documentId=328909042es328951459&documentName=Runner+2F_+meg%c3%baj%c3%adt%c3%a1s_20221115+indokl%c3%a1s+n%c3%a9lk%c3%bcl.pdf,missing point 4 row recovered from markdown table audit; source Runner_2_F__02.5-1954-5-2007__Runner_2F_megújítás_20221115_indoklás_nélkül.md line 151
Runner 2 F,02.5/1954/5/2007,alapengedely,paradicsom (hajtatott),gyapottok- bagolylepke,rovarölő szer,1,l/ha,5,l/ha,25,81,5. elsődleges oldalhajtás képződése - érés kezdete (BBCH 25-81),,"0,5",500-1500,,Runner 2F_ megújítás_20221115 indoklás nélkül.pdf,https://novenyvedoszer.nebih.gov.hu/Engedelykereso/DocumentHandler.ashx?documentId=328909042es328951459&documentName=Runner+2F_+meg%c3%baj%c3%adt%c3%a1s_20221115+indokl%c3%a1s+n%c3%a9lk%c3%bcl.pdf,missing point 4 row recovered from markdown table audit; source Runner_2_F__02.5-1954-5-2007__Runner_2F_megújítás_20221115_indoklás_nélkül.md line 152
Spyrale EC,1286/2005,alapengedely,cékla,"lisztharmat, cerkospórás levélfoltosság, fómás betegség, réparozsda",gombaölő szer,0.8-1,l/ha,400-600,l/ha,16,16,6 leveles állapottól (BBCH 16) gyökérfejlődés végéig (BBCH 49),,2,21,,SpyraleEC_mod_20230417.pdf,https://novenyvedoszer.nebih.gov.hu/Engedelykereso/DocumentHandler.ashx?documentId=342601867es342595524&documentName=SpyraleEC_mod_20230417.pdf,missing point 4 row recovered from markdown table audit; source Spyrale_EC__1286-2005__SpyraleEC_mod_20230417.md line 264
Sumi Alfa 5 EW,04.2/486-1/2011,alapengedely,szőlő (bor- és csemege),amerikai szőlőkabóca,rovarölő szer,0.2-0.3,l/ha,500-1000,l/ha,55,79,fürtkezdem ények növekedése állapottól a fürtzáródás végéig (BBCH 55-79),,2,7,,Sumi Alfa 5 EW_mod_20260325.pdf,https://novenyvedoszer.nebih.gov.hu/Engedelykereso/DocumentHandler.ashx?documentId=348700331es348696487&documentName=Sumi+Alfa+5+EW_mod_20260325.pdf,missing point 4 row recovered from markdown table audit; source Sumi_Alfa_5_EW__04.2-486-1-2011__Sumi_Alfa_5_EW_mod_20260325.md line 211
Thiopron,6700/0055608-1/2024,alapengedely,erdészeti csemetekert,lisztharmat,gombaölő szer,1.2,l/ha,200-600,l/ha,,,n. k.,,3,10,,Thiopron_mód_20251124.pdf,https://novenyvedoszer.nebih.gov.hu/Engedelykereso/DocumentHandler.ashx?documentId=348142307es348078947&documentName=Thiopron_m%c3%b3d_20251124.pdf,missing point 4 row recovered from markdown table audit; source Thiopron__6700-0055608-1-2024__Thiopron_mód_20251124.md line 446
Upside,8360/46599-1/2025,alapengedely,"vöröshagyma, fokhagyma, gyöngyhagyma, téli sarjadékhagyma, mogyoróhagyma (salottahagyma), újhagyma, póréhagyma szabadföldi",peronoszpóra,gombaölő szer,6,l/ha,600-800,l/ha,13,13,3 leveles állapottól (BBCH 13) 50%-os dőlésig (BBCH 48),,8,7,,Upside_mód_20260324.pdf,https://novenyvedoszer.nebih.gov.hu/Engedelykereso/DocumentHandler.ashx?documentId=348776870es348775781&documentName=Upside_m%c3%b3d_20260324.pdf,missing point 4 row recovered from markdown table audit; source Upside__8360-46599-1-2025__Upside_mód_20260324.md line 216
Zizan 500 SC,6300/3922-1/2020,alapengedely,őszi káposztarepce,"leptoszférás (fómás) betegség, alternáriás betegség, pirenopezizás levélfoltosság",gombaölő szer,0.5,l/ha,200-400,l/ha,31,31,Az első látható szárköz megjelenésétől (BBCH 31) zöldbimbós állapotig (BBCH 51),,1,20,,Zizan500SC_mod_20251015.pdf,https://novenyvedoszer.nebih.gov.hu/Engedelykereso/DocumentHandler.ashx?documentId=347992860es347966641&documentName=Zizan500SC_mod_20251015.pdf,missing point 4 row recovered from markdown table audit; source Zizan_500_SC__6300-3922-1-2020__Zizan500SC_mod_20251015.md line 230
Zorvec Enicade,6300/266-1/2020,alapengedely,"Hagymafélék (vöröshagyma, fokhagyma, mogyoróhagyma)",peronoszpóra,gombaölő szer,0.2,l/ha,200-600,l/ha,13,13,háromleveles állapottól BBCH 13 - az élelmezés- egészségügyi várakozási idő betartásához szükséges fejlettségig,,3,7,,ZorvecEnicade_mod_20260330.pdf,https://novenyvedoszer.nebih.gov.hu/Engedelykereso/DocumentHandler.ashx?documentId=348776862es348775773&documentName=ZorvecEnicade_mod_20260330.pdf,missing point 4 row recovered from markdown table audit; source Zorvec_Enicade__6300-266-1-2020__ZorvecEnicade_mod_20260330.md line 224
Propulse,04.2/41-1/2014,alapengedely,"kukorica (takarmány, vetőmag, csemege)","helmintospóriumos (Setosphaeria sp., Cochliobolus sp.) levélfoltosság és száradás, kabatiellás szemfoltosság",gombaölő szer,0.8-1,l/ha,200-500,l/ha,30,30,szármegnyúlás kezdetétől (BBCH 30) - virágzás végéig (BBCH 69),,2,14,,Propulse_mod_20241015.pdf,https://novenyvedoszer.nebih.gov.hu/Engedelykereso/DocumentHandler.ashx?documentId=346168776es346154039&documentName=Propulse_mod_20241015.pdf,missing point 4 row recovered from markdown table audit; source Propulse__04.2-41-1-2014__Propulse_mod_20241015.md line 222
Propulse,04.2/41-1/2014,alapengedely,mák,pleospórás (helmintospóriumo s) betegség,gombaölő szer,1,l/ha,200-400,l/ha,16,16,6 leveles állapottól (BBCH 16) - zöldtok állapotig (BBCH 77),,2,14,,Propulse_mod_20241015.pdf,https://novenyvedoszer.nebih.gov.hu/Engedelykereso/DocumentHandler.ashx?documentId=346168776es346154039&documentName=Propulse_mod_20241015.pdf,missing point 4 row recovered from markdown table audit; source Propulse__04.2-41-1-2014__Propulse_mod_20241015.md line 223
Propulse,04.2/41-1/2014,alapengedely,szója,"fehérpenész, diaportés betegség",gombaölő szer,0.8-1,l/ha,200-400,l/ha,51,51,első virágbimbók megjelenésétől (BBCH 51) - magvak kidomborodásáig a hüvelyen (BBCH 79),,2,14,,Propulse_mod_20241015.pdf,https://novenyvedoszer.nebih.gov.hu/Engedelykereso/DocumentHandler.ashx?documentId=346168776es346154039&documentName=Propulse_mod_20241015.pdf,missing point 4 row recovered from markdown table audit; source Propulse__04.2-41-1-2014__Propulse_mod_20241015.md line 224
Propulse,04.2/41-1/2014,alapengedely,cukorrépa,"cerkospórás levélfoltosság, ramuláriás levélfoltosság, réparozsda, lisztharmat",gombaölő szer,1-1.2,l/ha,120-400,l/ha,31,31,sorzáródás kezdetétől (BBCH 31) – gyökérfejlődés végéig (BBCH 49),,2,21,,Propulse_mod_20241015.pdf,https://novenyvedoszer.nebih.gov.hu/Engedelykereso/DocumentHandler.ashx?documentId=346168776es346154039&documentName=Propulse_mod_20241015.pdf,missing point 4 row recovered from markdown table audit; source Propulse__04.2-41-1-2014__Propulse_mod_20241015.md line 225
Propulse,04.2/41-1/2014,alapengedely,cékla,"cerkospórás levélfoltosság, ramuláriás levélfoltosság, réparozsda, lisztharmat",gombaölő szer,1-1.2,l/ha,120-400,l/ha,31,31,sorzáródás kezdetétől (BBCH 31) – gyökérfejlődés végéig (BBCH 49),,2,21,,Propulse_mod_20241015.pdf,https://novenyvedoszer.nebih.gov.hu/Engedelykereso/DocumentHandler.ashx?documentId=346168776es346154039&documentName=Propulse_mod_20241015.pdf,missing point 4 row recovered from markdown table audit; source Propulse__04.2-41-1-2014__Propulse_mod_20241015.md line 227
Propulse,04.2/41-1/2014,alapengedely,"karórépa, tarlórépa","alternáriás betegség, cerkospórás levélfoltosság, lisztharmat, szklerotíniás betegség (fehérpenész)",gombaölő szer,1-1.2,l/ha,120-400,l/ha,31,31,sorzáródás kezdetétől (BBCH 31) – gyökérfejlődés végéig (BBCH 49),,2,21,,Propulse_mod_20241015.pdf,https://novenyvedoszer.nebih.gov.hu/Engedelykereso/DocumentHandler.ashx?documentId=346168776es346154039&documentName=Propulse_mod_20241015.pdf,missing point 4 row recovered from markdown table audit; source Propulse__04.2-41-1-2014__Propulse_mod_20241015.md line 228
Propulse,04.2/41-1/2014,alapengedely,pattogatni való kukorica,"helmintospóriumos (Setosphaeria sp., Cochliobolus sp.) levélfoltosság és száradás, kabatiellás szemfoltosság",gombaölő szer,0.8-1,l/ha,200-500,l/ha,30,30,szármegnyúlás kezdetétől (BBCH 30) - virágzás végéig (BBCH 69),,2,14,,Propulse_mod_20241015.pdf,https://novenyvedoszer.nebih.gov.hu/Engedelykereso/DocumentHandler.ashx?documentId=346168776es346154039&documentName=Propulse_mod_20241015.pdf,missing point 4 row recovered from markdown table audit; source Propulse__04.2-41-1-2014__Propulse_mod_20241015.md line 229
Cobranza,6700/0003409-6/2024,alapengedely,"Szőlő (bor, csemege)",peronoszpóra,gombaölő szer,"1,5 - 2,0 kg/ 10000 m2 LFF max. 2,0 kg/ha",,,l/ha,15,15,az 5. levél kiterülésétől (BBCH 15) - zsendülésig (BBCH 85),,4,10,,Cobranza_mod_20250724.pdf,https://novenyvedoszer.nebih.gov.hu/Engedelykereso/DocumentHandler.ashx?documentId=347735104es347682147&documentName=Cobranza_mod_20250724.pdf,verified special dose recovered verbatim from point 4; source Cobranza__6700-0003409-6-2024__Cobranza_mod_20250724.md line 203
Cobranza,6700/0003409-6/2024,alapengedely,Alma,varasodás,gombaölő szer,"0,96 kg/ 10000 m2 LFF max. 1,15 kg/ha",,,l/ha,15,15,az 5. levél kiterülésétől (BBCH 15) - 3 héttel a betakarítás előtti állapotig (BBCH 83),,3,10,,Cobranza_mod_20250724.pdf,https://novenyvedoszer.nebih.gov.hu/Engedelykereso/DocumentHandler.ashx?documentId=347735104es347682147&documentName=Cobranza_mod_20250724.pdf,verified special dose recovered verbatim from point 4; source Cobranza__6700-0003409-6-2024__Cobranza_mod_20250724.md line 204
Cobranza,6700/0003409-6/2024,alapengedely,Körte,varasodás,gombaölő szer,"0,96 kg/ 10000 m2 LFF max. 1,15 kg/ha",,,l/ha,15,15,az 5. levél kiterülésétől (BBCH 15) - 3 héttel a betakarítás előtti állapotig (BBCH 83),,3,10,,Cobranza_mod_20250724.pdf,https://novenyvedoszer.nebih.gov.hu/Engedelykereso/DocumentHandler.ashx?documentId=347735104es347682147&documentName=Cobranza_mod_20250724.pdf,verified special dose recovered verbatim from point 4; source Cobranza__6700-0003409-6-2024__Cobranza_mod_20250724.md line 266
Cobranza,6700/0003409-6/2024,alapengedely,Birs,varasodás,gombaölő szer,"0,96 kg/ 10000 m2 LFF max. 1,15 kg/ha",,,l/ha,15,15,az 5. levél kiterülésétől (BBCH 15) - 3 héttel a betakarítás előtti állapotig (BBCH 83),,3,10,,Cobranza_mod_20250724.pdf,https://novenyvedoszer.nebih.gov.hu/Engedelykereso/DocumentHandler.ashx?documentId=347735104es347682147&documentName=Cobranza_mod_20250724.pdf,verified special dose recovered verbatim from point 4; source Cobranza__6700-0003409-6-2024__Cobranza_mod_20250724.md line 267
Dagonis,04.2/1707-2/2018,alapengedely,alma,varasodás,gombaölő szer,"0,7 l/10000m2 LFF max. 1,2 l/ha",,,l/ha,53,53,virágbimbók megjelenésétől (BBCH 53) érés kezdetéig (BBCH 81),,3,7,,Dagonis_mod_20241216.pdf,https://novenyvedoszer.nebih.gov.hu/Engedelykereso/DocumentHandler.ashx?documentId=346335893es346404504&documentName=Dagonis_mod_20241216.pdf,verified special dose recovered verbatim from point 4; source Dagonis__04.2-1707-2-2018__Dagonis_mod_20241216.md line 469
Dagonis,04.2/1707-2/2018,alapengedely,alma,lisztharmat,gombaölő szer,"0,4 l/10000m2 LFF max. 1,2 l/ha",,,l/ha,53,53,virágbimbók megjelenésétől (BBCH 53) érés kezdetéig (BBCH 81),,3,7,,Dagonis_mod_20241216.pdf,https://novenyvedoszer.nebih.gov.hu/Engedelykereso/DocumentHandler.ashx?documentId=346335893es346404504&documentName=Dagonis_mod_20241216.pdf,verified special dose recovered verbatim from point 4; source Dagonis__04.2-1707-2-2018__Dagonis_mod_20241216.md line 470
Dagonis,04.2/1707-2/2018,alapengedely,körte,varasodás,gombaölő szer,"0,7 l/10000m2 LFF max. 1,2 l/ha",,,l/ha,53,53,virágbimbók megjelenésétől (BBCH 53) érés kezdetéig (BBCH 81),,3,7,,Dagonis_mod_20241216.pdf,https://novenyvedoszer.nebih.gov.hu/Engedelykereso/DocumentHandler.ashx?documentId=346335893es346404504&documentName=Dagonis_mod_20241216.pdf,verified special dose recovered verbatim from point 4; source Dagonis__04.2-1707-2-2018__Dagonis_mod_20241216.md line 471
Dodifun SC,6300/3316-1/2021,alapengedely,"alma, körte",ventúriás varasodás,gombaölő szer,"1,125 l/10000m2 LFF* (max. 1,9 l/ha)",,,l/ha,53,53,virágrügy-pattanástól (BBCH 53) sziromlabda állapotig (BBCH 59) majd a gyümölcskezdemények 5-10 mm-es állapotától (BBCH 71) a 90%-os gyümölcsméret eléréséig (BBCH 79),,2,7,,DodifunSC_eng_20211214.pdf,https://novenyvedoszer.nebih.gov.hu/Engedelykereso/DocumentHandler.ashx?documentId=319004859es319004959&documentName=DodifunSC_eng_20211214.pdf,verified special dose recovered verbatim from point 4; source Dodifun_SC__6300-3316-1-2021__DodifunSC_eng_20211214.md line 147
Dodifun SC,6300/3316-1/2021,alapengedely,"cseresznye, meggy",blumeriellás levélfoltosság,gombaölő szer,"1,125 l/10000m2 LFF (max. 1,9 l/ha)",,,l/ha,71,71,"magháznövekedéstől (BBCH 71) az 50%-os gyümölcsméret eléréséig (BBCH 75), majd betakarítás után (BBCH 90) a nyugalmi állapot kezdetég (BBCH 97)",,2,7,,DodifunSC_eng_20211214.pdf,https://novenyvedoszer.nebih.gov.hu/Engedelykereso/DocumentHandler.ashx?documentId=319004859es319004959&documentName=DodifunSC_eng_20211214.pdf,verified special dose recovered verbatim from point 4; source Dodifun_SC__6300-3316-1-2021__DodifunSC_eng_20211214.md line 148
Dukes,8360/70972-1/2025,alapengedely,alma,varasodás,gombaölő szer,"0,3 kg/10000 m2 LFF (max. 0,5 kg/ha)",,,l/ha,70,70,gyümölcsfejlődé s kezdetétől (BBCH 70) a 90%-os gyümölcsméret eléréséig (BBCH 79),,4,18,,Dukes_eng_20250723.pdf,https://novenyvedoszer.nebih.gov.hu/Engedelykereso/DocumentHandler.ashx?documentId=347735111es347738454&documentName=Dukes_eng_20250723.pdf,verified special dose recovered verbatim from point 4; source Dukes__8360-70972-1-2025__Dukes_eng_20250723.md line 137
Fopaz,6700/825-1/2023,alapengedely,szőlő bor és csemege,peronoszpóra,gombaölő szer,"1,24-1,57 l/10000m2 LFF (max. 2,0 l/ha)",,,l/ha,50,50,fürtkezdemények megjelenésétől (BBCH 50) fürtzáródás végéig (BBCH 79),,3,12,,Fopaz_mod_20250714publikus.pdf,https://novenyvedoszer.nebih.gov.hu/Engedelykereso/DocumentHandler.ashx?documentId=347665375es347682117&documentName=Fopaz_mod_20250714publikus.pdf,verified special dose recovered verbatim from point 4; source Fopaz__6700-825-1-2023__Fopaz_mod_20250714publikus.md line 217
Fytosave,6700/0024165-1/2024,alapengedely,"uborka, cukkini hajtatott",lisztharmat,gombaölő szer,"2,0 l/10000 m2 LFF (max. 2,0 l/ha)",,,l/ha,13,13,három leveles állapottól (BBCH 13) 3. kifejlett termés állapot eléréséig – a főhajtáson a 3. termés elérte a fajtára jellemző színt és méretet (BBCH 73),,5,7,,Fytosave_eng_20240305.pdf,https://novenyvedoszer.nebih.gov.hu/Engedelykereso/DocumentHandler.ashx?documentId=344905281es344945572&documentName=Fytosave_eng_20240305.pdf,verified special dose recovered verbatim from point 4; source Fytosave__6700-0024165-1-2024__Fytosave_eng_20240305.md line 165
Fytosave,6700/0024165-1/2024,alapengedely,"paradicsom, paprika hajtatott",lisztharmat,gombaölő szer,"2,0 l/10000 m2 LFF (max. 2,0 l/ha)",,,l/ha,13,13,három leveles állapottól (BBCH 13) a teljes érésig (BBCH 89),,5,7,,Fytosave_eng_20240305.pdf,https://novenyvedoszer.nebih.gov.hu/Engedelykereso/DocumentHandler.ashx?documentId=344905281es344945572&documentName=Fytosave_eng_20240305.pdf,verified special dose recovered verbatim from point 4; source Fytosave__6700-0024165-1-2024__Fytosave_eng_20240305.md line 166
Fytosave,6700/0024165-1/2024,alapengedely,sárgadinnye hajtatott,lisztharmat,gombaölő szer,"2,0 l/10000 m2 LFF (max. 2,0 l/ha)",,,l/ha,13,13,három leveles állapottól (BBCH 13) 3. kifejlett termés állapot eléréséig – a főhajtáson a 3. termés elérte a fajtára jellemző színt és méretet (BBCH 73),,5,7,,Fytosave_eng_20240305.pdf,https://novenyvedoszer.nebih.gov.hu/Engedelykereso/DocumentHandler.ashx?documentId=344905281es344945572&documentName=Fytosave_eng_20240305.pdf,verified special dose recovered verbatim from point 4; source Fytosave__6700-0024165-1-2024__Fytosave_eng_20240305.md line 301
Fytosave,6700/0024165-1/2024,alapengedely,"tojásgyümölcs, tojásdinnye (pepino) hajtatott",lisztharmat,gombaölő szer,"2,0 l/10000 m2 LFF (max. 2,0 l/ha)",,,l/ha,13,13,három leveles állapottól (BBCH 13) a teljes érésig (BBCH 89),,5,7,,Fytosave_eng_20240305.pdf,https://novenyvedoszer.nebih.gov.hu/Engedelykereso/DocumentHandler.ashx?documentId=344905281es344945572&documentName=Fytosave_eng_20240305.pdf,verified special dose recovered verbatim from point 4; source Fytosave__6700-0024165-1-2024__Fytosave_eng_20240305.md line 303
Geoxe,6700/591-1/2023,alapengedely,"alma, körte","tárolási betegségek (Botrytis cinerea, Penicillium expansum, Monilia fructigena, Neofabraea vagabunda, Nectria galligena)",gombaölő szer,"0,25 kg/10000 m2 LFF (max. 0,45 kg/ha)",,,l/ha,74,74,2-3 cm-es gyümölcsmérettől (BBCH 74) a fogyasztásra érettségig (BBCH 89),,2,7,,Geoxe_mod_20250925publikus.pdf,https://novenyvedoszer.nebih.gov.hu/Engedelykereso/DocumentHandler.ashx?documentId=347867537es347859839&documentName=Geoxe_mod_20250925publikus.pdf,verified special dose recovered verbatim from point 4; source Geoxe__6700-591-1-2023__Geoxe_mod_20250925publikus.md line 292
Geoxe,6700/591-1/2023,alapengedely,"birs, naspolya","tárolási betegségek (Botrytis cinerea, Penicillium expansum, Monilia fructigena, Neofabraea vagabunda, Nectria galligena)",gombaölő szer,"0,25 kg/10000 m2 LFF (max. 0,45 kg/ha)",,,l/ha,74,74,2-3 cm-es gyümölcsmérettől (BBCH 74) a fogyasztásra érettségig (BBCH 89),,2,7,,Geoxe_mod_20250925publikus.pdf,https://novenyvedoszer.nebih.gov.hu/Engedelykereso/DocumentHandler.ashx?documentId=347867537es347859839&documentName=Geoxe_mod_20250925publikus.pdf,verified special dose recovered verbatim from point 4; source Geoxe__6700-591-1-2023__Geoxe_mod_20250925publikus.md line 297
Hycop,6700/946-7/2023,alapengedely,szőlő (bor és csemege),peronoszpóra,gombaölő szer,"2,0 kg/ 10000 m2 LFF max. 2,0 kg/ha",,,l/ha,15,15,az 5. levél kiterülésétől (BBCH 15) - zsendülésig (BBCH 85),,4,7,,Hycop_eng_20231115_publikus.pdf,https://novenyvedoszer.nebih.gov.hu/Engedelykereso/DocumentHandler.ashx?documentId=343954473es343954775&documentName=Hycop_eng_20231115_publikus.pdf,verified special dose recovered verbatim from point 4; source Hycop__6700-946-7-2023__Hycop_eng_20231115_publikus.md line 150
Hycop,6700/946-7/2023,alapengedely,alma,varasodás,gombaölő szer,"0,96 kg/ 10000 m2 LFF max. 1,15 kg/ha",,,l/ha,15,15,az 5. levél kiterülésétől (BBCH 15) - a fajtára jellemző színeződés kialakulásáig (BBCH 85),,3,10,,Hycop_eng_20231115_publikus.pdf,https://novenyvedoszer.nebih.gov.hu/Engedelykereso/DocumentHandler.ashx?documentId=343954473es343954775&documentName=Hycop_eng_20231115_publikus.pdf,verified special dose recovered verbatim from point 4; source Hycop__6700-946-7-2023__Hycop_eng_20231115_publikus.md line 151
Hycop,6700/946-7/2023,alapengedely,körte,varasodás,gombaölő szer,"0,96 kg/ 10000 m2 LFF max. 1,15 kg/ha",,,l/ha,15,15,az 5. levél kiterülésétől (BBCH 15) - a fajtára jellemző színeződés kialakulásáig (BBCH 85),,3,10,,Hycop_eng_20231115_publikus.pdf,https://novenyvedoszer.nebih.gov.hu/Engedelykereso/DocumentHandler.ashx?documentId=343954473es343954775&documentName=Hycop_eng_20231115_publikus.pdf,verified special dose recovered verbatim from point 4; source Hycop__6700-946-7-2023__Hycop_eng_20231115_publikus.md line 153
Hycop,6700/946-7/2023,alapengedely,birs,diplokarponos levélfoltosság,gombaölő szer,"0,96 kg/ 10000 m2 LFF max. 1,15 kg/ha",,,l/ha,15,15,az 5. levél kiterülésétől (BBCH 15) - a fajtára jellemző színeződés kialakulásáig (BBCH 85),,3,10,,Hycop_eng_20231115_publikus.pdf,https://novenyvedoszer.nebih.gov.hu/Engedelykereso/DocumentHandler.ashx?documentId=343954473es343954775&documentName=Hycop_eng_20231115_publikus.pdf,verified special dose recovered verbatim from point 4; source Hycop__6700-946-7-2023__Hycop_eng_20231115_publikus.md line 211
Kenja,6300/2839-2/2020,alapengedely,"cseresznye, meggy, kajszi",moníliás virág- és hajtáspusztulás,gombaölő szer,"0,7 l/10000 m2 LFF (max. 0,9 l/ha)",,,l/ha,57,57,fehér- illetve pirosbimbós állapot kezdetétől (BBCH 57) virágzás végéig (BBCH 69),,2,9,,Kenja_mod_20260316.pdf,https://novenyvedoszer.nebih.gov.hu/Engedelykereso/DocumentHandler.ashx?documentId=348700314es348696470&documentName=Kenja_mod_20260316.pdf,verified special dose recovered verbatim from point 4; source Kenja__6300-2839-2-2020__Kenja_mod_20260316.md line 181
Kenja,6300/2839-2/2020,alapengedely,szőlő bor- és csemege,botrítiszes betegség (szürkepenész),gombaölő szer,"1,07 l/10000 m2 LFF (max. 1,5 l/ha)",,,l/ha,61,61,virágzás kezdetétől (BBCH 61) zsendülésig (BBCH 85),,2,21,,Kenja_mod_20260316.pdf,https://novenyvedoszer.nebih.gov.hu/Engedelykereso/DocumentHandler.ashx?documentId=348700314es348696470&documentName=Kenja_mod_20260316.pdf,verified special dose recovered verbatim from point 4; source Kenja__6300-2839-2-2020__Kenja_mod_20260316.md line 182
LBG-01F34,6300/916-1/2020,alapengedely,Borszőlő,peronoszpór a,gombaölő szer,"2,8 l/10000 m2 LFF max. 4,0 l/ha",,,l/ha,53,53,fürtkezdemények megjelenésétől (BBCH 53) bogyószíneződésig (BBCH 83),,5,10,,LBG-01F34_mod_20250212publikus.pdf,https://novenyvedoszer.nebih.gov.hu/Engedelykereso/DocumentHandler.ashx?documentId=346545570es346550821&documentName=LBG-01F34_mod_20250212publikus.pdf,verified special dose recovered verbatim from point 4; source LBG-01F34__6300-916-1-2020__LBG-01F34_mod_20250212publikus.md line 216
Limocide,6700/254-1/2023,alapengedely,"fekete ribiszke, málna",atkák,"gombaölő szer, rovarölő szer, atkaölő szer","1 % (1,0-2,0 l/ha)",,,l/ha,12,12,2. levél kiterülésétől (BBCH 12) gyümölcshullás kezdetéig (BBCH 89),,2,7,,Limocide_mod_80673_2_20250903_publikus.pdf,https://novenyvedoszer.nebih.gov.hu/Engedelykereso/DocumentHandler.ashx?documentId=347867505es347859806&documentName=Limocide_mod_80673_2_20250903_publikus.pdf,verified special dose recovered verbatim from point 4; source Limocide__6700-254-1-2023__Limocide_mod_80673_2_20250903_publikus.md line 97
Limocide,6700/254-1/2023,alapengedely,"fekete ribiszke, málna",kabócák,"gombaölő szer, rovarölő szer, atkaölő szer","0,8 % (0,8-2,4 l/ha)",,,l/ha,12,12,2. levél kiterülésétől (BBCH 12) gyümölcshullás kezdetéig (BBCH 89),,6,7,,Limocide_mod_80673_2_20250903_publikus.pdf,https://novenyvedoszer.nebih.gov.hu/Engedelykereso/DocumentHandler.ashx?documentId=347867505es347859806&documentName=Limocide_mod_80673_2_20250903_publikus.pdf,verified special dose recovered verbatim from point 4; source Limocide__6700-254-1-2023__Limocide_mod_80673_2_20250903_publikus.md line 98
Limocide,6700/254-1/2023,alapengedely,"szamóca (szabadföldi, hajtatott)",tripszek,"gombaölő szer, rovarölő szer, atkaölő szer","0,8 % (1,6-4,0 l/ha)",,,l/ha,12,12,2. levél kiterülésétől (BBCH 12) második szedésig (BBCH 89),,6,7,,Limocide_mod_80673_2_20250903_publikus.pdf,https://novenyvedoszer.nebih.gov.hu/Engedelykereso/DocumentHandler.ashx?documentId=347867505es347859806&documentName=Limocide_mod_80673_2_20250903_publikus.pdf,verified special dose recovered verbatim from point 4; source Limocide__6700-254-1-2023__Limocide_mod_80673_2_20250903_publikus.md line 100
Limocide,6700/254-1/2023,alapengedely,"szamóca (szabadföldi, hajtatott)",lisztharmat,"gombaölő szer, rovarölő szer, atkaölő szer","0,6 % (1,2-3,0 l/ha)",,,l/ha,12,12,2. levél kiterülésétől (BBCH 12) második szedésig (BBCH 89),,6,7,,Limocide_mod_80673_2_20250903_publikus.pdf,https://novenyvedoszer.nebih.gov.hu/Engedelykereso/DocumentHandler.ashx?documentId=347867505es347859806&documentName=Limocide_mod_80673_2_20250903_publikus.pdf,verified special dose recovered verbatim from point 4; source Limocide__6700-254-1-2023__Limocide_mod_80673_2_20250903_publikus.md line 101
Limocide,6700/254-1/2023,alapengedely,"almatermésűek (alma, körte, birs, naspolya)",lisztharmat,"gombaölő szer, rovarölő szer, atkaölő szer","0,4 % (1,2-2,8 l/ha)",,,l/ha,12,12,2. levél kiterülésétől (BBCH 12) fogyasztásra érettségig (BBCH 89),,6,7,,Limocide_mod_80673_2_20250903_publikus.pdf,https://novenyvedoszer.nebih.gov.hu/Engedelykereso/DocumentHandler.ashx?documentId=347867505es347859806&documentName=Limocide_mod_80673_2_20250903_publikus.pdf,verified special dose recovered verbatim from point 4; source Limocide__6700-254-1-2023__Limocide_mod_80673_2_20250903_publikus.md line 249
Limocide,6700/254-1/2023,alapengedely,"almatermésűek (alma, körte, birs, naspolya)",levélbolhák,"gombaölő szer, rovarölő szer, atkaölő szer","0,4 % (1,2-2,8 l/ha)",,,l/ha,12,12,2. levél kiterülésétől (BBCH 12) fogyasztásra érettségig (BBCH 89),,6,7,,Limocide_mod_80673_2_20250903_publikus.pdf,https://novenyvedoszer.nebih.gov.hu/Engedelykereso/DocumentHandler.ashx?documentId=347867505es347859806&documentName=Limocide_mod_80673_2_20250903_publikus.pdf,verified special dose recovered verbatim from point 4; source Limocide__6700-254-1-2023__Limocide_mod_80673_2_20250903_publikus.md line 251
Limocide,6700/254-1/2023,alapengedely,"almatermésűek (alma, körte, birs, naspolya)",kabócák,"gombaölő szer, rovarölő szer, atkaölő szer","0,8 % (2,4-4,0 l/ha)",,,l/ha,12,12,2. levél kiterülésétől (BBCH 12) fogyasztásra érettségig (BBCH 89),,6,7,,Limocide_mod_80673_2_20250903_publikus.pdf,https://novenyvedoszer.nebih.gov.hu/Engedelykereso/DocumentHandler.ashx?documentId=347867505es347859806&documentName=Limocide_mod_80673_2_20250903_publikus.pdf,verified special dose recovered verbatim from point 4; source Limocide__6700-254-1-2023__Limocide_mod_80673_2_20250903_publikus.md line 252
Limocide,6700/254-1/2023,alapengedely,őszibarack,lisztharmat,"gombaölő szer, rovarölő szer, atkaölő szer","0,6 % (1,8-6,0 l/ha)",,,l/ha,51,51,virágrügy duzzadástól (BBCH 51) fogyasztásra érettségig (BBCH 89),,6,7,,Limocide_mod_80673_2_20250903_publikus.pdf,https://novenyvedoszer.nebih.gov.hu/Engedelykereso/DocumentHandler.ashx?documentId=347867505es347859806&documentName=Limocide_mod_80673_2_20250903_publikus.pdf,verified special dose recovered verbatim from point 4; source Limocide__6700-254-1-2023__Limocide_mod_80673_2_20250903_publikus.md line 253
Limocide,6700/254-1/2023,alapengedely,"szőlő (csemege-, bor-)","kabócák, amerikai szőlőkabóca","gombaölő szer, rovarölő szer, atkaölő szer","0,8 % (0,8-1,6 l/ha)",,,l/ha,12,12,2. levél kiterülésétől (BBCH 12) fogyasztásra érettségig (BBCH 89),,6,7,,Limocide_mod_80673_2_20250903_publikus.pdf,https://novenyvedoszer.nebih.gov.hu/Engedelykereso/DocumentHandler.ashx?documentId=347867505es347859806&documentName=Limocide_mod_80673_2_20250903_publikus.pdf,verified special dose recovered verbatim from point 4; source Limocide__6700-254-1-2023__Limocide_mod_80673_2_20250903_publikus.md line 255
Limocide,6700/254-1/2023,alapengedely,"sárgarépa (szabadföldi, hajtatott)",lisztharmat,"gombaölő szer, rovarölő szer, atkaölő szer","0,6 % (0,6-2,4 l/ha)",,,l/ha,12,12,2. levél kiterülésétől (BBCH 12) teljes érésig (BBCH 89),,6,7,,Limocide_mod_80673_2_20250903_publikus.pdf,https://novenyvedoszer.nebih.gov.hu/Engedelykereso/DocumentHandler.ashx?documentId=347867505es347859806&documentName=Limocide_mod_80673_2_20250903_publikus.pdf,verified special dose recovered verbatim from point 4; source Limocide__6700-254-1-2023__Limocide_mod_80673_2_20250903_publikus.md line 258
Limocide,6700/254-1/2023,alapengedely,"petrezselyem (levél és gyökér) (szabadföldi, hajtatott)",lisztharmat,"gombaölő szer, rovarölő szer, atkaölő szer","0,6 % (0,6-1,8 l/ha)",,,l/ha,12,12,2. levél kiterülésétől (BBCH 12) virágzás végéig (BBCH 69),,6,7,,Limocide_mod_80673_2_20250903_publikus.pdf,https://novenyvedoszer.nebih.gov.hu/Engedelykereso/DocumentHandler.ashx?documentId=347867505es347859806&documentName=Limocide_mod_80673_2_20250903_publikus.pdf,verified special dose recovered verbatim from point 4; source Limocide__6700-254-1-2023__Limocide_mod_80673_2_20250903_publikus.md line 259
Limocide,6700/254-1/2023,alapengedely,"retek, tarlórépa (szabadföldi, hajtatott)",peronoszpóra,"gombaölő szer, rovarölő szer, atkaölő szer","0,4 % (1,2-3,2 l/ha)",,,l/ha,12,12,2. levél kiterülésétől (BBCH 12) gyökérnövekedés végéig (BBCH 49),,6,7,,Limocide_mod_80673_2_20250903_publikus.pdf,https://novenyvedoszer.nebih.gov.hu/Engedelykereso/DocumentHandler.ashx?documentId=347867505es347859806&documentName=Limocide_mod_80673_2_20250903_publikus.pdf,verified special dose recovered verbatim from point 4; source Limocide__6700-254-1-2023__Limocide_mod_80673_2_20250903_publikus.md line 260
Limocide,6700/254-1/2023,alapengedely,"feketegyökér, bakszakáll (szabadföldi)",lisztharmat,"gombaölő szer, rovarölő szer, atkaölő szer","0,6 % (1,8-3 l/ha)",,,l/ha,12,12,2. levél kiterülésétől (BBCH 12) virágzás végéig (BBCH 69),,6,7,,Limocide_mod_80673_2_20250903_publikus.pdf,https://novenyvedoszer.nebih.gov.hu/Engedelykereso/DocumentHandler.ashx?documentId=347867505es347859806&documentName=Limocide_mod_80673_2_20250903_publikus.pdf,verified special dose recovered verbatim from point 4; source Limocide__6700-254-1-2023__Limocide_mod_80673_2_20250903_publikus.md line 261
Limocide,6700/254-1/2023,alapengedely,cikória (gyökér) (szabadföldi),lisztharmat,"gombaölő szer, rovarölő szer, atkaölő szer","0,6 % (1,8-3 l/ha)",,,l/ha,12,12,2. levél kiterülésétől (BBCH 12) teljes érésig (BBCH 89),,6,7,,Limocide_mod_80673_2_20250903_publikus.pdf,https://novenyvedoszer.nebih.gov.hu/Engedelykereso/DocumentHandler.ashx?documentId=347867505es347859806&documentName=Limocide_mod_80673_2_20250903_publikus.pdf,verified special dose recovered verbatim from point 4; source Limocide__6700-254-1-2023__Limocide_mod_80673_2_20250903_publikus.md line 262
Limocide,6700/254-1/2023,alapengedely,"tárkony (szabadföldi, hajtatott)",lisztharmat,"gombaölő szer, rovarölő szer, atkaölő szer","0,6 % (1,8-3 l/ha)",,,l/ha,12,12,kétleveles állapottól (BBCH 12) virágzás végéig (BBCH 69),,6,7,,Limocide_mod_80673_2_20250903_publikus.pdf,https://novenyvedoszer.nebih.gov.hu/Engedelykereso/DocumentHandler.ashx?documentId=347867505es347859806&documentName=Limocide_mod_80673_2_20250903_publikus.pdf,verified special dose recovered verbatim from point 4; source Limocide__6700-254-1-2023__Limocide_mod_80673_2_20250903_publikus.md line 263
Limocide,6700/254-1/2023,alapengedely,"fejes saláta (szabadföldi, hajtatott)","lisztharmat, peronoszpóra","gombaölő szer, rovarölő szer, atkaölő szer","0,6 % (1,8-3 l/ha)",,,l/ha,12,12,kétleveles állapottól (BBCH 12) teljes érésig (BBCH 89),,6,7,,Limocide_mod_80673_2_20250903_publikus.pdf,https://novenyvedoszer.nebih.gov.hu/Engedelykereso/DocumentHandler.ashx?documentId=347867505es347859806&documentName=Limocide_mod_80673_2_20250903_publikus.pdf,verified special dose recovered verbatim from point 4; source Limocide__6700-254-1-2023__Limocide_mod_80673_2_20250903_publikus.md line 264
Limocide,6700/254-1/2023,alapengedely,"fejes saláta (szabadföldi, hajtatott)",üvegházi molytetű,"gombaölő szer, rovarölő szer, atkaölő szer","0,4 % (1,2-2 l/ha)",,,l/ha,12,12,kétleveles állapottól (BBCH 12) teljes érésig (BBCH 89),,6,7,,Limocide_mod_80673_2_20250903_publikus.pdf,https://novenyvedoszer.nebih.gov.hu/Engedelykereso/DocumentHandler.ashx?documentId=347867505es347859806&documentName=Limocide_mod_80673_2_20250903_publikus.pdf,verified special dose recovered verbatim from point 4; source Limocide__6700-254-1-2023__Limocide_mod_80673_2_20250903_publikus.md line 265
Limocide,6700/254-1/2023,alapengedely,"uborka (szabadföldi, hajtatott)",lisztharmat,"gombaölő szer, rovarölő szer, atkaölő szer","0,8 % (2,4-8 l/ha)",,,l/ha,12,12,kétleveles állapottól (BBCH 12) teljes érésig (BBCH 89),,6,7,,Limocide_mod_80673_2_20250903_publikus.pdf,https://novenyvedoszer.nebih.gov.hu/Engedelykereso/DocumentHandler.ashx?documentId=347867505es347859806&documentName=Limocide_mod_80673_2_20250903_publikus.pdf,verified special dose recovered verbatim from point 4; source Limocide__6700-254-1-2023__Limocide_mod_80673_2_20250903_publikus.md line 266
Limocide,6700/254-1/2023,alapengedely,"uborka (szabadföldi, hajtatott)",tripszek,"gombaölő szer, rovarölő szer, atkaölő szer","0,8 % (2,4-8 l/ha)",,,l/ha,12,12,kétleveles állapottól (BBCH 12) teljes érésig (BBCH 89),,6,7,,Limocide_mod_80673_2_20250903_publikus.pdf,https://novenyvedoszer.nebih.gov.hu/Engedelykereso/DocumentHandler.ashx?documentId=347867505es347859806&documentName=Limocide_mod_80673_2_20250903_publikus.pdf,verified special dose recovered verbatim from point 4; source Limocide__6700-254-1-2023__Limocide_mod_80673_2_20250903_publikus.md line 267
Limocide,6700/254-1/2023,alapengedely,"uborka (szabadföldi, hajtatott)",üvegházi molytetű,"gombaölő szer, rovarölő szer, atkaölő szer","0,4 % (1,2-4 l/ha)",,,l/ha,12,12,kétleveles állapottól (BBCH 12) teljes érésig (BBCH 89),,6,7,,Limocide_mod_80673_2_20250903_publikus.pdf,https://novenyvedoszer.nebih.gov.hu/Engedelykereso/DocumentHandler.ashx?documentId=347867505es347859806&documentName=Limocide_mod_80673_2_20250903_publikus.pdf,verified special dose recovered verbatim from point 4; source Limocide__6700-254-1-2023__Limocide_mod_80673_2_20250903_publikus.md line 268
Limocide,6700/254-1/2023,alapengedely,"cukkini (szabadföldi, hajtatott)",lisztharmat,"gombaölő szer, rovarölő szer, atkaölő szer","0,8 % (2,4-4 l/ha)",,,l/ha,12,12,kétleveles állapottól (BBCH 12) teljes érésig (BBCH 89),,6,7,,Limocide_mod_80673_2_20250903_publikus.pdf,https://novenyvedoszer.nebih.gov.hu/Engedelykereso/DocumentHandler.ashx?documentId=347867505es347859806&documentName=Limocide_mod_80673_2_20250903_publikus.pdf,verified special dose recovered verbatim from point 4; source Limocide__6700-254-1-2023__Limocide_mod_80673_2_20250903_publikus.md line 417
Limocide,6700/254-1/2023,alapengedely,"cukkini (szabadföldi, hajtatott)",tripszek,"gombaölő szer, rovarölő szer, atkaölő szer","0,8 % (2,4-4 l/ha)",,,l/ha,12,12,kétleveles állapottól (BBCH 12) teljes érésig (BBCH 89),,6,7,,Limocide_mod_80673_2_20250903_publikus.pdf,https://novenyvedoszer.nebih.gov.hu/Engedelykereso/DocumentHandler.ashx?documentId=347867505es347859806&documentName=Limocide_mod_80673_2_20250903_publikus.pdf,verified special dose recovered verbatim from point 4; source Limocide__6700-254-1-2023__Limocide_mod_80673_2_20250903_publikus.md line 419
Limocide,6700/254-1/2023,alapengedely,"cukkini (szabadföldi, hajtatott)",üvegházi molytetű,"gombaölő szer, rovarölő szer, atkaölő szer","0,4 % (1,2-2 l/ha)",,,l/ha,12,12,kétleveles állapottól (BBCH 12) teljes érésig (BBCH 89),,6,7,,Limocide_mod_80673_2_20250903_publikus.pdf,https://novenyvedoszer.nebih.gov.hu/Engedelykereso/DocumentHandler.ashx?documentId=347867505es347859806&documentName=Limocide_mod_80673_2_20250903_publikus.pdf,verified special dose recovered verbatim from point 4; source Limocide__6700-254-1-2023__Limocide_mod_80673_2_20250903_publikus.md line 420
Limocide,6700/254-1/2023,alapengedely,"görögdinnye, sárgadinnye (szabadföldi, hajtatott)",lisztharmat,"gombaölő szer, rovarölő szer, atkaölő szer","0,8 % (2,4-8 l/ha)",,,l/ha,12,12,kétleveles állapottól (BBCH 12) teljes érésig (BBCH 89),,6,7,,Limocide_mod_80673_2_20250903_publikus.pdf,https://novenyvedoszer.nebih.gov.hu/Engedelykereso/DocumentHandler.ashx?documentId=347867505es347859806&documentName=Limocide_mod_80673_2_20250903_publikus.pdf,verified special dose recovered verbatim from point 4; source Limocide__6700-254-1-2023__Limocide_mod_80673_2_20250903_publikus.md line 421
Limocide,6700/254-1/2023,alapengedely,"görögdinnye, sárgadinnye (szabadföldi, hajtatott)",üvegházi molytetű,"gombaölő szer, rovarölő szer, atkaölő szer","0,4 % (1,2-4 l/ha)",,,l/ha,12,12,kétleveles állapottól (BBCH 12) teljes érésig (BBCH 89),,6,7,,Limocide_mod_80673_2_20250903_publikus.pdf,https://novenyvedoszer.nebih.gov.hu/Engedelykereso/DocumentHandler.ashx?documentId=347867505es347859806&documentName=Limocide_mod_80673_2_20250903_publikus.pdf,verified special dose recovered verbatim from point 4; source Limocide__6700-254-1-2023__Limocide_mod_80673_2_20250903_publikus.md line 423
Limocide,6700/254-1/2023,alapengedely,"brokkoli, bimbóskel, fejes káposzta, kelkáposzta, karfiol, kínai kel, karalábé (szabadföldi, hajtatott)",tripszek,"gombaölő szer, rovarölő szer, atkaölő szer","0,8 % (2,4-4 l/ha)",,,l/ha,12,12,kétleveles állapottól (BBCH 12) teljes érésig (BBCH 89),,6,7,,Limocide_mod_80673_2_20250903_publikus.pdf,https://novenyvedoszer.nebih.gov.hu/Engedelykereso/DocumentHandler.ashx?documentId=347867505es347859806&documentName=Limocide_mod_80673_2_20250903_publikus.pdf,verified special dose recovered verbatim from point 4; source Limocide__6700-254-1-2023__Limocide_mod_80673_2_20250903_publikus.md line 424
Limocide,6700/254-1/2023,alapengedely,"brokkoli, bimbóskel, fejes káposzta, kelkáposzta, karfiol, kínai kel, karalábé (szabadföldi, hajtatott)",közönséges liszteske,"gombaölő szer, rovarölő szer, atkaölő szer","0,4 % (1,2-2 l/ha)",,,l/ha,12,12,kétleveles állapottól (BBCH 12) teljes érésig (BBCH 89),,6,7,,Limocide_mod_80673_2_20250903_publikus.pdf,https://novenyvedoszer.nebih.gov.hu/Engedelykereso/DocumentHandler.ashx?documentId=347867505es347859806&documentName=Limocide_mod_80673_2_20250903_publikus.pdf,verified special dose recovered verbatim from point 4; source Limocide__6700-254-1-2023__Limocide_mod_80673_2_20250903_publikus.md line 425
Limocide,6700/254-1/2023,alapengedely,"szárazbab, szárazborsó, lencse (szabadföldi)",tripszek,"gombaölő szer, rovarölő szer, atkaölő szer","0,8 % (2,4-4 l/ha)",,,l/ha,12,12,kétleveles állapottól (BBCH 12) teljes érésig (BBCH 89),,6,7,,Limocide_mod_80673_2_20250903_publikus.pdf,https://novenyvedoszer.nebih.gov.hu/Engedelykereso/DocumentHandler.ashx?documentId=347867505es347859806&documentName=Limocide_mod_80673_2_20250903_publikus.pdf,verified special dose recovered verbatim from point 4; source Limocide__6700-254-1-2023__Limocide_mod_80673_2_20250903_publikus.md line 426
Limocide,6700/254-1/2023,alapengedely,"vöröshagyma (szabadföldi, hajtatott)",tripszek,"gombaölő szer, rovarölő szer, atkaölő szer","0,8 % (1,6-3,2 l/ha)",,,l/ha,12,12,2. levél megjelenésétől (BBCH 12) levélszáradásig (végső fejátmérő eléréséig) (BBCH 49),,6,7,,Limocide_mod_80673_2_20250903_publikus.pdf,https://novenyvedoszer.nebih.gov.hu/Engedelykereso/DocumentHandler.ashx?documentId=347867505es347859806&documentName=Limocide_mod_80673_2_20250903_publikus.pdf,verified special dose recovered verbatim from point 4; source Limocide__6700-254-1-2023__Limocide_mod_80673_2_20250903_publikus.md line 427
Limocide,6700/254-1/2023,alapengedely,"póréhagyma (szabadföldi, hajtatott)",tripszek,"gombaölő szer, rovarölő szer, atkaölő szer","0,8 % (2,4-6,4 l/ha)",,,l/ha,12,12,2. levél megjelenésétől (BBCH 12) a fajtára jellemző végső szárvastagság eléréséig (BBCH 49),,6,7,,Limocide_mod_80673_2_20250903_publikus.pdf,https://novenyvedoszer.nebih.gov.hu/Engedelykereso/DocumentHandler.ashx?documentId=347867505es347859806&documentName=Limocide_mod_80673_2_20250903_publikus.pdf,verified special dose recovered verbatim from point 4; source Limocide__6700-254-1-2023__Limocide_mod_80673_2_20250903_publikus.md line 428
Limocide,6700/254-1/2023,alapengedely,"paprika (szabadföldi, hajtatott)",üvegházi molytetű,"gombaölő szer, rovarölő szer, atkaölő szer","0,4 % (1,2-2 l/ha)",,,l/ha,12,12,kétleveles állapottól (BBCH 12) teljes érésig (BBCH 89),,6,7,,Limocide_mod_80673_2_20250903_publikus.pdf,https://novenyvedoszer.nebih.gov.hu/Engedelykereso/DocumentHandler.ashx?documentId=347867505es347859806&documentName=Limocide_mod_80673_2_20250903_publikus.pdf,verified special dose recovered verbatim from point 4; source Limocide__6700-254-1-2023__Limocide_mod_80673_2_20250903_publikus.md line 429
Limocide,6700/254-1/2023,alapengedely,"paradicsom (szabadföldi, hajtatott)",tripszek,"gombaölő szer, rovarölő szer, atkaölő szer","0,8 % (2,4-4 l/ha)",,,l/ha,12,12,kétleveles állapottól (BBCH 12) teljes érésig (BBCH 89),,6,7,,Limocide_mod_80673_2_20250903_publikus.pdf,https://novenyvedoszer.nebih.gov.hu/Engedelykereso/DocumentHandler.ashx?documentId=347867505es347859806&documentName=Limocide_mod_80673_2_20250903_publikus.pdf,verified special dose recovered verbatim from point 4; source Limocide__6700-254-1-2023__Limocide_mod_80673_2_20250903_publikus.md line 430
Limocide,6700/254-1/2023,alapengedely,"paradicsom (szabadföldi, hajtatott)",üvegházi molytetű,"gombaölő szer, rovarölő szer, atkaölő szer","0,4 % (1,2-2 l/ha)",,,l/ha,12,12,kétleveles állapottól (BBCH 12) teljes érésig (BBCH 89),,6,7,,Limocide_mod_80673_2_20250903_publikus.pdf,https://novenyvedoszer.nebih.gov.hu/Engedelykereso/DocumentHandler.ashx?documentId=347867505es347859806&documentName=Limocide_mod_80673_2_20250903_publikus.pdf,verified special dose recovered verbatim from point 4; source Limocide__6700-254-1-2023__Limocide_mod_80673_2_20250903_publikus.md line 431
Limocide,6700/254-1/2023,alapengedely,komló,lisztharmat,"gombaölő szer, rovarölő szer, atkaölő szer","0,6 % (3-6 l/ha)",,,l/ha,12,12,2. levél kiterülésétől (BBCH 12) tobozok szedés érettségéig (BBCH 89),,6,7,,Limocide_mod_80673_2_20250903_publikus.pdf,https://novenyvedoszer.nebih.gov.hu/Engedelykereso/DocumentHandler.ashx?documentId=347867505es347859806&documentName=Limocide_mod_80673_2_20250903_publikus.pdf,verified special dose recovered verbatim from point 4; source Limocide__6700-254-1-2023__Limocide_mod_80673_2_20250903_publikus.md line 432
Limocide,6700/254-1/2023,alapengedely,dohány (szabadföldi),"lisztharmat, peronoszpóra","gombaölő szer, rovarölő szer, atkaölő szer","0,6 % (0,6-3 l/ha)",,,l/ha,12,12,kétleveles állapottól (BBCH 12) 70 %-os termésfejlettségig (BBCH 77),,6,7,,Limocide_mod_80673_2_20250903_publikus.pdf,https://novenyvedoszer.nebih.gov.hu/Engedelykereso/DocumentHandler.ashx?documentId=347867505es347859806&documentName=Limocide_mod_80673_2_20250903_publikus.pdf,verified special dose recovered verbatim from point 4; source Limocide__6700-254-1-2023__Limocide_mod_80673_2_20250903_publikus.md line 433
Limocide,6700/254-1/2023,alapengedely,dohány (szabadföldi),üvegházi molytetű,"gombaölő szer, rovarölő szer, atkaölő szer","0,4 % (0,4-2 l/ha)",,,l/ha,12,12,kétleveles állapottól (BBCH 12) 70 %-os termésfejlettségig (BBCH 77),,6,7,,Limocide_mod_80673_2_20250903_publikus.pdf,https://novenyvedoszer.nebih.gov.hu/Engedelykereso/DocumentHandler.ashx?documentId=347867505es347859806&documentName=Limocide_mod_80673_2_20250903_publikus.pdf,verified special dose recovered verbatim from point 4; source Limocide__6700-254-1-2023__Limocide_mod_80673_2_20250903_publikus.md line 434
Limocide,6700/254-1/2023,alapengedely,dohány (szabadföldi),dohánytripsz,"gombaölő szer, rovarölő szer, atkaölő szer","0,8 % (0,8-3,2 l/ha)",,,l/ha,12,12,kétleveles állapottól (BBCH 12) 70 %-os termésfejlettségig (BBCH 77),,6,7,,Limocide_mod_80673_2_20250903_publikus.pdf,https://novenyvedoszer.nebih.gov.hu/Engedelykereso/DocumentHandler.ashx?documentId=347867505es347859806&documentName=Limocide_mod_80673_2_20250903_publikus.pdf,verified special dose recovered verbatim from point 4; source Limocide__6700-254-1-2023__Limocide_mod_80673_2_20250903_publikus.md line 435
Limocide,6700/254-1/2023,alapengedely,"rózsa (szabadföldi, hajtatott)",lisztharmat,"gombaölő szer, rovarölő szer, atkaölő szer","0,6 % (1,8-6 l/ha)",,,l/ha,12,12,2. levél kiterülésétől (BBCH 12) virágzás végéig (BBCH 69),,6,7,,Limocide_mod_80673_2_20250903_publikus.pdf,https://novenyvedoszer.nebih.gov.hu/Engedelykereso/DocumentHandler.ashx?documentId=347867505es347859806&documentName=Limocide_mod_80673_2_20250903_publikus.pdf,verified special dose recovered verbatim from point 4; source Limocide__6700-254-1-2023__Limocide_mod_80673_2_20250903_publikus.md line 534
Limocide,6700/254-1/2023,alapengedely,"rózsa (szabadföldi, hajtatott)",tripsz,"gombaölő szer, rovarölő szer, atkaölő szer","0,8 % (2,4-8 l/ha)",,,l/ha,12,12,2. levél kiterülésétől (BBCH 12) virágzás végéig (BBCH 69),,6,7,,Limocide_mod_80673_2_20250903_publikus.pdf,https://novenyvedoszer.nebih.gov.hu/Engedelykereso/DocumentHandler.ashx?documentId=347867505es347859806&documentName=Limocide_mod_80673_2_20250903_publikus.pdf,verified special dose recovered verbatim from point 4; source Limocide__6700-254-1-2023__Limocide_mod_80673_2_20250903_publikus.md line 536
Limocide,6700/254-1/2023,alapengedely,"rózsa (szabadföldi, hajtatott)",üvegházi molytetű,"gombaölő szer, rovarölő szer, atkaölő szer","0,4 % (1,2-4 l/ha)",,,l/ha,12,12,2. levél kiterülésétől (BBCH 12) virágzás végéig (BBCH 69),,6,7,,Limocide_mod_80673_2_20250903_publikus.pdf,https://novenyvedoszer.nebih.gov.hu/Engedelykereso/DocumentHandler.ashx?documentId=347867505es347859806&documentName=Limocide_mod_80673_2_20250903_publikus.pdf,verified special dose recovered verbatim from point 4; source Limocide__6700-254-1-2023__Limocide_mod_80673_2_20250903_publikus.md line 537
Limocide,6700/254-1/2023,alapengedely,"fásszárú dísznövények, lágyszárú dísznövények (szabadföldi, hajtatott)",rozsdák,"gombaölő szer, rovarölő szer, atkaölő szer",1 % (2-10 l/ha),,,l/ha,12,12,kétleveles állapottól (BBCH 12) teljes érésig (BBCH 89),,3,7,,Limocide_mod_80673_2_20250903_publikus.pdf,https://novenyvedoszer.nebih.gov.hu/Engedelykereso/DocumentHandler.ashx?documentId=347867505es347859806&documentName=Limocide_mod_80673_2_20250903_publikus.pdf,verified special dose recovered verbatim from point 4; source Limocide__6700-254-1-2023__Limocide_mod_80673_2_20250903_publikus.md line 538
Limocide,6700/254-1/2023,alapengedely,"fásszárú dísznövények, lágyszárú dísznövények (szabadföldi, hajtatott)",lisztharmat,"gombaölő szer, rovarölő szer, atkaölő szer","0,6 % (1,2-6 l/ha)",,,l/ha,12,12,kétleveles állapottól (BBCH 12) teljes érésig (BBCH 89),,6,7,,Limocide_mod_80673_2_20250903_publikus.pdf,https://novenyvedoszer.nebih.gov.hu/Engedelykereso/DocumentHandler.ashx?documentId=347867505es347859806&documentName=Limocide_mod_80673_2_20250903_publikus.pdf,verified special dose recovered verbatim from point 4; source Limocide__6700-254-1-2023__Limocide_mod_80673_2_20250903_publikus.md line 539
Limocide,6700/254-1/2023,alapengedely,"fásszárú dísznövények, lágyszárú dísznövények (szabadföldi, hajtatott)","dohányliszteske, üvegházi molytetű","gombaölő szer, rovarölő szer, atkaölő szer","0,4 % (0,8-4 l/ha)",,,l/ha,12,12,kétleveles állapottól (BBCH 12) teljes érésig (BBCH 89),,6,7,,Limocide_mod_80673_2_20250903_publikus.pdf,https://novenyvedoszer.nebih.gov.hu/Engedelykereso/DocumentHandler.ashx?documentId=347867505es347859806&documentName=Limocide_mod_80673_2_20250903_publikus.pdf,verified special dose recovered verbatim from point 4; source Limocide__6700-254-1-2023__Limocide_mod_80673_2_20250903_publikus.md line 540
Limocide,6700/254-1/2023,alapengedely,"fásszárú dísznövények, lágyszárú dísznövények (szabadföldi, hajtatott)",tripsz,"gombaölő szer, rovarölő szer, atkaölő szer","0,8 % (1,6-8 l/ha)",,,l/ha,12,12,kétleveles állapottól (BBCH 12) teljes érésig (BBCH 89),,6,7,,Limocide_mod_80673_2_20250903_publikus.pdf,https://novenyvedoszer.nebih.gov.hu/Engedelykereso/DocumentHandler.ashx?documentId=347867505es347859806&documentName=Limocide_mod_80673_2_20250903_publikus.pdf,verified special dose recovered verbatim from point 4; source Limocide__6700-254-1-2023__Limocide_mod_80673_2_20250903_publikus.md line 541
Limocide,6700/254-1/2023,alapengedely,"fásszárú dísznövények, lágyszárú dísznövények (szabadföldi, hajtatott)","kabócák, levélbolhák","gombaölő szer, rovarölő szer, atkaölő szer","0,8 % (1,6-8 l/ha)",,,l/ha,12,12,kétleveles állapottól (BBCH 12) teljes érésig (BBCH 89),,6,7,,Limocide_mod_80673_2_20250903_publikus.pdf,https://novenyvedoszer.nebih.gov.hu/Engedelykereso/DocumentHandler.ashx?documentId=347867505es347859806&documentName=Limocide_mod_80673_2_20250903_publikus.pdf,verified special dose recovered verbatim from point 4; source Limocide__6700-254-1-2023__Limocide_mod_80673_2_20250903_publikus.md line 542
Milbeknock,04.2/1415-1/2018,alapengedely,"paradicsom, (zárt termesztő berendezésben)",közönséges takácsatka (Tetranychus urticae) paradicsom- levélatka (Aculops lycopersici),"rovarölő szer, atkaölő szer","0,1 % (1,875 l/ha)",,,l/ha l/haLWA,10,89,szikleveles állapot – teljes érés (BBCH 10-89),,2,7,,Milbeknock_mod_40065_2_20251028_publikus.pdf,https://novenyvedoszer.nebih.gov.hu/Engedelykereso/DocumentHandler.ashx?documentId=348013446es348042781&documentName=Milbeknock_mod_40065_2_20251028_publikus.pdf,verified special dose recovered verbatim from point 4; source Milbeknock__04.2-1415-1-2018__Milbeknock_mod_40065_2_20251028_publikus.md line 233
Milbeknock,04.2/1415-1/2018,alapengedely,uborka (zárt termesztő berendezésben),közönséges takácsatka (Tetranychus urticae),"rovarölő szer, atkaölő szer","0,1 % (1,875 l/ha)",,,l/ha l/haLWA,10,89,szikleveles állapot – teljes érés (BBCH 10-89),,2,7,,Milbeknock_mod_40065_2_20251028_publikus.pdf,https://novenyvedoszer.nebih.gov.hu/Engedelykereso/DocumentHandler.ashx?documentId=348013446es348042781&documentName=Milbeknock_mod_40065_2_20251028_publikus.pdf,verified special dose recovered verbatim from point 4; source Milbeknock__04.2-1415-1-2018__Milbeknock_mod_40065_2_20251028_publikus.md line 234
Prestop WP,6700/2350-1/2023,alapengedely,szőlő bor és csemege,botrítiszes betegség (szürkepenész),gombaölő szer,"1,7 kg/10000m2 LFF (max. 2,0 kg/ha)",,,l/ha,69,69,virágzás végétől (BBCH 69) bogyópuhulásig (BBCH 85),,4,6,,PrestopWP_eng_20230928.pdf,https://novenyvedoszer.nebih.gov.hu/Engedelykereso/DocumentHandler.ashx?documentId=343705013es343704417&documentName=PrestopWP_eng_20230928.pdf,verified special dose recovered verbatim from point 4; source Prestop_WP__6700-2350-1-2023__PrestopWP_eng_20230928.md line 136
Pyramid,6700/1557-1/2023,alapengedely,"alma, körte, birs, naspolya",varasodás,gombaölő szer,"0,75 l/10000m2 LFF (max. 1,125 l/ha)",,,l/ha,53,53,virágrügy- pattanástól (BBCH 53) sziromhullás végéig (BBCH 69),,3,5,,Pyramid_eng_20230612.pdf,https://novenyvedoszer.nebih.gov.hu/Engedelykereso/DocumentHandler.ashx?documentId=343194955es343183276&documentName=Pyramid_eng_20230612.pdf,verified special dose recovered verbatim from point 4; source Pyramid__6700-1557-1-2023__Pyramid_eng_20230612.md line 142
Revyona,6300/1491-1/2022,alapengedely,"alma, körte","varasodás, lisztharmat, sztemfíliumos barna foltosság",gombaölő szer,"1,3 l/10000m2 LFF (max. 2,0 l/ha)",,,l/ha,53,53,virágrügy pattanástól (BBCH 53) fajtára jellemző gyümölcsszíneződés kialakulásáig (BBCH 85),,2,7,,Revyona_mod_20250218.pdf,https://novenyvedoszer.nebih.gov.hu/Engedelykereso/DocumentHandler.ashx?documentId=346545580es346550841&documentName=Revyona_mod_20250218.pdf,verified special dose recovered verbatim from point 4; source Revyona__6300-1491-1-2022__Revyona_mod_20250218.md line 363
Revyona,6300/1491-1/2022,alapengedely,"cseresznye, meggy, szilva, őszibarack, nektarin, kajszi",moníliás virág- és hajtáspusztulás,gombaölő szer,"1,0 l/10000m2 LFF (max. 1,8 l/ha)",,,l/ha,55,55,virágrügyek megjelenésétől (BBCH 55) sziromhullás végéig (BBCH 69),,2,7,,Revyona_mod_20250218.pdf,https://novenyvedoszer.nebih.gov.hu/Engedelykereso/DocumentHandler.ashx?documentId=346545580es346550841&documentName=Revyona_mod_20250218.pdf,verified special dose recovered verbatim from point 4; source Revyona__6300-1491-1-2022__Revyona_mod_20250218.md line 365
Revyona,6300/1491-1/2022,alapengedely,"szőlő (bor-, csemege)","lisztharmat, feketerothadás",gombaölő szer,"1,0 l/10000m2 LFF (max. 1,3 l/ha)",,,l/ha,14,14,4. levél kiterülésétől (BBCH 14) a fajtára jellemző bogyószín kialakulásáig (BBCH 83),,3,10,,Revyona_mod_20250218.pdf,https://novenyvedoszer.nebih.gov.hu/Engedelykereso/DocumentHandler.ashx?documentId=346545580es346550841&documentName=Revyona_mod_20250218.pdf,verified special dose recovered verbatim from point 4; source Revyona__6300-1491-1-2022__Revyona_mod_20250218.md line 452
Revyona,6300/1491-1/2022,alapengedely,meggy,antraknózis,gombaölő szer,"1,0 l/10000m2 LFF (max. 1,8 l/ha)",,,l/ha,71,71,magháznövekedéstől (BBCH 71) szedésérettségig (BBCH 87),,2,7,,Revyona_mod_20250218.pdf,https://novenyvedoszer.nebih.gov.hu/Engedelykereso/DocumentHandler.ashx?documentId=346545580es346550841&documentName=Revyona_mod_20250218.pdf,verified special dose recovered verbatim from point 4; source Revyona__6300-1491-1-2022__Revyona_mod_20250218.md line 456
Valis Plus,6300/2418-1/2022,alapengedely,Szőlő (bor és csemege),Peronoszpóra,gombaölő szer,"1,5 kg/ 10000 m2 LFF max. 2 kg/ha",,,l/ha,15,15,az 5. levél kiterülésétől (BBCH 15) a fajtára jellemző szín kialakulásáig (BBCH 83),,2,10,,ValisPlus_mód_20241209publik.pdf,https://novenyvedoszer.nebih.gov.hu/Engedelykereso/DocumentHandler.ashx?documentId=346335861es346332872&documentName=ValisPlus_m%c3%b3d_20241209publik.pdf,verified special dose recovered verbatim from point 4; source Valis_Plus__6300-2418-1-2022__ValisPlus_mód_20241209publik.md line 219
Zorvec Vinabel,6700/767-1/2023,alapengedely,szőlő (bor és csemege),peronoszpóra,gombaölő szer,"0,48 l/10000m2 LFF (max. 0,25 l/ha)",,,l/ha,15,15,5. levél kiterülésétől (BBCH 15) virágzás kezdetéig (BBCH 61),,2,10,,ZorvecVinabel_mod_20260327.pdf,https://novenyvedoszer.nebih.gov.hu/Engedelykereso/DocumentHandler.ashx?documentId=348776863es348775774&documentName=ZorvecVinabel_mod_20260327.pdf,verified special dose recovered verbatim from point 4; source Zorvec_Vinabel__6700-767-1-2023__ZorvecVinabel_mod_20260327.md line 220
Barclay Gallup Biograde 360,04.2/5211-1/2015,alapengedely,Nem mezőgazdasági területek *,Totális gyom- és cserjeirtás,gyomirtó szer,"5,0-6,0",,,l/ha,,,a gyomnövények intenzív növekedésekor,,2,60,,Barclay Gallup Biograde 360_mód_2025.10.16.pdf,https://novenyvedoszer.nebih.gov.hu/Engedelykereso/DocumentHandler.ashx?documentId=347992893es348006574&documentName=Barclay+Gallup+Biograde+360_m%c3%b3d_2025.10.16.pdf,verified point-4 dose recovered from shifted markdown column; source Barclay_Gallup_Biograde_360__04.2-5211-1-2015__Barclay_Gallup_Biograde_360_mód_2025.10.16.md line 241
Barclay Gallup Biograde 360,04.2/5211-1/2015,alapengedely,Közterületek **,Magról kelő egy- és kétszikű gyomok Évelő egy- és kétszikű gyomok,gyomirtó szer,"2,0-3,0 4,0-6,0",,,l/ha,,,a gyomnövények intenzív növekedésekor,,2,60,,Barclay Gallup Biograde 360_mód_2025.10.16.pdf,https://novenyvedoszer.nebih.gov.hu/Engedelykereso/DocumentHandler.ashx?documentId=347992893es348006574&documentName=Barclay+Gallup+Biograde+360_m%c3%b3d_2025.10.16.pdf,verified point-4 dose recovered from shifted markdown column; source Barclay_Gallup_Biograde_360__04.2-5211-1-2015__Barclay_Gallup_Biograde_360_mód_2025.10.16.md line 242
Barclay Gallup Biograde 360,04.2/5211-1/2015,alapengedely,"Legelő, gyep",Totális gyomirtás,gyomirtó szer,"4,0-6,0",,,l/ha,,,a gyep feltörését megelőzően,,2,60,,Barclay Gallup Biograde 360_mód_2025.10.16.pdf,https://novenyvedoszer.nebih.gov.hu/Engedelykereso/DocumentHandler.ashx?documentId=347992893es348006574&documentName=Barclay+Gallup+Biograde+360_m%c3%b3d_2025.10.16.pdf,verified point-4 dose recovered from shifted markdown column; source Barclay_Gallup_Biograde_360__04.2-5211-1-2015__Barclay_Gallup_Biograde_360_mód_2025.10.16.md line 243
Barclay Gallup Biograde 360,04.2/5211-1/2015,alapengedely,Erdészet fakitermelés után,Sarjhajtások,gyomirtó szer,"3,5 % töménység- ben",,,% töménység ben,,,sarjhajtások ellen,,2,60,,Barclay Gallup Biograde 360_mód_2025.10.16.pdf,https://novenyvedoszer.nebih.gov.hu/Engedelykereso/DocumentHandler.ashx?documentId=347992893es348006574&documentName=Barclay+Gallup+Biograde+360_m%c3%b3d_2025.10.16.pdf,verified point-4 dose recovered from shifted markdown column; source Barclay_Gallup_Biograde_360__04.2-5211-1-2015__Barclay_Gallup_Biograde_360_mód_2025.10.16.md line 245
Barclay Gallup Biograde 360,04.2/5211-1/2015,alapengedely,Szőlő (min. 3 éves),Magról kelő egy- és kétszikű gyomok Évelő egy- és kétszikű gyomok,gyomirtó szer,"2,0-3,0 4,0-6,0",,,l/ha,,,"hajtásnövekedés kezdetéig, szüret után",,2,60,,Barclay Gallup Biograde 360_mód_2025.10.16.pdf,https://novenyvedoszer.nebih.gov.hu/Engedelykereso/DocumentHandler.ashx?documentId=347992893es348006574&documentName=Barclay+Gallup+Biograde+360_m%c3%b3d_2025.10.16.pdf,verified point-4 dose recovered from shifted markdown column; source Barclay_Gallup_Biograde_360__04.2-5211-1-2015__Barclay_Gallup_Biograde_360_mód_2025.10.16.md line 361
Barclay Gallup Biograde 360,04.2/5211-1/2015,alapengedely,Almatermésűek (min. 3 éves),Magról kelő egy- és kétszikű gyomok Évelő egy- és kétszikű gyomok,gyomirtó szer,"2,0-3,0 4,0-6,0",,,l/ha,,,"hajtásnövekedés kezdetéig, szüret után",,2,60,,Barclay Gallup Biograde 360_mód_2025.10.16.pdf,https://novenyvedoszer.nebih.gov.hu/Engedelykereso/DocumentHandler.ashx?documentId=347992893es348006574&documentName=Barclay+Gallup+Biograde+360_m%c3%b3d_2025.10.16.pdf,verified point-4 dose recovered from shifted markdown column; source Barclay_Gallup_Biograde_360__04.2-5211-1-2015__Barclay_Gallup_Biograde_360_mód_2025.10.16.md line 362
Barclay Gallup Biograde 360,04.2/5211-1/2015,alapengedely,Csonthéjasok (min. 3 éves),Magról kelő egy- és kétszikű gyomok Évelő egy- és kétszikű gyomok,gyomirtó szer,"2,0-3,0 4,0-6,0",,,l/ha,,,"hajtásnövekedés kezdetéig, szüret után",,2,60,,Barclay Gallup Biograde 360_mód_2025.10.16.pdf,https://novenyvedoszer.nebih.gov.hu/Engedelykereso/DocumentHandler.ashx?documentId=347992893es348006574&documentName=Barclay+Gallup+Biograde+360_m%c3%b3d_2025.10.16.pdf,verified point-4 dose recovered from shifted markdown column; source Barclay_Gallup_Biograde_360__04.2-5211-1-2015__Barclay_Gallup_Biograde_360_mód_2025.10.16.md line 363
Barclay Gallup Biograde 360,04.2/5211-1/2015,alapengedely,Héjas gyümölcsűek (min. 3 éves),Magról kelő egy- és kétszikű gyomok Évelő egy- és kétszikű gyomok,gyomirtó szer,"2,0-3,0 4,0-6,0",,,l/ha,,,"hajtásnövekedés kezdetéig, szüret után",,2,60,,Barclay Gallup Biograde 360_mód_2025.10.16.pdf,https://novenyvedoszer.nebih.gov.hu/Engedelykereso/DocumentHandler.ashx?documentId=347992893es348006574&documentName=Barclay+Gallup+Biograde+360_m%c3%b3d_2025.10.16.pdf,verified point-4 dose recovered from shifted markdown column; source Barclay_Gallup_Biograde_360__04.2-5211-1-2015__Barclay_Gallup_Biograde_360_mód_2025.10.16.md line 364
Barclay Gallup Hi-Aktív,04.2/1582-1/2012,alapengedely,Nem mezőgazdasági területek *,Totális gyom- és cserjeirtás,gyomirtó szer,"3,75-5,0",,,l/ha,,,a gyomnövények intenzív növekedésekor,,2,60,,Barclay Gallup Hi-Aktív_mód_2025.10.16.pdf,https://novenyvedoszer.nebih.gov.hu/Engedelykereso/DocumentHandler.ashx?documentId=347992894es348006575&documentName=Barclay+Gallup+Hi-Akt%c3%adv_m%c3%b3d_2025.10.16.pdf,verified point-4 dose recovered from shifted markdown column; source Barclay_Gallup_Hi-Aktív__04.2-1582-1-2012__Barclay_Gallup_Hi-Aktív_mód_2025.10.16.md line 234
Barclay Gallup Hi-Aktív,04.2/1582-1/2012,alapengedely,Közterületek **,Magról kelő egy- és kétszikű gyomok Évelő egy- és kétszikű gyomok,gyomirtó szer,"1,5-2,25 3,0-4,4",,,l/ha,,,a gyomnövények intenzív növekedésekor,,2,60,,Barclay Gallup Hi-Aktív_mód_2025.10.16.pdf,https://novenyvedoszer.nebih.gov.hu/Engedelykereso/DocumentHandler.ashx?documentId=347992894es348006575&documentName=Barclay+Gallup+Hi-Akt%c3%adv_m%c3%b3d_2025.10.16.pdf,verified point-4 dose recovered from shifted markdown column; source Barclay_Gallup_Hi-Aktív__04.2-1582-1-2012__Barclay_Gallup_Hi-Aktív_mód_2025.10.16.md line 235
Barclay Gallup Hi-Aktív,04.2/1582-1/2012,alapengedely,"Legelő, gyep",Totális gyomirtás,gyomirtó szer,"3,0-4,4",,,l/ha,,,a gyep feltörését megelőzően,,2,60,,Barclay Gallup Hi-Aktív_mód_2025.10.16.pdf,https://novenyvedoszer.nebih.gov.hu/Engedelykereso/DocumentHandler.ashx?documentId=347992894es348006575&documentName=Barclay+Gallup+Hi-Akt%c3%adv_m%c3%b3d_2025.10.16.pdf,verified point-4 dose recovered from shifted markdown column; source Barclay_Gallup_Hi-Aktív__04.2-1582-1-2012__Barclay_Gallup_Hi-Aktív_mód_2025.10.16.md line 236
Barclay Gallup Hi-Aktív,04.2/1582-1/2012,alapengedely,Erdészet fakitermelés után,Sarjhajtások,gyomirtó szer,"2,5 % töménység- ben",,,% töménység ben,,,sarjhajtások ellen,,2,60,,Barclay Gallup Hi-Aktív_mód_2025.10.16.pdf,https://novenyvedoszer.nebih.gov.hu/Engedelykereso/DocumentHandler.ashx?documentId=347992894es348006575&documentName=Barclay+Gallup+Hi-Akt%c3%adv_m%c3%b3d_2025.10.16.pdf,verified point-4 dose recovered from shifted markdown column; source Barclay_Gallup_Hi-Aktív__04.2-1582-1-2012__Barclay_Gallup_Hi-Aktív_mód_2025.10.16.md line 363
Barclay Gallup Hi-Aktív,04.2/1582-1/2012,alapengedely,Szőlő (min. 3 éves),Magról kelő egy- és kétszikű gyomok Évelő egy- és kétszikű gyomok,gyomirtó szer,"1,5-2,25 3,0-4,4",,,l/ha,,,"hajtásnövekedés kezdetéig, szüret után",,2,60,,Barclay Gallup Hi-Aktív_mód_2025.10.16.pdf,https://novenyvedoszer.nebih.gov.hu/Engedelykereso/DocumentHandler.ashx?documentId=347992894es348006575&documentName=Barclay+Gallup+Hi-Akt%c3%adv_m%c3%b3d_2025.10.16.pdf,verified point-4 dose recovered from shifted markdown column; source Barclay_Gallup_Hi-Aktív__04.2-1582-1-2012__Barclay_Gallup_Hi-Aktív_mód_2025.10.16.md line 364
Barclay Gallup Hi-Aktív,04.2/1582-1/2012,alapengedely,Almatermésűek (min. 3 éves),Magról kelő egy- és kétszikű gyomok Évelő egy- és kétszikű gyomok,gyomirtó szer,"1,5-2,25 3,0-4,4",,,l/ha,,,"hajtásnövekedés kezdetéig, szüret után",,2,60,,Barclay Gallup Hi-Aktív_mód_2025.10.16.pdf,https://novenyvedoszer.nebih.gov.hu/Engedelykereso/DocumentHandler.ashx?documentId=347992894es348006575&documentName=Barclay+Gallup+Hi-Akt%c3%adv_m%c3%b3d_2025.10.16.pdf,verified point-4 dose recovered from shifted markdown column; source Barclay_Gallup_Hi-Aktív__04.2-1582-1-2012__Barclay_Gallup_Hi-Aktív_mód_2025.10.16.md line 365
Barclay Gallup Hi-Aktív,04.2/1582-1/2012,alapengedely,Csonthéjasok (min. 3 éves),Magról kelő egy- és kétszikű gyomok Évelő egy- és kétszikű gyomok,gyomirtó szer,"1,5-2,25 3,0-4,4",,,l/ha,,,"hajtásnövekedés kezdetéig, szüret után",,2,60,,Barclay Gallup Hi-Aktív_mód_2025.10.16.pdf,https://novenyvedoszer.nebih.gov.hu/Engedelykereso/DocumentHandler.ashx?documentId=347992894es348006575&documentName=Barclay+Gallup+Hi-Akt%c3%adv_m%c3%b3d_2025.10.16.pdf,verified point-4 dose recovered from shifted markdown column; source Barclay_Gallup_Hi-Aktív__04.2-1582-1-2012__Barclay_Gallup_Hi-Aktív_mód_2025.10.16.md line 366
Barclay Gallup Hi-Aktív,04.2/1582-1/2012,alapengedely,Héjas gyümölcsűek (min. 3 éves),Magról kelő egy- és kétszikű gyomok Évelő egy- és kétszikű gyomok,gyomirtó szer,"1,5-2,25 3,0-4,4",,,l/ha,,,"hajtásnövekedés kezdetéig, szüret után",,2,60,,Barclay Gallup Hi-Aktív_mód_2025.10.16.pdf,https://novenyvedoszer.nebih.gov.hu/Engedelykereso/DocumentHandler.ashx?documentId=347992894es348006575&documentName=Barclay+Gallup+Hi-Akt%c3%adv_m%c3%b3d_2025.10.16.pdf,verified point-4 dose recovered from shifted markdown column; source Barclay_Gallup_Hi-Aktív__04.2-1582-1-2012__Barclay_Gallup_Hi-Aktív_mód_2025.10.16.md line 367
Boom Efekt,02.5/1146/1/2008,alapengedely,Nem mezőgazdasági területek *,Totális gyom- és cserjeirtás,gyomirtó szer,"5,0-6,0",,,l/ha,,,a gyomnövények intenzív növekedésekor,,2,60,,Boom Efekt_mód_2025.10.17.pdf,https://novenyvedoszer.nebih.gov.hu/Engedelykereso/DocumentHandler.ashx?documentId=347992900es348006581&documentName=Boom+Efekt_m%c3%b3d_2025.10.17.pdf,verified point-4 dose recovered from shifted markdown column; source Boom_Efekt__02.5-1146-1-2008__Boom_Efekt_mód_2025.10.17.md line 258
Boom Efekt,02.5/1146/1/2008,alapengedely,Közterületek **,Magról kelő egy- és kétszikű gyomok Évelő egy- és kétszikű gyomok,gyomirtó szer,"2,0-3,0 4,0-6,0",,,l/ha,,,a gyomnövények intenzív növekedésekor,,2,60,,Boom Efekt_mód_2025.10.17.pdf,https://novenyvedoszer.nebih.gov.hu/Engedelykereso/DocumentHandler.ashx?documentId=347992900es348006581&documentName=Boom+Efekt_m%c3%b3d_2025.10.17.pdf,verified point-4 dose recovered from shifted markdown column; source Boom_Efekt__02.5-1146-1-2008__Boom_Efekt_mód_2025.10.17.md line 259
Boom Efekt,02.5/1146/1/2008,alapengedely,"Erdészet, fakitermelés után",Sarjhajtások,gyomirtó szer,"3,5 %",,,%,,,sarjhajtások ellen,,2,60,,Boom Efekt_mód_2025.10.17.pdf,https://novenyvedoszer.nebih.gov.hu/Engedelykereso/DocumentHandler.ashx?documentId=347992900es348006581&documentName=Boom+Efekt_m%c3%b3d_2025.10.17.pdf,verified point-4 dose recovered from shifted markdown column; source Boom_Efekt__02.5-1146-1-2008__Boom_Efekt_mód_2025.10.17.md line 263
Boom Efekt,02.5/1146/1/2008,alapengedely,"Szőlő (bor-, csemege-) (min. 3 éves)",Magról kelő egy- és kétszikű gyomok Évelő egy- és kétszikű gyomok,gyomirtó szer,"2,0-3,0 4,0-6,0",,,l/ha,,,"hajtásnövekedés kezdetéig, szüret után",,2,60,,Boom Efekt_mód_2025.10.17.pdf,https://novenyvedoszer.nebih.gov.hu/Engedelykereso/DocumentHandler.ashx?documentId=347992900es348006581&documentName=Boom+Efekt_m%c3%b3d_2025.10.17.pdf,verified point-4 dose recovered from shifted markdown column; source Boom_Efekt__02.5-1146-1-2008__Boom_Efekt_mód_2025.10.17.md line 264
Boom Efekt,02.5/1146/1/2008,alapengedely,"Almatermésűek (alma, körte, birs, naspolya) (min. 3 éves)",Magról kelő egy- és kétszikű gyomok Évelő egy- és kétszikű gyomok,gyomirtó szer,"2,0-3,0 4,0-6,0",,,l/ha,,,"hajtásnövekedés kezdetéig, szüret után",,2,60,,Boom Efekt_mód_2025.10.17.pdf,https://novenyvedoszer.nebih.gov.hu/Engedelykereso/DocumentHandler.ashx?documentId=347992900es348006581&documentName=Boom+Efekt_m%c3%b3d_2025.10.17.pdf,verified point-4 dose recovered from shifted markdown column; source Boom_Efekt__02.5-1146-1-2008__Boom_Efekt_mód_2025.10.17.md line 377
Boom Efekt,02.5/1146/1/2008,alapengedely,"Csonthéjasok (cseresznye, meggy, őszibarack, nektarin, kajszi, ringló, szilva) (min. 3 éves)",Magról kelő egy- és kétszikű gyomok Évelő egy- és kétszikű gyomok,gyomirtó szer,"2,0-3,0 4,0-6,0",,,l/ha,,,"hajtásnövekedés kezdetéig, szüret után",,2,60,,Boom Efekt_mód_2025.10.17.pdf,https://novenyvedoszer.nebih.gov.hu/Engedelykereso/DocumentHandler.ashx?documentId=347992900es348006581&documentName=Boom+Efekt_m%c3%b3d_2025.10.17.pdf,verified point-4 dose recovered from shifted markdown column; source Boom_Efekt__02.5-1146-1-2008__Boom_Efekt_mód_2025.10.17.md line 378
Boom Efekt,02.5/1146/1/2008,alapengedely,"Héjas gyümölcsűek (dió, mandula, mogyoró, gesztenye) (min. 3 éves)",Magról kelő egy- és kétszikű gyomok Évelő egy- és kétszikű gyomok,gyomirtó szer,"2,0-3,0 4,0-6,0",,,l/ha,,,"hajtásnövekedés kezdetéig, szüret után",,2,60,,Boom Efekt_mód_2025.10.17.pdf,https://novenyvedoszer.nebih.gov.hu/Engedelykereso/DocumentHandler.ashx?documentId=347992900es348006581&documentName=Boom+Efekt_m%c3%b3d_2025.10.17.pdf,verified point-4 dose recovered from shifted markdown column; source Boom_Efekt__02.5-1146-1-2008__Boom_Efekt_mód_2025.10.17.md line 379
Credit Xtreme,6300/1216-1/2022,alapengedely,Lucerna,Aranka,gyomirtó szer,"0,33-0,46 ill. 0,13-0,2%",,,ill %,,,kaszálást követő 5-7 nap múlva,,2,60,,Credit Xtreme_mód_20240605.pdf,https://novenyvedoszer.nebih.gov.hu/Engedelykereso/DocumentHandler.ashx?documentId=345606065es345606216&documentName=Credit+Xtreme_m%c3%b3d_20240605.pdf,verified point-4 dose recovered from shifted markdown column; source Credit_Xtreme__6300-1216-1-2022__Credit_Xtreme_mód_20240605.md line 278
Dominator Extra 608 SL,04.2/4156-1/2012,alapengedely,Nem mezőgazdasági területek*,Totális gyom- és cserjeirtás,gyomirtó szer,"3,75-5,0",,,l/ha,,,a gyomnövények intenzív növekedésekor,,2,60,,Dominator Extra 608 SL_mód_2025.11.03.pdf,https://novenyvedoszer.nebih.gov.hu/Engedelykereso/DocumentHandler.ashx?documentId=348059217es348078906&documentName=Dominator+Extra+608+SL_m%c3%b3d_2025.11.03.pdf,verified point-4 dose recovered from shifted markdown column; source Dominator_Extra_608_SL__04.2-4156-1-2012__Dominator_Extra_608_SL_mód_2025.11.03.md line 270
Dominator Extra 608 SL,04.2/4156-1/2012,alapengedely,Közterületek**,Magról kelő egy- és kétszikű gyomok Évelő egy- és kétszikű gyomok,gyomirtó szer,"1,5-2,25 3,0-4,5",,,l/ha,,,a gyomnövények intenzív növekedésekor,,2,60,,Dominator Extra 608 SL_mód_2025.11.03.pdf,https://novenyvedoszer.nebih.gov.hu/Engedelykereso/DocumentHandler.ashx?documentId=348059217es348078906&documentName=Dominator+Extra+608+SL_m%c3%b3d_2025.11.03.pdf,verified point-4 dose recovered from shifted markdown column; source Dominator_Extra_608_SL__04.2-4156-1-2012__Dominator_Extra_608_SL_mód_2025.11.03.md line 271
Dominator Extra 608 SL,04.2/4156-1/2012,alapengedely,"Legelő, gyep",Totális gyomirtás,gyomirtó szer,"3,0-4,5",,,l/ha,,,a gyep feltörését megelőzően,,2,60,,Dominator Extra 608 SL_mód_2025.11.03.pdf,https://novenyvedoszer.nebih.gov.hu/Engedelykereso/DocumentHandler.ashx?documentId=348059217es348078906&documentName=Dominator+Extra+608+SL_m%c3%b3d_2025.11.03.pdf,verified point-4 dose recovered from shifted markdown column; source Dominator_Extra_608_SL__04.2-4156-1-2012__Dominator_Extra_608_SL_mód_2025.11.03.md line 272
Dominator Extra 608 SL,04.2/4156-1/2012,alapengedely,Erdészet fakitermelés után,Sarjhajtások,gyomirtó szer,"2,5%",,,%,,,sarjhajtások ellen,,2,60,,Dominator Extra 608 SL_mód_2025.11.03.pdf,https://novenyvedoszer.nebih.gov.hu/Engedelykereso/DocumentHandler.ashx?documentId=348059217es348078906&documentName=Dominator+Extra+608+SL_m%c3%b3d_2025.11.03.pdf,verified point-4 dose recovered from shifted markdown column; source Dominator_Extra_608_SL__04.2-4156-1-2012__Dominator_Extra_608_SL_mód_2025.11.03.md line 275
Dominator Extra 608 SL,04.2/4156-1/2012,alapengedely,Szőlő (bor-; csemege-) (min. 3 éves),Magról kelő egy- és kétszikű gyomok Évelő egy- és kétszikű gyomok,gyomirtó szer,"1,5-2,25 3,0-4,5",,,l/ha,,,"hajtásnövekedés kezdetéig, szüret után",,2,60,,Dominator Extra 608 SL_mód_2025.11.03.pdf,https://novenyvedoszer.nebih.gov.hu/Engedelykereso/DocumentHandler.ashx?documentId=348059217es348078906&documentName=Dominator+Extra+608+SL_m%c3%b3d_2025.11.03.pdf,verified point-4 dose recovered from shifted markdown column; source Dominator_Extra_608_SL__04.2-4156-1-2012__Dominator_Extra_608_SL_mód_2025.11.03.md line 276
Dominator Extra 608 SL,04.2/4156-1/2012,alapengedely,"Almatermésűek (alma, körte, birs, naspolya) (min. 3 éves)",Magról kelő egy- és kétszikű gyomok Évelő egy- és kétszikű gyomok,gyomirtó szer,"1,5-2,25 3,0-4,5",,,l/ha,,,"hajtásnövekedés kezdetéig, szüret után",,2,60,,Dominator Extra 608 SL_mód_2025.11.03.pdf,https://novenyvedoszer.nebih.gov.hu/Engedelykereso/DocumentHandler.ashx?documentId=348059217es348078906&documentName=Dominator+Extra+608+SL_m%c3%b3d_2025.11.03.pdf,verified point-4 dose recovered from shifted markdown column; source Dominator_Extra_608_SL__04.2-4156-1-2012__Dominator_Extra_608_SL_mód_2025.11.03.md line 395
Dominator Extra 608 SL,04.2/4156-1/2012,alapengedely,"Csonthéjasok (cseresznye, meggy, őszibarack, nektarin, kajszi, ringló, szilva) (min. 3 éves)",Magról kelő egy- és kétszikű gyomok Évelő egy- és kétszikű gyomok,gyomirtó szer,"1,5-2,25 3,0-4,5",,,l/ha,,,"hajtásnövekedés kezdetéig, szüret után",,2,60,,Dominator Extra 608 SL_mód_2025.11.03.pdf,https://novenyvedoszer.nebih.gov.hu/Engedelykereso/DocumentHandler.ashx?documentId=348059217es348078906&documentName=Dominator+Extra+608+SL_m%c3%b3d_2025.11.03.pdf,verified point-4 dose recovered from shifted markdown column; source Dominator_Extra_608_SL__04.2-4156-1-2012__Dominator_Extra_608_SL_mód_2025.11.03.md line 396
Dominator Extra 608 SL,04.2/4156-1/2012,alapengedely,"Héjas gyümölcsűek (dió, mandula, mogyoró, gesztenye) (min. 3 éves)",Magról kelő egy- és kétszikű gyomok Évelő egy- és kétszikű gyomok,gyomirtó szer,"1,5-2,25 3,0-4,5",,,l/ha,,,"hajtásnövekedés kezdetéig, szüret után",,2,60,,Dominator Extra 608 SL_mód_2025.11.03.pdf,https://novenyvedoszer.nebih.gov.hu/Engedelykereso/DocumentHandler.ashx?documentId=348059217es348078906&documentName=Dominator+Extra+608+SL_m%c3%b3d_2025.11.03.pdf,verified point-4 dose recovered from shifted markdown column; source Dominator_Extra_608_SL__04.2-4156-1-2012__Dominator_Extra_608_SL_mód_2025.11.03.md line 397
Fozát 480,15721/2003,alapengedely,Nem mezőgazdasági területek*,Totális gyom- és cserjeirtás,gyomirtó szer,"5,0-6,0",,,l/ha,,,a gyomnövények intenzív növekedésekor,,2,60,,Fozát 480_mód_2025.11.03.pdf,https://novenyvedoszer.nebih.gov.hu/Engedelykereso/DocumentHandler.ashx?documentId=348059220es348078909&documentName=Foz%c3%a1t+480_m%c3%b3d_2025.11.03.pdf,verified point-4 dose recovered from shifted markdown column; source Fozát_480__15721-2003__Fozát_480_mód_2025.11.03.md line 260
Fozát 480,15721/2003,alapengedely,Közterületek**,Magról kelő egy- és kétszikű gyomok Évelő egy- és kétszikű gyomok,gyomirtó szer,"2,0-3,0 4,0-6,0",,,l/ha,,,a gyomnövények intenzív növekedésekor,,2,60,,Fozát 480_mód_2025.11.03.pdf,https://novenyvedoszer.nebih.gov.hu/Engedelykereso/DocumentHandler.ashx?documentId=348059220es348078909&documentName=Foz%c3%a1t+480_m%c3%b3d_2025.11.03.pdf,verified point-4 dose recovered from shifted markdown column; source Fozát_480__15721-2003__Fozát_480_mód_2025.11.03.md line 261
Fozát 480,15721/2003,alapengedely,"Legelő, gyep",Totális gyomirtás,gyomirtó szer,"4,0-6,0",,,l/ha,,,a gyep feltörését megelőzően,,2,60,,Fozát 480_mód_2025.11.03.pdf,https://novenyvedoszer.nebih.gov.hu/Engedelykereso/DocumentHandler.ashx?documentId=348059220es348078909&documentName=Foz%c3%a1t+480_m%c3%b3d_2025.11.03.pdf,verified point-4 dose recovered from shifted markdown column; source Fozát_480__15721-2003__Fozát_480_mód_2025.11.03.md line 262
Fozát 480,15721/2003,alapengedely,Erdészet fakitermelés után,Sarjhajtások,gyomirtó szer,"3,5% töménység- ben",,,% töménység ben,,,sarjhajtások ellen,,2,60,,Fozát 480_mód_2025.11.03.pdf,https://novenyvedoszer.nebih.gov.hu/Engedelykereso/DocumentHandler.ashx?documentId=348059220es348078909&documentName=Foz%c3%a1t+480_m%c3%b3d_2025.11.03.pdf,verified point-4 dose recovered from shifted markdown column; source Fozát_480__15721-2003__Fozát_480_mód_2025.11.03.md line 264
Fozát 480,15721/2003,alapengedely,Szőlő (min. 3 éves),Magról kelő egy- és kétszikű gyomok Évelő egy- és kétszikű gyomok,gyomirtó szer,"2,0-3,0 4,0-6,0",,,l/ha,,,"hajtásnövekedés kezdetéig, szüret után",,2,60,,Fozát 480_mód_2025.11.03.pdf,https://novenyvedoszer.nebih.gov.hu/Engedelykereso/DocumentHandler.ashx?documentId=348059220es348078909&documentName=Foz%c3%a1t+480_m%c3%b3d_2025.11.03.pdf,verified point-4 dose recovered from shifted markdown column; source Fozát_480__15721-2003__Fozát_480_mód_2025.11.03.md line 265
Fozát 480,15721/2003,alapengedely,Almatermésűek (min. 3 éves),Magról kelő egy- és kétszikű gyomok Évelő egy- és kétszikű gyomok,gyomirtó szer,"2,0-3,0 4,0-6,0",,,l/ha,,,"hajtásnövekedés kezdetéig, szüret után",,2,60,,Fozát 480_mód_2025.11.03.pdf,https://novenyvedoszer.nebih.gov.hu/Engedelykereso/DocumentHandler.ashx?documentId=348059220es348078909&documentName=Foz%c3%a1t+480_m%c3%b3d_2025.11.03.pdf,verified point-4 dose recovered from shifted markdown column; source Fozát_480__15721-2003__Fozát_480_mód_2025.11.03.md line 266
Fozát 480,15721/2003,alapengedely,Csonthéjasok (min. 3 éves),Magról kelő egy- és kétszikű gyomok Évelő egy- és kétszikű gyomok,gyomirtó szer,"2,0-3,0 4,0-6,0",,,l/ha,,,"hajtásnövekedés kezdetéig, szüret után",,2,60,,Fozát 480_mód_2025.11.03.pdf,https://novenyvedoszer.nebih.gov.hu/Engedelykereso/DocumentHandler.ashx?documentId=348059220es348078909&documentName=Foz%c3%a1t+480_m%c3%b3d_2025.11.03.pdf,verified point-4 dose recovered from shifted markdown column; source Fozát_480__15721-2003__Fozát_480_mód_2025.11.03.md line 366
Fozát 480,15721/2003,alapengedely,Héjas gyümölcsűek (min. 3 éves),Magról kelő egy- és kétszikű gyomok Évelő egy- és kétszikű gyomok,gyomirtó szer,"2,0-3,0 4,0-6,0",,,l/ha,,,"hajtásnövekedés kezdetéig, szüret után",,2,60,,Fozát 480_mód_2025.11.03.pdf,https://novenyvedoszer.nebih.gov.hu/Engedelykereso/DocumentHandler.ashx?documentId=348059220es348078909&documentName=Foz%c3%a1t+480_m%c3%b3d_2025.11.03.pdf,verified point-4 dose recovered from shifted markdown column; source Fozát_480__15721-2003__Fozát_480_mód_2025.11.03.md line 367
Glialka Star,02.5/117/1/2009,alapengedely,Nem mezőgazdasági területek *,Totális gyom- és cserjeirtás,gyomirtó szer,"5,0-6,0",,,l/ha,,,a gyomnövények intenzív növekedésekor,,2,60,,Glialka Star_mód_2025.11.05.pdf,https://novenyvedoszer.nebih.gov.hu/Engedelykereso/DocumentHandler.ashx?documentId=348059206es348042792&documentName=Glialka+Star_m%c3%b3d_2025.11.05.pdf,verified point-4 dose recovered from shifted markdown column; source Glialka_Star__02.5-117-1-2009__Glialka_Star_mód_2025.11.05.md line 243
Glialka Star,02.5/117/1/2009,alapengedely,Közterületek **,Magról kelő egy- és kétszikű gyomok Évelő egy- és kétszikű gyomok,gyomirtó szer,"2,0-3,0 4,0-6,0",,,l/ha,,,a gyomnövények intenzív növekedésekor,,2,60,,Glialka Star_mód_2025.11.05.pdf,https://novenyvedoszer.nebih.gov.hu/Engedelykereso/DocumentHandler.ashx?documentId=348059206es348042792&documentName=Glialka+Star_m%c3%b3d_2025.11.05.pdf,verified point-4 dose recovered from shifted markdown column; source Glialka_Star__02.5-117-1-2009__Glialka_Star_mód_2025.11.05.md line 244
Glialka Star,02.5/117/1/2009,alapengedely,"Legelő, gyep",Totális gyomirtás,gyomirtó szer,"4,0-6,0",,,l/ha,,,a gyep feltörését megelőzően,,2,60,,Glialka Star_mód_2025.11.05.pdf,https://novenyvedoszer.nebih.gov.hu/Engedelykereso/DocumentHandler.ashx?documentId=348059206es348042792&documentName=Glialka+Star_m%c3%b3d_2025.11.05.pdf,verified point-4 dose recovered from shifted markdown column; source Glialka_Star__02.5-117-1-2009__Glialka_Star_mód_2025.11.05.md line 245
Glialka Star,02.5/117/1/2009,alapengedely,Erdészet fakitermelés után,Sarjhajtások,gyomirtó szer,"3,5 % töménység- ben",,,% töménység ben,,,sarjhajtások ellen,,2,60,,Glialka Star_mód_2025.11.05.pdf,https://novenyvedoszer.nebih.gov.hu/Engedelykereso/DocumentHandler.ashx?documentId=348059206es348042792&documentName=Glialka+Star_m%c3%b3d_2025.11.05.pdf,verified point-4 dose recovered from shifted markdown column; source Glialka_Star__02.5-117-1-2009__Glialka_Star_mód_2025.11.05.md line 248
Glialka Star,02.5/117/1/2009,alapengedely,Szőlő (3 évesnél idősebb),Magról kelő egy- és kétszikű gyomok Évelő egy- és kétszikű gyomok,gyomirtó szer,"2,0-3,0 4,0-6,0",,,l/ha,,,"hajtásnövekedés kezdetéig, szüret után",,2,60,,Glialka Star_mód_2025.11.05.pdf,https://novenyvedoszer.nebih.gov.hu/Engedelykereso/DocumentHandler.ashx?documentId=348059206es348042792&documentName=Glialka+Star_m%c3%b3d_2025.11.05.pdf,verified point-4 dose recovered from shifted markdown column; source Glialka_Star__02.5-117-1-2009__Glialka_Star_mód_2025.11.05.md line 379
Glialka Star,02.5/117/1/2009,alapengedely,Almatermésűek (3 évesnél idősebb),Magról kelő egy- és kétszikű gyomok Évelő egy- és kétszikű gyomok,gyomirtó szer,"2,0-3,0 4,0-6,0",,,l/ha,,,"hajtásnövekedés kezdetéig, szüret után",,2,60,,Glialka Star_mód_2025.11.05.pdf,https://novenyvedoszer.nebih.gov.hu/Engedelykereso/DocumentHandler.ashx?documentId=348059206es348042792&documentName=Glialka+Star_m%c3%b3d_2025.11.05.pdf,verified point-4 dose recovered from shifted markdown column; source Glialka_Star__02.5-117-1-2009__Glialka_Star_mód_2025.11.05.md line 380
Glialka Star,02.5/117/1/2009,alapengedely,Csonthéjasok (3 évesnél idősebb),Magról kelő egy- és kétszikű gyomok Évelő egy- és kétszikű gyomok,gyomirtó szer,"2,0-3,0 4,0-6,0",,,l/ha,,,"hajtásnövekedés kezdetéig, szüret után",,2,60,,Glialka Star_mód_2025.11.05.pdf,https://novenyvedoszer.nebih.gov.hu/Engedelykereso/DocumentHandler.ashx?documentId=348059206es348042792&documentName=Glialka+Star_m%c3%b3d_2025.11.05.pdf,verified point-4 dose recovered from shifted markdown column; source Glialka_Star__02.5-117-1-2009__Glialka_Star_mód_2025.11.05.md line 381
Glialka Star,02.5/117/1/2009,alapengedely,Héjas gyümölcsűek (3 évesnél idősebb),Magról kelő egy- és kétszikű gyomok Évelő egy- és kétszikű gyomok,gyomirtó szer,"2,0-3,0 4,0-6,0",,,l/ha,,,"hajtásnövekedés kezdetéig, szüret után",,2,60,,Glialka Star_mód_2025.11.05.pdf,https://novenyvedoszer.nebih.gov.hu/Engedelykereso/DocumentHandler.ashx?documentId=348059206es348042792&documentName=Glialka+Star_m%c3%b3d_2025.11.05.pdf,verified point-4 dose recovered from shifted markdown column; source Glialka_Star__02.5-117-1-2009__Glialka_Star_mód_2025.11.05.md line 382
Marsh 480 SL,04.2/1633-1/2013,alapengedely,Nem mezőgazdasági területek *,Totális gyom- és cserjeirtás,gyomirtó szer,"4,0",,,l/ha,,,a gyomnövények intenzív növekedésekor,,2,60,,Marsh 480 SL_mód_2025.11.04.pdf,https://novenyvedoszer.nebih.gov.hu/Engedelykereso/DocumentHandler.ashx?documentId=348059222es348078911&documentName=Marsh+480+SL_m%c3%b3d_2025.11.04.pdf,verified point-4 dose recovered from shifted markdown column; source Marsh_480_SL__04.2-1633-1-2013__Marsh_480_SL_mód_2025.11.04.md line 253
Marsh 480 SL,04.2/1633-1/2013,alapengedely,Közterületek **,Magról kelő egy- és kétszikű gyomok Évelő egy- és kétszikű gyomok,gyomirtó szer,"2,0-3,0 4,0",,,l/ha,,,a gyomnövények intenzív növekedésekor,,2,60,,Marsh 480 SL_mód_2025.11.04.pdf,https://novenyvedoszer.nebih.gov.hu/Engedelykereso/DocumentHandler.ashx?documentId=348059222es348078911&documentName=Marsh+480+SL_m%c3%b3d_2025.11.04.pdf,verified point-4 dose recovered from shifted markdown column; source Marsh_480_SL__04.2-1633-1-2013__Marsh_480_SL_mód_2025.11.04.md line 254
Marsh 480 SL,04.2/1633-1/2013,alapengedely,"Erdészet luc-, erdei-, duglászfenyő (2 évesnél idősebb)",Totális gyom- és cserjeirtás,gyomirtó szer,"3,0-4,0",,,l/ha,,,2 évesnél idősebb telepítésekben,,2,60,,Marsh 480 SL_mód_2025.11.04.pdf,https://novenyvedoszer.nebih.gov.hu/Engedelykereso/DocumentHandler.ashx?documentId=348059222es348078911&documentName=Marsh+480+SL_m%c3%b3d_2025.11.04.pdf,verified point-4 dose recovered from shifted markdown column; source Marsh_480_SL__04.2-1633-1-2013__Marsh_480_SL_mód_2025.11.04.md line 257
Marsh 480 SL,04.2/1633-1/2013,alapengedely,Erdészet fakitermelés után,Sarjhajtások,gyomirtó szer,"3,5 % töménység -ben",,,% töménység ben,,,sarjhajtások ellen,,2,60,,Marsh 480 SL_mód_2025.11.04.pdf,https://novenyvedoszer.nebih.gov.hu/Engedelykereso/DocumentHandler.ashx?documentId=348059222es348078911&documentName=Marsh+480+SL_m%c3%b3d_2025.11.04.pdf,verified point-4 dose recovered from shifted markdown column; source Marsh_480_SL__04.2-1633-1-2013__Marsh_480_SL_mód_2025.11.04.md line 258
Marsh 480 SL,04.2/1633-1/2013,alapengedely,Szőlő (3 évesnél idősebb),Magról kelő egy- és kétszikű gyomok Évelő egy- és kétszikű gyomok,gyomirtó szer,"2,0-3,0 4,0",,,l/ha,,,"hajtásnövekedés kezdetéig, szüret után",,2,60,,Marsh 480 SL_mód_2025.11.04.pdf,https://novenyvedoszer.nebih.gov.hu/Engedelykereso/DocumentHandler.ashx?documentId=348059222es348078911&documentName=Marsh+480+SL_m%c3%b3d_2025.11.04.pdf,verified point-4 dose recovered from shifted markdown column; source Marsh_480_SL__04.2-1633-1-2013__Marsh_480_SL_mód_2025.11.04.md line 259
Marsh 480 SL,04.2/1633-1/2013,alapengedely,Almatermésűek (3 évesnél idősebb),Magról kelő egy- és kétszikű gyomok Évelő egy- és kétszikű gyomok,gyomirtó szer,"2,0-3,0 4,0",,,l/ha,,,"hajtásnövekedés kezdetéig, szüret után",,2,60,,Marsh 480 SL_mód_2025.11.04.pdf,https://novenyvedoszer.nebih.gov.hu/Engedelykereso/DocumentHandler.ashx?documentId=348059222es348078911&documentName=Marsh+480+SL_m%c3%b3d_2025.11.04.pdf,verified point-4 dose recovered from shifted markdown column; source Marsh_480_SL__04.2-1633-1-2013__Marsh_480_SL_mód_2025.11.04.md line 387
Marsh 480 SL,04.2/1633-1/2013,alapengedely,Csonthéjasok (3 évesnél idősebb),Magról kelő egy- és kétszikű gyomok Évelő egy- és kétszikű gyomok,gyomirtó szer,"2,0-3,0 4,0",,,l/ha,,,"hajtásnövekedés kezdetéig, szüret után",,2,60,,Marsh 480 SL_mód_2025.11.04.pdf,https://novenyvedoszer.nebih.gov.hu/Engedelykereso/DocumentHandler.ashx?documentId=348059222es348078911&documentName=Marsh+480+SL_m%c3%b3d_2025.11.04.pdf,verified point-4 dose recovered from shifted markdown column; source Marsh_480_SL__04.2-1633-1-2013__Marsh_480_SL_mód_2025.11.04.md line 388
Medallon Prémium (er.név: Medallon Premium),15990/2003,alapengedely,összes szántóföldi kultúra,magról kelő egy- és kétszikű gyomnövények évelő egy- és kétszikű gyomnövények,gyomirtó szer,"2,0-3,0 4,0-6,0",,,l/ha,,,magról kelő egy- és kétszikű gyomnövények évelő egy- és kétszikű gyomnövények,,1,,,Medallon Prémium hivatalból mód 2026.04.01.pdf,https://novenyvedoszer.nebih.gov.hu/Engedelykereso/DocumentHandler.ashx?documentId=348776891es348890156&documentName=Medallon+Pr%c3%a9mium+hivatalb%c3%b3l+m%c3%b3d+2026.04.01.pdf,verified point-4 dose recovered from shifted markdown column; source Medallon_Prémium_(er.név_Medallon_Premium)__15990-2003__Medallon_Prémium_hivatalból_mód_2026.04.01.md line 110
Medallon Prémium (er.név: Medallon Premium),15990/2003,alapengedely,tarló és művelés alatt nem álló mezőgazdasági területek,magról kelő egy- és kétszikű gyomnövények évelő egy- és kétszikű gyomnövények,gyomirtó szer,"2,0-3,0 4,0-6,0",,,l/ha,,,magról kelő egy- és kétszikű gyomnövények évelő egy- és kétszikű gyomnövények,,1,,,Medallon Prémium hivatalból mód 2026.04.01.pdf,https://novenyvedoszer.nebih.gov.hu/Engedelykereso/DocumentHandler.ashx?documentId=348776891es348890156&documentName=Medallon+Pr%c3%a9mium+hivatalb%c3%b3l+m%c3%b3d+2026.04.01.pdf,verified point-4 dose recovered from shifted markdown column; source Medallon_Prémium_(er.név_Medallon_Premium)__15990-2003__Medallon_Prémium_hivatalból_mód_2026.04.01.md line 111
Medallon Prémium (er.név: Medallon Premium),15990/2003,alapengedely,"szőlő (borszőlő, csemegeszőlő) (3 évesnél idősebb)",magról kelő egy- és kétszikű gyomnövények évelő egy- és kétszikű gyomnövények,gyomirtó szer,"2,0-3,0 4,0-6,0",,,l/ha,,,magról kelő egy- és kétszikű gyomnövények évelő egy- és kétszikű gyomnövények,,2,60,,Medallon Prémium hivatalból mód 2026.04.01.pdf,https://novenyvedoszer.nebih.gov.hu/Engedelykereso/DocumentHandler.ashx?documentId=348776891es348890156&documentName=Medallon+Pr%c3%a9mium+hivatalb%c3%b3l+m%c3%b3d+2026.04.01.pdf,verified point-4 dose recovered from shifted markdown column; source Medallon_Prémium_(er.név_Medallon_Premium)__15990-2003__Medallon_Prémium_hivatalból_mód_2026.04.01.md line 257
Medallon Prémium (er.név: Medallon Premium),15990/2003,alapengedely,"almatermésűek (alma, körte, birs, naspolya) (3 évesnél idősebb)",magról kelő egy- és kétszikű gyomnövények évelő egy- és kétszikű gyomnövények,gyomirtó szer,"2,0-3,0 4,0-6,0",,,l/ha,,,magról kelő egy- és kétszikű gyomnövények évelő egy- és kétszikű gyomnövények,,2,60,,Medallon Prémium hivatalból mód 2026.04.01.pdf,https://novenyvedoszer.nebih.gov.hu/Engedelykereso/DocumentHandler.ashx?documentId=348776891es348890156&documentName=Medallon+Pr%c3%a9mium+hivatalb%c3%b3l+m%c3%b3d+2026.04.01.pdf,verified point-4 dose recovered from shifted markdown column; source Medallon_Prémium_(er.név_Medallon_Premium)__15990-2003__Medallon_Prémium_hivatalból_mód_2026.04.01.md line 258
Medallon Prémium (er.név: Medallon Premium),15990/2003,alapengedely,"csonthéjasok (kajszibarack, őszibarack, nektarin, cseresznye, meggy, szilva, ringló) (3 évesnél idősebb)",magról kelő egy- és kétszikű gyomnövények évelő egy- és kétszikű gyomnövények,gyomirtó szer,"2,0-3,0 4,0-6,0",,,l/ha,,,magról kelő egy- és kétszikű gyomnövények évelő egy- és kétszikű gyomnövények,,2,60,,Medallon Prémium hivatalból mód 2026.04.01.pdf,https://novenyvedoszer.nebih.gov.hu/Engedelykereso/DocumentHandler.ashx?documentId=348776891es348890156&documentName=Medallon+Pr%c3%a9mium+hivatalb%c3%b3l+m%c3%b3d+2026.04.01.pdf,verified point-4 dose recovered from shifted markdown column; source Medallon_Prémium_(er.név_Medallon_Premium)__15990-2003__Medallon_Prémium_hivatalból_mód_2026.04.01.md line 259
Medallon Prémium (er.név: Medallon Premium),15990/2003,alapengedely,"héjas gyümölcsűek (dió, mandula, mogyoró, gesztenye) (3 évesnél idősebb)",magról kelő egy- és kétszikű gyomnövények évelő egy- és kétszikű gyomnövények,gyomirtó szer,"2,0-3,0 4,0-6,0",,,l/ha,,,magról kelő egy- és kétszikű gyomnövények évelő egy- és kétszikű gyomnövények,,2,60,,Medallon Prémium hivatalból mód 2026.04.01.pdf,https://novenyvedoszer.nebih.gov.hu/Engedelykereso/DocumentHandler.ashx?documentId=348776891es348890156&documentName=Medallon+Pr%c3%a9mium+hivatalb%c3%b3l+m%c3%b3d+2026.04.01.pdf,verified point-4 dose recovered from shifted markdown column; source Medallon_Prémium_(er.név_Medallon_Premium)__15990-2003__Medallon_Prémium_hivatalból_mód_2026.04.01.md line 260
Medallon Prémium (er.név: Medallon Premium),15990/2003,alapengedely,őszi búza,évelő egy- és kétszikű gyomnövények,gyomirtó szer,"4,0-6,0",,,l/ha,,,évelő egy- és kétszikű gyomnövények,,1,,,Medallon Prémium hivatalból mód 2026.04.01.pdf,https://novenyvedoszer.nebih.gov.hu/Engedelykereso/DocumentHandler.ashx?documentId=348776891es348890156&documentName=Medallon+Pr%c3%a9mium+hivatalb%c3%b3l+m%c3%b3d+2026.04.01.pdf,verified point-4 dose recovered from shifted markdown column; source Medallon_Prémium_(er.név_Medallon_Premium)__15990-2003__Medallon_Prémium_hivatalból_mód_2026.04.01.md line 261
Medallon Prémium (er.név: Medallon Premium),15990/2003,alapengedely,őszi és tavaszi árpa,évelő egy- és kétszikű gyomnövények,gyomirtó szer,"4,0-6,0",,,l/ha,,,évelő egy- és kétszikű gyomnövények,,1,,,Medallon Prémium hivatalból mód 2026.04.01.pdf,https://novenyvedoszer.nebih.gov.hu/Engedelykereso/DocumentHandler.ashx?documentId=348776891es348890156&documentName=Medallon+Pr%c3%a9mium+hivatalb%c3%b3l+m%c3%b3d+2026.04.01.pdf,verified point-4 dose recovered from shifted markdown column; source Medallon_Prémium_(er.név_Medallon_Premium)__15990-2003__Medallon_Prémium_hivatalból_mód_2026.04.01.md line 262
Medallon Prémium (er.név: Medallon Premium),15990/2003,alapengedely,őszi káposztarepce,magról kelő egy- és kétszikű gyomnövények évelő egy- és kétszikű gyomnövények,gyomirtó szer,"3,0-4,0",,,l/ha,,,magról kelő egy- és kétszikű gyomnövények évelő egy- és kétszikű gyomnövények,,1,,,Medallon Prémium hivatalból mód 2026.04.01.pdf,https://novenyvedoszer.nebih.gov.hu/Engedelykereso/DocumentHandler.ashx?documentId=348776891es348890156&documentName=Medallon+Pr%c3%a9mium+hivatalb%c3%b3l+m%c3%b3d+2026.04.01.pdf,verified point-4 dose recovered from shifted markdown column; source Medallon_Prémium_(er.név_Medallon_Premium)__15990-2003__Medallon_Prémium_hivatalból_mód_2026.04.01.md line 263
Roundup Dynamic,6700/2672-1/2023,alapengedely,Erdészet fakitermelés után,Sarjhajtások,gyomirtó szer,"2,5 % töménység ben",,,% töménység ben,,,sarjhajtások ellen,,2,60,,Roundup Dynamic_mód_20240918.pdf,https://novenyvedoszer.nebih.gov.hu/Engedelykereso/DocumentHandler.ashx?documentId=346034302es346033710&documentName=Roundup+Dynamic_m%c3%b3d_20240918.pdf,verified point-4 dose recovered from shifted markdown column; source Roundup_Dynamic__6700-2672-1-2023__Roundup_Dynamic_mód_20240918.md line 290
Roundup Dynamic,6700/2672-1/2023,alapengedely,Lucerna,Arankairtás,gyomirtó szer,"0,14-0,24 % 0,36-0,54",,,%,,,kaszálást követő 5-7 nap múlva,,2,60,,Roundup Dynamic_mód_20240918.pdf,https://novenyvedoszer.nebih.gov.hu/Engedelykereso/DocumentHandler.ashx?documentId=346034302es346033710&documentName=Roundup+Dynamic_m%c3%b3d_20240918.pdf,verified point-4 dose recovered from shifted markdown column; source Roundup_Dynamic__6700-2672-1-2023__Roundup_Dynamic_mód_20240918.md line 426
Roundup Mega,02.5/10493-1/2010,alapengedely,Erdészet fakitermelés után,Sarjhajtások,gyomirtó szer,"3,0%",,,%,,,sarjhajtások ellen,,2,60,,Roundup Mega_mód_2025.11.04.pdf,https://novenyvedoszer.nebih.gov.hu/Engedelykereso/DocumentHandler.ashx?documentId=348059225es348078914&documentName=Roundup+Mega_m%c3%b3d_2025.11.04.pdf,verified point-4 dose recovered from shifted markdown column; source Roundup_Mega__02.5-10493-1-2010__Roundup_Mega_mód_2025.11.04.md line 264
Roundup Mega,02.5/10493-1/2010,alapengedely,"Szőlő (bor-, csemege-) (min. 3 éves)",Magról kelő egy- és kétszikű gyomok Évelő egy- és kétszikű gyomok,gyomirtó szer,"1,5-2,5 3,0-4,0",,,l/ha,,,"hajtásnövekedés kezdetéig, szüret után",,2,60,,Roundup Mega_mód_2025.11.04.pdf,https://novenyvedoszer.nebih.gov.hu/Engedelykereso/DocumentHandler.ashx?documentId=348059225es348078914&documentName=Roundup+Mega_m%c3%b3d_2025.11.04.pdf,verified point-4 dose recovered from shifted markdown column; source Roundup_Mega__02.5-10493-1-2010__Roundup_Mega_mód_2025.11.04.md line 406
Roundup Mega,02.5/10493-1/2010,alapengedely,"Almatermésűek (alma, körte, birs, naspolya) (min. 3 éves)",Magról kelő egy- és kétszikű gyomok Évelő egy- és kétszikű gyomok,gyomirtó szer,"1,5-2,5 3,0-4,0",,,l/ha,,,"hajtásnövekedés kezdetéig, szüret után",,2,60,,Roundup Mega_mód_2025.11.04.pdf,https://novenyvedoszer.nebih.gov.hu/Engedelykereso/DocumentHandler.ashx?documentId=348059225es348078914&documentName=Roundup+Mega_m%c3%b3d_2025.11.04.pdf,verified point-4 dose recovered from shifted markdown column; source Roundup_Mega__02.5-10493-1-2010__Roundup_Mega_mód_2025.11.04.md line 407
Roundup Mega,02.5/10493-1/2010,alapengedely,"Csonthéjasok (cseresznye, meggy, őszibarack, nektarin, kajszi, ringló, szilva) (min. 3 éves)",Magról kelő egy- és kétszikű gyomok Évelő egy- és kétszikű gyomok,gyomirtó szer,"1,5-2,5 3,0-4,0",,,l/ha,,,"hajtásnövekedés kezdetéig, szüret után",,2,60,,Roundup Mega_mód_2025.11.04.pdf,https://novenyvedoszer.nebih.gov.hu/Engedelykereso/DocumentHandler.ashx?documentId=348059225es348078914&documentName=Roundup+Mega_m%c3%b3d_2025.11.04.pdf,verified point-4 dose recovered from shifted markdown column; source Roundup_Mega__02.5-10493-1-2010__Roundup_Mega_mód_2025.11.04.md line 408
Roundup Mega,02.5/10493-1/2010,alapengedely,"Héjas gyümölcsűek (dió, mandula, mogyoró, gesztenye) (min. 3 éves)",Magról kelő egy- és kétszikű gyomok Évelő egy- és kétszikű gyomok,gyomirtó szer,"1,5-2,5 3,0-4,0",,,l/ha,,,"hajtásnövekedés kezdetéig, szüret után",,2,60,,Roundup Mega_mód_2025.11.04.pdf,https://novenyvedoszer.nebih.gov.hu/Engedelykereso/DocumentHandler.ashx?documentId=348059225es348078914&documentName=Roundup+Mega_m%c3%b3d_2025.11.04.pdf,verified point-4 dose recovered from shifted markdown column; source Roundup_Mega__02.5-10493-1-2010__Roundup_Mega_mód_2025.11.04.md line 409
Roundup PowerMax,04.2/1098-1/2018,alapengedely,Erdészet fakitermelés,Sarjhajtások,gyomirtó szer,"1,75 % töménység- ben",,,% töménység ben,,,sarjhajtások ellen,,2,60,,Roundup Powermax_mód_2025.11.04.pdf,https://novenyvedoszer.nebih.gov.hu/Engedelykereso/DocumentHandler.ashx?documentId=348059226es348078915&documentName=Roundup+Powermax_m%c3%b3d_2025.11.04.pdf,verified point-4 dose recovered from shifted markdown column; source Roundup_PowerMax__04.2-1098-1-2018__Roundup_Powermax_mód_2025.11.04.md line 241
Taifun Forte,04.2/4885-1/2012,alapengedely,Nem mezőgazdasági területek *,Totális gyom- és cserjeirtás,gyomirtó szer,"5,0-6,0",,,l/ha,,,a gyomnövények intenzív növekedésekor,,2,60,,Taifun Forte mód 2026.02.10.pdf,https://novenyvedoszer.nebih.gov.hu/Engedelykereso/DocumentHandler.ashx?documentId=348529236es348520493&documentName=Taifun+Forte+m%c3%b3d+2026.02.10.pdf,verified point-4 dose recovered from shifted markdown column; source Taifun_Forte__04.2-4885-1-2012__Taifun_Forte_mód_2026.02.10.md line 287
Taifun Forte,04.2/4885-1/2012,alapengedely,"Erdészet luc-, erdei-, duglászfenyő (2 évesnél idősebb)",Totális gyom- és cserjeirtás,gyomirtó szer,"3,0-5,0",,,l/ha,,,2 évesnél idősebb telepítésekben,,2,60,,Taifun Forte mód 2026.02.10.pdf,https://novenyvedoszer.nebih.gov.hu/Engedelykereso/DocumentHandler.ashx?documentId=348529236es348520493&documentName=Taifun+Forte+m%c3%b3d+2026.02.10.pdf,verified point-4 dose recovered from shifted markdown column; source Taifun_Forte__04.2-4885-1-2012__Taifun_Forte_mód_2026.02.10.md line 290
Taifun Forte,04.2/4885-1/2012,alapengedely,Erdészet fakitermelés után,Sarjhajtások,gyomirtó szer,"3,5 % töménység- ben",,,% töménység ben,,,sarjhajtások ellen,,2,60,,Taifun Forte mód 2026.02.10.pdf,https://novenyvedoszer.nebih.gov.hu/Engedelykereso/DocumentHandler.ashx?documentId=348529236es348520493&documentName=Taifun+Forte+m%c3%b3d+2026.02.10.pdf,verified point-4 dose recovered from shifted markdown column; source Taifun_Forte__04.2-4885-1-2012__Taifun_Forte_mód_2026.02.10.md line 291
Taifun Forte,04.2/4885-1/2012,alapengedely,Szőlő (min. 3 éves),Magról kelő egy- és kétszikű gyomok Évelő egy- és kétszikű gyomok,gyomirtó szer,"2,0-3,0 4,0-6,0",,,l/ha,,,"hajtásnövekedés kezdetéig, szüret után",,2,60,,Taifun Forte mód 2026.02.10.pdf,https://novenyvedoszer.nebih.gov.hu/Engedelykereso/DocumentHandler.ashx?documentId=348529236es348520493&documentName=Taifun+Forte+m%c3%b3d+2026.02.10.pdf,verified point-4 dose recovered from shifted markdown column; source Taifun_Forte__04.2-4885-1-2012__Taifun_Forte_mód_2026.02.10.md line 292
Taifun Forte,04.2/4885-1/2012,alapengedely,Almatermésűek (min. 3 éves),Magról kelő egy- és kétszikű gyomok Évelő egy- és kétszikű gyomok,gyomirtó szer,"2,0-3,0 4,0-6,0",,,l/ha,,,"hajtásnövekedés kezdetéig, szüret után",,2,60,,Taifun Forte mód 2026.02.10.pdf,https://novenyvedoszer.nebih.gov.hu/Engedelykereso/DocumentHandler.ashx?documentId=348529236es348520493&documentName=Taifun+Forte+m%c3%b3d+2026.02.10.pdf,verified point-4 dose recovered from shifted markdown column; source Taifun_Forte__04.2-4885-1-2012__Taifun_Forte_mód_2026.02.10.md line 293
Taifun Forte,04.2/4885-1/2012,alapengedely,Csonthéjasok (min. 3 éves),Magról kelő egy- és kétszikű gyomok Évelő egy- és kétszikű gyomok,gyomirtó szer,"2,0-3,0 4,0-6,0",,,l/ha,,,"hajtásnövekedés kezdetéig, szüret után",,2,60,,Taifun Forte mód 2026.02.10.pdf,https://novenyvedoszer.nebih.gov.hu/Engedelykereso/DocumentHandler.ashx?documentId=348529236es348520493&documentName=Taifun+Forte+m%c3%b3d+2026.02.10.pdf,verified point-4 dose recovered from shifted markdown column; source Taifun_Forte__04.2-4885-1-2012__Taifun_Forte_mód_2026.02.10.md line 389
Taifun Forte,04.2/4885-1/2012,alapengedely,Héjas gyümölcsűek (min. 3 éves),Magról kelő egy- és kétszikű gyomok Évelő egy- és kétszikű gyomok,gyomirtó szer,"2,0-3,0 4,0-6,0",,,l/ha,,,"hajtásnövekedés kezdetéig, szüret után",,2,60,,Taifun Forte mód 2026.02.10.pdf,https://novenyvedoszer.nebih.gov.hu/Engedelykereso/DocumentHandler.ashx?documentId=348529236es348520493&documentName=Taifun+Forte+m%c3%b3d+2026.02.10.pdf,verified point-4 dose recovered from shifted markdown column; source Taifun_Forte__04.2-4885-1-2012__Taifun_Forte_mód_2026.02.10.md line 390
Delan SC,8360/76987-2/2025,alapengedely,borszőlő,peronoszpóra,gombaölő szer,"0,4 l/10000 m2 LFF* (max. 0,64 l/ha)",,,l/ha,15,15,ötleveles állapottól (BBCH 15) fürtzáródás végéig (BBCH 79),,4,7,,DelanSC_eng_20251125.pdf,https://novenyvedoszer.nebih.gov.hu/Engedelykereso/DocumentHandler.ashx?documentId=348142331es348148825&documentName=DelanSC_eng_20251125.pdf,verified special dose recovered verbatim from point 4; source Delan_SC__8360-76987-2-2025__DelanSC_eng_20251125.md line 135
Mevalone,8360/71578-1/2025,alapengedely,szőlő bor- és csemege,botrítiszes betegség (szürkepenész),gombaölő szer,"3,2 l/10000 m2 LFF* (max. 4,0 l/ha)",,,l/ha,70,70,bogyófejlődés kezdetétől (BBCH 70) fogyasztásra érettségig (BBCH 89),,4,7,,Mevalone_eng_20250724.pdf,https://novenyvedoszer.nebih.gov.hu/Engedelykereso/DocumentHandler.ashx?documentId=347735106es347682149&documentName=Mevalone_eng_20250724.pdf,verified special dose recovered verbatim from point 4; source Mevalone__8360-71578-1-2025__Mevalone_eng_20250724.md line 135
Orondis Evo,6700/0043441-2/2024,alapengedely,komló,peronoszpóra,gombaölő szer,"0,5 l/10000 m2 LFF* (max. 1,0 l/ha)",,,l/ha,21,21,az első oldalhajtás pár megjelenésétől (BBCH 21) teljes érésig (BBCH 89),,2,12,,OrondisEvo_mod_20251015.pdf,https://novenyvedoszer.nebih.gov.hu/Engedelykereso/DocumentHandler.ashx?documentId=347992855es347966636&documentName=OrondisEvo_mod_20251015.pdf,verified special dose recovered verbatim from point 4; source Orondis_Evo__6700-0043441-2-2024__OrondisEvo_mod_20251015.md line 402
Problad,6700/0098718-1/2024,alapengedely,"paradicsom, tojásgyümölcs hajtatott","botrítiszes betegség (szürkepenész), lisztharmat",gombaölő szer,"1,3 l/10000 m2 LFF* (max. 3.2 l/ha)",,,l/ha,20,20,oldalhajtások képződésének kezdetétől (BBCH 20) teljes érésig (BBCH 89),,6,7,,Problad_eng_2024113.pdf,https://novenyvedoszer.nebih.gov.hu/Engedelykereso/DocumentHandler.ashx?documentId=346208224es346208529&documentName=Problad_eng_2024113.pdf,verified special dose recovered verbatim from point 4; source Problad__6700-0098718-1-2024__Problad_eng_2024113.md line 171
Problad,6700/0098718-1/2024,alapengedely,paprika hajtatott,"botrítiszes betegség (szürkepenész), lisztharmat",gombaölő szer,"1,3 l/10000 m2 LFF* (max. 3.2 l/ha)",,,l/ha,20,20,oldalhajtások képződésének kezdetétől (BBCH 20) teljes érésig (BBCH 89),,6,7,,Problad_eng_2024113.pdf,https://novenyvedoszer.nebih.gov.hu/Engedelykereso/DocumentHandler.ashx?documentId=346208224es346208529&documentName=Problad_eng_2024113.pdf,verified special dose recovered verbatim from point 4; source Problad__6700-0098718-1-2024__Problad_eng_2024113.md line 296
Problad,6700/0098718-1/2024,alapengedely,"uborka, sárgadinnye (támrendszeres) hajtatott","botrítiszes betegség (szürkepenész), lisztharmat",gombaölő szer,"1,3 l/10000 m2 LFF* (max. 3.2 l/ha)",,,l/ha,20,20,oldalhajtások képződésének kezdetétől (BBCH 20) teljes érésig (BBCH 89),,6,7,,Problad_eng_2024113.pdf,https://novenyvedoszer.nebih.gov.hu/Engedelykereso/DocumentHandler.ashx?documentId=346208224es346208529&documentName=Problad_eng_2024113.pdf,verified special dose recovered verbatim from point 4; source Problad__6700-0098718-1-2024__Problad_eng_2024113.md line 297
Recudo,8360/43704-2/2025,alapengedely,szőlő bor- és csemege,peronoszpóra,gombaölő szer,"1,0 l/10000 m2 LFF* (max. 1,5 l/ha)",,,l/ha,15,15,az ötödik levél kiterülésétől (BBCH 15) zsendülésig (BBCH 85),,14,5,,Recudo_eng_20251124.pdf,https://novenyvedoszer.nebih.gov.hu/Engedelykereso/DocumentHandler.ashx?documentId=348142308es348078948&documentName=Recudo_eng_20251124.pdf,verified special dose recovered verbatim from point 4; source Recudo__8360-43704-2-2025__Recudo_eng_20251124.md line 139
Scala,02.5/11108-2/2010,alapengedely,"alma, körte, birs, naspolya",varasodás,gombaölő szer,"1,0 l/10000 m2 LFF* (max. 1,5 l/ha)",,,l/ha,10,10,egérfüles állapottól (BBCH 10) sziromhullás végéig (BBCH 69),,4,14,,Scala_mod_20260511.pdf,https://novenyvedoszer.nebih.gov.hu/Engedelykereso/DocumentHandler.ashx?documentId=350182020es350111999&documentName=Scala_mod_20260511.pdf,verified special dose recovered verbatim from point 4; source Scala__02.5-11108-2-2010__Scala_mod_20260511.md line 305
Scala,02.5/11108-2/2010,alapengedely,"őszibarack, nektarin, kajszi, szilva, cseresznye, meggy","moníliás virág- és hajtáspusztulás, moníliás termésrothadás",gombaölő szer,"1,0 l/10000 m2 LFF* (max. 1,5 l/ha)",,,l/ha,55,55,virágrügyek megjelenésétől (BBCH 55) fogyasztásra érettségig (BBCH 89),,2,7,,Scala_mod_20260511.pdf,https://novenyvedoszer.nebih.gov.hu/Engedelykereso/DocumentHandler.ashx?documentId=350182020es350111999&documentName=Scala_mod_20260511.pdf,verified special dose recovered verbatim from point 4; source Scala__02.5-11108-2-2010__Scala_mod_20260511.md line 307
Sercadis,04.2/8496-1/2016,alapengedely,"cseresznye, meggy, szilva, kajszibarack, őszibarack, nektarin","moníliás virág- és hajtáspusztulás, moníliás termésrothadás",gombaölő szer,"0,2 l/10000 m2 LFF* (max. 0,3 l/ha)",,,l/ha,57,57,piros/fehérbimbó s állapottól (BBCH 57) fogyasztásra érett állapotig (BBCH 89),,2,7,,Sercadis_mod_20250205.pdf,https://novenyvedoszer.nebih.gov.hu/Engedelykereso/DocumentHandler.ashx?documentId=346545558es346495050&documentName=Sercadis_mod_20250205.pdf,verified special dose recovered verbatim from point 4; source Sercadis__04.2-8496-1-2016__Sercadis_mod_20250205.md line 345
Upside,8360/46599-1/2025,alapengedely,szőlő bor- és csemege,peronoszpóra,gombaölő szer,"2,5 l/10000 m2 LFF* (max. 4,0 l/ha)",,,l/ m LFF*,13,13,harmadik levél kiterülésétől (BBCH 13) fürtzáródás végéig (BBCH 79),,8,7,,Upside_mód_20260324.pdf,https://novenyvedoszer.nebih.gov.hu/Engedelykereso/DocumentHandler.ashx?documentId=348776870es348775781&documentName=Upside_m%c3%b3d_20260324.pdf,verified special dose recovered verbatim from point 4; source Upside__8360-46599-1-2025__Upside_mód_20260324.md line 87
Banjo,6300/1691-1/2021,alapengedely,"lágyszárú dísznövények, fás szárú dísznövények szabadföldi és hajtatott","peronoszpóra, fitoftórás betegség",gombaölő szer,"0,04%",,,l/ha,,,n.k.*,,3,7,,Banjo_mod_20260505.pdf,https://novenyvedoszer.nebih.gov.hu/Engedelykereso/DocumentHandler.ashx?documentId=350182026es350186805&documentName=Banjo_mod_20260505.pdf,verified special dose recovered verbatim from point 4; source Banjo__6300-1691-1-2021__Banjo_mod_20260505.md line 226
Fytosave,6700/0024165-1/2024,alapengedely,"lágyszárú dísznövények, fásszárú dísznövények szabadföldi és hajtatott",lisztharmat,gombaölő szer,"0,25%",,,l/ha,,,n.k.,,8,7,,Fytosave_eng_20240305.pdf,https://novenyvedoszer.nebih.gov.hu/Engedelykereso/DocumentHandler.ashx?documentId=344905281es344945572&documentName=Fytosave_eng_20240305.pdf,verified special dose recovered verbatim from point 4; source Fytosave__6700-0024165-1-2024__Fytosave_eng_20240305.md line 382
Scala,02.5/11108-2/2010,alapengedely,paradicsom hajtatott,botrítiszes betegség (szürkepenész),gombaölő szer,"0,1%",,,l/ha,51,51,első virágbimbó megjelenésétől (BBCH 51) teljes érésig (BBCH 89),,2,7,,Scala_mod_20260511.pdf,https://novenyvedoszer.nebih.gov.hu/Engedelykereso/DocumentHandler.ashx?documentId=350182020es350111999&documentName=Scala_mod_20260511.pdf,verified special dose recovered verbatim from point 4; source Scala__02.5-11108-2-2010__Scala_mod_20260511.md line 412
Scala,02.5/11108-2/2010,alapengedely,"uborka, cukkíni, sütőtök, spárgatök, patisszon, lopótök hajtatott",botrítiszes betegség (szürkepenész),gombaölő szer,"0,1-0,167%",,,l/ha,61,61,első virágok nyílásától (BBCH 61) teljes érésig (BBCH 89),,3,10,,Scala_mod_20260511.pdf,https://novenyvedoszer.nebih.gov.hu/Engedelykereso/DocumentHandler.ashx?documentId=350182020es350111999&documentName=Scala_mod_20260511.pdf,verified special dose recovered verbatim from point 4; source Scala__02.5-11108-2-2010__Scala_mod_20260511.md line 413
Thiopron,6700/0055608-1/2024,alapengedely,komló,lisztharmat,gombaölő szer,"0,25%",,,l/ha,31,31,a támrendszer 10%-nak elérésétől (BBCH 31) 70%-os érésig (BBCH 49),,4,7,,Thiopron_mód_20251124.pdf,https://novenyvedoszer.nebih.gov.hu/Engedelykereso/DocumentHandler.ashx?documentId=348142307es348078947&documentName=Thiopron_m%c3%b3d_20251124.pdf,verified special dose recovered verbatim from point 4; source Thiopron__6700-0055608-1-2024__Thiopron_mód_20251124.md line 392
Thiopron,6700/0055608-1/2024,alapengedely,"lágyszárú dísznövények, fásszárú dísznövények szabadföldi és hajtatott",lisztharmat,gombaölő szer,"0,33%",,,l/ha,16,16,6 leveles állapottól (BBCH 16) bimbófejlődés végéig (BBCH 59),,12,7,,Thiopron_mód_20251124.pdf,https://novenyvedoszer.nebih.gov.hu/Engedelykereso/DocumentHandler.ashx?documentId=348142307es348078947&documentName=Thiopron_m%c3%b3d_20251124.pdf,verified special dose recovered verbatim from point 4; source Thiopron__6700-0055608-1-2024__Thiopron_mód_20251124.md line 444
Folicur Solo,24052/1997,alapengedely,alma,"lisztharmat, varasodás",gombaölő szer,"0,5*",,,l/ha,,,5,,4,14,,FolicurSolo_mód_p_20220914.pdf,https://novenyvedoszer.nebih.gov.hu/Engedelykereso/DocumentHandler.ashx?documentId=328520936es328507592&documentName=FolicurSolo_m%c3%b3d_p_20220914.pdf,verified special dose recovered verbatim from point 4; source Folicur_Solo__24052-1997__FolicurSolo_mód_p_20220914.md line 378
Sacron WG,04.2/3785-1/2015,alapengedely,burgonya,burgonyavész,gombaölő szer,"0,22*",,,l/ha,21,21,első oldalhajtás megjelenésétől BBCH 21 Levélbarnulásig BBCH 95,,4,7,,Sacron_WG_mod_20250814publikus.pdf,https://novenyvedoszer.nebih.gov.hu/Engedelykereso/DocumentHandler.ashx?documentId=347759271es347775565&documentName=Sacron_WG_mod_20250814publikus.pdf,verified special dose recovered verbatim from point 4; source Sacron_WG__04.2-3785-1-2015__Sacron_WG_mod_20250814publikus.md line 196
Sivanto Prime,6300/368-1/2019,alapengedely,körte,körte- levélbolha,rovarölő szer,90%,,,l/ha,10,79,egérfüles állapot – 90%-os gyümölcsméret (BBCH 10-79),,1,,,Sivanto Prime_mod_75387_2_20251114_publikus.pdf,https://novenyvedoszer.nebih.gov.hu/Engedelykereso/DocumentHandler.ashx?documentId=348059236es348078925&documentName=Sivanto+Prime_mod_75387_2_20251114_publikus.pdf,verified special dose recovered verbatim from point 4; source Sivanto_Prime__6300-368-1-2019__Sivanto_Prime_mod_75387_2_20251114_publikus.md line 162
Sivanto Prime,6300/368-1/2019,alapengedely,"cseresznye, meggy",cseresznyelégy fajok,rovarölő szer,"0,9*",,,l/ha,69,85,teljes sziromhullás – fogyasztásra érettség (BBCH 69-85),,1,‒,,Sivanto Prime_mod_75387_2_20251114_publikus.pdf,https://novenyvedoszer.nebih.gov.hu/Engedelykereso/DocumentHandler.ashx?documentId=348059236es348078925&documentName=Sivanto+Prime_mod_75387_2_20251114_publikus.pdf,verified special dose recovered verbatim from point 4; source Sivanto_Prime__6300-368-1-2019__Sivanto_Prime_mod_75387_2_20251114_publikus.md line 272
Sivanto Prime,6300/368-1/2019,alapengedely,"szilva, kökényszilva","poloskaszagú szilvadarazsak, mandula- magdarázs",rovarölő szer,"0,9*",,,l/ha,69,85,teljes sziromhullás – fogyasztásra érettség (BBCH 69-85),,1,‒,,Sivanto Prime_mod_75387_2_20251114_publikus.pdf,https://novenyvedoszer.nebih.gov.hu/Engedelykereso/DocumentHandler.ashx?documentId=348059236es348078925&documentName=Sivanto+Prime_mod_75387_2_20251114_publikus.pdf,verified special dose recovered verbatim from point 4; source Sivanto_Prime__6300-368-1-2019__Sivanto_Prime_mod_75387_2_20251114_publikus.md line 274
Raptol HP,6700/0012084-2/2024,alapengedely,paradicsom (hajtatott),levéltetvek,rovarölő szer,"0,6 l/10000 m2 lombfelület (maximum 1,2 l/ha",,,l/ m lombfelület,18,89,8 leveles állapot ‒ teljes érés (BBCH 18-89),,2,5,,Raptol HP_eng_0012084_2_20241119_publikus.pdf,https://novenyvedoszer.nebih.gov.hu/Engedelykereso/DocumentHandler.ashx?documentId=346291232es346268493&documentName=Raptol+HP_eng_0012084_2_20241119_publikus.pdf,verified special dose recovered verbatim from point 4; source Raptol_HP__6700-0012084-2-2024__Raptol_HP_eng_0012084_2_20241119_publikus.md line 222
Raptol HP,6700/0012084-2/2024,alapengedely,spárga (szabadföldi),"spárgabogarak, spárgapille",rovarölő szer,"0,6 l/10000 m2 lombfelület (maximum 1,2 l/ha",,,l/ m lombfelület,03,34,"kihajtás megindulása, spárgasípok megjelenése ‒ 4 látható szárköz (BBCH 03-34)",,2,5,,Raptol HP_eng_0012084_2_20241119_publikus.pdf,https://novenyvedoszer.nebih.gov.hu/Engedelykereso/DocumentHandler.ashx?documentId=346291232es346268493&documentName=Raptol+HP_eng_0012084_2_20241119_publikus.pdf,verified special dose recovered verbatim from point 4; source Raptol_HP__6700-0012084-2-2024__Raptol_HP_eng_0012084_2_20241119_publikus.md line 434
Raptol HP,6700/0012084-2/2024,alapengedely,alma,bimbólikasztó bogár,rovarölő szer,"0,46 l/10000 m2 lombfelület (maximum 1,38 l/ha",,,l/ m lomb felület,03,10,levélrügy- duzzadás vége ‒ egérfüles állapot (BBCH 03-10),,2,5,,Raptol HP_eng_0012084_2_20241119_publikus.pdf,https://novenyvedoszer.nebih.gov.hu/Engedelykereso/DocumentHandler.ashx?documentId=346291232es346268493&documentName=Raptol+HP_eng_0012084_2_20241119_publikus.pdf,verified special dose recovered verbatim from point 4; source Raptol_HP__6700-0012084-2-2024__Raptol_HP_eng_0012084_2_20241119_publikus.md line 691
Raptol HP,6700/0012084-2/2024,alapengedely,cseresznye,levéltetvek,rovarölő szer,"0,7 l/10000 m2 lombfelület (maximum 2,1 l/ha",,,l/ m lombfelület,59,89,sziromlabda állapot ‒ fogyasztásra érettség (BBCH 59-89),,2,5,,Raptol HP_eng_0012084_2_20241119_publikus.pdf,https://novenyvedoszer.nebih.gov.hu/Engedelykereso/DocumentHandler.ashx?documentId=346291232es346268493&documentName=Raptol+HP_eng_0012084_2_20241119_publikus.pdf,verified special dose recovered verbatim from point 4; source Raptol_HP__6700-0012084-2-2024__Raptol_HP_eng_0012084_2_20241119_publikus.md line 693
Raptol HP,6700/0012084-2/2024,alapengedely,"málna, szeder, szedermálna, köszméte, piros ribiszke, fekete ribiszke, josta, fekete bodza","levéltetvek, levéldarazsak, lombrágó hernyók (kivéve aknázómolyok)",rovarölő szer,"1,0 l/10000 m2 lombfelület (maximum 1,05 l/ha",,,l/ m lomb felület,11,81,levélkiterülés kezdete ‒ érés kezdete (BBCH 11-81),,2,7,,Raptol HP_eng_0012084_2_20241119_publikus.pdf,https://novenyvedoszer.nebih.gov.hu/Engedelykereso/DocumentHandler.ashx?documentId=346291232es346268493&documentName=Raptol+HP_eng_0012084_2_20241119_publikus.pdf,verified special dose recovered verbatim from point 4; source Raptol_HP__6700-0012084-2-2024__Raptol_HP_eng_0012084_2_20241119_publikus.md line 695
Betanal Tandem (er.név: Magic Tandem),04.2/433-1/2017,alapengedely,"cukorrépa, takarmányrépa",magról kelő kétszikű gyomnövények,gyomirtó szer,"osztott kezelés formájában: 1. kezelés: 1,5-2,0 l/ha 2. kezelés: 1,5-2,0 l/ha",,,l/ha,12,18,preemergensen alapkezelt répában: 2 leveles állapottól 8 leveles állapotig (BBCH 12-18),,2,7-10 nap,,Betanal Tandem_mód_2026.05.21.pdf,https://novenyvedoszer.nebih.gov.hu/Engedelykereso/DocumentHandler.ashx?documentId=350182038es350186819&documentName=Betanal+Tandem_m%c3%b3d_2026.05.21.pdf,verified special dose recovered verbatim from point 4; source Betanal_Tandem_(er.név_Magic_Tandem)__04.2-433-1-2017__Betanal_Tandem_mód_2026.05.21.md line 243
Betanal Tandem (er.név: Magic Tandem),04.2/433-1/2017,alapengedely,"cukorrépa, takarmányrépa",magról kelő kétszikű gyomnövények,gyomirtó szer,"osztott kezelés formájában: 1. kezelés: 1,25 l/ha 2. kezelés: 1,5 l/ha 3. kezelés: 1,5 l/ha",,,l/ha,10,18,csak posztemergens technológia: szikleveles fejlettségtől 8 leveles állapotig (BBCH 10-18),,3,7-10 nap,,Betanal Tandem_mód_2026.05.21.pdf,https://novenyvedoszer.nebih.gov.hu/Engedelykereso/DocumentHandler.ashx?documentId=350182038es350186819&documentName=Betanal+Tandem_m%c3%b3d_2026.05.21.pdf,verified special dose recovered verbatim from point 4; source Betanal_Tandem_(er.név_Magic_Tandem)__04.2-433-1-2017__Betanal_Tandem_mód_2026.05.21.md line 244
Betanal Tandem (er.név: Magic Tandem),04.2/433-1/2017,alapengedely,cékla,magról kelő kétszikű gyomnövények,gyomirtó szer,"osztott kezelés formájában: 1. kezelés: 1,25 l/ha 2. kezelés: 1,5 l/ha 3. kezelés: 1,5 l/ha",,,l/ha,10,18,szikleveles fejlettségtől 8 leveles állapotig (BBCH 10-18),,3,7-10 nap,,Betanal Tandem_mód_2026.05.21.pdf,https://novenyvedoszer.nebih.gov.hu/Engedelykereso/DocumentHandler.ashx?documentId=350182038es350186819&documentName=Betanal+Tandem_m%c3%b3d_2026.05.21.pdf,verified special dose recovered verbatim from point 4; source Betanal_Tandem_(er.név_Magic_Tandem)__04.2-433-1-2017__Betanal_Tandem_mód_2026.05.21.md line 318
Bettix SC,6300/13506-1/2019,alapengedely,cukorrépa,magról kelő kétszikű gyomnövények,gyomirtó szer,"osztott kezelés formájában: 1. kezelés: 1,6 l/ha 2. kezelés: 1,7 l/ha 3. kezelés: 1,7 l/ha",,,l/ha,10,18,szikleveles fejlettségtől 8 leveles állapotig posztemergensen (BBCH 10-18),,3,6-14 nap,,Bettix SC_mód_20240325.pdf,https://novenyvedoszer.nebih.gov.hu/Engedelykereso/DocumentHandler.ashx?documentId=345058281es345063430&documentName=Bettix+SC_m%c3%b3d_20240325.pdf,verified special dose recovered verbatim from point 4; source Bettix_SC__6300-13506-1-2019__Bettix_SC_mód_20240325.md line 215
Finex 700 SC,6700/25-1/2023,alapengedely,"cukorrépa, takarmányrépa",magról kelő kétszikű gyomnövények,gyomirtó szer,"osztott kezelés formájában: 1. kezelés: 2,0 l/ha 2. kezelés: 1,5 l/ha 3. kezelés: 1,5 l/ha",,,l/ha,00,18,"vetés után, kelés előtt (preemergensen), valamint kelés után (posztemergensen) szikleveles fejlettségtől 8 leveles állapotig (BBCH 00-18)",,3,6-14,,Finex_700_SC_mod_20250818publikus.pdf,https://novenyvedoszer.nebih.gov.hu/Engedelykereso/DocumentHandler.ashx?documentId=347800706es347801056&documentName=Finex_700_SC_mod_20250818publikus.pdf,verified special dose recovered verbatim from point 4; source Finex_700_SC__6700-25-1-2023__Finex_700_SC_mod_20250818publikus.md line 228
Goltix Gold,6300/1206-1/2020,alapengedely,"cukorrépa, takarmányrépa",magról kelő kétszikű gyomnövények,gyomirtó szer,"osztott kezelés formájában: 1. kezelés: 1,0 l/ha 2. kezelés: 2,0 l/ha 3. kezelés: 2,0 l/ha",,,l/ha,10,18,szikleveles fejlettségtől 8 leveles állapotig (BBCH 10-18),,3,7-14 nap,,Goltix_Gold_mod_20250317publikus.pdf,https://novenyvedoszer.nebih.gov.hu/Engedelykereso/DocumentHandler.ashx?documentId=346682974es346683283&documentName=Goltix_Gold_mod_20250317publikus.pdf,verified special dose recovered verbatim from point 4; source Goltix_Gold__6300-1206-1-2020__Goltix_Gold_mod_20250317publikus.md line 215
Goltix Titan,04.2/4287-1/2017,alapengedely,Cukorrépa,magról kelő kétszikű gyomnövények,gyomirtó szer,"osztott kezelés formájában: 1. kezelés: 2,0 l/ha 2. kezelés: 2,0 l/ha 3. kezelés: 2,0 l/ha",,,l/ha,10,18,kelés után szikleveles fejlettségtől 8 leveles állapotig (BBCH 10-18),,3,5-10 nap,,Goltix Titan mod 2022.12.12 publikus.pdf,https://novenyvedoszer.nebih.gov.hu/Engedelykereso/DocumentHandler.ashx?documentId=329007181es329001398&documentName=Goltix+Titan+mod+2022.12.12+publikus.pdf,verified special dose recovered verbatim from point 4; source Goltix_Titan__04.2-4287-1-2017__Goltix_Titan_mod_2022.12.12_publikus.md line 219
Mitron 700 SC,6300/13368-1/2019,alapengedely,Cukorrépa,magról kelő kétszikű gyomnövények,gyomirtó szer,"osztott kezelés formájában: 1. kezelés: 1,0 l/ha 2. kezelés: 2,0 l/ha 3. kezelés: 2,0 l/ha",,,l/ha,10,18,szikleveles fejlettségtől 8 leveles állapotig (BBCH 10-18),,3,6-14 nap,,Mitron 700 SC_mód_20240326.pdf,https://novenyvedoszer.nebih.gov.hu/Engedelykereso/DocumentHandler.ashx?documentId=345058288es345063437&documentName=Mitron+700+SC_m%c3%b3d_20240326.pdf,verified special dose recovered verbatim from point 4; source Mitron_700_SC__6300-13368-1-2019__Mitron_700_SC_mód_20240326.md line 210
Vextamitron,6300/1150-1/2021,alapengedely,"cukorrépa, takarmányrépa",magról kelő kétszikű gyomnövények,gyomirtó szer,"osztott kezelés formájában: 1. kezelés: 2,0 l/ha 2. kezelés: 1,5 l/ha 3. kezelés: 1,5 l/ha",,,l/ha,00,18,"vetés után, kelés előtt (preemergensen), valamint kelés után (posztemergensen) szikleveles fejlettségtől 8 leveles állapotig (BBCH 00-18)",,3,7,,Vextamitron 700 SC mód 2026.03.25.pdf,https://novenyvedoszer.nebih.gov.hu/Engedelykereso/DocumentHandler.ashx?documentId=348776854es348775763&documentName=Vextamitron+700+SC+m%c3%b3d+2026.03.25.pdf,verified special dose recovered verbatim from point 4; source Vextamitron__6300-1150-1-2021__Vextamitron_700_SC_mód_2026.03.25.md line 231
Lalstop G46 WG,8360/41958-1/2025,alapengedely,szőlő bor és csemege,botrítiszes betegség (szürkepenész),gombaölő szer,"0,17 kg/10000m2 LFF* (max. 0,2 kg/ha)",,,l/ha,67,67,70%-os virágzástól (BBCH 67) fogyasztásra érettségig (BBCH 89),,4,6,,LalstopG46WG_eng_20250429.pdf,https://novenyvedoszer.nebih.gov.hu/Engedelykereso/DocumentHandler.ashx?documentId=346901084es346927907&documentName=LalstopG46WG_eng_20250429.pdf,verified special dose recovered verbatim from point 4; source Lalstop_G46_WG__8360-41958-1-2025__LalstopG46WG_eng_20250429.md line 142
Vitisan SP,6300/39-1/2021,alapengedely,szőlő bor- és csemege,lisztharmat,gombaölő szer,"7,5 kg/10000m2 LFF* (max. 12,0 kg/ha)",,,l/ha,12,12,a második levél kiterülésétől (BBCH 12) zsendülésig (BBCH 85),,6,3,,Vitisan SP megújítás_51185-1_2025.06.17_publikus.pdf,https://novenyvedoszer.nebih.gov.hu/Engedelykereso/DocumentHandler.ashx?documentId=347596429es347604164&documentName=Vitisan+SP+meg%c3%baj%c3%adt%c3%a1s_51185-1_2025.06.17_publikus.pdf,verified special dose recovered verbatim from point 4; source Vitisan_SP__6300-39-1-2021__Vitisan_SP_megújítás_51185-1_2025.06.17_publikus.md line 152
Vitisan SP,6300/39-1/2021,alapengedely,alma,"varasodás, lisztharmat",gombaölő szer,"4,2 kg/10000m2 LFF* (max. 7,5 kg/ha)",,,l/ha,10,10,egérfüles állapottól (BBCH 10) fajtára jellemző gyümölcsszín kialakulásáig (BBCH 85),,6,3,,Vitisan SP megújítás_51185-1_2025.06.17_publikus.pdf,https://novenyvedoszer.nebih.gov.hu/Engedelykereso/DocumentHandler.ashx?documentId=347596429es347604164&documentName=Vitisan+SP+meg%c3%baj%c3%adt%c3%a1s_51185-1_2025.06.17_publikus.pdf,verified special dose recovered verbatim from point 4; source Vitisan_SP__6300-39-1-2021__Vitisan_SP_megújítás_51185-1_2025.06.17_publikus.md line 153
Cuprozin Progress,6300/776-1/2019,alapengedely,"Alma- termésűek (alma, körte, birs, naspolya)",ventúriás varasodások,gombaölő szer,"0,5 – 0,25 l/ha/m lombkorona",,,max l/ha/m lombkor ona,03,03,levélrügy duzzadás vége (rügypattanás előtt közvetlenül) (BBCH 03) – sziromlabda állapot (BBCH 59),,8,14,,Cuprozin Progress_mód_20240220.pdf,https://novenyvedoszer.nebih.gov.hu/Engedelykereso/DocumentHandler.ashx?documentId=344859768es344860272&documentName=Cuprozin+Progress_m%c3%b3d_20240220.pdf,verified special dose recovered verbatim from point 4; source Cuprozin_Progress__6300-776-1-2019__Cuprozin_Progress_mód_20240220.md line 278
Cuprozin Progress,6300/776-1/2019,alapengedely,"Alma- termésűek (alma, körte, birs, naspolya)",gombás és baktériumos ágelhalás,gombaölő szer,"1,0 l/ha/m lombkorona",,,max l/ha/m lombkor ona,90,90,betakarítás után (BBCH 90) - teljes lombhullás (nyugalmi állapot) (BBCH 97),,8,21,,Cuprozin Progress_mód_20240220.pdf,https://novenyvedoszer.nebih.gov.hu/Engedelykereso/DocumentHandler.ashx?documentId=344859768es344860272&documentName=Cuprozin+Progress_m%c3%b3d_20240220.pdf,verified special dose recovered verbatim from point 4; source Cuprozin_Progress__6300-776-1-2019__Cuprozin_Progress_mód_20240220.md line 280
Cuprozin Progress,6300/776-1/2019,alapengedely,"Csonthéjasok (őszibarack, nektarin, kajszibarack, szilva, cseresznye, meggy)",tafrinás betegség sztigminás betegség (levéllyukacsosodás) blumeriellás betegség egyéb levélfoltosságok,gombaölő szer,"1,4 l/ha/m lombkorona",,,max l/ha/m lombkor ona,90,90,betakarítás után (BBCH 90) – sziromlabda állapot (késői pirosbimbó ill. késői fehérbimbó) (BBCH 59),,3,7,,Cuprozin Progress_mód_20240220.pdf,https://novenyvedoszer.nebih.gov.hu/Engedelykereso/DocumentHandler.ashx?documentId=344859768es344860272&documentName=Cuprozin+Progress_m%c3%b3d_20240220.pdf,verified special dose recovered verbatim from point 4; source Cuprozin_Progress__6300-776-1-2019__Cuprozin_Progress_mód_20240220.md line 281
Cuprozin Progress,6300/776-1/2019,alapengedely,Dió,baktériumos betegségek,gombaölő szer,"1,4 l/ha/m lombkorona",,,max l/ha/m lombkor ona,1,1,rügyduzzadás (BBCH 1) - két héttel a termés betakarítása előtti állapot (BBCH 84),,3,7,,Cuprozin Progress_mód_20240220.pdf,https://novenyvedoszer.nebih.gov.hu/Engedelykereso/DocumentHandler.ashx?documentId=344859768es344860272&documentName=Cuprozin+Progress_m%c3%b3d_20240220.pdf,verified special dose recovered verbatim from point 4; source Cuprozin_Progress__6300-776-1-2019__Cuprozin_Progress_mód_20240220.md line 681
Dirabel,6300/1922-1/2022,alapengedely,alma,gyümölcsritkítás,növekedés szabályozó szer,"0,23 l/10000 m2 LFF max. 0,24 l/ha",,,,69,71,"virágzás vége, teljes sziromhullás – 10 mm-es gyümölcsméret (BBCH 69-71)",,"0,23 l/10000 m2 LFF max. 0,24 l/ha",1000,,Dirabel_mod_93439-2_2025.11.11_publikus.pdf,https://novenyvedoszer.nebih.gov.hu/Engedelykereso/DocumentHandler.ashx?documentId=348013448es348042784&documentName=Dirabel_mod_93439-2_2025.11.11_publikus.pdf,verified special dose recovered verbatim from point 4; source Dirabel__6300-1922-1-2022__Dirabel_mod_93439-2_2025.11.11_publikus.md line 234
Dirabel,6300/1922-1/2022,alapengedely,alma,betakarítás előtti hullás gátlása,növekedés szabályozó szer,"0,25 l/10000 m2 LFF max. 0,24 l/ha",,,l/ha,81,87,"érés kezdete, a fajtára jellemző színeződés első jelei – szedésérettség (BBCH 81-87)",,"0,25 l/10000 m2 LFF max. 0,24 l/ha",1000,,Dirabel_mod_93439-2_2025.11.11_publikus.pdf,https://novenyvedoszer.nebih.gov.hu/Engedelykereso/DocumentHandler.ashx?documentId=348013448es348042784&documentName=Dirabel_mod_93439-2_2025.11.11_publikus.pdf,verified special dose recovered verbatim from point 4; source Dirabel__6300-1922-1-2022__Dirabel_mod_93439-2_2025.11.11_publikus.md line 235
Dirabel,6300/1922-1/2022,alapengedely,körte,betakarítás előtti hullás gátlása,növekedés szabályozó szer,"0,25 l/10000 m2 LFF max. 0,24 l/ha",,,l/ha,81,87,"érés kezdete, a fajtára jellemző színeződés első jelei – szedésérettség (BBCH 81-87)",,"0,25 l/10000 m2 LFF max. 0,24 l/ha",1000,,Dirabel_mod_93439-2_2025.11.11_publikus.pdf,https://novenyvedoszer.nebih.gov.hu/Engedelykereso/DocumentHandler.ashx?documentId=348013448es348042784&documentName=Dirabel_mod_93439-2_2025.11.11_publikus.pdf,verified special dose recovered verbatim from point 4; source Dirabel__6300-1922-1-2022__Dirabel_mod_93439-2_2025.11.11_publikus.md line 236
Architect,6300/765-2/2022,alapengedely,Káposzta- repce (őszi és tavaszi),"plenodómuszos betegség (fóma), alternáriás levél- és becőfoltosság, pirenopezizás levélfoltosság növekedés szabályzás, megdőlés gátlása, télállóság fokozása",gombaölő szer,"1,0-2,0 (osztott: 2x1,0)",,,l/ha,13,13,ősszel: háromleveles állapottól (BBCH 13) tőlevél rózsás állapotig (BBCH 19) tavasszal: szárbaindulás kezdetétől (BBCH 31) sárgabimbós állapotig (BBCH 59),,1 őszi (2 osztott őszi) és/vagy 1 tavaszi (2 osztott tavaszi),14 (osztott kezelés),,Architect_mod_20260514.pdf,https://novenyvedoszer.nebih.gov.hu/Engedelykereso/DocumentHandler.ashx?documentId=350182018es350111997&documentName=Architect_mod_20260514.pdf,verified special dose recovered verbatim from point 4; source Architect__6300-765-2-2022__Architect_mod_20260514.md line 245
Architect,6300/765-2/2022,alapengedely,"réparepce, mustár, olajretek, magvas gomborka","alternáriás betegség, plenodómuszos betegség (fóma), peronoszpóra, növekedés szabályzás, megdőlés gátlása",gombaölő szer,"1,0-2,0 (osztott: 2x1,0)",,,l/ha,31,31,szárbaindulás kezdetétől (BBCH 31) sárgabimbós állapotig (BBCH 59),,1 (2 osztott),14 (osztott),,Architect_mod_20260514.pdf,https://novenyvedoszer.nebih.gov.hu/Engedelykereso/DocumentHandler.ashx?documentId=350182018es350111997&documentName=Architect_mod_20260514.pdf,verified special dose recovered verbatim from point 4; source Architect__6300-765-2-2022__Architect_mod_20260514.md line 349
Architect,6300/765-2/2022,alapengedely,olajlen,"alternáriás betegség, fomás betegség növekedés szabályzás, megdőlés gátlása",gombaölő szer,"1,0-2,0 (osztott: 2x1,0)",,,l/ha,31,31,szárnövekedés kezdetétől (BBCH 31) első sziromlevelek megjelenéséig (BBCH 59),,1 (2 osztott),14 (osztott),,Architect_mod_20260514.pdf,https://novenyvedoszer.nebih.gov.hu/Engedelykereso/DocumentHandler.ashx?documentId=350182018es350111997&documentName=Architect_mod_20260514.pdf,verified special dose recovered verbatim from point 4; source Architect__6300-765-2-2022__Architect_mod_20260514.md line 350
Kaltor,6300/3907-1/2020,alapengedely,kukorica (takarmány),"magról kelő és évelő egyszikű, illetve magról kelő kétszikű gyomnövények, mezei acat",gyomirtó szer,"osztott kezelés formájában: 0,25 + 0,15",,,l/ha,13,16,3-6 leveles állapot (BBCH 13-16),,2,7-15,,Kaltor_mód_2025.11.04.pdf,https://novenyvedoszer.nebih.gov.hu/Engedelykereso/DocumentHandler.ashx?documentId=348059221es348078910&documentName=Kaltor_m%c3%b3d_2025.11.04.pdf,verified special dose recovered verbatim from point 4; source Kaltor__6300-3907-1-2020__Kaltor_mód_2025.11.04.md line 210
Milagro Plus,6300/274-1/2019,alapengedely,"kukorica (szemes, siló)","magról kelő és évelő egyszikű, illetve magról kelő kétszikű gyomnövények, mezei acat",gyomirtó szer,"osztott kezelés formájában: 0,6 +0,6 vagy 0,8 + 0,4 (teljes felület permetezéssel, vagy sorkezeléssel)",,,l/ha,13,16,3 leveles állapottól 6 leveles fejlettségig (BBCH 13-16),,2,7-15,,Milagro Plus mód 2026.03.19.pdf,https://novenyvedoszer.nebih.gov.hu/Engedelykereso/DocumentHandler.ashx?documentId=348700319es348696475&documentName=Milagro+Plus+m%c3%b3d+2026.03.19.pdf,verified special dose recovered verbatim from point 4; source Milagro_Plus__6300-274-1-2019__Milagro_Plus_mód_2026.03.19.md line 244
Principal Forte,6700/2408-1/2023,alapengedely,"kukorica (szemes, siló)",magról kelő és évelő egy- és kétszikű gyomnövények,gyomirtó szer,osztott kezelés formájában: 240 + 240,,,l/ha,12,18,a kultúrnövény 2 leveles fejlettségétől 8 leveles állapotáig (BBCH 12-18),,2,7-15,,Principal Forte mód 2026.05.07.pdf,https://novenyvedoszer.nebih.gov.hu/Engedelykereso/DocumentHandler.ashx?documentId=348959798es348967025&documentName=Principal+Forte+m%c3%b3d+2026.05.07.pdf,verified special dose recovered verbatim from point 4; source Principal_Forte__6700-2408-1-2023__Principal_Forte_mód_2026.05.07.md line 210
Neudosan Neu,8360/26294-2/2025,alapengedely,"paprika, paradicsom, tojásgyümölcs (hajtatott)","levéltetű fajok, takácsatka fajok, liszteske fajok",rovarölő szer,50 cm-nél nem nagyobb növények: 18,,,cm nél nem nagyobb növények:,,,a fertőzés kezdetén,,5,5-7,,Neudosan Neu_eng_20251201_publikus.pdf,https://novenyvedoszer.nebih.gov.hu/Engedelykereso/DocumentHandler.ashx?documentId=348233525es348252623&documentName=Neudosan+Neu_eng_20251201_publikus.pdf,verified special dose recovered verbatim from point 4; source Neudosan_Neu__8360-26294-2-2025__Neudosan_Neu_eng_20251201_publikus.md line 172
Neudosan Neu,8360/26294-2/2025,alapengedely,"fejes káposzta, kelkáposzta, karalábé, karfiol, brokkoli, bimbóskel (hajtatott)","levéltetű fajok, liszteske fajok",rovarölő szer,50 cm-nél nem nagyobb növények: 18,,,cm nél nem nagyobb növények:,,,a fertőzés kezdetén,,5,5-7,,Neudosan Neu_eng_20251201_publikus.pdf,https://novenyvedoszer.nebih.gov.hu/Engedelykereso/DocumentHandler.ashx?documentId=348233525es348252623&documentName=Neudosan+Neu_eng_20251201_publikus.pdf,verified special dose recovered verbatim from point 4; source Neudosan_Neu__8360-26294-2-2025__Neudosan_Neu_eng_20251201_publikus.md line 175
Neudosan Neu,8360/26294-2/2025,alapengedely,"fejes saláta, endivia, galambbegy saláta, tépő saláta, borsmustár, leveles kel, kínai kel, mángold, sóska, spenót, spárga, petrezselyem (hajtatott)","levéltetű fajok (kivéve: saláta- levéltetű, levélpirosító ribiszke- levéltetű)",rovarölő szer,50 cm-nél nem nagyobb növények: 18,,,cm nél nem nagyobb növények:,,,a fertőzés kezdetén,,5,5-7,,Neudosan Neu_eng_20251201_publikus.pdf,https://novenyvedoszer.nebih.gov.hu/Engedelykereso/DocumentHandler.ashx?documentId=348233525es348252623&documentName=Neudosan+Neu_eng_20251201_publikus.pdf,verified special dose recovered verbatim from point 4; source Neudosan_Neu__8360-26294-2-2025__Neudosan_Neu_eng_20251201_publikus.md line 312
Neudosan Neu,8360/26294-2/2025,alapengedely,"sárgarépa, petrezselyem, pasztinák, zeller, cékla, retek, torma (hajtatott)",levéltetű fajok,rovarölő szer,50 cm-nél nem nagyobb növények: 18,,,cm nél nem nagyobb növények:,,,a fertőzés kezdetén,,5,5-7,,Neudosan Neu_eng_20251201_publikus.pdf,https://novenyvedoszer.nebih.gov.hu/Engedelykereso/DocumentHandler.ashx?documentId=348233525es348252623&documentName=Neudosan+Neu_eng_20251201_publikus.pdf,verified special dose recovered verbatim from point 4; source Neudosan_Neu__8360-26294-2-2025__Neudosan_Neu_eng_20251201_publikus.md line 315
Neudosan Neu,8360/26294-2/2025,alapengedely,zöldségpalánta nevelés (hajtatott),levéltetű fajok,rovarölő szer,50 cm-nél nem nagyobb növények: 18,,,cm nél nem nagyobb növények:,,,a fertőzés kezdetén,,5,5-7,,Neudosan Neu_eng_20251201_publikus.pdf,https://novenyvedoszer.nebih.gov.hu/Engedelykereso/DocumentHandler.ashx?documentId=348233525es348252623&documentName=Neudosan+Neu_eng_20251201_publikus.pdf,verified special dose recovered verbatim from point 4; source Neudosan_Neu__8360-26294-2-2025__Neudosan_Neu_eng_20251201_publikus.md line 317
Neudosan Neu,8360/26294-2/2025,alapengedely,"bazsalikom, citromfű, kapor, édeskömény, kömény, zsálya (hajtatott)",levéltetű fajok,rovarölő szer,50 cm-nél nem nagyobb növények: 18,,,cm nél nem nagyobb növények:,,,a fertőzés kezdetén,,5,5-7,,Neudosan Neu_eng_20251201_publikus.pdf,https://novenyvedoszer.nebih.gov.hu/Engedelykereso/DocumentHandler.ashx?documentId=348233525es348252623&documentName=Neudosan+Neu_eng_20251201_publikus.pdf,verified special dose recovered verbatim from point 4; source Neudosan_Neu__8360-26294-2-2025__Neudosan_Neu_eng_20251201_publikus.md line 318
Neudosan Neu,8360/26294-2/2025,alapengedely,"fásszárú dísznövények, lágyszárú dísznövények (hajtatott)","levéltetű fajok, takácsatka fajok, liszteske fajok",rovarölő szer,50 cm-nél nem nagyobb növények: 18,,,cm nél nem nagyobb növények:,,,a fertőzés kezdetén,,5,5-7,,Neudosan Neu_eng_20251201_publikus.pdf,https://novenyvedoszer.nebih.gov.hu/Engedelykereso/DocumentHandler.ashx?documentId=348233525es348252623&documentName=Neudosan+Neu_eng_20251201_publikus.pdf,verified special dose recovered verbatim from point 4; source Neudosan_Neu__8360-26294-2-2025__Neudosan_Neu_eng_20251201_publikus.md line 319
Raptol HP,6700/0012084-2/2024,alapengedely,"lágyszárú dísznövények, fásszárú dísznövények (hajtatott)","levéltetvek, tripszek (kivéve nyugati virágtripsz), levéldarazsak, lombrágó hernyók (kivéve aknázómolyok), lombfogyasztó bogarak (kivéve Otiorhynchus fajok)",rovarölő szer,"0,6 (50 cm növény- magasságig)",,,l/ha,12,65,2 leveles állapot ‒ teljes virágzás (BBCH 12-65),,2,5-7,,Raptol HP_eng_0012084_2_20241119_publikus.pdf,https://novenyvedoszer.nebih.gov.hu/Engedelykereso/DocumentHandler.ashx?documentId=346291232es346268493&documentName=Raptol+HP_eng_0012084_2_20241119_publikus.pdf,verified special dose recovered verbatim from point 4; source Raptol_HP__6700-0012084-2-2024__Raptol_HP_eng_0012084_2_20241119_publikus.md line 336
Raptol HP,6700/0012084-2/2024,alapengedely,"fásszárú dísznövények, lágyszárú dísznövények (szabadföldi)","levéltetvek, tripszek (kivéve nyugati virágtripsz), levéldarazsak, lombrágó hernyók (kivéve aknázómolyok), lombfogyasztó bogarak (kivéve Otiorhynchus fajok)",rovarölő szer,"0,6 (50 cm növény- magasságig)",,,l/ha,12,65,2 leveles állapot ‒ teljes virágzás (BBCH 12-65),,2,5-7,,Raptol HP_eng_0012084_2_20241119_publikus.pdf,https://novenyvedoszer.nebih.gov.hu/Engedelykereso/DocumentHandler.ashx?documentId=346291232es346268493&documentName=Raptol+HP_eng_0012084_2_20241119_publikus.pdf,verified special dose recovered verbatim from point 4; source Raptol_HP__6700-0012084-2-2024__Raptol_HP_eng_0012084_2_20241119_publikus.md line 696
Aliette 80 WG,2143/2006,alapengedely,fejes saláta szabadföldi és hajtatott,peronoszpóra,gombaölő szer,"1,0-1,5 (0,15 %)",,,l/ha,12,12,két leveles állapottól (BBCH 12) fejesedés kezdetéig (BBCH 41),,3,10,,Aliette 80 WG_mód_20240507.pdf,https://novenyvedoszer.nebih.gov.hu/Engedelykereso/DocumentHandler.ashx?documentId=345235997es345302665&documentName=Aliette+80+WG_m%c3%b3d_20240507.pdf,verified special dose recovered verbatim from point 4; source Aliette_80_WG__2143-2006__Aliette_80_WG_mód_20240507.md line 256
Bordóilé Neo SC,16082/2003,alapengedely,"paradicsom, paprika","gombabetegségek (kivéve lisztharmat, szürkerothadás)",gombaölő szer,"3,0- 4,0 0,3 - 1 %",,,l/ha,12,12,2 leveles állapottól (BBCH 12) érés kezdetéig (BBCH 81),,4,7,,BordóiNeo SC_mod_20230213.pdf,https://novenyvedoszer.nebih.gov.hu/Engedelykereso/DocumentHandler.ashx?documentId=328433994es328434300&documentName=Bord%c3%b3iNeo+SC_mod_20230213.pdf,verified special dose recovered verbatim from point 4; source Bordóilé_Neo_SC__16082-2003__BordóiNeo_SC_mod_20230213.md line 363
Bordóilé Neo SC,16082/2003,alapengedely,uborka,"gombabetegségek (kivéve lisztharmat, szürkerothadás)",gombaölő szer,"3,0- 4,0 0,3 - 1 %",,,l/ha,14,14,4 leveles állapottól (BBCH 14) termésfejlődésig (BBCH 70),,4,7,,BordóiNeo SC_mod_20230213.pdf,https://novenyvedoszer.nebih.gov.hu/Engedelykereso/DocumentHandler.ashx?documentId=328433994es328434300&documentName=Bord%c3%b3iNeo+SC_mod_20230213.pdf,verified special dose recovered verbatim from point 4; source Bordóilé_Neo_SC__16082-2003__BordóiNeo_SC_mod_20230213.md line 364
Bordóilé Neo SC,16082/2003,alapengedely,"zöldborsó, zöldbab","gombabetegségek (kivéve lisztharmat, szürkerothadás)",gombaölő szer,"3,0- 4,0 0,3 - 1 %",,,l/ha,14,14,4 leveles állapottól (BBCH 14) hüvely- és magképződésig (BBCH 70),,4,7,,BordóiNeo SC_mod_20230213.pdf,https://novenyvedoszer.nebih.gov.hu/Engedelykereso/DocumentHandler.ashx?documentId=328433994es328434300&documentName=Bord%c3%b3iNeo+SC_mod_20230213.pdf,verified special dose recovered verbatim from point 4; source Bordóilé_Neo_SC__16082-2003__BordóiNeo_SC_mod_20230213.md line 365
BotaniGard WP,6300/301-1/2020,alapengedely,"szamóca (hajtatott, zárt termesztő berendezésben)","levéltetvek, üvegházi liszteske, dohányliszteske, tripszek, takácsatka",rovarölő szer,"0,75 0,0625 %",,,l/ha,10,97,Az 1. levél megjelenése – termesztési ciklus vége BBCH 10-97 januártól- decemberig,,12,5,,BotaniGard_WP_mód_20240611.pdf,https://novenyvedoszer.nebih.gov.hu/Engedelykereso/DocumentHandler.ashx?documentId=345682610es345681913&documentName=BotaniGard_WP_m%c3%b3d_20240611.pdf,verified special dose recovered verbatim from point 4; source BotaniGard_WP__6300-301-1-2020__BotaniGard_WP_mód_20240611.md line 306
BotaniGard WP,6300/301-1/2020,alapengedely,"cukkini, tök (hajtatott, zárt termesztő berendezésben)","levéltetvek, üvegházi liszteske, dohányliszteske, tripszek, takácsatka",rovarölő szer,"0,9 0,0625 %",,,l/ha,10,99,Az 1. levél megjelenése – termesztési ciklus vége BBCH 10-99 januártól- decemberig,,10,5,,BotaniGard_WP_mód_20240611.pdf,https://novenyvedoszer.nebih.gov.hu/Engedelykereso/DocumentHandler.ashx?documentId=345682610es345681913&documentName=BotaniGard_WP_m%c3%b3d_20240611.pdf,verified special dose recovered verbatim from point 4; source BotaniGard_WP__6300-301-1-2020__BotaniGard_WP_mód_20240611.md line 307
BotaniGard WP,6300/301-1/2020,alapengedely,"uborka (szabadföldi és hajtatott, zárt termesztő berendezésben)","levéltetvek, üvegházi liszteske, dohányliszteske, tripszek, takácsatka",rovarölő szer,"0,9 0,0625 %",,,l/ha,10,99,Az 1. levél megjelenése – termesztési ciklus vége BBCH10- 99 januártól- decemberig,,10,5,,BotaniGard_WP_mód_20240611.pdf,https://novenyvedoszer.nebih.gov.hu/Engedelykereso/DocumentHandler.ashx?documentId=345682610es345681913&documentName=BotaniGard_WP_m%c3%b3d_20240611.pdf,verified special dose recovered verbatim from point 4; source BotaniGard_WP__6300-301-1-2020__BotaniGard_WP_mód_20240611.md line 308
BotaniGard WP,6300/301-1/2020,alapengedely,"görögdinnye, sárgadinnye (hajtatott, zárt termesztő berendezésben)","levéltetvek, üvegházi liszteske, dohányliszteske, tripszek, takácsatka",rovarölő szer,"0,9 0,0625 %",,,l/ha,10,99,Az 1. levél megjelenése – termesztési ciklus vége BBCH10- 99 januártól- decemberig,,10,5,,BotaniGard_WP_mód_20240611.pdf,https://novenyvedoszer.nebih.gov.hu/Engedelykereso/DocumentHandler.ashx?documentId=345682610es345681913&documentName=BotaniGard_WP_m%c3%b3d_20240611.pdf,verified special dose recovered verbatim from point 4; source BotaniGard_WP__6300-301-1-2020__BotaniGard_WP_mód_20240611.md line 309
BotaniGard WP,6300/301-1/2020,alapengedely,"paradicsom, tojásgyümölcs (szabadföldi és hajtatott, zárt termesztő berendezésben)","levéltetvek, üvegházi liszteske, dohányliszteske, tripszek, takácsatka",rovarölő szer,"0,9 0,0625 %",,,l/ha,10,99,Az 1. levél megjelenése – termesztési ciklus vége BBCH10- 99 januártól- decemberig,,25,5,,BotaniGard_WP_mód_20240611.pdf,https://novenyvedoszer.nebih.gov.hu/Engedelykereso/DocumentHandler.ashx?documentId=345682610es345681913&documentName=BotaniGard_WP_m%c3%b3d_20240611.pdf,verified special dose recovered verbatim from point 4; source BotaniGard_WP__6300-301-1-2020__BotaniGard_WP_mód_20240611.md line 310
BotaniGard WP,6300/301-1/2020,alapengedely,"paprika (szabadföldi és hajtatott, zárt termesztő berendezésben)","üvegházi liszteske, dohányliszteske, tripszek",rovarölő szer,"0,9 0,0625 %",,,l/ha,10,99,Az 1. levél megjelenése – termesztési ciklus vége BBCH10- 99 januártól- decemberig,,6,5,,BotaniGard_WP_mód_20240611.pdf,https://novenyvedoszer.nebih.gov.hu/Engedelykereso/DocumentHandler.ashx?documentId=345682610es345681913&documentName=BotaniGard_WP_m%c3%b3d_20240611.pdf,verified special dose recovered verbatim from point 4; source BotaniGard_WP__6300-301-1-2020__BotaniGard_WP_mód_20240611.md line 450
BotaniGard WP,6300/301-1/2020,alapengedely,rózsa (zárt termesztő berendezésben),"levéltetvek, üvegházi liszteske, dohányliszteske, tripszek, takácsatka",rovarölő szer,"0,9 0,0625 %",,,l/ha,10,99,Az 1. levél megjelenése – termesztési ciklus vége BBCH10- 99 januártól- decemberig,,25,5,,BotaniGard_WP_mód_20240611.pdf,https://novenyvedoszer.nebih.gov.hu/Engedelykereso/DocumentHandler.ashx?documentId=345682610es345681913&documentName=BotaniGard_WP_m%c3%b3d_20240611.pdf,verified special dose recovered verbatim from point 4; source BotaniGard_WP__6300-301-1-2020__BotaniGard_WP_mód_20240611.md line 452
BotaniGard WP,6300/301-1/2020,alapengedely,évelő dísznövények (zárt termesztő berendezésben),"levéltetvek, üvegházi liszteske, dohányliszteske, tripszek, takácsatka",rovarölő szer,"0,9 0,0625 %",,,l/ha,10,99,Az 1. levél megjelenése – termesztési ciklus vége BBCH10- 99 januártól- decemberig,,25,5,,BotaniGard_WP_mód_20240611.pdf,https://novenyvedoszer.nebih.gov.hu/Engedelykereso/DocumentHandler.ashx?documentId=345682610es345681913&documentName=BotaniGard_WP_m%c3%b3d_20240611.pdf,verified special dose recovered verbatim from point 4; source BotaniGard_WP__6300-301-1-2020__BotaniGard_WP_mód_20240611.md line 453
BotaniGard WP,6300/301-1/2020,alapengedely,díszfaiskola (zárt termesztő berendezésben),"üvegházi liszteske, dohányliszteske",rovarölő szer,"0,9 0,0625 %",,,l/ha,10,99,Az 1. levél megjelenése – termesztési ciklus vége BBCH10- 99 januártól- decemberig,,10,5,,BotaniGard_WP_mód_20240611.pdf,https://novenyvedoszer.nebih.gov.hu/Engedelykereso/DocumentHandler.ashx?documentId=345682610es345681913&documentName=BotaniGard_WP_m%c3%b3d_20240611.pdf,verified special dose recovered verbatim from point 4; source BotaniGard_WP__6300-301-1-2020__BotaniGard_WP_mód_20240611.md line 454
BotaniGard WP,6300/301-1/2020,alapengedely,szamóca (szabadföldi),"üvegházi liszteske, dohányliszteske",rovarölő szer,"0,75 0,0625 %",,,l/ha,10,97,Az 1. levél megjelenése - levélelhalás BBCH10- 97 márciustól- októberig,,12,5,,BotaniGard_WP_mód_20240611.pdf,https://novenyvedoszer.nebih.gov.hu/Engedelykereso/DocumentHandler.ashx?documentId=345682610es345681913&documentName=BotaniGard_WP_m%c3%b3d_20240611.pdf,verified special dose recovered verbatim from point 4; source BotaniGard_WP__6300-301-1-2020__BotaniGard_WP_mód_20240611.md line 460
BotaniGard WP,6300/301-1/2020,alapengedely,"bogyós gyümölcsűek (szabadföldi) (málna, szeder, szedermálna, szőlő)","üvegházi liszteske, dohányliszteske",rovarölő szer,"0,75 0,0625 %",,,l/ha,10,97,Az 1. levél megjelenése - levélhullás BBCH10- 97 márciustól- októberig,,12,5,,BotaniGard_WP_mód_20240611.pdf,https://novenyvedoszer.nebih.gov.hu/Engedelykereso/DocumentHandler.ashx?documentId=345682610es345681913&documentName=BotaniGard_WP_m%c3%b3d_20240611.pdf,verified special dose recovered verbatim from point 4; source BotaniGard_WP__6300-301-1-2020__BotaniGard_WP_mód_20240611.md line 461
BotaniGard WP,6300/301-1/2020,alapengedely,"bogyós gyümölcsűek (kivéve szamóca) hajtatott, zárt termesztő berendezésben (málna, szeder, szedermálna, szőlő)","üvegházi liszteske, dohányliszteske",rovarölő szer,"0,75 0,0625 %",,,l/ha,10,99,Az 1. levél megjelenése - betakarítás BBCH10- 99 januártól- decemberig,,12,5,,BotaniGard_WP_mód_20240611.pdf,https://novenyvedoszer.nebih.gov.hu/Engedelykereso/DocumentHandler.ashx?documentId=345682610es345681913&documentName=BotaniGard_WP_m%c3%b3d_20240611.pdf,verified special dose recovered verbatim from point 4; source BotaniGard_WP__6300-301-1-2020__BotaniGard_WP_mód_20240611.md line 568
BotaniGard WP,6300/301-1/2020,alapengedely,rózsa (zárt termesztő berendezésben),tripszek,rovarölő szer,"0,9 0,0625 %",,,l/ha,10,99,Az 1. levél megjelenése – termesztési ciklus vége BBCH10- 99 januártól- decemberig,,25,5,,BotaniGard_WP_mód_20240611.pdf,https://novenyvedoszer.nebih.gov.hu/Engedelykereso/DocumentHandler.ashx?documentId=345682610es345681913&documentName=BotaniGard_WP_m%c3%b3d_20240611.pdf,verified special dose recovered verbatim from point 4; source BotaniGard_WP__6300-301-1-2020__BotaniGard_WP_mód_20240611.md line 570
BotaniGard WP,6300/301-1/2020,alapengedely,dísznövények (zárt termesztő berendezésben),tripszek,rovarölő szer,"0,75 0,0625 %",,,l/ha,10,99,Az 1. levél megjelenése – termesztési ciklus vége BBCH10- 99 januártól- decemberig,,25,5,,BotaniGard_WP_mód_20240611.pdf,https://novenyvedoszer.nebih.gov.hu/Engedelykereso/DocumentHandler.ashx?documentId=345682610es345681913&documentName=BotaniGard_WP_m%c3%b3d_20240611.pdf,verified special dose recovered verbatim from point 4; source BotaniGard_WP__6300-301-1-2020__BotaniGard_WP_mód_20240611.md line 571
BotaniGard WP,6300/301-1/2020,alapengedely,dísznövények (szabadföldi),"üvegházi liszteske, dohányliszteske, tripszek",rovarölő szer,"0,6 0,0625 %",,,l/ha,10,99,Az 1. levél megjelenése – tenyészidőszak vége BBCH10- 99 márciustól- októberig,,25,5,,BotaniGard_WP_mód_20240611.pdf,https://novenyvedoszer.nebih.gov.hu/Engedelykereso/DocumentHandler.ashx?documentId=345682610es345681913&documentName=BotaniGard_WP_m%c3%b3d_20240611.pdf,verified special dose recovered verbatim from point 4; source BotaniGard_WP__6300-301-1-2020__BotaniGard_WP_mód_20240611.md line 572
BotaniGard WP,6300/301-1/2020,alapengedely,nemesítési anyag és magtermesztés (zárt termesztő berendezésben),"üvegházi liszteske, dohányliszteske",rovarölő szer,"0,75 0,0625 %",,,l/ha,10,97,Az 1. levél megjelenése – termesztési ciklus vége BBCH10- 97 januártól- decemberig,,25,5,,BotaniGard_WP_mód_20240611.pdf,https://novenyvedoszer.nebih.gov.hu/Engedelykereso/DocumentHandler.ashx?documentId=345682610es345681913&documentName=BotaniGard_WP_m%c3%b3d_20240611.pdf,verified special dose recovered verbatim from point 4; source BotaniGard_WP__6300-301-1-2020__BotaniGard_WP_mód_20240611.md line 575
BotaniGard WP,6300/301-1/2020,alapengedely,nemesítési anyag és magtermesztés (szabadföldi),"üvegházi liszteske, dohányliszteske",rovarölő szer,"0,6 0,0625 %",,,l/ha,10,97,Az 1. levél megjelenése – tenyészidőszak vége BBCH10- 97 márciustól- októberig,,25,5,,BotaniGard_WP_mód_20240611.pdf,https://novenyvedoszer.nebih.gov.hu/Engedelykereso/DocumentHandler.ashx?documentId=345682610es345681913&documentName=BotaniGard_WP_m%c3%b3d_20240611.pdf,verified special dose recovered verbatim from point 4; source BotaniGard_WP__6300-301-1-2020__BotaniGard_WP_mód_20240611.md line 639
Collis SC,02.5/1334/2/2007,alapengedely,uborka,3,gombaölő szer,"0,3-0,4 0,05-0,06%",,,l/ha,,,termés növekedés,,10,lisztharmat szabadföld hajtatott,,Collis_mod_20260511.pdf,https://novenyvedoszer.nebih.gov.hu/Engedelykereso/DocumentHandler.ashx?documentId=350182016es350111995&documentName=Collis_mod_20260511.pdf,verified special dose recovered verbatim from point 4; source Collis_SC__02.5-1334-2-2007__Collis_mod_20260511.md line 230
Floramite 240 SC,02.5/891/1/2008,alapengedely,hajtatott dísznövény,közönséges takácsatka (Tetranychus urticae),atkaölő szer,"0,40 0,04 %",,,−,,,,,2,7 nap,,Floramite 240 SC_szigor_20220614_publikus.pdf,https://novenyvedoszer.nebih.gov.hu/Engedelykereso/DocumentHandler.ashx?documentId=327977365es327977415&documentName=Floramite+240+SC_szigor_20220614_publikus.pdf,verified special dose recovered verbatim from point 4; source Floramite_240_SC__02.5-891-1-2008__Floramite_240_SC_szigor_20220614_publikus.md line 85
Luna Privilege,04.2/2206-1/2014,alapengedely,uborka cukkini hajtatott,"lisztharmat [SPHRFU, ERYSCI], didimellás betegség [DIDYBR]",gombaölő szer,"0,2-0,6 (0,04%)",,,l/ha,12,12,két leveles állapottól (BBCH 12) teljes éréséig (BBCH 89),,2,7,,Luna Privilege_mód_20231213.pdf,https://novenyvedoszer.nebih.gov.hu/Engedelykereso/DocumentHandler.ashx?documentId=344261706es344262007&documentName=Luna+Privilege_m%c3%b3d_20231213.pdf,verified special dose recovered verbatim from point 4; source Luna_Privilege__04.2-2206-1-2014__Luna_Privilege_mód_20231213.md line 380
Sumi Alfa 5 EW,04.2/486-1/2011,alapengedely,dísznövények,"üvegházi molytetű*, levéltetvek",rovarölő szer,"0,03-0,1 %",,,l/ha,,,nincs korlátozás,,1,7,,Sumi Alfa 5 EW_mod_20260325.pdf,https://novenyvedoszer.nebih.gov.hu/Engedelykereso/DocumentHandler.ashx?documentId=348700331es348696487&documentName=Sumi+Alfa+5+EW_mod_20260325.pdf,verified special dose recovered verbatim from point 4; source Sumi_Alfa_5_EW__04.2-486-1-2011__Sumi_Alfa_5_EW_mod_20260325.md line 209
Champion WG,02.5/12063-1/2010,alapengedely,"paradicsom, tojásgyümölcs hajtatott","gombás (fitoftóra /paradicsomvész/, alternária, kolletotrihum /fenésedés/) és baktériumos (pszeudomónász, xantomónász) betegségek",gombaölő szer,"0,13-0,2%",,,l/ha,15,15,5 leveles állapottól (BBCH 15) teljes érettségig (BBCH 89),,4,7,,Champion WG_mód_20240305.pdf,https://novenyvedoszer.nebih.gov.hu/Engedelykereso/DocumentHandler.ashx?documentId=344905273es344945562&documentName=Champion+WG_m%c3%b3d_20240305.pdf,verified special dose recovered verbatim from point 4; source Champion_WG__02.5-12063-1-2010__Champion_WG_mód_20240305.md line 284
Champion WG,02.5/12063-1/2010,alapengedely,"uborka, cukkini, szabadföldi hajtatott","gombás (peronoszpóra, alternária, kolletotrihum /fenésedés/) és baktériumos betegségek",gombaölő szer,"0,13-0,2%",,,l/ha,10,10,szikleveles állapottól (BBCH 10) teljes érettségig (BBCH 89),,4,7,,Champion WG_mód_20240305.pdf,https://novenyvedoszer.nebih.gov.hu/Engedelykereso/DocumentHandler.ashx?documentId=344905273es344945562&documentName=Champion+WG_m%c3%b3d_20240305.pdf,verified special dose recovered verbatim from point 4; source Champion_WG__02.5-12063-1-2010__Champion_WG_mód_20240305.md line 285
Champion WG,02.5/12063-1/2010,alapengedely,"salátafélék (fejessaláta, zsázsa, endíviasaláta,borsmust ár /rukkola/, vörös saláta) hajtatott",peronoszpóra,gombaölő szer,"0,2%",,,l/ha,12,12,2 leveles állapottól (BBCH 12) végső levéltömeg eléréséig (BBCH 49),,4,7,,Champion WG_mód_20240305.pdf,https://novenyvedoszer.nebih.gov.hu/Engedelykereso/DocumentHandler.ashx?documentId=344905273es344945562&documentName=Champion+WG_m%c3%b3d_20240305.pdf,verified special dose recovered verbatim from point 4; source Champion_WG__02.5-12063-1-2010__Champion_WG_mód_20240305.md line 401
Champion WG,02.5/12063-1/2010,alapengedely,"dísznövények, díszfák, díszcserjék",baktériumos és gombás eredetű levélbetegségek (kivéve lisztharmat és szürkepenész),gombaölő szer,"0,13-0,2%",,,l/ha,,,nincs korlátozás,,3,7,,Champion WG_mód_20240305.pdf,https://novenyvedoszer.nebih.gov.hu/Engedelykereso/DocumentHandler.ashx?documentId=344905273es344945562&documentName=Champion+WG_m%c3%b3d_20240305.pdf,verified special dose recovered verbatim from point 4; source Champion_WG__02.5-12063-1-2010__Champion_WG_mód_20240305.md line 402
Conspicuo,8750/28935-1/2026,alapengedely,"cseresznye, meggy","moníliás virág- és hajtáspusztulás, blumeriellás levélfoltosság",gombaölő szer,"0,25 kg/ha/m korona magasság (max. 1,0 kg/ha)",,,l/ha,57,57,fehérbimbós állapot kezdetétől (BBCH 57) fajtára jellemző színeződés kialakulásáig (BBCH 85),,3,7,,Conspicuo_eng_20260310.pdf,https://novenyvedoszer.nebih.gov.hu/Engedelykereso/DocumentHandler.ashx?documentId=348776871es348775782&documentName=Conspicuo_eng_20260310.pdf,verified special dose recovered verbatim from point 4; source Conspicuo__8750-28935-1-2026__Conspicuo_eng_20260310.md line 335
Conspicuo,8750/28935-1/2026,alapengedely,"őszibarack, kajszi, nektarin, szilva",moníliás virág- és hajtáspusztulás,gombaölő szer,"0,25 kg/ha/m korona magasság (max. 1,0 kg/ha)",,,l/ha,57,57,fehér/pirosbimbós állapot kezdetétől (BBCH 57) fajtára jellemző színeződés kialakulásáig (BBCH 85),,3,7,,Conspicuo_eng_20260310.pdf,https://novenyvedoszer.nebih.gov.hu/Engedelykereso/DocumentHandler.ashx?documentId=348776871es348775782&documentName=Conspicuo_eng_20260310.pdf,verified special dose recovered verbatim from point 4; source Conspicuo__8750-28935-1-2026__Conspicuo_eng_20260310.md line 336
Conspicuo,8750/28935-1/2026,alapengedely,mandula,"moníliás virág- és hajtáspusztulás, sztigminás betegség (levéllyukacsosodás), varasodás",gombaölő szer,"0,25 kg/ha/m korona magasság (max. 1,0 kg/ha)",,,l/ha,57,57,pirosbimbós állapot kezdetétől (BBCH 57) fajtára jellemző színeződés kialakulásáig (BBCH 85),,2,7,,Conspicuo_eng_20260310.pdf,https://novenyvedoszer.nebih.gov.hu/Engedelykereso/DocumentHandler.ashx?documentId=348776871es348775782&documentName=Conspicuo_eng_20260310.pdf,verified special dose recovered verbatim from point 4; source Conspicuo__8750-28935-1-2026__Conspicuo_eng_20260310.md line 476
Funguran Progress,6300/741-1/2019,alapengedely,"Alma- termésűek (alma, körte, birs, naspolya)",ventúriás varasodások,gombaölő szer,"0,3 kg/ha/m lombkorona",,,max l/ha/m lombkor ona,03,03,levélrügy duzzadás vége (rügypattanás előtt közvetlenül) (BBCH 03) – sziromlabda állapot (BBCH 59),,4,7,,Funguran Progress _mód_20240220.pdf,https://novenyvedoszer.nebih.gov.hu/Engedelykereso/DocumentHandler.ashx?documentId=344859775es344860279&documentName=Funguran+Progress+_m%c3%b3d_20240220.pdf,verified special dose recovered verbatim from point 4; source Funguran_Progress__6300-741-1-2019__Funguran_Progress_mód_20240220.md line 250
Funguran Progress,6300/741-1/2019,alapengedely,"Alma- termésűek (alma, körte, birs, naspolya)",gombás és baktériumos ágelhalás,gombaölő szer,"1,0 kg/ha/m lombkorona",,,max l/ha/m lombkor ona,90,90,betakarítás után (BBCH 90) - teljes lombhullás (nyugalmi állapot) (BBCH 97),,4,21,,Funguran Progress _mód_20240220.pdf,https://novenyvedoszer.nebih.gov.hu/Engedelykereso/DocumentHandler.ashx?documentId=344859775es344860279&documentName=Funguran+Progress+_m%c3%b3d_20240220.pdf,verified special dose recovered verbatim from point 4; source Funguran_Progress__6300-741-1-2019__Funguran_Progress_mód_20240220.md line 252
Funguran Progress,6300/741-1/2019,alapengedely,"Csonthéjasok (őszibarack, nektarin, kajszibarack, szilva, cseresznye, meggy)",tafrinás betegség sztigminás betegség (levéllyukacsosodás) blumeriellás betegség egyéb levélfoltosságok,gombaölő szer,"1,0 kg/ha/m lombkorona",,,max l/ha/m lombkor ona,90,90,betakarítás után (BBCH 90) – sziromlabda állapot (késői pirosbimbó ill. késői fehérbimbó) (BBCH 59),,3,7,,Funguran Progress _mód_20240220.pdf,https://novenyvedoszer.nebih.gov.hu/Engedelykereso/DocumentHandler.ashx?documentId=344859775es344860279&documentName=Funguran+Progress+_m%c3%b3d_20240220.pdf,verified special dose recovered verbatim from point 4; source Funguran_Progress__6300-741-1-2019__Funguran_Progress_mód_20240220.md line 363
Luna Sensation,04.2/1165-1/2018,alapengedely,"őszibarack, nektarin","moníliás virág- és hajtáspusztulás, moníliás, termésrothadás, tafrinás levélfodrosodás",gombaölő szer,"0,10 l/ha/m kezelt lombkorona magasság (max. 0,3 l/ha)",,,l/ha/m kezelt lombkorona magasság,51,51,virágrügyek megjelenésétől (BBCH 51) szedésérettségig (BBCH 73),,2,7,,LunaSensation_mod_20250127.pdf,https://novenyvedoszer.nebih.gov.hu/Engedelykereso/DocumentHandler.ashx?documentId=348897719es348890192&documentName=LunaSensation_mod_20250127.pdf,verified special dose recovered verbatim from point 4; source Luna_Sensation__04.2-1165-1-2018__LunaSensation_mod_20250127.md line 244
Luna Sensation,04.2/1165-1/2018,alapengedely,kajszi,"moníliás virág- és hajtáspusztulás, moníliás, termésrothadás",gombaölő szer,"0,10 l/ha/m kezelt lombkorona magasság (max. 0,3 l/ha)",,,l/ha/m kezelt lombkorona magasság,57,57,pirosbimbós állapottól (BBCH 57) szedésérettségig (BBCH 87),,2,7,,LunaSensation_mod_20250127.pdf,https://novenyvedoszer.nebih.gov.hu/Engedelykereso/DocumentHandler.ashx?documentId=348897719es348890192&documentName=LunaSensation_mod_20250127.pdf,verified special dose recovered verbatim from point 4; source Luna_Sensation__04.2-1165-1-2018__LunaSensation_mod_20250127.md line 246
Luna Sensation,04.2/1165-1/2018,alapengedely,"cseresznye, meggy","moníliás virág- és hajtáspusztulás, moníliás, termésrothadás, blumeriellás levélfoltosság",gombaölő szer,"0,10 l/ha/m kezelt lombkorona magasság (max. 0,3 l/ha)",,,l/ha/m kezelt lombkorona magasság,57,57,fehérbimbós állapottól (BBCH 57) szedésérettségig (BBCH 87),,2,7,,LunaSensation_mod_20250127.pdf,https://novenyvedoszer.nebih.gov.hu/Engedelykereso/DocumentHandler.ashx?documentId=348897719es348890192&documentName=LunaSensation_mod_20250127.pdf,verified special dose recovered verbatim from point 4; source Luna_Sensation__04.2-1165-1-2018__LunaSensation_mod_20250127.md line 247
NeemAzal-T/S,04.2/4878-1/2012,alapengedely,alma,"levélaknázó molyok, levéltetvek",rovarölő szer,50 %,,,lombkorona méterenként,11,75,levélkiterülés kezdetétől 50 %-os gyümölcsméretig (BBCH 11-75),,4,10-14,,NeemAzal_mod_0060368_2_20240709_publikus.pdf,https://novenyvedoszer.nebih.gov.hu/Engedelykereso/DocumentHandler.ashx?documentId=345801436es345799642&documentName=NeemAzal_mod_0060368_2_20240709_publikus.pdf,verified special dose recovered verbatim from point 4; source NeemAzal-T_S__04.2-4878-1-2012__NeemAzal_mod_0060368_2_20240709_publikus.md line 270
NeemAzal-T/S,04.2/4878-1/2012,alapengedely,"birs, naspolya","szívó- és rágó kártevők, levélaknázó molyok",rovarölő szer,"1,5 korona méterenként",,,lombkorona méterenként,11,69,levélkiterülés kezdetétől virágzás végéig (BBCH 11-69),,4,10-14,,NeemAzal_mod_0060368_2_20240709_publikus.pdf,https://novenyvedoszer.nebih.gov.hu/Engedelykereso/DocumentHandler.ashx?documentId=345801436es345799642&documentName=NeemAzal_mod_0060368_2_20240709_publikus.pdf,verified special dose recovered verbatim from point 4; source NeemAzal-T_S__04.2-4878-1-2012__NeemAzal_mod_0060368_2_20240709_publikus.md line 271
NeemAzal-T/S,04.2/4878-1/2012,alapengedely,"cseresznye, meggy","szívó- és rágó kártevők, levélaknázó molyok",rovarölő szer,50 %,,,lombkorona méterenként,57,75,fehérbimbós állapottól - 50 %- os gyümölcsméretig (BBCH 57-75),,3,7,,NeemAzal_mod_0060368_2_20240709_publikus.pdf,https://novenyvedoszer.nebih.gov.hu/Engedelykereso/DocumentHandler.ashx?documentId=345801436es345799642&documentName=NeemAzal_mod_0060368_2_20240709_publikus.pdf,verified special dose recovered verbatim from point 4; source NeemAzal-T_S__04.2-4878-1-2012__NeemAzal_mod_0060368_2_20240709_publikus.md line 272
NeemAzal-T/S,04.2/4878-1/2012,alapengedely,"kajszi, szilva","szívó- és rágó kártevők, levélaknázó molyok",rovarölő szer,50 %,,,lombkorona méterenként,57,75,pirosbimbós állapottól - 50 %- os gyümölcsméretig (BBCH 57-75),,3,7,,NeemAzal_mod_0060368_2_20240709_publikus.pdf,https://novenyvedoszer.nebih.gov.hu/Engedelykereso/DocumentHandler.ashx?documentId=345801436es345799642&documentName=NeemAzal_mod_0060368_2_20240709_publikus.pdf,verified special dose recovered verbatim from point 4; source NeemAzal-T_S__04.2-4878-1-2012__NeemAzal_mod_0060368_2_20240709_publikus.md line 273
Oroganic,6300/975-1/2021,alapengedely,"paradicsom, paprika, chili (zárt termesztő berendezés)",takácsatkafajok (Tetranychus fajok),"gombaölő szer, rovarölő szer, atkaölő szer","0,4%",,,l/ha,12,12,2 leveles állapottól (BBCH 12) teljes érésig (BBCH 89),,5,7,,Oroganic_mód_20251106.pdf,https://novenyvedoszer.nebih.gov.hu/Engedelykereso/DocumentHandler.ashx?documentId=348318212es348319161&documentName=Oroganic_m%c3%b3d_20251106.pdf,verified special dose recovered verbatim from point 4; source Oroganic__6300-975-1-2021__Oroganic_mód_20251106.md line 211
Oroganic,6300/975-1/2021,alapengedely,"uborka, cukkini és egyéb ehető héjú tökfélék (zárt termesztő berendezés)",üvegházi liszteske (Trialeurodes vaporariorum),"gombaölő szer, rovarölő szer, atkaölő szer","0,36%",,,l/ha,12,12,2 leveles állapottól (BBCH 12) teljes érésig (BBCH 89),,3,7,,Oroganic_mód_20251106.pdf,https://novenyvedoszer.nebih.gov.hu/Engedelykereso/DocumentHandler.ashx?documentId=348318212es348319161&documentName=Oroganic_m%c3%b3d_20251106.pdf,verified special dose recovered verbatim from point 4; source Oroganic__6300-975-1-2021__Oroganic_mód_20251106.md line 305
Oroganic,6300/975-1/2021,alapengedely,"dísznövények (levél- és virágos; cserepes, konténeres és vágott) (zárt termesztő berendezés)","szúró-szívó szájszervű rovarok (levéltetvek, üvegházi liszteske) takácsatkafajok","gombaölő szer, rovarölő szer, atkaölő szer","0,4%",,,l/ha,12,89,levél és hajtásnövekedés időszakában (BBCH 12-89),,5,7,,Oroganic_mód_20251106.pdf,https://novenyvedoszer.nebih.gov.hu/Engedelykereso/DocumentHandler.ashx?documentId=348318212es348319161&documentName=Oroganic_m%c3%b3d_20251106.pdf,verified special dose recovered verbatim from point 4; source Oroganic__6300-975-1-2021__Oroganic_mód_20251106.md line 307
Orondis Evo,6700/0043441-2/2024,alapengedely,paradicsom hajtatott,"lisztharmat, fitoftórás betegség (paradicsomvész)",gombaölő szer,"0,5 l/10000 m2 LFF* (max. 1,0 l/ha)",,,l/ha,11,11,egyleveles állapottól (BBCH 11) teljes érésig (BBCH 89),,2,7,,OrondisEvo_mod_20251015.pdf,https://novenyvedoszer.nebih.gov.hu/Engedelykereso/DocumentHandler.ashx?documentId=347992855es347966636&documentName=OrondisEvo_mod_20251015.pdf,verified special dose recovered verbatim from point 4; source Orondis_Evo__6700-0043441-2-2024__OrondisEvo_mod_20251015.md line 240
Orondis Evo,6700/0043441-2/2024,alapengedely,"uborka, sárgadinnye hajtatott","peronoszpóra, didimellás betegség",gombaölő szer,"0,5 l/10000 m2 LFF* (max. 1,0 l/ha)",,,l/ha,11,11,egyleveles állapottól (BBCH 11) teljes érésig (BBCH 89),,2,7,,OrondisEvo_mod_20251015.pdf,https://novenyvedoszer.nebih.gov.hu/Engedelykereso/DocumentHandler.ashx?documentId=347992855es347966636&documentName=OrondisEvo_mod_20251015.pdf,verified special dose recovered verbatim from point 4; source Orondis_Evo__6700-0043441-2-2024__OrondisEvo_mod_20251015.md line 242
Orondis Evo,6700/0043441-2/2024,alapengedely,tojásgyümölcs hajtatott,"lisztharmat, fitoftórás betegség, alternáriás betegség",gombaölő szer,"0,5 l/10000 m2 LFF* (max. 1,0 l/ha)",,,l/ha,11,11,egyleveles állapottól (BBCH 11) teljes érésig (BBCH 89),,2,7,,OrondisEvo_mod_20251015.pdf,https://novenyvedoszer.nebih.gov.hu/Engedelykereso/DocumentHandler.ashx?documentId=347992855es347966636&documentName=OrondisEvo_mod_20251015.pdf,verified special dose recovered verbatim from point 4; source Orondis_Evo__6700-0043441-2-2024__OrondisEvo_mod_20251015.md line 340
Enervin Pro,8750/5592-1/2026,alapengedely,szőlő bor és csemege,peronoszpóra,gombaölő szer,"3,2 l/10000 m2 LFF* (max. 4,2 l/ha)",,,l/ha,70,70,gyümölcskötődés kezdetétől (BBCH 70) bogyószíneződésig – fajtára jellemző szín kialakulásáig (BBCH 83),,2,10,,EnervinPro_mod_20260414.pdf,https://novenyvedoszer.nebih.gov.hu/Engedelykereso/DocumentHandler.ashx?documentId=348897718es348890191&documentName=EnervinPro_mod_20260414.pdf,verified special dose recovered verbatim from point 4; source Enervin_Pro__8750-5592-1-2026__EnervinPro_mod_20260414.md line 380
Enervin Pro,8750/5592-1/2026,alapengedely,"uborka, cukkini hajtatott",peronoszpóra,gombaölő szer,"1,28 l/10000 m2 LFF* (max. 3,2 l/ha)",,,l/ha,29,29,oldalhajtások növekedésének végéig (BBCH 29) teljes érésig (BBCH 89),,2,7,,EnervinPro_mod_20260414.pdf,https://novenyvedoszer.nebih.gov.hu/Engedelykereso/DocumentHandler.ashx?documentId=348897718es348890191&documentName=EnervinPro_mod_20260414.pdf,verified special dose recovered verbatim from point 4; source Enervin_Pro__8750-5592-1-2026__EnervinPro_mod_20260414.md line 382
Enervin Pro,8750/5592-1/2026,alapengedely,"paradicsom, tojásgyümölcs hajtatott",fitoftórás betegség,gombaölő szer,"1,28 l/10000 m2 LFF* (max. 3,2 l/ha)",,,l/ha,21,21,első oldalhajtás megjelenésétől (BBCH 21) teljes érésig (BBCH 89),,2,7,,EnervinPro_mod_20260414.pdf,https://novenyvedoszer.nebih.gov.hu/Engedelykereso/DocumentHandler.ashx?documentId=348897718es348890191&documentName=EnervinPro_mod_20260414.pdf,verified special dose recovered verbatim from point 4; source Enervin_Pro__8750-5592-1-2026__EnervinPro_mod_20260414.md line 383
Raptol HP,6700/0012084-2/2024,alapengedely,futóbab (szabadföldi),levéltetvek,rovarölő szer,"0,6 l/10000 m2 lomb- felület (maximum 1,2 l/ha",,,l/ m lombfelület,18,89,8 leveles állapot ‒ teljes érés (BBCH 18-89),,2,5,,Raptol HP_eng_0012084_2_20241119_publikus.pdf,https://novenyvedoszer.nebih.gov.hu/Engedelykereso/DocumentHandler.ashx?documentId=346291232es346268493&documentName=Raptol+HP_eng_0012084_2_20241119_publikus.pdf,verified special dose recovered verbatim from point 4; source Raptol_HP__6700-0012084-2-2024__Raptol_HP_eng_0012084_2_20241119_publikus.md line 555
Raptol HP,6700/0012084-2/2024,alapengedely,"körte, birs, naspolya, japán körte",levéltetvek,rovarölő szer,"0,7 l/10000 m2 lomb- felület (maximum 1,5 l/ha",,,l/ m lombfelület,55,87,korai zöldbimbó ‒ fogyasztásra érettség (BBCH 55-87),,2,5,,Raptol HP_eng_0012084_2_20241119_publikus.pdf,https://novenyvedoszer.nebih.gov.hu/Engedelykereso/DocumentHandler.ashx?documentId=346291232es346268493&documentName=Raptol+HP_eng_0012084_2_20241119_publikus.pdf,verified special dose recovered verbatim from point 4; source Raptol_HP__6700-0012084-2-2024__Raptol_HP_eng_0012084_2_20241119_publikus.md line 559
Raptol HP,6700/0012084-2/2024,alapengedely,"körte, birs, naspolya, japán körte","rügyfúró bogár, piros kökényeszelény, lombrágó hernyók (kivéve aknázómolyok)",rovarölő szer,"0,525 l/10000 m2 lomb-felület (maximum 1,05 l/ha",,,l/ m lombfelület,10,87,egérfüles állapot ‒ fogyasztásra érettség (BBCH 10-87),,2,5,,Raptol HP_eng_0012084_2_20241119_publikus.pdf,https://novenyvedoszer.nebih.gov.hu/Engedelykereso/DocumentHandler.ashx?documentId=346291232es346268493&documentName=Raptol+HP_eng_0012084_2_20241119_publikus.pdf,verified special dose recovered verbatim from point 4; source Raptol_HP__6700-0012084-2-2024__Raptol_HP_eng_0012084_2_20241119_publikus.md line 560
Agrometabi,8360/30596-1/2025,alapengedely,szőlő (bor és csemege),növények egészségi állapotnak javítása,növényápoló szer,1-2% (max. 16 kg/ha),,,l/ha,13,13,kisleveles állapottól (BBCH 13) bogyószíneződésig (BBCH 83),,8,7,,Agrometabi_eng_20250313_publikus.pdf,https://novenyvedoszer.nebih.gov.hu/Engedelykereso/DocumentHandler.ashx?documentId=346770402es346769020&documentName=Agrometabi_eng_20250313_publikus.pdf,verified special dose recovered verbatim from point 4; source Agrometabi__8360-30596-1-2025__Agrometabi_eng_20250313_publikus.md line 128
Geoxe,6700/591-1/2023,alapengedely,spárga szabadföldi,fuzáriumos betegség,gombaölő szer,"0,1% (max. 0,15 kg/ha)",,,l/ha,00,00,ültetés előtt (BBCH 00),,1,10,,Geoxe_mod_20250925publikus.pdf,https://novenyvedoszer.nebih.gov.hu/Engedelykereso/DocumentHandler.ashx?documentId=347867537es347859839&documentName=Geoxe_mod_20250925publikus.pdf,verified special dose recovered verbatim from point 4; source Geoxe__6700-591-1-2023__Geoxe_mod_20250925publikus.md line 405
Limocide,6700/254-1/2023,alapengedely,"szőlő (csemege-, bor-)",szőlő- gubacsatka,"gombaölő szer, rovarölő szer, atkaölő szer",1 %,,,l/ha,12,12,2. levél kiterülésétől (BBCH 12) fogyasztásra érettségig (BBCH 89),,2,7,,Limocide_mod_80673_2_20250903_publikus.pdf,https://novenyvedoszer.nebih.gov.hu/Engedelykereso/DocumentHandler.ashx?documentId=347867505es347859806&documentName=Limocide_mod_80673_2_20250903_publikus.pdf,verified special dose recovered verbatim from point 4; source Limocide__6700-254-1-2023__Limocide_mod_80673_2_20250903_publikus.md line 254
Limocide,6700/254-1/2023,alapengedely,"szőlő (csemege-, bor-)",gyapjas pajzstetű,"gombaölő szer, rovarölő szer, atkaölő szer",1 %,,,l/ha,12,12,2. levél kiterülésétől (BBCH 12) fogyasztásra érettségig (BBCH 89),,6,7,,Limocide_mod_80673_2_20250903_publikus.pdf,https://novenyvedoszer.nebih.gov.hu/Engedelykereso/DocumentHandler.ashx?documentId=347867505es347859806&documentName=Limocide_mod_80673_2_20250903_publikus.pdf,verified special dose recovered verbatim from point 4; source Limocide__6700-254-1-2023__Limocide_mod_80673_2_20250903_publikus.md line 544
Badge WG,6300/656-1/2019,alapengedely,szőlő bor és csemege,"peronoszpóra, orbánc",gombaölő szer,"1,3-1,8 virágzásig",,,l/ha,13,13,3. levél kiterülésétől (BBCH 13) bogyószíneződésig (BBCH 83),,2,7,,BadgeWG_mód_20251007.pdf,https://novenyvedoszer.nebih.gov.hu/Engedelykereso/DocumentHandler.ashx?documentId=347945463es347942624&documentName=BadgeWG_m%c3%b3d_20251007.pdf,verified special dose recovered verbatim from point 4; source Badge_WG__6300-656-1-2019__BadgeWG_mód_20251007.md line 120
Badge WG,6300/656-1/2019,alapengedely,"lágyszárú dísznövények, fásszárú dísznövények szabadföldi és hajtatott","peronoszpóra, cerkospórás levélfoltosság, antraknózis (kolletotrihumos betegség), rozsda, baktériumos betegségek",gombaölő szer,"1,5-2,7 25g/10l víz",,,l/ha,,,n.k.,,5,7,,BadgeWG_mód_20251007.pdf,https://novenyvedoszer.nebih.gov.hu/Engedelykereso/DocumentHandler.ashx?documentId=347945463es347942624&documentName=BadgeWG_m%c3%b3d_20251007.pdf,verified special dose recovered verbatim from point 4; source Badge_WG__6300-656-1-2019__BadgeWG_mód_20251007.md line 215
Benevia,6300/674-1/2019,alapengedely,dohány (palántanevelés során),"dohánytripsz, vetési bagolylepke, gyapottok- bagolylepke",rovarölő szer,"0,1%",,,l/ha,11,17,egy lombleveles állapottól 6-7 leveles állapotig (kiültetésig) (BBCH 11-17),,1,,,Benevia_mod_20250925publikus.pdf,https://novenyvedoszer.nebih.gov.hu/Engedelykereso/DocumentHandler.ashx?documentId=347945452es347942610&documentName=Benevia_mod_20250925publikus.pdf,verified special dose recovered verbatim from point 4; source Benevia__6300-674-1-2019__Benevia_mod_20250925publikus.md line 269
Benevia,6300/674-1/2019,alapengedely,"sárgadinnye, görögdinnye (hajtatott)","gyapottok- bagolylepke,",rovarölő szer,60‒75 ml/hl,,,l/ha,12,89,két leveles állapottól a teljes érésig (BBCH 12-89) januártól decemberig,,4,7,,Benevia_mod_20250925publikus.pdf,https://novenyvedoszer.nebih.gov.hu/Engedelykereso/DocumentHandler.ashx?documentId=347945452es347942610&documentName=Benevia_mod_20250925publikus.pdf,verified special dose recovered verbatim from point 4; source Benevia__6300-674-1-2019__Benevia_mod_20250925publikus.md line 416
Luna Care,6300/229-1/2020,alapengedely,Alma,Varasodás Lisztharmat Tűzelhalás (mérsékelt hatékonyság) Nektriás kéregrák (mérsékelt hatékonyság),gombaölő szer,"1,0 kg/ha/m lombkorona",,,max l/ha/m lombkorona max l/ha,51,51,"virágrügyek duzzadásától (BBCH 51) virágrügyek láthatóvá válásáig (korai zöldbimbós állapot) (BBCH 55), majd 5-10 mm-es gyümölcsnagyságtól (BBCH 71) érés kezdetéig (BBCH 81)",,3,7,,LunaCare_mod_20260209.pdf,https://novenyvedoszer.nebih.gov.hu/Engedelykereso/DocumentHandler.ashx?documentId=348529234es348520489&documentName=LunaCare_mod_20260209.pdf,verified special dose recovered verbatim from point 4; source Luna_Care__6300-229-1-2020__LunaCare_mod_20260209.md line 245
Luna Care,6300/229-1/2020,alapengedely,Körte,Varasodás Lisztharmat Sztemfíliumos barna foltosság Tűzelhalás (mérsékelt hatékonyság) Pszeudomónászos bimbó- és virágelhalás (mérsékelt hatékonyság) Nektriás kéregrák (mérsékelt hatékonyság),gombaölő szer,"1,0 kg/ha/m lombkorona",,,max l/ha/m lombkorona max l/ha,51,51,virágrügyek duzzadásától (BBCH 51) érés kezdetéig (BBCH 81),,3,7,,LunaCare_mod_20260209.pdf,https://novenyvedoszer.nebih.gov.hu/Engedelykereso/DocumentHandler.ashx?documentId=348529234es348520489&documentName=LunaCare_mod_20260209.pdf,verified special dose recovered verbatim from point 4; source Luna_Care__6300-229-1-2020__LunaCare_mod_20260209.md line 246
Milagro Plus,6300/274-1/2019,alapengedely,"kukorica (szemes, siló)",magról kelő egy- és kétszikű gyomnövények,gyomirtó szer,"0,8-1,2 (teljes felület permetezéssel, vagy sorkezeléssel)",,,l/ha,13,16,3 leveles állapottól 6 leveles fejlettségig (BBCH 13-16),,1,,,Milagro Plus mód 2026.03.19.pdf,https://novenyvedoszer.nebih.gov.hu/Engedelykereso/DocumentHandler.ashx?documentId=348700319es348696475&documentName=Milagro+Plus+m%c3%b3d+2026.03.19.pdf,verified special dose recovered verbatim from point 4; source Milagro_Plus__6300-274-1-2019__Milagro_Plus_mód_2026.03.19.md line 242
Milagro Plus,6300/274-1/2019,alapengedely,"kukorica (szemes, siló)","évelő egyszikű gyomnövények, mezei acat",gyomirtó szer,"1,2 (teljes felület permetezéssel, vagy sorkezeléssel)",,,l/ha,13,16,3 leveles állapottól 6 leveles fejlettségig (BBCH 13-16),,1,,,Milagro Plus mód 2026.03.19.pdf,https://novenyvedoszer.nebih.gov.hu/Engedelykereso/DocumentHandler.ashx?documentId=348700319es348696475&documentName=Milagro+Plus+m%c3%b3d+2026.03.19.pdf,verified special dose recovered verbatim from point 4; source Milagro_Plus__6300-274-1-2019__Milagro_Plus_mód_2026.03.19.md line 243
Mospilan 20 SG,04.2/2883-1/2011,alapengedely,"cseresznye, meggy",cseresznyelégy,rovarölő szer,"0,025 + 1,0 Combi- protec",,,l/ha,81,86,a fajtára jellemző színeződés kezdete – egy héttel a betakarítás előtti állapot (BBCH 81-86),,3,7,,Mospilan 20 SG_mod_76068_3_20251124_publikus.pdf,https://novenyvedoszer.nebih.gov.hu/Engedelykereso/DocumentHandler.ashx?documentId=348233501es348148848&documentName=Mospilan+20+SG_mod_76068_3_20251124_publikus.pdf,verified special dose recovered verbatim from point 4; source Mospilan_20_SG__04.2-2883-1-2011__Mospilan_20_SG_mod_76068_3_20251124_publikus.md line 900
Mospilan 20 SG,04.2/2883-1/2011,alapengedely,dió,nyugati dióburok- fúrólégy,rovarölő szer,"0,04 + 1,0 Combi- protec",,,l/ha,74,84,gyümölcsnövekedés – két héttel a betakarítás előtti állapot (BBCH 74-84),,5,7-10,,Mospilan 20 SG_mod_76068_3_20251124_publikus.pdf,https://novenyvedoszer.nebih.gov.hu/Engedelykereso/DocumentHandler.ashx?documentId=348233501es348148848&documentName=Mospilan+20+SG_mod_76068_3_20251124_publikus.pdf,verified special dose recovered verbatim from point 4; source Mospilan_20_SG__04.2-2883-1-2011__Mospilan_20_SG_mod_76068_3_20251124_publikus.md line 901
Signum WG,1753/2006,alapengedely,"csonthéjasok (cseresznye, meggy, szilva, őszibarack, kajszi, nektarin)","monilíniás hajtás- és virágpusztulás, blumeriellás betegség",gombaölő szer,"0,75-1,0 (0,25 kg/ha fakorona méteren- ként)",,,l/ha,57,57,"fehér-, illetve pirosbimbós állapot kezdetétől (BBCH 57) fajtára jellemző színeződés kialakulásáig (BBCH 85)",,3,7,,SignumWG_mod_20260511.pdf,https://novenyvedoszer.nebih.gov.hu/Engedelykereso/DocumentHandler.ashx?documentId=350182021es350112000&documentName=SignumWG_mod_20260511.pdf,verified special dose recovered verbatim from point 4; source Signum_WG__1753-2006__SignumWG_mod_20260511.md line 375
Signum WG,1753/2006,alapengedely,mandula,"moníliás virág- és hajtáspusztulás, sztigminás betegség (levéllyukacsosod ás), varasodás",gombaölő szer,"0,75-1,0 (0,25 kg/ha fakorona méterenké nt)",,,l/ha,57,57,fehérbimbós állapot kezdetétől (BBCH 57) fajtára jellemző színeződés kialakulásáig (BBCH 85),,2,7,,SignumWG_mod_20260511.pdf,https://novenyvedoszer.nebih.gov.hu/Engedelykereso/DocumentHandler.ashx?documentId=350182021es350112000&documentName=SignumWG_mod_20260511.pdf,verified special dose recovered verbatim from point 4; source Signum_WG__1753-2006__SignumWG_mod_20260511.md line 499
Trianum P,04.2/2411-1/2018,alapengedely,"Zöldségfélék (fejessaláta, spenót, sóska, paprika, paradicsom, uborka, káposztafélék, zeller, szárukért termesztett zöldségek) palántanevelés","pítiumos és rizoktóniás palántadőlés, fuzáriumos hervadás",gombaölő szer,"első kezelés: 1,5 g/m2, további kezelés: 0,75 g/m2",,,,,,"magvetést követően kelés előtt, kelést követően (paradicsom, paprika, uborka)",,2,14,,Trinaum-P_mod_20230417.pdf,https://novenyvedoszer.nebih.gov.hu/Engedelykereso/DocumentHandler.ashx?documentId=342601864es342595521&documentName=Trinaum-P_mod_20230417.pdf,verified special dose recovered verbatim from point 4; source Trianum_P__04.2-2411-1-2018__Trinaum-P_mod_20230417.md line 250
Trianum P,04.2/2411-1/2018,alapengedely,Bogyós gyümölcsűek (szamóca) hajtatás,"pítiumos és rizoktóniás palántadőlés, fuzáriumos hervadás",gombaölő szer,15-30 g /1000 növény,,,,,,"kiültetést követően közvetlenül, majd a termesztési időszakban",,5,70,,Trinaum-P_mod_20230417.pdf,https://novenyvedoszer.nebih.gov.hu/Engedelykereso/DocumentHandler.ashx?documentId=342601864es342595521&documentName=Trinaum-P_mod_20230417.pdf,verified special dose recovered verbatim from point 4; source Trianum_P__04.2-2411-1-2018__Trinaum-P_mod_20230417.md line 388
Trianum P,04.2/2411-1/2018,alapengedely,Faiskolai növények magoncnevelés illetve dugványozás,"pítiumos és rizoktóniás palántadőlés, fuzáriumos hervadás",gombaölő szer,"első kezelés: 15 kg/ha (1,5 g/m2), további kezelések : 7,5 kg/ha (0,75 g/m2)",,,,,,kelés előtt vagy azt követően,,4,14,,Trinaum-P_mod_20230417.pdf,https://novenyvedoszer.nebih.gov.hu/Engedelykereso/DocumentHandler.ashx?documentId=342601864es342595521&documentName=Trinaum-P_mod_20230417.pdf,verified special dose recovered verbatim from point 4; source Trianum_P__04.2-2411-1-2018__Trinaum-P_mod_20230417.md line 539
Valmec EW,6700/555-1/2023,alapengedely,"kabakosok nem ehető héjjal (görögdinnye, sárgadinnye, spárgatök, sütőtök) (zárt termesztő berendezés)",közönséges takácsatka,"rovarölő szer, atkaölő szer","0,05-0,08 %",,,l/ha,10,89,márciustól - októberig szikleveles állapot - teljes érés (BBCH 10-89),,7,2,,Valmec_EW_mod_20250317publikus.pdf,https://novenyvedoszer.nebih.gov.hu/Engedelykereso/DocumentHandler.ashx?documentId=346682975es346683284&documentName=Valmec_EW_mod_20250317publikus.pdf,verified special dose recovered verbatim from point 4; source Valmec_EW__6700-555-1-2023__Valmec_EW_mod_20250317publikus.md line 256
Valmec EW,6700/555-1/2023,alapengedely,paradicsom (zárt termesztő berendezés),közönséges takácsatka,"rovarölő szer, atkaölő szer","0,05-0,08 %",,,l/ha,10,89,márciustól - októberig szikleveles állapot - teljes érés (BBCH 10-89),,7,3,,Valmec_EW_mod_20250317publikus.pdf,https://novenyvedoszer.nebih.gov.hu/Engedelykereso/DocumentHandler.ashx?documentId=346682975es346683284&documentName=Valmec_EW_mod_20250317publikus.pdf,verified special dose recovered verbatim from point 4; source Valmec_EW__6700-555-1-2023__Valmec_EW_mod_20250317publikus.md line 257
Vegarep EC,8360/45027-1/2025,alapengedely,"gyümölcs fajok (almatermésűek, csonthéjasok, héjasok, bogyós gyümölcsűek)",levéltetvek,"növényápoló szer, segédanyag","3,0 (nyugalmi állapot)",,,l/ha,00,02,nyugalmi állapot ‒ levélrügy-duzzadás (BBCH 00-02),,6,5,,Vegarep EC_mod_20251127_publikus.pdf,https://novenyvedoszer.nebih.gov.hu/Engedelykereso/DocumentHandler.ashx?documentId=348233527es348252625&documentName=Vegarep+EC_mod_20251127_publikus.pdf,verified special dose recovered verbatim from point 4; source Vegarep_EC__8360-45027-1-2025__Vegarep_EC_mod_20251127_publikus.md line 117
Vegarep EC,8360/45027-1/2025,alapengedely,szőlő,amerikai szőlőkabóca,"növényápoló szer, segédanyag","3,0 (nyugalmi állapot)",,,l/ha,00,02,nyugalmi állapot ‒ rügyduzzadás (BBCH 00-02),,3,5,,Vegarep EC_mod_20251127_publikus.pdf,https://novenyvedoszer.nebih.gov.hu/Engedelykereso/DocumentHandler.ashx?documentId=348233527es348252625&documentName=Vegarep+EC_mod_20251127_publikus.pdf,verified special dose recovered verbatim from point 4; source Vegarep_EC__8360-45027-1-2025__Vegarep_EC_mod_20251127_publikus.md line 119
Caldera 700,6700/0027845-5/2024,alapengedely,"alma, körte",varasodás,gombaölő szer,90%,,,l/ha,53,53,virágzás után: virágrügypattanástól (BBCH 53) 90%-os gyümölcsméretig (BBCH 79),,3,12,,Caldera700_mod_20250819publikus.pdf,https://novenyvedoszer.nebih.gov.hu/Engedelykereso/DocumentHandler.ashx?documentId=347800732es347801082&documentName=Caldera700_mod_20250819publikus.pdf,verified special dose recovered verbatim from point 4; source Caldera_700__6700-0027845-5-2024__Caldera700_mod_20250819publikus.md line 199
Conatra,04.2/2722-1/2017,alapengedely,Őszi káposztarepce,"növekedés szabályozás (fagykár csökkentése, növekedés lassítása) alternáriás betegség",gombaölő szer,"0,7-1,0 (növekedés szabályozás) 1,0 (alternáriás betegség)",,,l/ha,14,14,4 leveles állapottól (BBCH 14) becőképződés kezdetéig (BBCH 71),,2,14,,Conatra_mód_20240325.pdf,https://novenyvedoszer.nebih.gov.hu/Engedelykereso/DocumentHandler.ashx?documentId=345058283es345063432&documentName=Conatra_m%c3%b3d_20240325.pdf,verified special dose recovered verbatim from point 4; source Conatra__04.2-2722-1-2017__Conatra_mód_20240325.md line 229
Cosavet DF Edge (er.név: Cosavet DF),27402/1998,alapengedely,"dísznövények, díszfák, díszcserjék (erdőtelepítések , közterületek kivételével)",lisztharmat,gombaölő szer,"1,5-5,0 (0,15-0,5 kg/100 l)",,,l/ha,11,11,első levelek kiterülésétől (BBCH 11) teljes levélhullásig (BBCH 97),,5,7,,Cosavet DF Edge_mód_20240522.pdf,https://novenyvedoszer.nebih.gov.hu/Engedelykereso/DocumentHandler.ashx?documentId=345606059es345606210&documentName=Cosavet+DF+Edge_m%c3%b3d_20240522.pdf,verified special dose recovered verbatim from point 4; source Cosavet_DF_Edge_(er.név_Cosavet_DF)__27402-1998__Cosavet_DF_Edge_mód_20240522.md line 453
Cuprozin Progress,6300/776-1/2019,alapengedely,Burgonya,baktériumos szártő- és gumórothadás (feketelábúság),gombaölő szer,14 ml/100 kg vetőgumó max 476 ml/ha),,,max ml/ kg vetőgum ó,00,00,gumóállapot (BBCH 00) – kihajtás megindulása (BBCH 03),,1,7,,Cuprozin Progress_mód_20240220.pdf,https://novenyvedoszer.nebih.gov.hu/Engedelykereso/DocumentHandler.ashx?documentId=344859768es344860272&documentName=Cuprozin+Progress_m%c3%b3d_20240220.pdf,verified special dose recovered verbatim from point 4; source Cuprozin_Progress__6300-776-1-2019__Cuprozin_Progress_mód_20240220.md line 395
Funguran Progress,6300/741-1/2019,alapengedely,Burgonya,baktériumos szártő- és gumórothadás (feketelábúság),gombaölő szer,9 g/100 kg,,,max,00,00,gumóállapot (BBCH 00) – kihajtás megindulása (BBCH 03),,1,7,,Funguran Progress _mód_20240220.pdf,https://novenyvedoszer.nebih.gov.hu/Engedelykereso/DocumentHandler.ashx?documentId=344859775es344860279&documentName=Funguran+Progress+_m%c3%b3d_20240220.pdf,verified special dose recovered verbatim from point 4; source Funguran_Progress__6300-741-1-2019__Funguran_Progress_mód_20240220.md line 366
Hanami (er.név: Symphonie),04.2/4710-1/2018,alapengedely,Burgonya,rizoktóniás betegség,gombaölő csávázószer,"1,5 kg/t vetőgumó",,,,00,00,vetőgumó BBCH 00,,1,,,Hanami_mod_20231018.pdf,https://novenyvedoszer.nebih.gov.hu/Engedelykereso/DocumentHandler.ashx?documentId=343807159es343807509&documentName=Hanami_mod_20231018.pdf,verified special dose recovered verbatim from point 4; source Hanami_(er.név_Symphonie)__04.2-4710-1-2018__Hanami_mod_20231018.md line 204
Lalstop K61 WP (er.név: Mycostop),24879/1997,alapengedely,"Termésükért és levelükért termesztett zöldségfélék, fűszernövények","talaj és vetőmag útján terjedő kórokozók Fusarium sp., Alternaria sp., Phytophthora sp., Pythium sp.",gombaölő szer,1-10 g/m3,,,,,,talajba keverés,,1,,,LalstopK61WP_mód_20230207.pdf,https://novenyvedoszer.nebih.gov.hu/Engedelykereso/DocumentHandler.ashx?documentId=341517525es341517781&documentName=LalstopK61WP_m%c3%b3d_20230207.pdf,verified special dose recovered verbatim from point 4; source Lalstop_K61_WP_(er.név_Mycostop)__24879-1997__LalstopK61WP_mód_20230207.md line 236
Lalstop K61 WP (er.név: Mycostop),24879/1997,alapengedely,Dísznövény gyökeres dugvány,"talaj és vetőmag útján terjedő kórokozók Fusarium sp., Alternaria sp., Phytophthora sp., Pythium sp.",gombaölő szer,1 g/ 10 l,,,l/ha,,,bemártás,,1,21,,LalstopK61WP_mód_20230207.pdf,https://novenyvedoszer.nebih.gov.hu/Engedelykereso/DocumentHandler.ashx?documentId=341517525es341517781&documentName=LalstopK61WP_m%c3%b3d_20230207.pdf,verified special dose recovered verbatim from point 4; source Lalstop_K61_WP_(er.név_Mycostop)__24879-1997__LalstopK61WP_mód_20230207.md line 341
Luna Experience,04.2/4095-2/2014,alapengedely,kajszi,"moníliás betegségek, sztigminás betegség",gombaölő szer,"0,2 l/m korona magasság (max. 0,5 l/ha)",,,l/ha,59,59,késői pirosbimbós állapottól (BBCH 59) szedésérettségig (BBCH 87),,1,7,,Luna Experience_mód_20231213.pdf,https://novenyvedoszer.nebih.gov.hu/Engedelykereso/DocumentHandler.ashx?documentId=344261705es344262006&documentName=Luna+Experience_m%c3%b3d_20231213.pdf,verified special dose recovered verbatim from point 4; source Luna_Experience__04.2-4095-2-2014__Luna_Experience_mód_20231213.md line 375
Luna Privilege,04.2/2206-1/2014,alapengedely,paradicsom hajtatott,szürkepenész (botrítiszes betegség) [BOTRCI],gombaölő szer,"40ml/1000 növény max 1,0 l/ha csepegtető öntözéssel kijuttatva",,,,12,12,két leveles állapottól (BBCH 12) teljes érésig (BBCH 89),,4,7,,Luna Privilege_mód_20231213.pdf,https://novenyvedoszer.nebih.gov.hu/Engedelykereso/DocumentHandler.ashx?documentId=344261706es344262007&documentName=Luna+Privilege_m%c3%b3d_20231213.pdf,verified special dose recovered verbatim from point 4; source Luna_Privilege__04.2-2206-1-2014__Luna_Privilege_mód_20231213.md line 377
Medallon Prémium (er.név: Medallon Premium),15990/2003,alapengedely,erdészet,bálványfa (Alianthus altissima) sarjak és egyéb inváziós fafajok,gyomirtó szer,"31,8 %",,,l/ha,,,tápanyagforgalom megindulásától a tápanyagforgalom leállásáig kéregkenéssel,,1,60,,Medallon Prémium hivatalból mód 2026.04.01.pdf,https://novenyvedoszer.nebih.gov.hu/Engedelykereso/DocumentHandler.ashx?documentId=348776891es348890156&documentName=Medallon+Pr%c3%a9mium+hivatalb%c3%b3l+m%c3%b3d+2026.04.01.pdf,verified special dose recovered verbatim from point 4; source Medallon_Prémium_(er.név_Medallon_Premium)__15990-2003__Medallon_Prémium_hivatalból_mód_2026.04.01.md line 255
Nemycel,6300/1676-1/2022,alapengedely,Termesztett gomba (csiperkegomba),Sciaridae gombalegyek,makroszervezet,2.000.000 db lárva/m2,,,l/ha,,,átszövetés,,2,7,,Nemycel_mod_20230823_publikus.pdf,https://novenyvedoszer.nebih.gov.hu/Engedelykereso/DocumentHandler.ashx?documentId=344859755es344860253&documentName=Nemycel_mod_20230823_publikus.pdf,verified special dose recovered verbatim from point 4; source Nemycel__6300-1676-1-2022__Nemycel_mod_20230823_publikus.md line 217
Olajos Rézkén,12306/2002,alapengedely,"bogyósok (málna, szeder, köszméte, piros és fekete ribiszke, josta)","lemosó permetezés baktériumos és gombás eredetű betegségek, levéltetvek, atkák, pajzstetvek (gyérítés)",gombaölő szer,"3,0 %",,,l/ha,07,07,rügypattanás (BBCH 07),,2,10,,Olajosrézkén_mód_20260317.pdf,https://novenyvedoszer.nebih.gov.hu/Engedelykereso/DocumentHandler.ashx?documentId=348700318es348696474&documentName=Olajosr%c3%a9zk%c3%a9n_m%c3%b3d_20260317.pdf,verified special dose recovered verbatim from point 4; source Olajos_Rézkén__12306-2002__Olajosrézkén_mód_20260317.md line 186
Olajos Rézkén,12306/2002,alapengedely,"díszfák, díszcserjék","lemosó permetezés baktériumos és gombás eredetű betegségek, levéltetvek, atkák, pajzstetvek (gyérítés)",gombaölő szer,"3,0 %",,,l/ha,07,07,rügypattanás (BBCH 07),,2,10,,Olajosrézkén_mód_20260317.pdf,https://novenyvedoszer.nebih.gov.hu/Engedelykereso/DocumentHandler.ashx?documentId=348700318es348696474&documentName=Olajosr%c3%a9zk%c3%a9n_m%c3%b3d_20260317.pdf,verified special dose recovered verbatim from point 4; source Olajos_Rézkén__12306-2002__Olajosrézkén_mód_20260317.md line 187
Orondis Ultra 280 SC,6300/1313-2/2022,alapengedely,szőlő (bor és csemege),peronoszpóra,gombaölő szer,"0,45 l / 10000 m2 LFF (max. 0,67 l/ha)",,,l/ha,13,13,3. levél kiterülésétől (BBCH 13) zsendülésig (BBCH 85),,2,10,,OrondisUltra_mod_20251219.pdf,https://novenyvedoszer.nebih.gov.hu/Engedelykereso/DocumentHandler.ashx?documentId=348318208es348319157&documentName=OrondisUltra_mod_20251219.pdf,verified special dose recovered verbatim from point 4; source Orondis_Ultra_280_SC__6300-1313-2-2022__OrondisUltra_mod_20251219.md line 224
Pictor Active,6300/940-1/2020,alapengedely,szója,Fehérpenész Szürkepenész Diaportés foltosság Peronopszpóra,gombaölő szer,"0,6-1,0 L/ha vagy 2x0,5 L/ha",,,l/ha,51,51,első virágbimbók megjelenésétől (BBCH 51) - a hüvelyképződés főszakaszáig (BBCH 75),,1 vagy 2 (osztott kezelés),14,,PictorActive_mód_20260330.pdf,https://novenyvedoszer.nebih.gov.hu/Engedelykereso/DocumentHandler.ashx?documentId=348770496es348775754&documentName=PictorActive_m%c3%b3d_20260330.pdf,verified special dose recovered verbatim from point 4; source Pictor_Active__6300-940-1-2020__PictorActive_mód_20260330.md line 202
Ridomil Gold 465 SL,8360/4020-14/2025,alapengedely,szőlő bor- és csemege,peronoszpóra,gombaölő szer,"120 ml/ 10000 m2 LFF* (max. 0,2 l/ha)",,,l/ha,15,15,ötödik levél kiterülésétől (BBCH 15) érés kezdetéig (bogyók színeződésének kezdetéig) (BBCH 81),,2,7,,RidomilGold465SL_mod_20260306.pdf,https://novenyvedoszer.nebih.gov.hu/Engedelykereso/DocumentHandler.ashx?documentId=348630200es348696454&documentName=RidomilGold465SL_mod_20260306.pdf,verified special dose recovered verbatim from point 4; source Ridomil_Gold_465_SL__8360-4020-14-2025__RidomilGold465SL_mod_20260306.md line 236
Ridomil Gold R,8360/52803-1/2025,alapengedely,szőlő bor- és csemege,peronoszpóra,gombaölő szer,"2,94 kg/10000 m2 LFF* (max. 5,0 kg/ha)",,,l/ha,15,15,ötödik levél kiterülésétől (BBCH 15) bogyószíneződés kezdetéig (BBCH 81),,2,10,,Ridomil Gold R_mod_20251119.pdf,https://novenyvedoszer.nebih.gov.hu/Engedelykereso/DocumentHandler.ashx?documentId=348142311es348148801&documentName=Ridomil+Gold+R_mod_20251119.pdf,verified special dose recovered verbatim from point 4; source Ridomil_Gold_R__8360-52803-1-2025__Ridomil_Gold_R_mod_20251119.md line 206
Ridomil Gold R,8360/52803-1/2025,alapengedely,paradicsom hajtatott,fitoftórás betegség (paradicsomvész),gombaölő szer,"2,5 kg/10000 m2 LFF* (max. 5,0 kg/ha)",,,l/ha,15,15,ötleveles állapottól (BBCH 15) 40%-os érésig (BBCH 84),,2,10,,Ridomil Gold R_mod_20251119.pdf,https://novenyvedoszer.nebih.gov.hu/Engedelykereso/DocumentHandler.ashx?documentId=348142311es348148801&documentName=Ridomil+Gold+R_mod_20251119.pdf,verified special dose recovered verbatim from point 4; source Ridomil_Gold_R__8360-52803-1-2025__Ridomil_Gold_R_mod_20251119.md line 270
Sercadis,04.2/8496-1/2016,alapengedely,alma,"varasodás, lisztharmat",gombaölő szer,"0,25-0,3 l/ha 0,25 l/ha",,,l/ha,53,53,virágbimbók megjelenésétől (BBCH 53) érés kezdetéig (BBCH 81),,3,7,,Sercadis_mod_20250205.pdf,https://novenyvedoszer.nebih.gov.hu/Engedelykereso/DocumentHandler.ashx?documentId=346545558es346495050&documentName=Sercadis_mod_20250205.pdf,verified special dose recovered verbatim from point 4; source Sercadis__04.2-8496-1-2016__Sercadis_mod_20250205.md line 343
Serenade Aso,6300/2859-1/2022,alapengedely,"paprika, paradicsom, tojásgyümölcs hajtatott","alternáriás betegség, botrítiszes betegség (szürkepenész)",gombaölő szer,4 l/m növénymagasság (max. 8 l/ha),,,l/ha,13,13,három leveles állapottól (BBCH 13) a teljes érésig (BBCH 89),,6,5,,SerenadeAso_mod_20250311publikus.pdf,https://novenyvedoszer.nebih.gov.hu/Engedelykereso/DocumentHandler.ashx?documentId=346612880es346656822&documentName=SerenadeAso_mod_20250311publikus.pdf,verified special dose recovered verbatim from point 4; source Serenade_Aso__6300-2859-1-2022__SerenadeAso_mod_20250311publikus.md line 395
SmartFresh ProTabs,04.2/1181-3/2017,alapengedely,alma,az érés és tárolás során jelentkező öregedés késleltetése,növekedés szabályozó szer,1 sárga ProTabs tabletta,,,rózsaszín ProTabs tabletta kezel,,,40 - 60 m³ (938-624 ppb),,3,24 óra,,SmartfreshProtabs_ megújítás_20231025 final_ indoklás nélkül.pdf,https://novenyvedoszer.nebih.gov.hu/Engedelykereso/DocumentHandler.ashx?documentId=343954480es343954782&documentName=SmartfreshProtabs_+meg%c3%baj%c3%adt%c3%a1s_20231025+final_+indokl%c3%a1s+n%c3%a9lk%c3%bcl.pdf,verified special dose recovered verbatim from point 4; source SmartFresh_ProTabs__04.2-1181-3-2017__SmartfreshProtabs_megújítás_20231025_final_indoklás_nélkül.md line 255
Spirox D,6300/570-2/2019,alapengedely,"Szőlő (csemege, bor)",lisztharmat fekete rothadás pszeudopezikulás orbánc,gombaölő szer,"0,3 l / 10000 m2 LFF max. 0,5 l/ha",,,l / m LFF max l / ha,13,13,Borszőlőben: 3. levél kiterülésétől (BBCH13) fürtzáródás kezdetéig (BBCH77) Csemegeszőlőben: 3. levél kiterülésétől (BBCH13) a virágzás végéig (BBCH69),,2,10,,SpiroxD_mod_20250626.pdf,https://novenyvedoszer.nebih.gov.hu/Engedelykereso/DocumentHandler.ashx?documentId=347617804es347604189&documentName=SpiroxD_mod_20250626.pdf,verified special dose recovered verbatim from point 4; source Spirox_D__6300-570-2-2019__SpiroxD_mod_20250626.md line 382
Sulbari,6300/2631-1/2021,alapengedely,komló,lisztharmat,gombaölő szer,"1,0-5,0 (0,5 kg/100L)",,,l/ha,11,11,kihajtás kezdetétől (BBCH 11) a virágzás végéig (BBCH 69),,15,7,,Sulbari_eng_20211005.pdf,https://novenyvedoszer.nebih.gov.hu/Engedelykereso/DocumentHandler.ashx?documentId=315398455es315380665&documentName=Sulbari_eng_20211005.pdf,verified special dose recovered verbatim from point 4; source Sulbari__6300-2631-1-2021__Sulbari_eng_20211005.md line 262
Tarzec,04.2/2646-1/2018,alapengedely,Őszi búza,ragadós galaj (Galium aparine),gyomirtó szer,"1,0 (őszi kezelés)",,,l/ha,13,39,3 leveles állapottól a zászlóslevél kiterüléséig (BBCH 13-39),,2,3 hónap,,Tarzec mód 2026.05.11.pdf,https://novenyvedoszer.nebih.gov.hu/Engedelykereso/DocumentHandler.ashx?documentId=349998310es348967037&documentName=Tarzec+m%c3%b3d+2026.05.11.pdf,verified special dose recovered verbatim from point 4; source Tarzec__04.2-2646-1-2018__Tarzec_mód_2026.05.11.md line 230
V-10,6300/1665-1/2020,alapengedely,paradicsom (hajtatott),pepinó mozaik vírus (PepMV),gombaölő szer,2 l készítmény + 800 g szintetikus homok/100 l permetlé,,,max l/ ha,13,13,BBCH 13- BBCH 51 10-30 cm-es növénymagasság,,permetezés,1,,V-10_eng_20200430.pdf,https://novenyvedoszer.nebih.gov.hu/Engedelykereso/DocumentHandler.ashx?documentId=299774047es299796859&documentName=V-10_eng_20200430.pdf,verified special dose recovered verbatim from point 4; source V-10__6300-1665-1-2020__V-10_eng_20200430.md line 161
V-5,6300/2016-1/2022,alapengedely,paradicsom zárt termesztő berendezés,pepinó mozaik vírus (PepMV),elicitor,70 l/ha készítmény + 800 g szintetikus homok/100 l permetlé,,,max l/ha/kezelés,13,13,3 leveles állapottól (BBCH 13) első virágbimbó megjelenéséig (BBCH 51) 10-30 cm-es növénymagasság,,permetezés,1,,V-5_eng_20220719.pdf,https://novenyvedoszer.nebih.gov.hu/Engedelykereso/DocumentHandler.ashx?documentId=328137939es328136440&documentName=V-5_eng_20220719.pdf,verified special dose recovered verbatim from point 4; source V-5__6300-2016-1-2022__V-5_eng_20220719.md line 170
Vintec,6300/2876-1/2020,alapengedely,Szőlő oltványiskola,"Korai tőkepusztulás kórokozói (Phaeomoniella chlamydospora, Phaeoacremonium minimum)",gombaölő szer,200 g /100 l víz,,,,,,oltvány állapot,,4,,,Vintec_mód_20241001.pdf,https://novenyvedoszer.nebih.gov.hu/Engedelykereso/DocumentHandler.ashx?documentId=346034345es346068355&documentName=Vintec_m%c3%b3d_20241001.pdf,verified special dose recovered verbatim from point 4; source Vintec__6300-2876-1-2020__Vintec_mód_20241001.md line 385
Vintec,6300/2876-1/2020,alapengedely,Paradicsom (hajtatás),Szürkepenész,gombaölő szer,10 g/100 l víz,,,l/ha,21,21,elsődleges oldalhajtások megjelenésétől (BBCH 21) teljes érésig (BBCH 89),,8,5,,Vintec_mód_20241001.pdf,https://novenyvedoszer.nebih.gov.hu/Engedelykereso/DocumentHandler.ashx?documentId=346034345es346068355&documentName=Vintec_m%c3%b3d_20241001.pdf,verified special dose recovered verbatim from point 4; source Vintec__6300-2876-1-2020__Vintec_mód_20241001.md line 387
Amistar,35042/2001,alapengedely,étkezési és ipari mák*,"peronoszpóra, pleospórás betegség (helmintospórium), lisztharmat",gombaölő szer,"0,75-1,0 vagy 2 x 0,5",,,l/ha,14,14,négyleveles állapottól (BBCH 14) kampósbot állapotig (BBCH 51),,1 vagy 2 (osztott kezelés),10,,Amistar_mod_20250611.pdf,https://novenyvedoszer.nebih.gov.hu/Engedelykereso/DocumentHandler.ashx?documentId=347577818es347562499&documentName=Amistar_mod_20250611.pdf,verified special dose recovered verbatim from point 4; source Amistar__35042-2001__Amistar_mod_20250611.md line 1018
Amylo-X,6300/425-1/2021,alapengedely,termesztett gombák (zárt termesztő berendezés),zöldpenész,gombaölő szer,15 g/100 kg,,,l/ha,,,"komposzt,szubsztr átum készítésekor",,1,7,,AmyloX_mod_20260217.pdf,https://novenyvedoszer.nebih.gov.hu/Engedelykereso/DocumentHandler.ashx?documentId=348529243es348591503&documentName=AmyloX_mod_20260217.pdf,verified special dose recovered verbatim from point 4; source Amylo-X__6300-425-1-2021__AmyloX_mod_20260217.md line 251
Badge SC,6300/655-1/2019,alapengedely,szőlő bor és csemege,"peronoszpóra, orbánc",gombaölő szer,"1,3-1,8 virágzásig",,,l/ha,13,13,3. levél kiterülésétől (BBCH 13) bogyószíneződésig (BBCH 83),,7,7,,BadgeSC_mód_20250904.pdf,https://novenyvedoszer.nebih.gov.hu/Engedelykereso/DocumentHandler.ashx?documentId=347800750es347859801&documentName=BadgeSC_m%c3%b3d_20250904.pdf,verified special dose recovered verbatim from point 4; source Badge_SC__6300-655-1-2019__BadgeSC_mód_20250904.md line 106
Beltanol,04.2/4273-1/2018,alapengedely,borszőlő,szürkepenészes rothadás (Botrytis cinerea),gombaölő szer,"0,7 l/100 l víz",,,l/ha,00,00,"BBCH 00 (vessző, oltvány)",,1,14,,Beltanol_mód_20230131.pdf,https://novenyvedoszer.nebih.gov.hu/Engedelykereso/DocumentHandler.ashx?documentId=337855587es337855893&documentName=Beltanol_m%c3%b3d_20230131.pdf,verified special dose recovered verbatim from point 4; source Beltanol__04.2-4273-1-2018__Beltanol_mód_20230131.md line 306
Delan 700 WG,27916/1998,alapengedely,"almatermésűek (alma, körte, birs, naspolya)",varasodás,gombaölő szer,90%,,,l/ha,53,53,virágrügy- pattanástól (BBCH 53) 90%-os gyümölcsméretig (BBCH 79),,3,12,,Delan 700 WG_mód_20240226.pdf,https://novenyvedoszer.nebih.gov.hu/Engedelykereso/DocumentHandler.ashx?documentId=344905269es344945558&documentName=Delan+700+WG_m%c3%b3d_20240226.pdf,verified special dose recovered verbatim from point 4; source Delan_700_WG__27916-1998__Delan_700_WG_mód_20240226.md line 246
Difeno 25 EC,04.2/1131-1/2012,alapengedely,rózsa (szabadföldi),"lisztharmat, diplokarponos levélfoltosság",gombaölő szer,"0,05 %",,,l/ha,,,nincs korlátozás,,3,7,,Difeno25EC_mod_20251208.pdf,https://novenyvedoszer.nebih.gov.hu/Engedelykereso/DocumentHandler.ashx?documentId=348233521es348252619&documentName=Difeno25EC_mod_20251208.pdf,verified special dose recovered verbatim from point 4; source Difeno_25_EC__04.2-1131-1-2012__Difeno25EC_mod_20251208.md line 405
Difeno 25 EC,04.2/1131-1/2012,alapengedely,"tenyészedény- ben, illetve saját talajban nevelt egynyári és évelő lágyszárú dísznövények (szabadföldi és hajtatott)","gombás levélfoltossá-gok, kolletotrihumos betegség (antraknózis), lisztharmat",gombaölő szer,"0,025-0,05 %",,,l/ha,,,nincs korlátozás,,3,7,,Difeno25EC_mod_20251208.pdf,https://novenyvedoszer.nebih.gov.hu/Engedelykereso/DocumentHandler.ashx?documentId=348233521es348252619&documentName=Difeno25EC_mod_20251208.pdf,verified special dose recovered verbatim from point 4; source Difeno_25_EC__04.2-1131-1-2012__Difeno25EC_mod_20251208.md line 407
Kumar,6300/891-1/2021,alapengedely,alma,"varasodás, légypiszok betegség",gombaölő szer,"2,5 kg/ha/m korona- magasság (max. 5,0 kg/ha)",,,l/ha/m korona magasság,72,72,mogyoró nagyságú (10- 20 mm-es) gyümölcskezdemény állapottól (BBCH 72) szedésérettségig (BBCH 87),,6,8,,Kumar megújítás_0059488-1_2024.07.16_publikus.pdf,https://novenyvedoszer.nebih.gov.hu/Engedelykereso/DocumentHandler.ashx?documentId=345801440es345799646&documentName=Kumar+meg%c3%baj%c3%adt%c3%a1s_0059488-1_2024.07.16_publikus.pdf,verified special dose recovered verbatim from point 4; source Kumar__6300-891-1-2021__Kumar_megújítás_0059488-1_2024.07.16_publikus.md line 162
Luna Sensation,04.2/1165-1/2018,alapengedely,"fodros kel, szareptai mustár",alternáriás betegség,gombaölő szer,"0,5 l",,,l/ha,41,41,fogyasztásra alkalmas levélzet fejlődésének kezdetétől (BBCH 41) végleges levéltömeg eléréséig (BBCH 49),,1,14,,LunaSensation_mod_20250127.pdf,https://novenyvedoszer.nebih.gov.hu/Engedelykereso/DocumentHandler.ashx?documentId=348897719es348890192&documentName=LunaSensation_mod_20250127.pdf,verified special dose recovered verbatim from point 4; source Luna_Sensation__04.2-1165-1-2018__LunaSensation_mod_20250127.md line 251
Mester,11103/2002,alapengedely,"kukorica (szemes, siló)","magról kelő egy- és kétszikű gyomnövények, valamint mezei acat, tarackbúza, fenyércirok",gyomirtó szer,150 Mester + 2 l/ha Mero,,,l/ha,,,3-7 leveles állapot,,1,,,Mester mód 2025.06.24.pdf,https://novenyvedoszer.nebih.gov.hu/Engedelykereso/DocumentHandler.ashx?documentId=347596430es347604165&documentName=Mester+m%c3%b3d+2025.06.24.pdf,verified special dose recovered verbatim from point 4; source Mester__11103-2002__Mester_mód_2025.06.24.md line 146
Milbeknock,04.2/1415-1/2018,alapengedely,"fásszárú dísznövények, lágyszárú dísznövények dália gumótermesztés, díszfaiskola, gyümölcsfaiskola (hajtatott és szabadföldi)",közönséges takácsatka (Tetranychus urticae) (Tetranychus spp.),"rovarölő szer, atkaölő szer","0,05 %",,,l/ha,,,nincs korlátozva,,2,14,,Milbeknock_mod_40065_2_20251028_publikus.pdf,https://novenyvedoszer.nebih.gov.hu/Engedelykereso/DocumentHandler.ashx?documentId=348013446es348042781&documentName=Milbeknock_mod_40065_2_20251028_publikus.pdf,verified special dose recovered verbatim from point 4; source Milbeknock__04.2-1415-1-2018__Milbeknock_mod_40065_2_20251028_publikus.md line 100
Milbeknock,04.2/1415-1/2018,alapengedely,"üvegházi virágtermesztés, cserepes dísznövények","levélaknázó legyek (Liriomyza trifolii, L. huidobrensis, L. bryoniae)","rovarölő szer, atkaölő szer","0,1 %",,,l/ha,,,nincs korlátozva,,2,14,,Milbeknock_mod_40065_2_20251028_publikus.pdf,https://novenyvedoszer.nebih.gov.hu/Engedelykereso/DocumentHandler.ashx?documentId=348013446es348042781&documentName=Milbeknock_mod_40065_2_20251028_publikus.pdf,verified special dose recovered verbatim from point 4; source Milbeknock__04.2-1415-1-2018__Milbeknock_mod_40065_2_20251028_publikus.md line 226
Nicosh 4 SC,04.2/516-1/2011,alapengedely,kukorica (takarmány),"magról kelő, és évelő egyszikű gyomfajok, valamint magról kelő kétszikű gyomnövények",gyomirtó szer,"0,75-1,5 1,0 + 0,5 vagy 0,75+0,75",,,l/ha,17,17,7 leveles állapot (BBCH 17),,1 2,8,,Nicosh 4 SC_mód_20240920.pdf,https://novenyvedoszer.nebih.gov.hu/Engedelykereso/DocumentHandler.ashx?documentId=346034308es346033716&documentName=Nicosh+4+SC_m%c3%b3d_20240920.pdf,verified special dose recovered verbatim from point 4; source Nicosh_4_SC__04.2-516-1-2011__Nicosh_4_SC_mód_20240920.md line 236
Principal,02.5/1172/3/2009,alapengedely,kukorica (áru- és siló),"magról kelő (kakaslábfű, muhar és köles félék) és évelő egyszikű (fenyércirok, tarackbúza) valamint magról kelő kétszikű (disznóparéj, vadrepce, szikfű fajok) gyomnövények",gyomirtó szer,60+30,,,l/ha,13,17,3 leveles állapottól 7 leveles állapotig (BBCH 13- 17),,2,8-10 nap,,Principal mód 2026.05.07.pdf,https://novenyvedoszer.nebih.gov.hu/Engedelykereso/DocumentHandler.ashx?documentId=348959796es348967023&documentName=Principal+m%c3%b3d+2026.05.07.pdf,verified special dose recovered verbatim from point 4; source Principal__02.5-1172-3-2009__Principal_mód_2026.05.07.md line 240
Revysion,6300/1490-1/2022,alapengedely,"káposztarepce (őszi, tavaszi)","plenodómuszos betegség (fóma), szklerotíniás betegség (fehérpenész), alternáriás levél- és becőfoltosság, pirenopezizás levélfoltosság",gombaölő szer,2*,,,l/ha,13,13,háromleveles állapottól (BBCH 13) tőlevélrózsás állapotig (BBCH 18),,2*,7,,Revysion_mod_20250218.pdf,https://novenyvedoszer.nebih.gov.hu/Engedelykereso/DocumentHandler.ashx?documentId=346545581es346550842&documentName=Revysion_mod_20250218.pdf,verified special dose recovered verbatim from point 4; source Revysion__6300-1490-1-2022__Revysion_mod_20250218.md line 339
Savvy,02.5/10390-2/2010,alapengedely,erdészet,"inváziós fafajok (bálványfa, kései meggy, akác, nyugati ostorfa)",gyomirtó szer,"0,32%",,,l/ha,,,a tápanyagforgalo m megindulásától a tápanyagforgalo m leállásáig,,1,90,,Savvy hivatalból mód 2025.11.26.pdf,https://novenyvedoszer.nebih.gov.hu/Engedelykereso/DocumentHandler.ashx?documentId=348142322es348148815&documentName=Savvy+hivatalb%c3%b3l+m%c3%b3d+2025.11.26.pdf,verified special dose recovered verbatim from point 4; source Savvy__02.5-10390-2-2010__Savvy_hivatalból_mód_2025.11.26.md line 353
Scab 80 WDG,04.2/13405-1/2014,alapengedely,dísznövények *hagymás és gumós fajok,fuzáriumos betegség,gombaölő szer,"0,3-0,6%",,,l/ha,,,nyugalmi állapot (BBHC 00),,1,10,,Scab80WDG_mod_20260428.pdf,https://novenyvedoszer.nebih.gov.hu/Engedelykereso/DocumentHandler.ashx?documentId=348959764es348930991&documentName=Scab80WDG_mod_20260428.pdf,verified special dose recovered verbatim from point 4; source Scab_80_WDG__04.2-13405-1-2014__Scab80WDG_mod_20260428.md line 234
Topas 100 EC,15963/2003,alapengedely,közterületi díszfák*,"lisztharmat, apiognomóniás, gnomóniás-, guignardiás betegség",gombaölő szer,"0,06-0,2 ml/cm törzsátmérő",,,l/ha,,,nincs korlátozás,,1,10,,Topas100EC_mód_20250425.pdf,https://novenyvedoszer.nebih.gov.hu/Engedelykereso/DocumentHandler.ashx?documentId=346901083es346927906&documentName=Topas100EC_m%c3%b3d_20250425.pdf,verified special dose recovered verbatim from point 4; source Topas_100_EC__15963-2003__Topas100EC_mód_20250425.md line 268
Amistar,35042/2001,alapengedely,komló*,"peronoszpóra, lisztharmat",gombaölő szer,70%,,,l/ha,31,31,az indák a felső huzalhoz képest 10%- os magasságától (BBCH 31) a tobozok szedésérettségéig (BBCH 89),,2,14,,Amistar_mod_20250611.pdf,https://novenyvedoszer.nebih.gov.hu/Engedelykereso/DocumentHandler.ashx?documentId=347577818es347562499&documentName=Amistar_mod_20250611.pdf,verified special dose recovered verbatim from point 4; source Amistar__35042-2001__Amistar_mod_20250611.md line 909
BotaniGard WP,6300/301-1/2020,alapengedely,dísznövények (szabadföldi),gyökérrágó lepke,rovarölő szer,"1,5 %",,,l/ha,10,99,Az 1. levél megjelenése – tenyészidőszak vége BBCH10- 99 márciustól- októberig,,3,7,,BotaniGard_WP_mód_20240611.pdf,https://novenyvedoszer.nebih.gov.hu/Engedelykereso/DocumentHandler.ashx?documentId=345682610es345681913&documentName=BotaniGard_WP_m%c3%b3d_20240611.pdf,verified special dose recovered verbatim from point 4; source BotaniGard_WP__6300-301-1-2020__BotaniGard_WP_mód_20240611.md line 573
BotaniGard WP,6300/301-1/2020,alapengedely,évelő növények (szabadföldi),gyökérrágó lepke,rovarölő szer,"1,5 %",,,l/ha,10,99,Az 1. levél megjelenése – tenyészidőszak vége BBCH10- 99 márciustól- októberig,,3,7,,BotaniGard_WP_mód_20240611.pdf,https://novenyvedoszer.nebih.gov.hu/Engedelykereso/DocumentHandler.ashx?documentId=345682610es345681913&documentName=BotaniGard_WP_m%c3%b3d_20240611.pdf,verified special dose recovered verbatim from point 4; source BotaniGard_WP__6300-301-1-2020__BotaniGard_WP_mód_20240611.md line 574
Divam Pro (er.név: Demetrina 25 EC),6300/98-2/2019,alapengedely,"Vöröshagyma, mogyoróhagyma, fokhagyma, zöldhagyma, metélőhagyma","levéltetű fajok, lepkehernyók",rovarölő szer,"0,5 liter/ha",,,l/ha,12,45,2-leveles állapot - hagymafej- képződés (BBCH 12-45),,3,14,,Divam Pro_szig_0103056_1_20241128_publikus.pdf,https://novenyvedoszer.nebih.gov.hu/Engedelykereso/DocumentHandler.ashx?documentId=346291228es346268489&documentName=Divam+Pro_szig_0103056_1_20241128_publikus.pdf,verified special dose recovered verbatim from point 4; source Divam_Pro_(er.név_Demetrina_25_EC)__6300-98-2-2019__Divam_Pro_szig_0103056_1_20241128_publikus.md line 899
Ultra,6700/0105090-1/2024,alapengedely,"díszfák, díszcserjék (házi kerti felhasználás)",magról kelő egy- és kétszikű gyomnövények,gyomirtó szer,23 ml/10 m2,,,l/ha,,,a vegetációs időszakban a gyomok felszaporodásak or,,4,7,,Ultra eng 2024.12.05.pdf,https://novenyvedoszer.nebih.gov.hu/Engedelykereso/DocumentHandler.ashx?documentId=346291225es346268486&documentName=Ultra+eng+2024.12.05.pdf,verified special dose recovered verbatim from point 4; source Ultra__6700-0105090-1-2024__Ultra_eng_2024.12.05.md line 145
Collis SC,02.5/1334/2/2007,alapengedely,szőlő,"lisztharmat, szürkepenész",gombaölő szer,"0,3-0,4 %",,600-1000,l/ha,,,fürtzáródás,,3,12,,Collis_mod_20260511.pdf,https://novenyvedoszer.nebih.gov.hu/Engedelykereso/DocumentHandler.ashx?documentId=350182016es350111995&documentName=Collis_mod_20260511.pdf,verified manually from shifted point 4 markdown row; source Collis_SC__02.5-1334-2-2007__Collis_mod_20260511.md line 231
Dirabel,6300/1922-1/2022,alapengedely,dísznövény- és erdészeti faiskola (karácsonyfa ültetvény),csúcshajtás megnyúlásos növekedésének gátlása,növekedés szabályozó szer,"2 l/10000 m2 LFF; max. 0,24 l/ha",,14,l/ha,,,1. kezelés: 10 cm-es hajtáshossznál 2. kezelés: 30-35 cm-es hajtáshossznál,,18,6,,Dirabel_mod_93439-2_2025.11.11_publikus.pdf,https://novenyvedoszer.nebih.gov.hu/Engedelykereso/DocumentHandler.ashx?documentId=348013448es348042784&documentName=Dirabel_mod_93439-2_2025.11.11_publikus.pdf,verified manually from shifted point 4 markdown row; source Dirabel__6300-1922-1-2022__Dirabel_mod_93439-2_2025.11.11_publikus.md line 243
Nu-Film 17,04.2/6002-2/2015,alapengedely,őszi káposztarepce és mustár,"ragasztóanyagként, kipergési veszteség csökkentésére",segédanyag,"0,7-1,0 l/ha",,300-500 l/ha (légi: 50-80 l/ha),l/ha,,,2-3 héttel betakarítás előtt,,nincs korlátozva,nincs korlátozva,,Nu-Film_mod_20250225_publikus.pdf,https://novenyvedoszer.nebih.gov.hu/Engedelykereso/DocumentHandler.ashx?documentId=346612875es346656816&documentName=Nu-Film_mod_20250225_publikus.pdf,verified manually from shifted point 4 markdown row; source Nu-Film_17__04.2-6002-2-2015__Nu-Film_mod_20250225_publikus.md line 222
Vektafid A,24199/1997,alapengedely,csemege- és fűszerpaprika (szabadföldi és hajtatott),levéltetvek (vírusátvitel gátlása),"rovarölő szer, atkaölő szer",6 %,,,l/ha,12,81,2 leveles állapot – érés kezdete (BBCH 12‒81),,5,7,,Vektafid A_mod_2447_4_20221015_publikus.pdf,https://novenyvedoszer.nebih.gov.hu/Engedelykereso/DocumentHandler.ashx?documentId=328648065es328638823&documentName=Vektafid+A_mod_2447_4_20221015_publikus.pdf,verified special dose recovered verbatim from point 4; source Vektafid_A__24199-1997__Vektafid_A_mod_2447_4_20221015_publikus.md line 255
Vektafid A,24199/1997,alapengedely,"alma, körte, őszibarack, nektarin, kajszi, cseresznye, szilva, japán szilva","pajzstetvek, levéltetvek, atkák","rovarölő szer, atkaölő szer",27 %,,,l/ha,97,01,tenyészidőszak vége (lombhullás) - rügyduzzadás (BBCH 97‒01),,2,7,,Vektafid A_mod_2447_4_20221015_publikus.pdf,https://novenyvedoszer.nebih.gov.hu/Engedelykereso/DocumentHandler.ashx?documentId=328648065es328638823&documentName=Vektafid+A_mod_2447_4_20221015_publikus.pdf,verified special dose recovered verbatim from point 4; source Vektafid_A__24199-1997__Vektafid_A_mod_2447_4_20221015_publikus.md line 256
Vektafid A,24199/1997,alapengedely,"alma, körte, őszibarack, nektarin, kajszi, cseresznye, szilva, japán szilva","pajzstetvek, levéltetvek, atkák","rovarölő szer, atkaölő szer",20 %,,,l/ha,53,53,rügypattanás (BBCH 53),,1,7,,Vektafid A_mod_2447_4_20221015_publikus.pdf,https://novenyvedoszer.nebih.gov.hu/Engedelykereso/DocumentHandler.ashx?documentId=328648065es328638823&documentName=Vektafid+A_mod_2447_4_20221015_publikus.pdf,verified special dose recovered verbatim from point 4; source Vektafid_A__24199-1997__Vektafid_A_mod_2447_4_20221015_publikus.md line 257
Vektafid A,24199/1997,alapengedely,"alma, körte, őszibarack, nektarin, kajszi, cseresznye, szilva, japán szilva","pajzstetvek, levéltetvek, atkák","rovarölő szer, atkaölő szer",10 %,,,l/ha,54,54,"egérfüles állapot, kisleveles állapot (BBCH 54)",,1,7,,Vektafid A_mod_2447_4_20221015_publikus.pdf,https://novenyvedoszer.nebih.gov.hu/Engedelykereso/DocumentHandler.ashx?documentId=328648065es328638823&documentName=Vektafid+A_mod_2447_4_20221015_publikus.pdf,verified special dose recovered verbatim from point 4; source Vektafid_A__24199-1997__Vektafid_A_mod_2447_4_20221015_publikus.md line 258
Vektafid A,24199/1997,alapengedely,"lombhullató díszfák, díszcserjék","pajzstetvek, levéltetvek, atkák","rovarölő szer, atkaölő szer",20 %,,,l/ha,97,01,tenyészidőszak vége (lombhullás) - rügyduzzadás (BBCH 97‒01),,1,10,,Vektafid A_mod_2447_4_20221015_publikus.pdf,https://novenyvedoszer.nebih.gov.hu/Engedelykereso/DocumentHandler.ashx?documentId=328648065es328638823&documentName=Vektafid+A_mod_2447_4_20221015_publikus.pdf,verified special dose recovered verbatim from point 4; source Vektafid_A__24199-1997__Vektafid_A_mod_2447_4_20221015_publikus.md line 260
Vektafid A,24199/1997,alapengedely,"lombhullató díszfák, díszcserjék","pajzstetvek, levéltetvek, takácsatkák, gubacsatkák, levélbolhák","rovarölő szer, atkaölő szer",20 %,,,l/ha,53,53,rügypattanás (BBCH 53),,1,10,,Vektafid A_mod_2447_4_20221015_publikus.pdf,https://novenyvedoszer.nebih.gov.hu/Engedelykereso/DocumentHandler.ashx?documentId=328648065es328638823&documentName=Vektafid+A_mod_2447_4_20221015_publikus.pdf,verified special dose recovered verbatim from point 4; source Vektafid_A__24199-1997__Vektafid_A_mod_2447_4_20221015_publikus.md line 261
Vektafid A,24199/1997,alapengedely,"lombhullató díszfák, díszcserjék","pajzstetvek, levéltetvek, takácsatkák, gubacsatkák, levélbolhák","rovarölő szer, atkaölő szer",10 %,,,l/ha,54,54,egérfüles állapot (BBCH 54),,1,10,,Vektafid A_mod_2447_4_20221015_publikus.pdf,https://novenyvedoszer.nebih.gov.hu/Engedelykereso/DocumentHandler.ashx?documentId=328648065es328638823&documentName=Vektafid+A_mod_2447_4_20221015_publikus.pdf,verified special dose recovered verbatim from point 4; source Vektafid_A__24199-1997__Vektafid_A_mod_2447_4_20221015_publikus.md line 262
Vektafid A,24199/1997,alapengedely,örökzöld fák és cserjék,"pajzstetvek, levéltetvek, atkák","rovarölő szer, atkaölő szer",10 %,,,l/ha,01,89,tenyészidőszak kezdete – tenyészidőszak vége (BBCH 01‒ 89),,3,10,,Vektafid A_mod_2447_4_20221015_publikus.pdf,https://novenyvedoszer.nebih.gov.hu/Engedelykereso/DocumentHandler.ashx?documentId=328648065es328638823&documentName=Vektafid+A_mod_2447_4_20221015_publikus.pdf,verified special dose recovered verbatim from point 4; source Vektafid_A__24199-1997__Vektafid_A_mod_2447_4_20221015_publikus.md line 344
Vektafid A,24199/1997,alapengedely,kukorica,közönséges takácsatka,"rovarölő szer, atkaölő szer",5 %,,,l/ha,16,71,6 leveles állapot - szemfejlődés kezdete (BBCH 16‒71),,2,14,,Vektafid A_mod_2447_4_20221015_publikus.pdf,https://novenyvedoszer.nebih.gov.hu/Engedelykereso/DocumentHandler.ashx?documentId=328648065es328638823&documentName=Vektafid+A_mod_2447_4_20221015_publikus.pdf,verified special dose recovered verbatim from point 4; source Vektafid_A__24199-1997__Vektafid_A_mod_2447_4_20221015_publikus.md line 345
Vektafid A,24199/1997,alapengedely,uborka,levéltetvek,"rovarölő szer, atkaölő szer",6 %,,,l/ha,12,81,2 leveles állapot – érés kezdete (BBCH 12‒81),,2,14,,Vektafid A_mod_2447_4_20221015_publikus.pdf,https://novenyvedoszer.nebih.gov.hu/Engedelykereso/DocumentHandler.ashx?documentId=328648065es328638823&documentName=Vektafid+A_mod_2447_4_20221015_publikus.pdf,verified special dose recovered verbatim from point 4; source Vektafid_A__24199-1997__Vektafid_A_mod_2447_4_20221015_publikus.md line 346
Carnadine,6300/2145-2/2022,alapengedely,alma,almamoly,rovarölő szer,"0,25",l/ha,500-900,l/ha,71,84,5-10 mm-es gyümölcskezdemények – két héttel a betakarítás előtti állapot (BBCH 71-84),,,,,Carnadine_mod_66571_2_20251117_publikus.pdf,https://novenyvedoszer.nebih.gov.hu/Engedelykereso/DocumentHandler.ashx?documentId=348059234es348078923&documentName=Carnadine_mod_66571_2_20251117_publikus.pdf,verified five-column point 4 markdown table import; source Carnadine__6300-2145-2-2022__Carnadine_mod_66571_2_20251117_publikus.md line 75
Carnadine,6300/2145-2/2022,alapengedely,alma,levéltetvek,rovarölő szer,"0,125",l/ha,500-900,l/ha,71,84,5-10 mm-es gyümölcskezdemények – két héttel a betakarítás előtti állapot (BBCH 71-84),,,,,Carnadine_mod_66571_2_20251117_publikus.pdf,https://novenyvedoszer.nebih.gov.hu/Engedelykereso/DocumentHandler.ashx?documentId=348059234es348078923&documentName=Carnadine_mod_66571_2_20251117_publikus.pdf,verified five-column point 4 markdown table import; source Carnadine__6300-2145-2-2022__Carnadine_mod_66571_2_20251117_publikus.md line 76
Carnadine,6300/2145-2/2022,alapengedely,őszi és tavaszi káposztarepce,"nagy repceormányos, repceszár-ormányos, repce-fénybogár, repcebecő-ormányos, repcebecő- gubacsszúnyog",rovarölő szer,"0,25",l/ha,200-400,l/ha,31,59,egy látható szárköz – sárgabimbós állapot (BBCH 31-59) 50 %-os virágzás ‒ a becők 10 %-a elérte a végleges nagyságot (BBCH 65-71),,,,,Carnadine_mod_66571_2_20251117_publikus.pdf,https://novenyvedoszer.nebih.gov.hu/Engedelykereso/DocumentHandler.ashx?documentId=348059234es348078923&documentName=Carnadine_mod_66571_2_20251117_publikus.pdf,verified five-column point 4 markdown table import; source Carnadine__6300-2145-2-2022__Carnadine_mod_66571_2_20251117_publikus.md line 77
Carnadine,6300/2145-2/2022,alapengedely,"őszi búza, durumbúza, őszi árpa, rozs, tritikálé",levéltetvek,rovarölő szer,"0,15",l/ha,200-400,l/ha,21,69,bokrosodás kezdetétől – virágzás végéig (BBCH 21-69),,,,,Carnadine_mod_66571_2_20251117_publikus.pdf,https://novenyvedoszer.nebih.gov.hu/Engedelykereso/DocumentHandler.ashx?documentId=348059234es348078923&documentName=Carnadine_mod_66571_2_20251117_publikus.pdf,verified five-column point 4 markdown table import; source Carnadine__6300-2145-2-2022__Carnadine_mod_66571_2_20251117_publikus.md line 178
Carnadine,6300/2145-2/2022,alapengedely,tavaszi árpa,levéltetvek,rovarölő szer,"0,15",l/ha,200-400,l/ha,30,69,szárbaindulás kezdetétől – virágzás végéig (BBCH 30-69),,,,,Carnadine_mod_66571_2_20251117_publikus.pdf,https://novenyvedoszer.nebih.gov.hu/Engedelykereso/DocumentHandler.ashx?documentId=348059234es348078923&documentName=Carnadine_mod_66571_2_20251117_publikus.pdf,verified five-column point 4 markdown table import; source Carnadine__6300-2145-2-2022__Carnadine_mod_66571_2_20251117_publikus.md line 180
Carnadine,6300/2145-2/2022,alapengedely,"kukorica (takarmány, vetőmag), csemegekukorica",amerikai kukoricabogár,rovarölő szer,"0,15",l/ha,200-600,l/ha,51,75,címerhányás kezdetétől – tejesérésig (BBCH 51-75),,,,,Carnadine_mod_66571_2_20251117_publikus.pdf,https://novenyvedoszer.nebih.gov.hu/Engedelykereso/DocumentHandler.ashx?documentId=348059234es348078923&documentName=Carnadine_mod_66571_2_20251117_publikus.pdf,verified five-column point 4 markdown table import; source Carnadine__6300-2145-2-2022__Carnadine_mod_66571_2_20251117_publikus.md line 181
Carnadine,6300/2145-2/2022,alapengedely,"kukorica (takarmány, vetőmag), csemegekukorica",kukoricamoly,rovarölő szer,"0,3",l/ha,200-600,l/ha,51,75,címerhányás kezdetétől – tejesérésig (BBCH 51-75),,,,,Carnadine_mod_66571_2_20251117_publikus.pdf,https://novenyvedoszer.nebih.gov.hu/Engedelykereso/DocumentHandler.ashx?documentId=348059234es348078923&documentName=Carnadine_mod_66571_2_20251117_publikus.pdf,verified five-column point 4 markdown table import; source Carnadine__6300-2145-2-2022__Carnadine_mod_66571_2_20251117_publikus.md line 182
Carnadine,6300/2145-2/2022,alapengedely,"homoki zab, fénymag","vetésfehérítő bogarak, levéltetvek",rovarölő szer,"0,15",l/ha,200-400,l/ha,21,69,bokrosodás kezdete – virágzás vége (BBCH 21-69),,,,,Carnadine_mod_66571_2_20251117_publikus.pdf,https://novenyvedoszer.nebih.gov.hu/Engedelykereso/DocumentHandler.ashx?documentId=348059234es348078923&documentName=Carnadine_mod_66571_2_20251117_publikus.pdf,verified five-column point 4 markdown table import; source Carnadine__6300-2145-2-2022__Carnadine_mod_66571_2_20251117_publikus.md line 184
Carnadine,6300/2145-2/2022,alapengedely,etiópiai mustár (carinata) (Brassica carinata),"repceormányosok, repce-fénybogár",rovarölő szer,"0,2",l/ha,200-400,l/ha,30,39,szárbaindulás – 9 vagy több szárköz állapot (BBCH 30-39),,,,,Carnadine_mod_66571_2_20251117_publikus.pdf,https://novenyvedoszer.nebih.gov.hu/Engedelykereso/DocumentHandler.ashx?documentId=348059234es348078923&documentName=Carnadine_mod_66571_2_20251117_publikus.pdf,verified five-column point 4 markdown table import; source Carnadine__6300-2145-2-2022__Carnadine_mod_66571_2_20251117_publikus.md line 185
Carnadine,6300/2145-2/2022,alapengedely,fehérhere (vetőmag),"lomb-, virág- és magkártevő rovarok, cickányormányos fajok",rovarölő szer,"0,15",l/ha,200-400,l/ha,69,75,virágzás vége – hüvelyek 50 %-a elérte a végleges nagyságot (BBCH 69-75),,,,,Carnadine_mod_66571_2_20251117_publikus.pdf,https://novenyvedoszer.nebih.gov.hu/Engedelykereso/DocumentHandler.ashx?documentId=348059234es348078923&documentName=Carnadine_mod_66571_2_20251117_publikus.pdf,verified five-column point 4 markdown table import; source Carnadine__6300-2145-2-2022__Carnadine_mod_66571_2_20251117_publikus.md line 186
Carnadine,6300/2145-2/2022,alapengedely,vöröshere (vetőmag),"lomb-, virág- és magkártevő rovarok, cickányormányos fajok, poloskafajok, gubacsszúnyog-fajok, magdarázsfajok, bagolylepke fajok",rovarölő szer,"0,15",l/ha,200-400,l/ha,69,75,virágzás vége – hüvelyek 50 %-a elérte a végleges nagyságot (BBCH 69-75),,,,,Carnadine_mod_66571_2_20251117_publikus.pdf,https://novenyvedoszer.nebih.gov.hu/Engedelykereso/DocumentHandler.ashx?documentId=348059234es348078923&documentName=Carnadine_mod_66571_2_20251117_publikus.pdf,verified five-column point 4 markdown table import; source Carnadine__6300-2145-2-2022__Carnadine_mod_66571_2_20251117_publikus.md line 187
Carnadine,6300/2145-2/2022,alapengedely,"bíborhere (takarmány, vetőmag)","lomb-, virág- és magkártevő rovarok, cickányormányos fajok, poloskafajok, gubacsszúnyog-fajok, magdarázsfajok, bagolylepke fajok",rovarölő szer,"0,15",l/ha,200-400,l/ha,69,75,virágzás vége – hüvelyek 50 %-a elérte a végleges nagyságot (BBCH 69-75),,,,,Carnadine_mod_66571_2_20251117_publikus.pdf,https://novenyvedoszer.nebih.gov.hu/Engedelykereso/DocumentHandler.ashx?documentId=348059234es348078923&documentName=Carnadine_mod_66571_2_20251117_publikus.pdf,verified five-column point 4 markdown table import; source Carnadine__6300-2145-2-2022__Carnadine_mod_66571_2_20251117_publikus.md line 188
Carnadine,6300/2145-2/2022,alapengedely,alexandriai here (vetőmag),"lomb-, virág- és magkártevő rovarok, cickányormányos fajok poloskafajok, gubacsszúnyog-fajok, magdarázsfajok bagolylepke fajok",rovarölő szer,"0,15",l/ha,200-400,l/ha,69,75,virágzás vége – hüvelyek 50 %-a elérte a végleges nagyságot (BBCH 69-75),,,,,Carnadine_mod_66571_2_20251117_publikus.pdf,https://novenyvedoszer.nebih.gov.hu/Engedelykereso/DocumentHandler.ashx?documentId=348059234es348078923&documentName=Carnadine_mod_66571_2_20251117_publikus.pdf,verified five-column point 4 markdown table import; source Carnadine__6300-2145-2-2022__Carnadine_mod_66571_2_20251117_publikus.md line 189
Carnadine,6300/2145-2/2022,alapengedely,"gyümölcsfa-, díszfaiskola, erdészeti csemetekert",levéltetvek,rovarölő szer,"0,15",l/ha,200-600,l/ha,31,39,hajtásnövekedés kezdete – 90 % hajtáshossz elérése (BBCH 31-39),,,,,Carnadine_mod_66571_2_20251117_publikus.pdf,https://novenyvedoszer.nebih.gov.hu/Engedelykereso/DocumentHandler.ashx?documentId=348059234es348078923&documentName=Carnadine_mod_66571_2_20251117_publikus.pdf,verified five-column point 4 markdown table import; source Carnadine__6300-2145-2-2022__Carnadine_mod_66571_2_20251117_publikus.md line 260
Carnadine,6300/2145-2/2022,alapengedely,"gyógy- és aromanövények (angyalgyökér (angelika), ánizs, ánizsizsóp, benedekfű, borágó, borsfű, cickafark, citromfű, édesgyökér, édeskömény (termés), fehér üröm, fűszerkömény, ginzeng, tárkony, gyűszűvirág, izsóp, jázminpakóca (stevia), kapor, kasvirág, kerti kakukkfű, kerti ruta, kis ezerjófű, koriander, körömvirág, lestyán, levendula, ligetszépe, lórom, macskagyökér, máriatövis, menta, meténg, mórmályva, muskotályzsálya, orbáncfű, orvosi csucsor, orvosi pemetefű, orvosi székfű (kamilla), orvosi ziliz, orvosi zsálya, római kamilla, rozmaring, sáfrányos szeklice, orvosi somkóró, szöszös ökörfarkkóró, szurokfű (oregánó), útifű (keskenylevelű), útifű (Psyllium), varádics, vasfű, zamatos turbolya)","levéltetű-, lepke-, földibolha-, poloskafajok",rovarölő szer,"0,15",l/ha,200-600,l/ha,10,39,szikleveles állapot – végső levéltömeg elérése (BBCH 10-39),,,,,Carnadine_mod_66571_2_20251117_publikus.pdf,https://novenyvedoszer.nebih.gov.hu/Engedelykereso/DocumentHandler.ashx?documentId=348059234es348078923&documentName=Carnadine_mod_66571_2_20251117_publikus.pdf,verified five-column point 4 markdown table import; source Carnadine__6300-2145-2-2022__Carnadine_mod_66571_2_20251117_publikus.md line 262
Carnadine,6300/2145-2/2022,alapengedely,édesburgonya (batáta),levéltetvek,rovarölő szer,"0,15",l/ha,200-400,l/ha,31,39,hajtásnövekedés kezdete – végső levéltömeg elérése (BBCH 31-39),,,,,Carnadine_mod_66571_2_20251117_publikus.pdf,https://novenyvedoszer.nebih.gov.hu/Engedelykereso/DocumentHandler.ashx?documentId=348059234es348078923&documentName=Carnadine_mod_66571_2_20251117_publikus.pdf,verified five-column point 4 markdown table import; source Carnadine__6300-2145-2-2022__Carnadine_mod_66571_2_20251117_publikus.md line 324
Carnadine,6300/2145-2/2022,alapengedely,mézontófű (facélia),"levéltetű-, poloska-, gubacsszúnyog-, bagolylepke fajok",rovarölő szer,"0,15",l/ha,200-400,l/ha,69,75,virágzás vége – hüvelyek 50 %-a elérte a végleges nagyságot (BBCH 69-75),,,,,Carnadine_mod_66571_2_20251117_publikus.pdf,https://novenyvedoszer.nebih.gov.hu/Engedelykereso/DocumentHandler.ashx?documentId=348059234es348078923&documentName=Carnadine_mod_66571_2_20251117_publikus.pdf,verified five-column point 4 markdown table import; source Carnadine__6300-2145-2-2022__Carnadine_mod_66571_2_20251117_publikus.md line 326
Carnadine,6300/2145-2/2022,alapengedely,"gyógy- és aromanövények (angyalgyökér (angelika), ánizs, ánizsizsóp, benedekfű, borágó, borsfű, cickafark, citromfű, édesgyökér, édeskömény (termés), fehér üröm, fűszerkömény, ginzeng, tárkony, gyűszűvirág, izsóp, jázminpakóca (stevia), kapor, kasvirág, kerti kakukkfű, kerti ruta, kis ezerjófű, koriander, körömvirág, lestyán, levendula, ligetszépe, lórom,","levéltetű-, lepke-, földibolha-, poloskafajok",rovarölő szer,"0,15",l/ha,200-600,l/ha,10,39,szikleveles állapot – végső levéltömeg elérése (BBCH 10-39),,,,,Carnadine_mod_66571_2_20251117_publikus.pdf,https://novenyvedoszer.nebih.gov.hu/Engedelykereso/DocumentHandler.ashx?documentId=348059234es348078923&documentName=Carnadine_mod_66571_2_20251117_publikus.pdf,verified five-column point 4 markdown table import; source Carnadine__6300-2145-2-2022__Carnadine_mod_66571_2_20251117_publikus.md line 776
Leopard 5 EC,12320/2002,alapengedely,őszi káposztarepce,magról kelő egyszikű gyomnövények,gyomirtó szer,"0,7-1,0",l/ha,200-300,l/ha,14,16,kultúrnövény 4-6 leveles állapotába (BBCH 14-16),,,,,Leopard 5 EC mód 2025.04.25.pdf,https://novenyvedoszer.nebih.gov.hu/Engedelykereso/DocumentHandler.ashx?documentId=346901079es346927901&documentName=Leopard+5+EC+m%c3%b3d+2025.04.25.pdf,verified five-column point 4 markdown table import; source Leopard_5_EC__12320-2002__Leopard_5_EC_mód_2025.04.25.md line 405
Leopard 5 EC,12320/2002,alapengedely,őszi káposztarepce,fenyércirok (magról kelő),gyomirtó szer,"0,8",l/ha,200-300,l/ha,14,16,kultúrnövény 4-6 leveles állapotába (BBCH 14-16),,,,,Leopard 5 EC mód 2025.04.25.pdf,https://novenyvedoszer.nebih.gov.hu/Engedelykereso/DocumentHandler.ashx?documentId=346901079es346927901&documentName=Leopard+5+EC+m%c3%b3d+2025.04.25.pdf,verified five-column point 4 markdown table import; source Leopard_5_EC__12320-2002__Leopard_5_EC_mód_2025.04.25.md line 406
Leopard 5 EC,12320/2002,alapengedely,őszi káposztarepce,fenyércirok (rizómáról kihajtó),gyomirtó szer,"1,0-1,2",l/ha,200-300,l/ha,14,16,kultúrnövény 4-6 leveles állapotába (BBCH 14-16),,,,,Leopard 5 EC mód 2025.04.25.pdf,https://novenyvedoszer.nebih.gov.hu/Engedelykereso/DocumentHandler.ashx?documentId=346901079es346927901&documentName=Leopard+5+EC+m%c3%b3d+2025.04.25.pdf,verified five-column point 4 markdown table import; source Leopard_5_EC__12320-2002__Leopard_5_EC_mód_2025.04.25.md line 407
Leopard 5 EC,12320/2002,alapengedely,őszi káposztarepce,tarackbúza,gyomirtó szer,"2,0-2,5",l/ha,200-300,l/ha,14,16,kultúrnövény 4-6 leveles állapotába (BBCH 14-16),,,,,Leopard 5 EC mód 2025.04.25.pdf,https://novenyvedoszer.nebih.gov.hu/Engedelykereso/DocumentHandler.ashx?documentId=346901079es346927901&documentName=Leopard+5+EC+m%c3%b3d+2025.04.25.pdf,verified five-column point 4 markdown table import; source Leopard_5_EC__12320-2002__Leopard_5_EC_mód_2025.04.25.md line 408
Leopard 5 EC,12320/2002,alapengedely,őszi káposztarepce,csillagpázsit,gyomirtó szer,"3,0-3,5",l/ha,200-300,l/ha,14,16,kultúrnövény 4-6 leveles állapotába (BBCH 14-16),,,,,Leopard 5 EC mód 2025.04.25.pdf,https://novenyvedoszer.nebih.gov.hu/Engedelykereso/DocumentHandler.ashx?documentId=346901079es346927901&documentName=Leopard+5+EC+m%c3%b3d+2025.04.25.pdf,verified five-column point 4 markdown table import; source Leopard_5_EC__12320-2002__Leopard_5_EC_mód_2025.04.25.md line 409
Leopard 5 EC,12320/2002,alapengedely,őszi káposztarepce,gabona árvakelés,gyomirtó szer,"0,4-0,6",l/ha,200-300,l/ha,14,16,kultúrnövény 4-6 leveles állapotába (BBCH 14-16),,,,,Leopard 5 EC mód 2025.04.25.pdf,https://novenyvedoszer.nebih.gov.hu/Engedelykereso/DocumentHandler.ashx?documentId=346901079es346927901&documentName=Leopard+5+EC+m%c3%b3d+2025.04.25.pdf,verified five-column point 4 markdown table import; source Leopard_5_EC__12320-2002__Leopard_5_EC_mód_2025.04.25.md line 410
Reactor Micro,8360/60419-1/2025,alapengedely,őszi káposztarepce,magról kelő egy- és kétszikű gyomnövények,gyomirtó szer,"0,25-0,33",l/ha,200-300,l/ha,00,05,"vetés után, kelés előtt (BBCH 00-05)",,,,,Reactor Micro hivatalból mód 2025.08.12.pdf,https://novenyvedoszer.nebih.gov.hu/Engedelykereso/DocumentHandler.ashx?documentId=347759264es347775557&documentName=Reactor+Micro+hivatalb%c3%b3l+m%c3%b3d+2025.08.12.pdf,verified five-column point 4 markdown table import; source Reactor_Micro__8360-60419-1-2025__Reactor_Micro_hivatalból_mód_2025.08.12.md line 250
Reactor Micro,8360/60419-1/2025,alapengedely,"sárgarépa, helyrevetett fűszerpaprika",magról kelő egy- és kétszikű gyomnövények,gyomirtó szer,"0,25",l/ha,200-300,l/ha,00,05,"vetés után, kelés előtt (BBCH 00-05)",,,,,Reactor Micro hivatalból mód 2025.08.12.pdf,https://novenyvedoszer.nebih.gov.hu/Engedelykereso/DocumentHandler.ashx?documentId=347759264es347775557&documentName=Reactor+Micro+hivatalb%c3%b3l+m%c3%b3d+2025.08.12.pdf,verified five-column point 4 markdown table import; source Reactor_Micro__8360-60419-1-2025__Reactor_Micro_hivatalból_mód_2025.08.12.md line 258
Select Super,15688/2003,alapengedely,őszi káposztarepce,"gabona árvakelés, magról kelő egyszikű gyomnövények",gyomirtó szer,"0,6-0,8",l/ha,200-300,l/ha,12,50,2 leveles állapottól rejtettbimbós állapotig (BBCH 12- 50),,,,,Select Super mód 2025.06.10.pdf,https://novenyvedoszer.nebih.gov.hu/Engedelykereso/DocumentHandler.ashx?documentId=347547604es347543185&documentName=Select+Super+m%c3%b3d+2025.06.10.pdf,verified five-column point 4 markdown table import; source Select_Super__15688-2003__Select_Super_mód_2025.06.10.md line 64
Sharpen 330 EC,04.2/1213-1/2013,alapengedely,"kalászosok (őszi búza, őszi árpa, tavaszi árpa, rozs, tritikálé)",magról kelő egyszikű és néhány magról kelő kétszikű gyomnövény,gyomirtó szer,"4,0-6,0",l/ha,200-250,l/ha,21,21,Pre- vagy posztemergensen bokrosodás kezdetéig (legkésőbb BBCH 21),,,,,Sharpen 330 EC mod 2023.06.07 publikus.pdf,https://novenyvedoszer.nebih.gov.hu/Engedelykereso/DocumentHandler.ashx?documentId=343326342es343323647&documentName=Sharpen+330+EC+mod++2023.06.07+publikus.pdf,verified five-column point 4 markdown table import; source Sharpen_330_EC__04.2-1213-1-2013__Sharpen_330_EC_mod_2023.06.07_publikus.md line 128
Sharpen 330 EC,04.2/1213-1/2013,alapengedely,rizs,magról kelő egyszikű és néhány magról kelő kétszikű gyomnövény,gyomirtó szer,"4,0-5,0",l/ha,200-250,l/ha,11,12,Pre- vagy posztemergensen 1-2 leveles állapotnál (BBCH 11-12),,,,,Sharpen 330 EC mod 2023.06.07 publikus.pdf,https://novenyvedoszer.nebih.gov.hu/Engedelykereso/DocumentHandler.ashx?documentId=343326342es343323647&documentName=Sharpen+330+EC+mod++2023.06.07+publikus.pdf,verified five-column point 4 markdown table import; source Sharpen_330_EC__04.2-1213-1-2013__Sharpen_330_EC_mod_2023.06.07_publikus.md line 129
Sharpen 330 EC,04.2/1213-1/2013,alapengedely,"kukorica (takarmány,",magról kelő,gyomirtó szer,"4,0-5,0",l/ha,200-250,l/ha,,,Pre- vagy,,,,,Sharpen 330 EC mod 2023.06.07 publikus.pdf,https://novenyvedoszer.nebih.gov.hu/Engedelykereso/DocumentHandler.ashx?documentId=343326342es343323647&documentName=Sharpen+330+EC+mod++2023.06.07+publikus.pdf,verified five-column point 4 markdown table import; source Sharpen_330_EC__04.2-1213-1-2013__Sharpen_330_EC_mod_2023.06.07_publikus.md line 130
Sharpen 330 EC,04.2/1213-1/2013,alapengedely,napraforgó,magról kelő egyszikű és néhány magról kelő kétszikű gyomnövény,gyomirtó szer,"4,0-5,0",l/ha,200-250,l/ha,,,"vetést követően, kelés előtt",,,,,Sharpen 330 EC mod 2023.06.07 publikus.pdf,https://novenyvedoszer.nebih.gov.hu/Engedelykereso/DocumentHandler.ashx?documentId=343326342es343323647&documentName=Sharpen+330+EC+mod++2023.06.07+publikus.pdf,verified five-column point 4 markdown table import; source Sharpen_330_EC__04.2-1213-1-2013__Sharpen_330_EC_mod_2023.06.07_publikus.md line 172
Sharpen 330 EC,04.2/1213-1/2013,alapengedely,"zöldborsó, száraz borsó, lóbab, szója",magról kelő egyszikű és néhány magról kelő kétszikű gyomnövény,gyomirtó szer,"4,0-5,0",l/ha,200-250,l/ha,,,"vetést követően, kelés előtt",,,,,Sharpen 330 EC mod 2023.06.07 publikus.pdf,https://novenyvedoszer.nebih.gov.hu/Engedelykereso/DocumentHandler.ashx?documentId=343326342es343323647&documentName=Sharpen+330+EC+mod++2023.06.07+publikus.pdf,verified five-column point 4 markdown table import; source Sharpen_330_EC__04.2-1213-1-2013__Sharpen_330_EC_mod_2023.06.07_publikus.md line 173
Sharpen 330 EC,04.2/1213-1/2013,alapengedely,dohány,magról kelő egyszikű és néhány magról kelő kétszikű gyomnövény,gyomirtó szer,"4,0-5,0",l/ha,200-250,l/ha,,,palántázás előtt,,,,,Sharpen 330 EC mod 2023.06.07 publikus.pdf,https://novenyvedoszer.nebih.gov.hu/Engedelykereso/DocumentHandler.ashx?documentId=343326342es343323647&documentName=Sharpen+330+EC+mod++2023.06.07+publikus.pdf,verified five-column point 4 markdown table import; source Sharpen_330_EC__04.2-1213-1-2013__Sharpen_330_EC_mod_2023.06.07_publikus.md line 174
Sharpen 330 EC,04.2/1213-1/2013,alapengedely,lucerna (egy évesnél idősebb),aranka,gyomirtó szer,"8,0-10,0",l/ha,500-600,l/ha,,,"nyugalmi állapot, tavasszal",,,,,Sharpen 330 EC mod 2023.06.07 publikus.pdf,https://novenyvedoszer.nebih.gov.hu/Engedelykereso/DocumentHandler.ashx?documentId=343326342es343323647&documentName=Sharpen+330+EC+mod++2023.06.07+publikus.pdf,verified five-column point 4 markdown table import; source Sharpen_330_EC__04.2-1213-1-2013__Sharpen_330_EC_mod_2023.06.07_publikus.md line 176
Sharpen 330 EC,04.2/1213-1/2013,alapengedely,"vöröshagyma (kivéve zöld-hagyma), fokhagyma, póréhagyma",magról kelő egyszikű és néhány magról kelő kétszikű gyomnövény,gyomirtó szer,"3,0-4,0",l/ha,200-250,l/ha,,,"vetést, ültetést követően, kelés előtt",,,,,Sharpen 330 EC mod 2023.06.07 publikus.pdf,https://novenyvedoszer.nebih.gov.hu/Engedelykereso/DocumentHandler.ashx?documentId=343326342es343323647&documentName=Sharpen+330+EC+mod++2023.06.07+publikus.pdf,verified five-column point 4 markdown table import; source Sharpen_330_EC__04.2-1213-1-2013__Sharpen_330_EC_mod_2023.06.07_publikus.md line 296
Sharpen 330 EC,04.2/1213-1/2013,alapengedely,zeller,magról kelő egyszikű és néhány magról kelő kétszikű gyomnövény,gyomirtó szer,"4,0-5,0",l/ha,200-250,l/ha,,,palántázás előtt 8-10 nappal,,,,,Sharpen 330 EC mod 2023.06.07 publikus.pdf,https://novenyvedoszer.nebih.gov.hu/Engedelykereso/DocumentHandler.ashx?documentId=343326342es343323647&documentName=Sharpen+330+EC+mod++2023.06.07+publikus.pdf,verified five-column point 4 markdown table import; source Sharpen_330_EC__04.2-1213-1-2013__Sharpen_330_EC_mod_2023.06.07_publikus.md line 298
Sharpen 330 EC,04.2/1213-1/2013,alapengedely,"paradicsom, paprika",magról kelő egyszikű és néhány magról kelő kétszikű gyomnövény,gyomirtó szer,"4,0-5,0",l/ha,200-250,l/ha,,,palántázás előtt 8-10 nappal,,,,,Sharpen 330 EC mod 2023.06.07 publikus.pdf,https://novenyvedoszer.nebih.gov.hu/Engedelykereso/DocumentHandler.ashx?documentId=343326342es343323647&documentName=Sharpen+330+EC+mod++2023.06.07+publikus.pdf,verified five-column point 4 markdown table import; source Sharpen_330_EC__04.2-1213-1-2013__Sharpen_330_EC_mod_2023.06.07_publikus.md line 299
Sharpen 330 EC,04.2/1213-1/2013,alapengedely,"káposzta, kelkáposzta, bimbóskel, karfiol, karalábé",magról kelő egyszikű és néhány magról kelő kétszikű gyomnövény,gyomirtó szer,"4,0-5,0",l/ha,200-250,l/ha,,,palántázás előtt 8-10 nappal,,,,,Sharpen 330 EC mod 2023.06.07 publikus.pdf,https://novenyvedoszer.nebih.gov.hu/Engedelykereso/DocumentHandler.ashx?documentId=343326342es343323647&documentName=Sharpen+330+EC+mod++2023.06.07+publikus.pdf,verified five-column point 4 markdown table import; source Sharpen_330_EC__04.2-1213-1-2013__Sharpen_330_EC_mod_2023.06.07_publikus.md line 300
Sharpen 330 EC,04.2/1213-1/2013,alapengedely,burgonya,magról kelő egyszikű és néhány magról kelő kétszikű gyomnövény,gyomirtó szer,"4,0-5,0",l/ha,200-250,l/ha,07,07,"végleges bakhátakra, legkésőbb a hajtásképződés kezdetén (BBCH 07)",,,,,Sharpen 330 EC mod 2023.06.07 publikus.pdf,https://novenyvedoszer.nebih.gov.hu/Engedelykereso/DocumentHandler.ashx?documentId=343326342es343323647&documentName=Sharpen+330+EC+mod++2023.06.07+publikus.pdf,verified five-column point 4 markdown table import; source Sharpen_330_EC__04.2-1213-1-2013__Sharpen_330_EC_mod_2023.06.07_publikus.md line 301
Sharpen 330 EC,04.2/1213-1/2013,alapengedely,"almatermésűek (alma, körte, birs, naspolya), csonthéjasok (kajszi, őszibarack, cseresznye, meggy, szilva, ringló)",magról kelő egyszikű és néhány magról kelő kétszikű gyomnövény,gyomirtó szer,"4,0-5,0",l/ha,300-400,l/ha,,,a gyomnövények kelése előtt,,,,,Sharpen 330 EC mod 2023.06.07 publikus.pdf,https://novenyvedoszer.nebih.gov.hu/Engedelykereso/DocumentHandler.ashx?documentId=343326342es343323647&documentName=Sharpen+330+EC+mod++2023.06.07+publikus.pdf,verified five-column point 4 markdown table import; source Sharpen_330_EC__04.2-1213-1-2013__Sharpen_330_EC_mod_2023.06.07_publikus.md line 302
Sharpen 330 EC,04.2/1213-1/2013,alapengedely,"bogyósgyümölcsűek (ribiszke, köszméte, josta, málna, áfonya, szeder, szamóca)",magról kelő egyszikű és néhány magról kelő kétszikű gyomnövény,gyomirtó szer,"4,0-5,0",l/ha,300-400,l/ha,,,a gyomnövények kelése előtt,,,,,Sharpen 330 EC mod 2023.06.07 publikus.pdf,https://novenyvedoszer.nebih.gov.hu/Engedelykereso/DocumentHandler.ashx?documentId=343326342es343323647&documentName=Sharpen+330+EC+mod++2023.06.07+publikus.pdf,verified five-column point 4 markdown table import; source Sharpen_330_EC__04.2-1213-1-2013__Sharpen_330_EC_mod_2023.06.07_publikus.md line 303
Sharpen 330 EC,04.2/1213-1/2013,alapengedely,szőlő (bor és csemege),magról kelő egyszikű és néhány magról kelő kétszikű gyomnövény,gyomirtó szer,"4,0-5,0",l/ha,300-400,l/ha,,,a gyomnövények kelése előtt,,,,,Sharpen 330 EC mod 2023.06.07 publikus.pdf,https://novenyvedoszer.nebih.gov.hu/Engedelykereso/DocumentHandler.ashx?documentId=343326342es343323647&documentName=Sharpen+330+EC+mod++2023.06.07+publikus.pdf,verified five-column point 4 markdown table import; source Sharpen_330_EC__04.2-1213-1-2013__Sharpen_330_EC_mod_2023.06.07_publikus.md line 304
Sharpen 330 EC,04.2/1213-1/2013,alapengedely,"fűszer- és gyógynövények (kömény, édeskömény, kapor, ánizs, angelika, lestyán, koriander, ligetszépe, sáfrányos szeklice)",magról kelő egyszikű és néhány magról kelő kétszikű gyomnövény,gyomirtó szer,"4,0-5,0",l/ha,250-300,l/ha,,,"vetést követően, kelés előtt",,,,,Sharpen 330 EC mod 2023.06.07 publikus.pdf,https://novenyvedoszer.nebih.gov.hu/Engedelykereso/DocumentHandler.ashx?documentId=343326342es343323647&documentName=Sharpen+330+EC+mod++2023.06.07+publikus.pdf,verified five-column point 4 markdown table import; source Sharpen_330_EC__04.2-1213-1-2013__Sharpen_330_EC_mod_2023.06.07_publikus.md line 305
Sharpen 330 EC,04.2/1213-1/2013,alapengedely,"dísznövények (tulipán, nárcisz)",magról kelő egyszikű és néhány magról kelő kétszikű gyomnövény,gyomirtó szer,"4,0-5,0",l/ha,250-300,l/ha,,,"a hagymák nyugalmi időszakában, talajfelszínre",,,,,Sharpen 330 EC mod 2023.06.07 publikus.pdf,https://novenyvedoszer.nebih.gov.hu/Engedelykereso/DocumentHandler.ashx?documentId=343326342es343323647&documentName=Sharpen+330+EC+mod++2023.06.07+publikus.pdf,verified five-column point 4 markdown table import; source Sharpen_330_EC__04.2-1213-1-2013__Sharpen_330_EC_mod_2023.06.07_publikus.md line 306
Sharpen 330 EC,04.2/1213-1/2013,alapengedely,"erdészet (faiskola, kosárfűz, fagyalfélék, díszcserjék, fenyőfélék, Juniperus)",magról kelő egyszikű és néhány magról kelő kétszikű gyomnövény,gyomirtó szer,"4,0-5,0",l/ha,250-300,l/ha,,,a gyomnövények kelése előtt,,,,,Sharpen 330 EC mod 2023.06.07 publikus.pdf,https://novenyvedoszer.nebih.gov.hu/Engedelykereso/DocumentHandler.ashx?documentId=343326342es343323647&documentName=Sharpen+330+EC+mod++2023.06.07+publikus.pdf,verified five-column point 4 markdown table import; source Sharpen_330_EC__04.2-1213-1-2013__Sharpen_330_EC_mod_2023.06.07_publikus.md line 307
Sharpen 330 EC,04.2/1213-1/2013,alapengedely,"kukorica (takarmány, vetőmag, csemege)",magról kelő egyszikű és néhány magról kelő kétszikű gyomnövény,gyomirtó szer,"4,0-5,0",l/ha,200-250,l/ha,14,14,Pre- vagy posztemergensen 4 leveles állapotig (legkésőbb BBCH 14),,,,,Sharpen 330 EC mod 2023.06.07 publikus.pdf,https://novenyvedoszer.nebih.gov.hu/Engedelykereso/DocumentHandler.ashx?documentId=343326342es343323647&documentName=Sharpen+330+EC+mod++2023.06.07+publikus.pdf,verified five-column point 4 markdown table import; source Sharpen_330_EC__04.2-1213-1-2013__Sharpen_330_EC_mod_2023.06.07_publikus.md line 726
Stomp Aqua,04.2/8740-1/2015,alapengedely,"kalászosok (őszi búza, őszi árpa, tavaszi árpa, rozs, tritikálé)",magról kelő egy- és kétszikű gyomnövények,gyomirtó szer,"2,4",l/ha,200-300,l/ha,00,13,"preemergensen, vagy korai posztemergensen 3 leveles fejlettségig (BBCH 00-13)",,,,,Stomp Aqua megújítás_31114-1_2026.03.27_publikus.pdf,https://novenyvedoszer.nebih.gov.hu/Engedelykereso/DocumentHandler.ashx?documentId=348770499es348775757&documentName=Stomp+Aqua+meg%c3%baj%c3%adt%c3%a1s_31114-1_2026.03.27_publikus.pdf,verified five-column point 4 markdown table import; source Stomp_Aqua__04.2-8740-1-2015__Stomp_Aqua_megújítás_31114-1_2026.03.27_publikus.md line 146
Stomp Aqua,04.2/8740-1/2015,alapengedely,rizs,magról kelő egy- és kétszikű gyomnövények,gyomirtó szer,"2,2",l/ha,200-300,l/ha,00,12,"preemergensen, vagy posztemergensen 1-2 leveles fejlettségnél (BBCH 00-12)",,,,,Stomp Aqua megújítás_31114-1_2026.03.27_publikus.pdf,https://novenyvedoszer.nebih.gov.hu/Engedelykereso/DocumentHandler.ashx?documentId=348770499es348775757&documentName=Stomp+Aqua+meg%c3%baj%c3%adt%c3%a1s_31114-1_2026.03.27_publikus.pdf,verified five-column point 4 markdown table import; source Stomp_Aqua__04.2-8740-1-2015__Stomp_Aqua_megújítás_31114-1_2026.03.27_publikus.md line 147
Stomp Aqua,04.2/8740-1/2015,alapengedely,"kukorica (szemes, siló, vetőmag, csemege, pattogatni való)",magról kelő egy- és kétszikű gyomnövények,gyomirtó szer,"2,6",l/ha,200-300,l/ha,00,14,"preemergensen, vagy korai posztemergensen 4 leveles fejlettségig (BBCH 00-14)",,,,,Stomp Aqua megújítás_31114-1_2026.03.27_publikus.pdf,https://novenyvedoszer.nebih.gov.hu/Engedelykereso/DocumentHandler.ashx?documentId=348770499es348775757&documentName=Stomp+Aqua+meg%c3%baj%c3%adt%c3%a1s_31114-1_2026.03.27_publikus.pdf,verified five-column point 4 markdown table import; source Stomp_Aqua__04.2-8740-1-2015__Stomp_Aqua_megújítás_31114-1_2026.03.27_publikus.md line 148
Stomp Aqua,04.2/8740-1/2015,alapengedely,napraforgó,magról kelő egy- és kétszikű gyomnövények,gyomirtó szer,"2,6",l/ha,200-300,l/ha,00,08,vetés után kelés előtt (BBCH 00-08) vagy vetés előtt 1-2 cm mélyen a talajba dolgozva,,,,,Stomp Aqua megújítás_31114-1_2026.03.27_publikus.pdf,https://novenyvedoszer.nebih.gov.hu/Engedelykereso/DocumentHandler.ashx?documentId=348770499es348775757&documentName=Stomp+Aqua+meg%c3%baj%c3%adt%c3%a1s_31114-1_2026.03.27_publikus.pdf,verified five-column point 4 markdown table import; source Stomp_Aqua__04.2-8740-1-2015__Stomp_Aqua_megújítás_31114-1_2026.03.27_publikus.md line 149
Stomp Aqua,04.2/8740-1/2015,alapengedely,"zöldborsó, szárazborsó, lóbab",magról kelő egy- és kétszikű gyomnövények,gyomirtó szer,"2,6",l/ha,200-300,l/ha,00,08,vetés után kelés előtt (BBCH 00-08),,,,,Stomp Aqua megújítás_31114-1_2026.03.27_publikus.pdf,https://novenyvedoszer.nebih.gov.hu/Engedelykereso/DocumentHandler.ashx?documentId=348770499es348775757&documentName=Stomp+Aqua+meg%c3%baj%c3%adt%c3%a1s_31114-1_2026.03.27_publikus.pdf,verified five-column point 4 markdown table import; source Stomp_Aqua__04.2-8740-1-2015__Stomp_Aqua_megújítás_31114-1_2026.03.27_publikus.md line 234
Stomp Aqua,04.2/8740-1/2015,alapengedely,szója,magról kelő egy- és kétszikű gyomnövények,gyomirtó szer,"2,6",l/ha,200-300,l/ha,00,08,vetés után kelés előtt (BBCH 00-08) vagy vetés előtt 1-2 cm mélyen a talajba dolgozva,,,,,Stomp Aqua megújítás_31114-1_2026.03.27_publikus.pdf,https://novenyvedoszer.nebih.gov.hu/Engedelykereso/DocumentHandler.ashx?documentId=348770499es348775757&documentName=Stomp+Aqua+meg%c3%baj%c3%adt%c3%a1s_31114-1_2026.03.27_publikus.pdf,verified five-column point 4 markdown table import; source Stomp_Aqua__04.2-8740-1-2015__Stomp_Aqua_megújítás_31114-1_2026.03.27_publikus.md line 236
Stomp Aqua,04.2/8740-1/2015,alapengedely,dohány,magról kelő egy- és kétszikű gyomnövények,gyomirtó szer,"2,6",l/ha,200-300,l/ha,,,palántázás előtt,,,,,Stomp Aqua megújítás_31114-1_2026.03.27_publikus.pdf,https://novenyvedoszer.nebih.gov.hu/Engedelykereso/DocumentHandler.ashx?documentId=348770499es348775757&documentName=Stomp+Aqua+meg%c3%baj%c3%adt%c3%a1s_31114-1_2026.03.27_publikus.pdf,verified five-column point 4 markdown table import; source Stomp_Aqua__04.2-8740-1-2015__Stomp_Aqua_megújítás_31114-1_2026.03.27_publikus.md line 237
Stomp Aqua,04.2/8740-1/2015,alapengedely,lucerna (egy évesnél idősebb),magról kelő egy- és kétszikű gyomnövények,gyomirtó szer,"2,6",l/ha,200-400,l/ha,,,kora tavasszal a lucerna nyugalmi állapotában,,,,,Stomp Aqua megújítás_31114-1_2026.03.27_publikus.pdf,https://novenyvedoszer.nebih.gov.hu/Engedelykereso/DocumentHandler.ashx?documentId=348770499es348775757&documentName=Stomp+Aqua+meg%c3%baj%c3%adt%c3%a1s_31114-1_2026.03.27_publikus.pdf,verified five-column point 4 markdown table import; source Stomp_Aqua__04.2-8740-1-2015__Stomp_Aqua_megújítás_31114-1_2026.03.27_publikus.md line 238
Stomp Aqua,04.2/8740-1/2015,alapengedely,"vöröshagyma (kivéve zöldhagyma), fokhagyma, póréhagyma",magról kelő egy- és kétszikű gyomnövények,gyomirtó szer,"2,6",l/ha,200-300,l/ha,,,"ültetést követően azonnal, vetést követően kelés előtt",,,,,Stomp Aqua megújítás_31114-1_2026.03.27_publikus.pdf,https://novenyvedoszer.nebih.gov.hu/Engedelykereso/DocumentHandler.ashx?documentId=348770499es348775757&documentName=Stomp+Aqua+meg%c3%baj%c3%adt%c3%a1s_31114-1_2026.03.27_publikus.pdf,verified five-column point 4 markdown table import; source Stomp_Aqua__04.2-8740-1-2015__Stomp_Aqua_megújítás_31114-1_2026.03.27_publikus.md line 239
Stomp Aqua,04.2/8740-1/2015,alapengedely,"sárgarépa, petrezselyem (levél, gyökér)",magról kelő egy- és kétszikű gyomnövények,gyomirtó szer,"2,6",l/ha,200-300,l/ha,00,08,vetés után kelés előtt (BBCH 00-08),,,,,Stomp Aqua megújítás_31114-1_2026.03.27_publikus.pdf,https://novenyvedoszer.nebih.gov.hu/Engedelykereso/DocumentHandler.ashx?documentId=348770499es348775757&documentName=Stomp+Aqua+meg%c3%baj%c3%adt%c3%a1s_31114-1_2026.03.27_publikus.pdf,verified five-column point 4 markdown table import; source Stomp_Aqua__04.2-8740-1-2015__Stomp_Aqua_megújítás_31114-1_2026.03.27_publikus.md line 240
Stomp Aqua,04.2/8740-1/2015,alapengedely,zeller (gumó),magról kelő egy- és kétszikű gyomnövények,gyomirtó szer,"2,6",l/ha,200-300,l/ha,,,palántázás előtt 8-10 nappal,,,,,Stomp Aqua megújítás_31114-1_2026.03.27_publikus.pdf,https://novenyvedoszer.nebih.gov.hu/Engedelykereso/DocumentHandler.ashx?documentId=348770499es348775757&documentName=Stomp+Aqua+meg%c3%baj%c3%adt%c3%a1s_31114-1_2026.03.27_publikus.pdf,verified five-column point 4 markdown table import; source Stomp_Aqua__04.2-8740-1-2015__Stomp_Aqua_megújítás_31114-1_2026.03.27_publikus.md line 241
Stomp Aqua,04.2/8740-1/2015,alapengedely,"paradicsom (szabadföldi), paprika (szabadföldi)",magról kelő egy- és kétszikű gyomnövények,gyomirtó szer,"2,6",l/ha,200-300,l/ha,,,palántázás előtt 8-10 nappal,,,,,Stomp Aqua megújítás_31114-1_2026.03.27_publikus.pdf,https://novenyvedoszer.nebih.gov.hu/Engedelykereso/DocumentHandler.ashx?documentId=348770499es348775757&documentName=Stomp+Aqua+meg%c3%baj%c3%adt%c3%a1s_31114-1_2026.03.27_publikus.pdf,verified five-column point 4 markdown table import; source Stomp_Aqua__04.2-8740-1-2015__Stomp_Aqua_megújítás_31114-1_2026.03.27_publikus.md line 242
Stomp Aqua,04.2/8740-1/2015,alapengedely,"fejes káposzta (szabadföldi), kelkáposzta (szabadföldi), bimbóskel (szabadföldi), karfiol (szabadföldi), karalábé (szabadföldi), brokkoli (szabadföldi)",magról kelő egy- és kétszikű gyomnövények,gyomirtó szer,"2,6",l/ha,200-300,l/ha,,,palántázás előtt 8-10 nappal,,,,,Stomp Aqua megújítás_31114-1_2026.03.27_publikus.pdf,https://novenyvedoszer.nebih.gov.hu/Engedelykereso/DocumentHandler.ashx?documentId=348770499es348775757&documentName=Stomp+Aqua+meg%c3%baj%c3%adt%c3%a1s_31114-1_2026.03.27_publikus.pdf,verified five-column point 4 markdown table import; source Stomp_Aqua__04.2-8740-1-2015__Stomp_Aqua_megújítás_31114-1_2026.03.27_publikus.md line 243
Stomp Aqua,04.2/8740-1/2015,alapengedely,burgonya,magról kelő egy- és kétszikű gyomnövények,gyomirtó szer,"2,6",l/ha,200-300,l/ha,00,07,"végleges bakhátakra, hajtásképződés kezdetéig (BBCH 00-07)",,,,,Stomp Aqua megújítás_31114-1_2026.03.27_publikus.pdf,https://novenyvedoszer.nebih.gov.hu/Engedelykereso/DocumentHandler.ashx?documentId=348770499es348775757&documentName=Stomp+Aqua+meg%c3%baj%c3%adt%c3%a1s_31114-1_2026.03.27_publikus.pdf,verified five-column point 4 markdown table import; source Stomp_Aqua__04.2-8740-1-2015__Stomp_Aqua_megújítás_31114-1_2026.03.27_publikus.md line 338
Stomp Aqua,04.2/8740-1/2015,alapengedely,"almatermésűek (alma, körte, birs, naspolya) (telepítést követő évtől)",magról kelő egy- és kétszikű gyomnövények,gyomirtó szer,"2,6",l/ha,300-400,l/ha,,,"kora tavasszal, a gyomnövények kelése előtt",,,,,Stomp Aqua megújítás_31114-1_2026.03.27_publikus.pdf,https://novenyvedoszer.nebih.gov.hu/Engedelykereso/DocumentHandler.ashx?documentId=348770499es348775757&documentName=Stomp+Aqua+meg%c3%baj%c3%adt%c3%a1s_31114-1_2026.03.27_publikus.pdf,verified five-column point 4 markdown table import; source Stomp_Aqua__04.2-8740-1-2015__Stomp_Aqua_megújítás_31114-1_2026.03.27_publikus.md line 340
Stomp Aqua,04.2/8740-1/2015,alapengedely,"csonthéjasok (kajszibarack, őszibarack, cseresznye, meggy, szilva, ringló) (telepítést követő évtől)",magról kelő egy- és kétszikű gyomnövények,gyomirtó szer,"2,6",l/ha,300-400,l/ha,,,"kora tavasszal, a gyomnövények kelése előtt",,,,,Stomp Aqua megújítás_31114-1_2026.03.27_publikus.pdf,https://novenyvedoszer.nebih.gov.hu/Engedelykereso/DocumentHandler.ashx?documentId=348770499es348775757&documentName=Stomp+Aqua+meg%c3%baj%c3%adt%c3%a1s_31114-1_2026.03.27_publikus.pdf,verified five-column point 4 markdown table import; source Stomp_Aqua__04.2-8740-1-2015__Stomp_Aqua_megújítás_31114-1_2026.03.27_publikus.md line 341
Stomp Aqua,04.2/8740-1/2015,alapengedely,"szőlő (borszőlő, csemegeszőlő) (telepítést követő évtől)",magról kelő egy- és kétszikű gyomnövények,gyomirtó szer,"2,6",l/ha,300-400,l/ha,,,a szőlő fakadása és a gyomnövények kelése előtt,,,,,Stomp Aqua megújítás_31114-1_2026.03.27_publikus.pdf,https://novenyvedoszer.nebih.gov.hu/Engedelykereso/DocumentHandler.ashx?documentId=348770499es348775757&documentName=Stomp+Aqua+meg%c3%baj%c3%adt%c3%a1s_31114-1_2026.03.27_publikus.pdf,verified five-column point 4 markdown table import; source Stomp_Aqua__04.2-8740-1-2015__Stomp_Aqua_megújítás_31114-1_2026.03.27_publikus.md line 342
Stomp Aqua,04.2/8740-1/2015,alapengedely,"málna, fekete szeder (telepítést követő évtől)",magról kelő egy- és kétszikű gyomnövények,gyomirtó szer,"2,6",l/ha,300-400,l/ha,,,"kora tavasszal, a gyomnövények kelése előtt",,,,,Stomp Aqua megújítás_31114-1_2026.03.27_publikus.pdf,https://novenyvedoszer.nebih.gov.hu/Engedelykereso/DocumentHandler.ashx?documentId=348770499es348775757&documentName=Stomp+Aqua+meg%c3%baj%c3%adt%c3%a1s_31114-1_2026.03.27_publikus.pdf,verified five-column point 4 markdown table import; source Stomp_Aqua__04.2-8740-1-2015__Stomp_Aqua_megújítás_31114-1_2026.03.27_publikus.md line 343
Stomp Aqua,04.2/8740-1/2015,alapengedely,"ribiszke, köszméte, ribiszkeköszméte, áfonya (telepítést követő évtől)",magról kelő egy- és kétszikű gyomnövények,gyomirtó szer,"2,6",l/ha,300-400,l/ha,,,"kora tavasszal, a gyomnövények kelése előtt",,,,,Stomp Aqua megújítás_31114-1_2026.03.27_publikus.pdf,https://novenyvedoszer.nebih.gov.hu/Engedelykereso/DocumentHandler.ashx?documentId=348770499es348775757&documentName=Stomp+Aqua+meg%c3%baj%c3%adt%c3%a1s_31114-1_2026.03.27_publikus.pdf,verified five-column point 4 markdown table import; source Stomp_Aqua__04.2-8740-1-2015__Stomp_Aqua_megújítás_31114-1_2026.03.27_publikus.md line 344
Stomp Aqua,04.2/8740-1/2015,alapengedely,szamóca (szabadföldi),magról kelő egy- és kétszikű gyomnövények,gyomirtó szer,"2,6",l/ha,300-400,l/ha,,,"kora tavasszal, nyugalmi állapotban, a gyomnövények kelése előtt",,,,,Stomp Aqua megújítás_31114-1_2026.03.27_publikus.pdf,https://novenyvedoszer.nebih.gov.hu/Engedelykereso/DocumentHandler.ashx?documentId=348770499es348775757&documentName=Stomp+Aqua+meg%c3%baj%c3%adt%c3%a1s_31114-1_2026.03.27_publikus.pdf,verified five-column point 4 markdown table import; source Stomp_Aqua__04.2-8740-1-2015__Stomp_Aqua_megújítás_31114-1_2026.03.27_publikus.md line 345
Stomp Aqua,04.2/8740-1/2015,alapengedely,"fűszer- és gyógynövények (kömény, ánizs, angelika, lestyán, koriander, édeskömény, kapor, ligetszépe, sáfrányos szeklice)",magról kelő egy- és kétszikű gyomnövények,gyomirtó szer,"2,6",l/ha,200-300,l/ha,,,vetés után kelés előtt,,,,,Stomp Aqua megújítás_31114-1_2026.03.27_publikus.pdf,https://novenyvedoszer.nebih.gov.hu/Engedelykereso/DocumentHandler.ashx?documentId=348770499es348775757&documentName=Stomp+Aqua+meg%c3%baj%c3%adt%c3%a1s_31114-1_2026.03.27_publikus.pdf,verified five-column point 4 markdown table import; source Stomp_Aqua__04.2-8740-1-2015__Stomp_Aqua_megújítás_31114-1_2026.03.27_publikus.md line 346
Stomp Aqua,04.2/8740-1/2015,alapengedely,"dísznövények (tulipán, nárcisz)",magról kelő egy- és kétszikű gyomnövények,gyomirtó szer,"2,6",l/ha,200-300,l/ha,,,a hagymák nyugalmi állapotában,,,,,Stomp Aqua megújítás_31114-1_2026.03.27_publikus.pdf,https://novenyvedoszer.nebih.gov.hu/Engedelykereso/DocumentHandler.ashx?documentId=348770499es348775757&documentName=Stomp+Aqua+meg%c3%baj%c3%adt%c3%a1s_31114-1_2026.03.27_publikus.pdf,verified five-column point 4 markdown table import; source Stomp_Aqua__04.2-8740-1-2015__Stomp_Aqua_megújítás_31114-1_2026.03.27_publikus.md line 347
Stomp Aqua,04.2/8740-1/2015,alapengedely,"erdészet (faiskola, kosárfűz fagyalfélék, díszcserjék, fenyőfélék, borókafajok)",magról kelő egy- és kétszikű gyomnövények,gyomirtó szer,"2,6",l/ha,200-300,l/ha,,,"fakadás előtt, nyugalmi állapotban, a gyomnövények kelése előtt",,,,,Stomp Aqua megújítás_31114-1_2026.03.27_publikus.pdf,https://novenyvedoszer.nebih.gov.hu/Engedelykereso/DocumentHandler.ashx?documentId=348770499es348775757&documentName=Stomp+Aqua+meg%c3%baj%c3%adt%c3%a1s_31114-1_2026.03.27_publikus.pdf,verified five-column point 4 markdown table import; source Stomp_Aqua__04.2-8740-1-2015__Stomp_Aqua_megújítás_31114-1_2026.03.27_publikus.md line 423
Stomp Aqua,04.2/8740-1/2015,alapengedely,"erdészet (kocsányos tölgy, kocsánytalan tölgy)",magról kelő egy- és kétszikű gyomnövények,gyomirtó szer,"2,6",l/ha,200-300,l/ha,00,08,vetés után kelés előtt (BBCH 00-08),,,,,Stomp Aqua megújítás_31114-1_2026.03.27_publikus.pdf,https://novenyvedoszer.nebih.gov.hu/Engedelykereso/DocumentHandler.ashx?documentId=348770499es348775757&documentName=Stomp+Aqua+meg%c3%baj%c3%adt%c3%a1s_31114-1_2026.03.27_publikus.pdf,verified five-column point 4 markdown table import; source Stomp_Aqua__04.2-8740-1-2015__Stomp_Aqua_megújítás_31114-1_2026.03.27_publikus.md line 425
Stomp Aqua,04.2/8740-1/2015,alapengedely,vörös csenkesz,magról kelő egy- és kétszikű gyomnövények,gyomirtó szer,"2,6",l/ha,200-300,l/ha,,,gyomnövények kelése előtt,,,,,Stomp Aqua megújítás_31114-1_2026.03.27_publikus.pdf,https://novenyvedoszer.nebih.gov.hu/Engedelykereso/DocumentHandler.ashx?documentId=348770499es348775757&documentName=Stomp+Aqua+meg%c3%baj%c3%adt%c3%a1s_31114-1_2026.03.27_publikus.pdf,verified five-column point 4 markdown table import; source Stomp_Aqua__04.2-8740-1-2015__Stomp_Aqua_megújítás_31114-1_2026.03.27_publikus.md line 426
Stomp Aqua,04.2/8740-1/2015,alapengedely,spárga (telepítést követő évtől),magról kelő egy- és kétszikű gyomnövények,gyomirtó szer,"2,6",l/ha,200-300,l/ha,,,bakhátbontás után,,,,,Stomp Aqua megújítás_31114-1_2026.03.27_publikus.pdf,https://novenyvedoszer.nebih.gov.hu/Engedelykereso/DocumentHandler.ashx?documentId=348770499es348775757&documentName=Stomp+Aqua+meg%c3%baj%c3%adt%c3%a1s_31114-1_2026.03.27_publikus.pdf,verified five-column point 4 markdown table import; source Stomp_Aqua__04.2-8740-1-2015__Stomp_Aqua_megújítás_31114-1_2026.03.27_publikus.md line 427
Stomp Aqua,04.2/8740-1/2015,alapengedely,fejes saláta (szabadföldi),magról kelő egy- és kétszikű gyomnövények,gyomirtó szer,"2,6",l/ha,200-300,l/ha,,,palántázás előtt,,,,,Stomp Aqua megújítás_31114-1_2026.03.27_publikus.pdf,https://novenyvedoszer.nebih.gov.hu/Engedelykereso/DocumentHandler.ashx?documentId=348770499es348775757&documentName=Stomp+Aqua+meg%c3%baj%c3%adt%c3%a1s_31114-1_2026.03.27_publikus.pdf,verified five-column point 4 markdown table import; source Stomp_Aqua__04.2-8740-1-2015__Stomp_Aqua_megújítás_31114-1_2026.03.27_publikus.md line 428
Stomp Aqua,04.2/8740-1/2015,alapengedely,muskotályzsálya,magról kelő egy- és kétszikű gyomnövények,gyomirtó szer,"2,6",l/ha,200-300,l/ha,00,08,vetés után kelés előtt (BBCH 00-08),,,,,Stomp Aqua megújítás_31114-1_2026.03.27_publikus.pdf,https://novenyvedoszer.nebih.gov.hu/Engedelykereso/DocumentHandler.ashx?documentId=348770499es348775757&documentName=Stomp+Aqua+meg%c3%baj%c3%adt%c3%a1s_31114-1_2026.03.27_publikus.pdf,verified five-column point 4 markdown table import; source Stomp_Aqua__04.2-8740-1-2015__Stomp_Aqua_megújítás_31114-1_2026.03.27_publikus.md line 435
Stomp Aqua,04.2/8740-1/2015,alapengedely,mezei cickafark,magról kelő egy- és kétszikű gyomnövények,gyomirtó szer,"2,6",l/ha,200-300,l/ha,12,18,2 leveles állapottól 8 leveles fejlettségig (BBCH 12-18),,,,,Stomp Aqua megújítás_31114-1_2026.03.27_publikus.pdf,https://novenyvedoszer.nebih.gov.hu/Engedelykereso/DocumentHandler.ashx?documentId=348770499es348775757&documentName=Stomp+Aqua+meg%c3%baj%c3%adt%c3%a1s_31114-1_2026.03.27_publikus.pdf,verified five-column point 4 markdown table import; source Stomp_Aqua__04.2-8740-1-2015__Stomp_Aqua_megújítás_31114-1_2026.03.27_publikus.md line 436
Stomp Aqua,04.2/8740-1/2015,alapengedely,kamilla,magról kelő egy- és kétszikű gyomnövények,gyomirtó szer,"2,6",l/ha,200-300,l/ha,,,a kultúrnövény hajtásainak 5-10 cm-es nagyságánál,,,,,Stomp Aqua megújítás_31114-1_2026.03.27_publikus.pdf,https://novenyvedoszer.nebih.gov.hu/Engedelykereso/DocumentHandler.ashx?documentId=348770499es348775757&documentName=Stomp+Aqua+meg%c3%baj%c3%adt%c3%a1s_31114-1_2026.03.27_publikus.pdf,verified five-column point 4 markdown table import; source Stomp_Aqua__04.2-8740-1-2015__Stomp_Aqua_megújítás_31114-1_2026.03.27_publikus.md line 437
Stomp Aqua,04.2/8740-1/2015,alapengedely,oregánó,magról kelő egy- és kétszikű gyomnövények,gyomirtó szer,"2,6",l/ha,200-300,l/ha,,,"palántázás előtt vagy a telepítést követő évtől tavasszal a nyugalmi időszakban vagy a betakarítás után, az újrahajtást megelőzően",,,,,Stomp Aqua megújítás_31114-1_2026.03.27_publikus.pdf,https://novenyvedoszer.nebih.gov.hu/Engedelykereso/DocumentHandler.ashx?documentId=348770499es348775757&documentName=Stomp+Aqua+meg%c3%baj%c3%adt%c3%a1s_31114-1_2026.03.27_publikus.pdf,verified five-column point 4 markdown table import; source Stomp_Aqua__04.2-8740-1-2015__Stomp_Aqua_megújítás_31114-1_2026.03.27_publikus.md line 515
Stomp Aqua,04.2/8740-1/2015,alapengedely,pasztinák,magról kelő egy- és kétszikű gyomnövények,gyomirtó szer,"2,6",l/ha,200-300,l/ha,00,08,vetés után kelés előtt (BBCH 00-08),,,,,Stomp Aqua megújítás_31114-1_2026.03.27_publikus.pdf,https://novenyvedoszer.nebih.gov.hu/Engedelykereso/DocumentHandler.ashx?documentId=348770499es348775757&documentName=Stomp+Aqua+meg%c3%baj%c3%adt%c3%a1s_31114-1_2026.03.27_publikus.pdf,verified five-column point 4 markdown table import; source Stomp_Aqua__04.2-8740-1-2015__Stomp_Aqua_megújítás_31114-1_2026.03.27_publikus.md line 517
Stomp Aqua,04.2/8740-1/2015,alapengedely,"durumbúza, tönkölybúza",magról kelő egy- és kétszikű gyomnövények,gyomirtó szer,"2,4",l/ha,200-300,l/ha,00,13,"preemergensen, vagy korai posztemergensen 3 leveles fejlettségig (BBCH 00-13)",,,,,Stomp Aqua megújítás_31114-1_2026.03.27_publikus.pdf,https://novenyvedoszer.nebih.gov.hu/Engedelykereso/DocumentHandler.ashx?documentId=348770499es348775757&documentName=Stomp+Aqua+meg%c3%baj%c3%adt%c3%a1s_31114-1_2026.03.27_publikus.pdf,verified five-column point 4 markdown table import; source Stomp_Aqua__04.2-8740-1-2015__Stomp_Aqua_megújítás_31114-1_2026.03.27_publikus.md line 518
Stomp Aqua,04.2/8740-1/2015,alapengedely,"erdészet (csertölgy, hegyi juhar, korai juhar, mezei juhar, magas kőris, magyar kőris, szürke nyár, fehér akác, fehér fűz)",magról kelő egy- és kétszikű gyomnövények,gyomirtó szer,"2,6",l/ha,200-300,l/ha,00,08,vetés után kelés előtt (BBCH 00-08),,,,,Stomp Aqua megújítás_31114-1_2026.03.27_publikus.pdf,https://novenyvedoszer.nebih.gov.hu/Engedelykereso/DocumentHandler.ashx?documentId=348770499es348775757&documentName=Stomp+Aqua+meg%c3%baj%c3%adt%c3%a1s_31114-1_2026.03.27_publikus.pdf,verified five-column point 4 markdown table import; source Stomp_Aqua__04.2-8740-1-2015__Stomp_Aqua_megújítás_31114-1_2026.03.27_publikus.md line 519
Reactor Micro,8360/60419-1/2025,alapengedely,olajtök,magról kelő egy- és kétszikű gyomnövények,gyomirtó szer,"0,25",l/ha,200-300,l/ha,00,05,"vetés után, kelés előtt (BBCH 00-05)",,,,,Reactor Micro hivatalból mód 2025.08.12.pdf,https://novenyvedoszer.nebih.gov.hu/Engedelykereso/DocumentHandler.ashx?documentId=347759264es347775557&documentName=Reactor+Micro+hivatalb%c3%b3l+m%c3%b3d+2025.08.12.pdf,verified five-column point 4 markdown table import; source Reactor_Micro__8360-60419-1-2025__Reactor_Micro_hivatalból_mód_2025.08.12.md line 251
Reactor Micro,8360/60419-1/2025,alapengedely,petrezselyem (gyökér),magról kelő egy- és kétszikű gyomnövények,gyomirtó szer,"0,2",l/ha,200-300,l/ha,00,05,"vetés után, kelés előtt (BBCH 00-05)",,,,,Reactor Micro hivatalból mód 2025.08.12.pdf,https://novenyvedoszer.nebih.gov.hu/Engedelykereso/DocumentHandler.ashx?documentId=347759264es347775557&documentName=Reactor+Micro+hivatalb%c3%b3l+m%c3%b3d+2025.08.12.pdf,verified five-column point 4 markdown table import; source Reactor_Micro__8360-60419-1-2025__Reactor_Micro_hivatalból_mód_2025.08.12.md line 259
Reactor Micro,8360/60419-1/2025,alapengedely,petrezselyem (levél),magról kelő egy- és kétszikű gyomnövények,gyomirtó szer,"0,18",l/ha,200-300,l/ha,00,05,"vetés után, kelés előtt (BBCH 00-05)",,,,,Reactor Micro hivatalból mód 2025.08.12.pdf,https://novenyvedoszer.nebih.gov.hu/Engedelykereso/DocumentHandler.ashx?documentId=347759264es347775557&documentName=Reactor+Micro+hivatalb%c3%b3l+m%c3%b3d+2025.08.12.pdf,verified five-column point 4 markdown table import; source Reactor_Micro__8360-60419-1-2025__Reactor_Micro_hivatalból_mód_2025.08.12.md line 260
Reactor Micro,8360/60419-1/2025,alapengedely,"zeller (szár, gumós)",magról kelő egy- és kétszikű gyomnövények,gyomirtó szer,"0,25",l/ha,200-300,l/ha,,,"kiültetés után 3-8 nappal, 6 leveles fejlettségig",,,,,Reactor Micro hivatalból mód 2025.08.12.pdf,https://novenyvedoszer.nebih.gov.hu/Engedelykereso/DocumentHandler.ashx?documentId=347759264es347775557&documentName=Reactor+Micro+hivatalb%c3%b3l+m%c3%b3d+2025.08.12.pdf,verified five-column point 4 markdown table import; source Reactor_Micro__8360-60419-1-2025__Reactor_Micro_hivatalból_mód_2025.08.12.md line 261
Reactor Micro,8360/60419-1/2025,alapengedely,zeller (levél),magról kelő egy- és kétszikű gyomnövények,gyomirtó szer,"0,18",l/ha,200-300,l/ha,,,"kiültetés után 3-8 nappal, 6 leveles fejlettségig",,,,,Reactor Micro hivatalból mód 2025.08.12.pdf,https://novenyvedoszer.nebih.gov.hu/Engedelykereso/DocumentHandler.ashx?documentId=347759264es347775557&documentName=Reactor+Micro+hivatalb%c3%b3l+m%c3%b3d+2025.08.12.pdf,verified five-column point 4 markdown table import; source Reactor_Micro__8360-60419-1-2025__Reactor_Micro_hivatalból_mód_2025.08.12.md line 262
Reactor Micro,8360/60419-1/2025,alapengedely,"fejes káposzta, vörös káposzta, kelkáposzta, karfiol, brokkoli, bimbós kel, fodros kel",magról kelő egy- és kétszikű gyomnövények,gyomirtó szer,"0,25",l/ha,200-300,l/ha,,,"kiültetés előtt legalább 4-5 nappal, vagy kiültetés után 3- 8 nappal",,,,,Reactor Micro hivatalból mód 2025.08.12.pdf,https://novenyvedoszer.nebih.gov.hu/Engedelykereso/DocumentHandler.ashx?documentId=347759264es347775557&documentName=Reactor+Micro+hivatalb%c3%b3l+m%c3%b3d+2025.08.12.pdf,verified five-column point 4 markdown table import; source Reactor_Micro__8360-60419-1-2025__Reactor_Micro_hivatalból_mód_2025.08.12.md line 263
Reactor Micro,8360/60419-1/2025,alapengedely,paprika,magról kelő egy- és kétszikű gyomnövények,gyomirtó szer,"0,25",l/ha,200-300,l/ha,,,kiültetés előtt 4-5 nappal,,,,,Reactor Micro hivatalból mód 2025.08.12.pdf,https://novenyvedoszer.nebih.gov.hu/Engedelykereso/DocumentHandler.ashx?documentId=347759264es347775557&documentName=Reactor+Micro+hivatalb%c3%b3l+m%c3%b3d+2025.08.12.pdf,verified five-column point 4 markdown table import; source Reactor_Micro__8360-60419-1-2025__Reactor_Micro_hivatalból_mód_2025.08.12.md line 264
Reactor Micro,8360/60419-1/2025,alapengedely,görögdinnye,magról kelő egy- és kétszikű gyomnövények,gyomirtó szer,"0,25",l/ha,200-300,l/ha,00,05,"vetés után, kelés előtt (BBCH 00-05) vagy kiültetés előtt 4-5 nappal",,,,,Reactor Micro hivatalból mód 2025.08.12.pdf,https://novenyvedoszer.nebih.gov.hu/Engedelykereso/DocumentHandler.ashx?documentId=347759264es347775557&documentName=Reactor+Micro+hivatalb%c3%b3l+m%c3%b3d+2025.08.12.pdf,verified five-column point 4 markdown table import; source Reactor_Micro__8360-60419-1-2025__Reactor_Micro_hivatalból_mód_2025.08.12.md line 265
Reactor Micro,8360/60419-1/2025,alapengedely,"spárgatök, sütőtök, cukkini",magról kelő egy- és kétszikű gyomnövények,gyomirtó szer,"0,25",l/ha,200-300,l/ha,,,"kiültetés után 3-8 nappal, 6 leveles fejlettségig",,,,,Reactor Micro hivatalból mód 2025.08.12.pdf,https://novenyvedoszer.nebih.gov.hu/Engedelykereso/DocumentHandler.ashx?documentId=347759264es347775557&documentName=Reactor+Micro+hivatalb%c3%b3l+m%c3%b3d+2025.08.12.pdf,verified five-column point 4 markdown table import; source Reactor_Micro__8360-60419-1-2025__Reactor_Micro_hivatalból_mód_2025.08.12.md line 266
Reactor Micro,8360/60419-1/2025,alapengedely,"mák, zöldbab, szárazbab, lóbab",magról kelő egy- és kétszikű gyomnövények,gyomirtó szer,"0,25",l/ha,200-300,l/ha,00,05,"vetés után, kelés előtt (BBCH 00-05)",,,,,Reactor Micro hivatalból mód 2025.08.12.pdf,https://novenyvedoszer.nebih.gov.hu/Engedelykereso/DocumentHandler.ashx?documentId=347759264es347775557&documentName=Reactor+Micro+hivatalb%c3%b3l+m%c3%b3d+2025.08.12.pdf,verified five-column point 4 markdown table import; source Reactor_Micro__8360-60419-1-2025__Reactor_Micro_hivatalból_mód_2025.08.12.md line 267
Reactor Micro,8360/60419-1/2025,alapengedely,spárga,magról kelő egy- és kétszikű gyomnövények,gyomirtó szer,"0,25",l/ha,200-300,l/ha,,,"új telepítésben palántázás után 7-10 nappal, spárga kihajtása előtt; termő spárga ültetvényben szedési időszakot követően, bakhátbontás után, spárga kihajtása előtt",,,,,Reactor Micro hivatalból mód 2025.08.12.pdf,https://novenyvedoszer.nebih.gov.hu/Engedelykereso/DocumentHandler.ashx?documentId=347759264es347775557&documentName=Reactor+Micro+hivatalb%c3%b3l+m%c3%b3d+2025.08.12.pdf,verified five-column point 4 markdown table import; source Reactor_Micro__8360-60419-1-2025__Reactor_Micro_hivatalból_mód_2025.08.12.md line 328
Reactor Micro,8360/60419-1/2025,alapengedely,édeskömény,magról kelő egy- és kétszikű gyomnövények,gyomirtó szer,"0,25",l/ha,200-300,l/ha,,,"vetés után, kelés előtt, vagy kiültetés után 3-8 nappal",,,,,Reactor Micro hivatalból mód 2025.08.12.pdf,https://novenyvedoszer.nebih.gov.hu/Engedelykereso/DocumentHandler.ashx?documentId=347759264es347775557&documentName=Reactor+Micro+hivatalb%c3%b3l+m%c3%b3d+2025.08.12.pdf,verified five-column point 4 markdown table import; source Reactor_Micro__8360-60419-1-2025__Reactor_Micro_hivatalból_mód_2025.08.12.md line 330
Leopard 5 EC,12320/2002,alapengedely,cukorrépa,magról kelő egyszikű gyomnövények fenyércirok (magról kelő) fenyércirok (rizómáról kihajtó) tarackbúza csillagpázsit,gyomirtó szer,"0,7-1,0 0,8 1,0-1,2 2,0-2,5 3,0-3,5",l/ha,200-300,l/ha,14,19,kultúrnövény 4 leveles korától 10 leveles fejlettségéig (BBCH 14-19),,,,,Leopard 5 EC mód 2025.04.25.pdf,https://novenyvedoszer.nebih.gov.hu/Engedelykereso/DocumentHandler.ashx?documentId=346901079es346927901&documentName=Leopard+5+EC+m%c3%b3d+2025.04.25.pdf,verified five-column point 4 markdown table import; source Leopard_5_EC__12320-2002__Leopard_5_EC_mód_2025.04.25.md line 411
Leopard 5 EC,12320/2002,alapengedely,"napraforgó, len",magról kelő egyszikű gyomnövények fenyércirok (magról kelő) fenyércirok (rizómáról kihajtó) tarackbúza csillagpázsit,gyomirtó szer,"0,7-1,0 0,8 1,0-1,2 2,0-2,5 3,0-3,5",l/ha,200-300,l/ha,14,16,kultúrnövény 4-6 leveles állapotában (BBCH 14-16),,,,,Leopard 5 EC mód 2025.04.25.pdf,https://novenyvedoszer.nebih.gov.hu/Engedelykereso/DocumentHandler.ashx?documentId=346901079es346927901&documentName=Leopard+5+EC+m%c3%b3d+2025.04.25.pdf,verified five-column point 4 markdown table import; source Leopard_5_EC__12320-2002__Leopard_5_EC_mód_2025.04.25.md line 412
Leopard 5 EC,12320/2002,alapengedely,"paradicsom, paprika",magról kelő egyszikű gyomnövények fenyércirok (magról kelő) fenyércirok (rizómáról kihajtó) tarackbúza csillagpázsit,gyomirtó szer,"0,7-1,0 0,8 1,0-1,2 2,0-2,5 3,0-3,5",l/ha,200-300,l/ha,14,19,kultúrnövény 4 leveles fejlettségétől a sorok záródásáig (BBCH 14-19),,,,,Leopard 5 EC mód 2025.04.25.pdf,https://novenyvedoszer.nebih.gov.hu/Engedelykereso/DocumentHandler.ashx?documentId=346901079es346927901&documentName=Leopard+5+EC+m%c3%b3d+2025.04.25.pdf,verified five-column point 4 markdown table import; source Leopard_5_EC__12320-2002__Leopard_5_EC_mód_2025.04.25.md line 413
Leopard 5 EC,12320/2002,alapengedely,"burgonya, szója, lucerna",magról kelő egyszikű gyomnövények fenyércirok (magról kelő) fenyércirok (rizómáról kihajtó) tarackbúza csillagpázsit,gyomirtó szer,"0,7-1,0 0,8 1,0-1,2 2,0-2,5 3,0-3,5",l/ha,200-300,l/ha,,,kultúrnövény 5-15 cm-es fejlettségi állapotában,,,,,Leopard 5 EC mód 2025.04.25.pdf,https://novenyvedoszer.nebih.gov.hu/Engedelykereso/DocumentHandler.ashx?documentId=346901079es346927901&documentName=Leopard+5+EC+m%c3%b3d+2025.04.25.pdf,verified five-column point 4 markdown table import; source Leopard_5_EC__12320-2002__Leopard_5_EC_mód_2025.04.25.md line 414
Leopard 5 EC,12320/2002,alapengedely,"zöldborsó, zöldbab, száraz borsó, száraz bab",magról kelő egyszikű gyomnövények fenyércirok (magról kelő) fenyércirok (rizómáról kihajtó) tarackbúza csillagpázsit,gyomirtó szer,"0,7-1,0 0,8 1,0-1,2 2,0-2,5 3,0-3,5",l/ha,200-300,l/ha,,,kultúrnövény 8-10 cm-es fejlettségi állapotában,,,,,Leopard 5 EC mód 2025.04.25.pdf,https://novenyvedoszer.nebih.gov.hu/Engedelykereso/DocumentHandler.ashx?documentId=346901079es346927901&documentName=Leopard+5+EC+m%c3%b3d+2025.04.25.pdf,verified five-column point 4 markdown table import; source Leopard_5_EC__12320-2002__Leopard_5_EC_mód_2025.04.25.md line 415
Leopard 5 EC,12320/2002,alapengedely,"alma, körte, birs, naspolya, szőlő",magról kelő egyszikű gyomnövények fenyércirok (magról kelő) fenyércirok (rizómáról kihajtó) tarackbúza csillagpázsit,gyomirtó szer,"0,7-1,0 0,8 1,0-1,2 2,0-2,5 3,0-3,5",l/ha,200-300,l/ha,,,gyomfejlettséghez igazodva,,,,,Leopard 5 EC mód 2025.04.25.pdf,https://novenyvedoszer.nebih.gov.hu/Engedelykereso/DocumentHandler.ashx?documentId=346901079es346927901&documentName=Leopard+5+EC+m%c3%b3d+2025.04.25.pdf,verified five-column point 4 markdown table import; source Leopard_5_EC__12320-2002__Leopard_5_EC_mód_2025.04.25.md line 416
Select Super,15688/2003,alapengedely,"zöldborsó, szárazborsó, burgonya, cukorrépa, napraforgó, szója, paradicsom, vöröshagyma, sárgarépa, zöldbab, szárazbab, paprika, mustár, erdészet","magról kelő egyszikű gyomnövények Sorghum halepense (magról kelő) Sorghum halepense (rizómáról kelő) közönséges tarackbúza (Elymus repens) Cynodon dactylon, Phragmites australis, Calamagrostis epigeios",gyomirtó szer,"0,6-0,8 1,2-1,4 1,4-1,6 1,6-2,0 2,0-2,4",l/ha,200-300,l/ha,12,61,2 leveles állapottól virágzás kezdetéig (BBCH 12-61); erdészet: fenológiai megjelölés nélkül,,,,,Select Super mód 2025.06.10.pdf,https://novenyvedoszer.nebih.gov.hu/Engedelykereso/DocumentHandler.ashx?documentId=347547604es347543185&documentName=Select+Super+m%c3%b3d+2025.06.10.pdf,verified five-column point 4 markdown table import; source Select_Super__15688-2003__Select_Super_mód_2025.06.10.md line 183
Select Super,15688/2003,alapengedely,"petrezselyem (gyökér), zeller (gumó, levél, szár), cékla","magról kelő egyszikű gyomnövények Sorghum halepense (magról kelő) Sorghum halepense (rizómáról kelő) közönséges tarackbúza (Elymus repens) Cynodon dactylon, Phragmites australis, Calamagrostis epigeios",gyomirtó szer,"0,6-0,8 1,2-1,4 1,4-1,6 1,6-2,0 2,0",l/ha,200-300,l/ha,12,45,kétleveles fejlettségtől az 50 %-os gyökérvastagságig (BBCH 12-45),,,,,Select Super mód 2025.06.10.pdf,https://novenyvedoszer.nebih.gov.hu/Engedelykereso/DocumentHandler.ashx?documentId=347547604es347543185&documentName=Select+Super+m%c3%b3d+2025.06.10.pdf,verified five-column point 4 markdown table import; source Select_Super__15688-2003__Select_Super_mód_2025.06.10.md line 703
Select Super,15688/2003,alapengedely,"petrezselyem (levél), pasztinák","magról kelő egyszikű gyomnövények Sorghum halepense (magról kelő) Sorghum halepense (rizómáról kelő) közönséges tarackbúza (Elymus repens) Cynodon dactylon, Phragmites australis, Calamagrostis epigeios",gyomirtó szer,"0,6-0,8 1,2-1,4 1,4-1,6 1,6-2,0 2,0",l/ha,200-300,l/ha,12,18,2 leveles állapottól 8 leveles állapotig (BBCH 12-18),,,,,Select Super mód 2025.06.10.pdf,https://novenyvedoszer.nebih.gov.hu/Engedelykereso/DocumentHandler.ashx?documentId=347547604es347543185&documentName=Select+Super+m%c3%b3d+2025.06.10.pdf,verified five-column point 4 markdown table import; source Select_Super__15688-2003__Select_Super_mód_2025.06.10.md line 704
Select Super,15688/2003,alapengedely,"fejes káposzta, vöröskáposzta, kelkáposzta, karfiol, brokkoli, kínai kel, bimbóskel","magról kelő egyszikű gyomnövények Sorghum halepense (magról kelő) Sorghum halepense (rizómáról kelő) közönséges tarackbúza (Elymus repens) Cynodon dactylon, Phragmites australis, Calamagrostis epigeios",gyomirtó szer,"0,6-0,8 1,2-1,4 1,4-1,6 1,6-2,0 2,0",l/ha,200-300,l/ha,12,41,"2 leveles állapottól fejesedés kezdetéig, illetve bimbóskel esetében az oldalrügyek fejlődésének kezdetéig (BBCH 12- 41)",,,,,Select Super mód 2025.06.10.pdf,https://novenyvedoszer.nebih.gov.hu/Engedelykereso/DocumentHandler.ashx?documentId=347547604es347543185&documentName=Select+Super+m%c3%b3d+2025.06.10.pdf,verified five-column point 4 markdown table import; source Select_Super__15688-2003__Select_Super_mód_2025.06.10.md line 705
Select Super,15688/2003,alapengedely,karalábé,"magról kelő egyszikű gyomnövények Sorghum halepense (magról kelő) Sorghum halepense (rizómáról kelő) közönséges tarackbúza (Elymus repens) Cynodon dactylon, Phragmites australis, Calamagrostis epigeios",gyomirtó szer,"0,6-0,8 1,2-1,4 1,4-1,6 1,6-2,0 2,0",l/ha,200-300,l/ha,12,18,2 leveles állapottól 8 leveles állapotig (BBCH 12-18),,,,,Select Super mód 2025.06.10.pdf,https://novenyvedoszer.nebih.gov.hu/Engedelykereso/DocumentHandler.ashx?documentId=347547604es347543185&documentName=Select+Super+m%c3%b3d+2025.06.10.pdf,verified five-column point 4 markdown table import; source Select_Super__15688-2003__Select_Super_mód_2025.06.10.md line 706
Select Super,15688/2003,alapengedely,"levendula, kerti izsóp, oregánó, francia tárkony, rozmaring, koriander, orvosi zsálya, lestyán, muskotályzsálya, kamilla, citromfű, mezei cickafark, angelika, édeskömény, kömény, kakukkfű","magról kelő egyszikű gyomnövények Sorghum halepense (magról kelő) Sorghum halepense (rizómáról kelő) közönséges tarackbúza (Elymus repens) Cynodon dactylon, Phragmites australis, Calamagrostis epigeios",gyomirtó szer,"0,6-0,8 1,2-1,4 1,4-1,6 1,6-2,0 2,0",l/ha,200-300,l/ha,12,16,2 leveles állapottól 6 leveles állapotig (BBCH 12-16),,,,,Select Super mód 2025.06.10.pdf,https://novenyvedoszer.nebih.gov.hu/Engedelykereso/DocumentHandler.ashx?documentId=347547604es347543185&documentName=Select+Super+m%c3%b3d+2025.06.10.pdf,verified five-column point 4 markdown table import; source Select_Super__15688-2003__Select_Super_mód_2025.06.10.md line 707
Select Super,15688/2003,alapengedely,"uborka, sütőtök, cukkini, patisszon, görögdinnye, sárgadinnye","magról kelő egyszikű gyomnövények Sorghum halepense (magról kelő) Sorghum halepense (rizómáról kelő) közönséges tarackbúza (Elymus repens) Cynodon dactylon, Phragmites australis, Calamagrostis epigeios",gyomirtó szer,"0,6-0,8 1,2-1,4 1,4-1,6 1,6-2,0 2,0",l/ha,200-300,l/ha,14,29,4 leveles állapottól a 9 elsődleges oldalhajtás fejlettségig (BBCH 14-29),,,,,Select Super mód 2025.06.10.pdf,https://novenyvedoszer.nebih.gov.hu/Engedelykereso/DocumentHandler.ashx?documentId=347547604es347543185&documentName=Select+Super+m%c3%b3d+2025.06.10.pdf,verified five-column point 4 markdown table import; source Select_Super__15688-2003__Select_Super_mód_2025.06.10.md line 708
