web_scraper_order,web_scraper_start_url,pagination-selector,name,data,description,data2,data3,data4,data5,data6,image
"1769693586-1","https://www.agromedium.com/hu-hu/novenyvedo-szerek","","BASF - Revyflex Start","package_2","10 ha/csomag: kalászosok","0,5 kg Aurios","2 x 0,5 l Saracen","","","5 l Dash HC","https://cdn.agromedium.com/uploads/2020/09/67c9c5c70014019edcec/thumbnail.jpg"
"1769693586-2","https://www.agromedium.com/hu-hu/novenyvedo-szerek","","Caramba Turbo","check_circle","210 g/l mepiquat-klorid, 30 g/l metkonazol","Alapengedély","gombaölő és növekedés szabályozó szer","2029. febr. 28.","","","https://cdn.agromedium.com/uploads/2020/09/67c9c5c70014019edcec/thumbnail.jpg"
"1769693586-3","https://www.agromedium.com/hu-hu/novenyvedo-szerek","","","","","","","","","","https://cdn.agromedium.com/uploads/2025/06/6847e89a00115b091f3c/file.png"
"1769693586-4","https://www.agromedium.com/hu-hu/novenyvedo-szerek","","480 solo extra","check_circle","480 g/l dikamba","2027. febr. 28.","gyomirtó szer","2027. febr. 28.","","","https://cdn.agromedium.com/uploads/2018/08/67c9c5bf000cfc1dad7b/thumbnail.jpg"
"1769693586-5","https://www.agromedium.com/hu-hu/novenyvedo-szerek","","480-Solo","check_circle","480 g/l dikamba","2028. márc. 31.","gyomirtó szer","2028. márc. 31.","","","https://cdn.agromedium.com/uploads/2023/06/67c9c76b00192846003c/thumbnail.png"
"1769693586-6","https://www.agromedium.com/hu-hu/novenyvedo-szerek","","Abamect SC","error","18 g/l abamektin","2023. aug. 31.","rovarölő szer","","2023. aug. 31.","","https://cdn.agromedium.com/uploads/2019/03/67c9c5c60007ec5337c9/thumbnail.png"
"1769693586-7","https://www.agromedium.com/hu-hu/novenyvedo-szerek","","Account ULV","check_circle","6 g/l deltametrin, 54 g/l piperonil butoxid","2027. aug. 15.","rovarölő szer","2027. aug. 15.","","","https://cdn.agromedium.com/uploads/2019/04/67c9c6f3002ce784082b/thumbnail.png"
"1769693586-8","https://www.agromedium.com/hu-hu/novenyvedo-szerek","","Accurate","check_circle","200 g/kg metszulfuron-metil","2029. márc. 31.","gyomirtó szer","2029. márc. 31.","","counter_1","https://cdn.agromedium.com/uploads/2019/12/67c9c5e00038baa08a17/thumbnail.jpg"
"1769693586-9","https://www.agromedium.com/hu-hu/novenyvedo-szerek","","","","","","","","","","https://cdn.agromedium.com/uploads/2026/01/697082e3000e0b656054/file.png"
"1769693586-10","https://www.agromedium.com/hu-hu/novenyvedo-szerek","","Aceptir 200 SE","check_circle","200 g/l acetamiprid","2034. febr. 28.","rovarölő szer","2034. febr. 28.","","","https://cdn.agromedium.com/uploads/2019/04/67c9c6f3002ce784082b/thumbnail.png"
"1769693586-11","https://www.agromedium.com/hu-hu/novenyvedo-szerek","","Aceptorro 200 SE","check_circle","200 g/l acetamiprid","2034. febr. 28.","rovarölő szer","2034. febr. 28.","","","https://cdn.agromedium.com/uploads/2024/03/67c9c5be001da30ef4a5/thumbnail.png"
"1769693586-12","https://www.agromedium.com/hu-hu/novenyvedo-szerek","","Acetogal","check_circle","200 g/kg acetamiprid","2034. febr. 28.","rovarölő szer","2034. febr. 28.","","",""
"1769693586-13","https://www.agromedium.com/hu-hu/novenyvedo-szerek","","Acrobat MZ WG","error","90 g/kg dimetomorf, 600 g/kg mankoceb","2021. júl. 4.","gombaölő szer","","2021. júl. 4.","","https://cdn.agromedium.com/uploads/2020/09/67c9c5c70014019edcec/thumbnail.jpg"
"1769693586-14","https://www.agromedium.com/hu-hu/novenyvedo-szerek","","Actara SC","error","240 g/l tiametoxam","2020. ápr. 30.","rovarölő szer","","2020. ápr. 30.","","https://cdn.agromedium.com/uploads/2019/03/67c9c5c60007ec5337c9/thumbnail.png"
"1769693586-15","https://www.agromedium.com/hu-hu/novenyvedo-szerek","","","","","","","","","","https://cdn.agromedium.com/uploads/2025/11/690db9bd0030b9dd184f/file.png"
"1769693586-16","https://www.agromedium.com/hu-hu/novenyvedo-szerek","","Actellic 50 EC","check_circle","500 g/l pirimifosz-metil","2026. jún. 15.","rovarölő szer","2026. jún. 15.","","","https://cdn.agromedium.com/uploads/2019/03/67c9c5c60007ec5337c9/thumbnail.png"
"1769693586-17","https://www.agromedium.com/hu-hu/novenyvedo-szerek","","Actirob B","check_circle","842 g/l repceolaj","2026. dec. 6.","permetezőszer segédanyag","2026. dec. 6.","","","https://cdn.agromedium.com/uploads/2020/03/67c9c6f400078e6a7fd5/thumbnail.png"
"1769693586-18","https://www.agromedium.com/hu-hu/novenyvedo-szerek","","Activus 400 SC","check_circle","400 g/l pendimetalin","2027. okt. 31.","gyomirtó szer","2027. okt. 31.","","","https://cdn.agromedium.com/uploads/2019/04/67c9c5c1001d85f5c905/thumbnail.png"
"1769693586-19","https://www.agromedium.com/hu-hu/novenyvedo-szerek","","AD Contact","warning","90 % m/m etoxilált zsíralkohol","Eltarthatósági idő végéig","segédanyag","","","","https://cdn.agromedium.com/uploads/2020/04/67c9c5c5003bb7c20c20/thumbnail.png"
"1769693586-20","https://www.agromedium.com/hu-hu/novenyvedo-szerek","","Adama - Blade + Klartan 24 EW","package_2","50 ha/csomag: káposztarepce","10 kg Blade","","","","","https://cdn.agromedium.com/uploads/2019/04/67c9c5c1001d85f5c905/thumbnail.png"
"1769693586-21","https://www.agromedium.com/hu-hu/novenyvedo-szerek","","","","","","","","","","https://cdn.agromedium.com/uploads/2026/01/6969f7e8002c1baa38cf/file.png"
"1769693586-22","https://www.agromedium.com/hu-hu/novenyvedo-szerek","","Adama - Blade + Respox","package_2","5 ha/csomag: káposztarepce","1 kg Blade","","","","","https://cdn.agromedium.com/uploads/2019/04/67c9c5c1001d85f5c905/thumbnail.png"
"1769693586-23","https://www.agromedium.com/hu-hu/novenyvedo-szerek","","Adama - Coltrane Pack","package_2","5 ha/csomag: kukorica","1 l Enter","10 l Coltrane","","","","https://cdn.agromedium.com/uploads/2019/04/67c9c5c1001d85f5c905/thumbnail.png"
"1769693586-24","https://www.agromedium.com/hu-hu/novenyvedo-szerek","","Adama - Coltrane Pack + TK 1","package_2","5 ha/csomag","1 l Enter","10 l Coltrane","","","10 l TK-1","https://cdn.agromedium.com/uploads/2019/04/67c9c5c1001d85f5c905/thumbnail.png"
"1769693586-25","https://www.agromedium.com/hu-hu/novenyvedo-szerek","","Adama - Dikamin 720 WSC + Nicogan","package_2","10 ha/csomag: kukorica","20 l Dikamin 720 WSC","","","","","https://cdn.agromedium.com/uploads/2019/04/67c9c5c1001d85f5c905/thumbnail.png"
"1769693586-26","https://www.agromedium.com/hu-hu/novenyvedo-szerek","","Adama - DuRacer","package_2","4 ha/csomag: napraforgó","10 l Racer","","","","","https://cdn.agromedium.com/uploads/2019/04/67c9c5c1001d85f5c905/thumbnail.png"
"1769693586-27","https://www.agromedium.com/hu-hu/novenyvedo-szerek","","","","","","","","","","https://cdn.agromedium.com/uploads/2025/11/690db9bd0030b9dd184f/file.png"
"1769693586-28","https://www.agromedium.com/hu-hu/novenyvedo-szerek","","Adama - DuRacer + Mirador Supreme","package_2","20 ha/csomag: napraforgó","10 l Racer","6 l Tender","","","","https://cdn.agromedium.com/uploads/2019/04/67c9c5c1001d85f5c905/thumbnail.png"
"1769693586-29","https://www.agromedium.com/hu-hu/novenyvedo-szerek","","Adama - Fortis Duo","package_2","40 ha/csomag: kalászosok, káposztarepce","12 l Procer 300 EC","","","","","https://cdn.agromedium.com/uploads/2019/04/67c9c5c1001d85f5c905/thumbnail.png"
"1769693586-30","https://www.agromedium.com/hu-hu/novenyvedo-szerek","","Adama - Fox Duo","package_2","6,5 ha/csomag: napraforgó","2x5 l Fox","","","","","https://cdn.agromedium.com/uploads/2019/04/67c9c5c1001d85f5c905/thumbnail.png"
"1769693586-31","https://www.agromedium.com/hu-hu/novenyvedo-szerek","","Adama - Klartan + Maxentis (25 ha)","package_2","25 ha/csomag: kalászosok","5 L Klartan 24 EW","","","","","https://cdn.agromedium.com/uploads/2019/04/67c9c5c1001d85f5c905/thumbnail.png"
"1769693586-32","https://www.agromedium.com/hu-hu/novenyvedo-szerek","","Adama - Klartan + Maxentis (5 ha)","package_2","5 ha/csomag: kalászosok","1 L Klartan 24 EW","","","","","https://cdn.agromedium.com/uploads/2019/04/67c9c5c1001d85f5c905/thumbnail.png"
"1769693586-33","https://www.agromedium.com/hu-hu/novenyvedo-szerek","","","","","","","","","","https://cdn.agromedium.com/uploads/2026/01/6969f7e8002c1baa38cf/file.png"
"1769693586-34","https://www.agromedium.com/hu-hu/novenyvedo-szerek","","Adama - Klartan + Mirador Supreme (25 ha)","package_2","25 ha/csomag: kalászosok","5 L Klartan 24 EW","","","","","https://cdn.agromedium.com/uploads/2019/04/67c9c5c1001d85f5c905/thumbnail.png"
"1769693586-35","https://www.agromedium.com/hu-hu/novenyvedo-szerek","","Adama - Klartan + Mirador Supreme (5 ha)","package_2","5 ha/csomag: kalászosok","1 L Klartan 24 EW","","","","","https://cdn.agromedium.com/uploads/2019/04/67c9c5c1001d85f5c905/thumbnail.png"
"1769693586-36","https://www.agromedium.com/hu-hu/novenyvedo-szerek","","Adama - Klartan 24 EW + ExelGrow","package_2","5 ha/csomag: alma, árpa, búza, kalászosok, káposztarepce, mustár, olajretek, rozs, szőlő, tritikálé, zab","1 l Klartan 24 EW","","","","","https://cdn.agromedium.com/uploads/2019/04/67c9c5c1001d85f5c905/thumbnail.png"
"1769693586-37","https://www.agromedium.com/hu-hu/novenyvedo-szerek","","Adama - Klartan 24 EW + Soratel","package_2","25 ha/csomag: napraforgó, káposztarepce","Klartan 24 EW","","","","","https://cdn.agromedium.com/uploads/2019/04/67c9c5c1001d85f5c905/thumbnail.png"
"1769693586-38","https://www.agromedium.com/hu-hu/novenyvedo-szerek","","Adama - Legato Trio + Piridex","package_2","20 ha/csomag: árpa, búza, rozs, tritikálé","5 kg Lamdex Extra","40 l Legato Trio","","","","https://cdn.agromedium.com/uploads/2019/04/67c9c5c1001d85f5c905/thumbnail.png"
"1769693586-39","https://www.agromedium.com/hu-hu/novenyvedo-szerek","","","","","","","","","","https://cdn.agromedium.com/uploads/2025/11/690db9bd0030b9dd184f/file.png"
"1769693586-40","https://www.agromedium.com/hu-hu/novenyvedo-szerek","","Adama - Maxentis + Soratel","package_2","11 ha/csomag: kalászosok","Maxentis","","","","","https://cdn.agromedium.com/uploads/2019/04/67c9c5c1001d85f5c905/thumbnail.png"
"1769693586-41","https://www.agromedium.com/hu-hu/novenyvedo-szerek","","Adama - Meso Trio + TK-1","package_2","5 ha/csomag: kukorica","3 kg Meso Trio","","","","","https://cdn.agromedium.com/uploads/2019/04/67c9c5c1001d85f5c905/thumbnail.png"
"1769693586-42","https://www.agromedium.com/hu-hu/novenyvedo-szerek","","Adama - Mirador Forte + Procer 300 EC + Klartan 24 EW","package_2","15 ha/csomag: árpa, búza, káposztarepce, tritikálé, zab","25 l Mirador Forte","3 l Klartan 24 EW","","","","https://cdn.agromedium.com/uploads/2019/04/67c9c5c1001d85f5c905/thumbnail.png"
"1769693586-43","https://www.agromedium.com/hu-hu/novenyvedo-szerek","","Adama - Mirador Supreme + Soratel","package_2","11 ha/csomag: kalászosok","Mirador Supreme","","","","","https://cdn.agromedium.com/uploads/2019/04/67c9c5c1001d85f5c905/thumbnail.png"
"1769693586-44","https://www.agromedium.com/hu-hu/novenyvedo-szerek","","Adama - Penta Pack (Trimmer Trio + Procer 300 EC)","package_2","3 ha/csomag: kalászosok","1 l Procer 300 EC","","","","","https://cdn.agromedium.com/uploads/2019/04/67c9c5c1001d85f5c905/thumbnail.png"
"1769693586-45","https://www.agromedium.com/hu-hu/novenyvedo-szerek","","","","","","","","","","https://cdn.agromedium.com/uploads/2026/01/6969f7e8002c1baa38cf/file.png"
"1769693586-46","https://www.agromedium.com/hu-hu/novenyvedo-szerek","","Adama - Penta Pack (Trimmer Trio Box + Soratel)","package_2","12 ha/csomag: kalászosok","Tomigan 250 EC","Trimmer Max","","","Soratel","https://cdn.agromedium.com/uploads/2019/04/67c9c5c1001d85f5c905/thumbnail.png"
"1769693586-47","https://www.agromedium.com/hu-hu/novenyvedo-szerek","","Adama - Piridex","package_2","16,6-20 ha/csomag: árpa, búza, napraforgó, rozs, tritikálé, zab","5x1 kg Lamdex Extra","","","","","https://cdn.agromedium.com/uploads/2019/04/67c9c5c1001d85f5c905/thumbnail.png"
"1769693586-48","https://www.agromedium.com/hu-hu/novenyvedo-szerek","","Adama - Racer + Maxentis","package_2","6 ha/csomag: napraforgó","Racer","","","","","https://cdn.agromedium.com/uploads/2019/04/67c9c5c1001d85f5c905/thumbnail.png"
"1769693586-49","https://www.agromedium.com/hu-hu/novenyvedo-szerek","","Adama - Racer + Mirador Supreme","package_2","5 ha/csomag: napraforgó","15 l Racer","","","","","https://cdn.agromedium.com/uploads/2019/04/67c9c5c1001d85f5c905/thumbnail.png"
"1769693586-50","https://www.agromedium.com/hu-hu/novenyvedo-szerek","","Adama - Racer Duo","package_2","5-6 ha/csomag: napraforgó","5 l Leopard 5 EC","","","","","https://cdn.agromedium.com/uploads/2019/04/67c9c5c1001d85f5c905/thumbnail.png"
"1769693586-51","https://www.agromedium.com/hu-hu/novenyvedo-szerek","","","","","","","","","","https://cdn.agromedium.com/uploads/2025/11/690db9bd0030b9dd184f/file.png"
"1769693586-52","https://www.agromedium.com/hu-hu/novenyvedo-szerek","","Adama - Racer Duo + Maxentis","package_2","24 ha/csomag: napraforgó","Leopard 5 EC","Maxentis","","","","https://cdn.agromedium.com/uploads/2019/04/67c9c5c1001d85f5c905/thumbnail.png"
"1769693586-53","https://www.agromedium.com/hu-hu/novenyvedo-szerek","","Adama - Racer Duo + Mirador Supreme","package_2","24 ha/csomag","Leopard 5 EC","Mirador Supreme","","","","https://cdn.agromedium.com/uploads/2019/04/67c9c5c1001d85f5c905/thumbnail.png"
"1769693586-54","https://www.agromedium.com/hu-hu/novenyvedo-szerek","","Adama - SulcoPack","package_2","60 ha/csomag: kukorica","120 l Sulcotrek","12 l Enter","","","","https://cdn.agromedium.com/uploads/2019/04/67c9c5c1001d85f5c905/thumbnail.png"
"1769693586-55","https://www.agromedium.com/hu-hu/novenyvedo-szerek","","Adama - Sulcotrek csomag","package_2","5 ha/csomag: kukorica","10 L Sulcotrek","1 L Enter","","","","https://cdn.agromedium.com/uploads/2019/04/67c9c5c1001d85f5c905/thumbnail.png"
"1769693586-56","https://www.agromedium.com/hu-hu/novenyvedo-szerek","","Adama - Sultan Top + Respox","package_2","10 ha/csomag: káposztarepce","20 l Sultan Top","","","","","https://cdn.agromedium.com/uploads/2019/04/67c9c5c1001d85f5c905/thumbnail.png"
"1769693586-57","https://www.agromedium.com/hu-hu/novenyvedo-szerek","","","","","","","","","","https://cdn.agromedium.com/uploads/2026/01/697082e3000e0b656054/file.png"
"1769693586-58","https://www.agromedium.com/hu-hu/novenyvedo-szerek","","Adama - Sultan-Galera Duo","package_2","10 ha/csomag: káposztarepce, mustár, olajretek","3x5 l Sultan 50 SC","","","","","https://cdn.agromedium.com/uploads/2019/04/67c9c5c1001d85f5c905/thumbnail.png"
"1769693586-59","https://www.agromedium.com/hu-hu/novenyvedo-szerek","","Adama - Trimmer Trio","package_2","3 ha/csomag: tritikálé, rozs, árpa (őszi, tavaszi), búza (őszi, tavaszi)","105 g Trimmer Max","","","","","https://cdn.agromedium.com/uploads/2019/04/67c9c5c1001d85f5c905/thumbnail.png"
"1769693586-60","https://www.agromedium.com/hu-hu/novenyvedo-szerek","","Adama - Trimmer Trio + Trend","package_2","3 ha/csomag: árpa, búza, rozs, tritikálé","105 g Trimmer Max","0,9 l Tomigan 250 EC","","","","https://cdn.agromedium.com/uploads/2019/04/67c9c5c1001d85f5c905/thumbnail.png"
"1769693586-61","https://www.agromedium.com/hu-hu/novenyvedo-szerek","","Adama - Trimmer Trio Box","package_2","kalászosok","Tomigan 250 EC","Trimmer Max","","","","https://cdn.agromedium.com/uploads/2019/04/67c9c5c1001d85f5c905/thumbnail.png"
"1769693586-62","https://www.agromedium.com/hu-hu/novenyvedo-szerek","","Adama - Trimmer Trio Box + Buzz Ultra csomag","package_2","kalászosok","Tomigan 250 EC","Trimmer Max","","","2 db Buzz Ultra DF","https://cdn.agromedium.com/uploads/2019/04/67c9c5c1001d85f5c905/thumbnail.png"
"1769693586-63","https://www.agromedium.com/hu-hu/novenyvedo-szerek","","","","","","","","","","https://cdn.agromedium.com/uploads/2026/01/6969f7e8002c1baa38cf/file.png"
"1769693586-64","https://www.agromedium.com/hu-hu/novenyvedo-szerek","","Adama - Trimmer trio Box + Maxentis csomag","package_2","kalászosok","Tomigan 250 EC","Trimmer Max","","","10 L Maxentis","https://cdn.agromedium.com/uploads/2019/04/67c9c5c1001d85f5c905/thumbnail.png"
"1769693586-65","https://www.agromedium.com/hu-hu/novenyvedo-szerek","","Adengo","error","150 g/l ciproszulfamid, 225 g/l izoxaflutol, 90 g/l tienkarbazon-metil","2025. szept. 30.","gyomirtó szer","","2025. szept. 30.","","https://cdn.agromedium.com/uploads/2019/09/67c9c6f400102ba14e1a/thumbnail.png"
"1769693586-66","https://www.agromedium.com/hu-hu/novenyvedo-szerek","","Adentis","check_circle","750 g/kg tribenuron-metil","2035. jan. 30.","gyomirtó szer","2035. jan. 30.","","","https://cdn.agromedium.com/uploads/2019/09/67c9c6f70009b6d8d321/thumbnail.jpg"
"1769693586-67","https://www.agromedium.com/hu-hu/novenyvedo-szerek","","Adiunkt 500 SC","check_circle","500 g/l diflufenikán","2026. okt. 31.","gyomirtó szer","2026. okt. 31.","","","https://cdn.agromedium.com/uploads/2022/12/67c9c6f4001560c3ef62/thumbnail.jpg"
"1769693586-68","https://www.agromedium.com/hu-hu/novenyvedo-szerek","","Admiral 10 EC","check_circle","100 g/l piriproxifen","2026. jún. 30.","rovarölő szer","2026. jún. 30.","","","https://cdn.agromedium.com/uploads/2019/12/67c9c5e00038baa08a17/thumbnail.jpg"
"1769693586-69","https://www.agromedium.com/hu-hu/novenyvedo-szerek","","","","","","","","","","https://cdn.agromedium.com/uploads/2025/06/6847e89a00115b091f3c/file.png"
"1769693586-70","https://www.agromedium.com/hu-hu/novenyvedo-szerek","","Aegicote 1012","check_circle","8 m/m% C.I. Pigment Blue 15, 7 m/m% titánium-dioxid, 0,05 m/m% benzizotiazolinon","2034. okt. 31.","csávázási segédanyag","2034. okt. 31.","","",""
"1769693586-71","https://www.agromedium.com/hu-hu/novenyvedo-szerek","","Aegicote 4042","check_circle","0,05 m/m% benzizotiazolinon, 2,5 m/m% red 7 pigment, 7,5 m/m% red pigment 48:2, 10 m/m% titánium-dioxid","2034. ápr. 30.","csávázási segédanyag","2034. ápr. 30.","","",""
"1769693586-72","https://www.agromedium.com/hu-hu/novenyvedo-szerek","","Aegifix Plus","check_circle","45 m/m% zsírsav-észterek","2035. júl. 31.","csávázási segédanyag","2035. júl. 31.","","",""
"1769693586-73","https://www.agromedium.com/hu-hu/novenyvedo-szerek","","Aegiplus 1002","check_circle","3 m/m% kék festékanyag (Pigment Blue 15:3)","2035. máj. 31.","csávázási segédanyag","2035. máj. 31.","","",""
"1769693586-74","https://www.agromedium.com/hu-hu/novenyvedo-szerek","","Aegiplus 5001","check_circle","1,4 m/m% C.I. Acid Red 18","2034. okt. 31.","csávázási segédanyag","2034. okt. 31.","","",""
"1769693586-75","https://www.agromedium.com/hu-hu/novenyvedo-szerek","","","","","","","","","","https://cdn.agromedium.com/uploads/2026/01/6969f7e8002c1baa38cf/file.png"
"1769693586-76","https://www.agromedium.com/hu-hu/novenyvedo-szerek","","Affirm","check_circle","9,5 g/kg emamektin-benzoát","2027. okt. 4.","rovarölő szer","2027. okt. 4.","","","https://cdn.agromedium.com/uploads/2019/03/67c9c5c60007ec5337c9/thumbnail.png"
"1769693586-77","https://www.agromedium.com/hu-hu/novenyvedo-szerek","","Affirm Opti","check_circle","9,5 g/kg emamektin-benzoát","2027. nov. 15.","rovarölő szer","2027. nov. 15.","","","https://cdn.agromedium.com/uploads/2019/03/67c9c5c60007ec5337c9/thumbnail.png"
"1769693586-78","https://www.agromedium.com/hu-hu/novenyvedo-szerek","","Afinto","check_circle","500 g/kg flonikamid","2028. ápr. 30.","rovarölő szer","2028. ápr. 30.","","","https://cdn.agromedium.com/uploads/2019/03/67c9c5c60007ec5337c9/thumbnail.png"
"1769693586-79","https://www.agromedium.com/hu-hu/novenyvedo-szerek","","Afitox 50 WG","error","500 g/kg pirimikarb","2024. dec. 31.","rovarölő szer","","2024. dec. 31.","","https://cdn.agromedium.com/uploads/2020/04/67c9c5c5003bb7c20c20/thumbnail.png"
"1769693586-80","https://www.agromedium.com/hu-hu/novenyvedo-szerek","","Afrasa Triple WG","check_circle","40 g/kg cimoxanil, 250 g/kg folpet, 500 g/kg foszetil-Al","2029. aug. 31.","gombaölő permetezőszer","2029. aug. 31.","","","https://cdn.agromedium.com/uploads/2018/08/67c9c5bf000cfc1dad7b/thumbnail.jpg"
"1769693586-81","https://www.agromedium.com/hu-hu/novenyvedo-szerek","","","","","","","","","","https://cdn.agromedium.com/uploads/2025/06/6847e89a00115b091f3c/file.png"
"1769693586-82","https://www.agromedium.com/hu-hu/novenyvedo-szerek","","Afrodyta 250 SC","check_circle","250 g/l azoxistrobin","2028. máj. 31.","gombaölő szer","2028. máj. 31.","","","https://cdn.agromedium.com/uploads/2020/04/67c9c6f4002d68edb2b0/thumbnail.png"
"1769693586-83","https://www.agromedium.com/hu-hu/novenyvedo-szerek","","AG40R","check_circle","0,05 m/m% benzizotiazolinon, 1,5 % propán-1,2-diol, 4 % színezőanyag, 40 % zsírsav-észterek","2031. máj. 31.","csávázási segédanyag","2031. máj. 31.","","",""
"1769693586-84","https://www.agromedium.com/hu-hu/novenyvedo-szerek","","Agicote 112 Blue","check_circle","0,05 m/m% Benzizotiazolin, 10 m/m% kék pigment, 15 m/m% titánium-dioxid","2031. febr. 28.","csávázási segédanyag","2031. febr. 28.","","","https://cdn.agromedium.com/uploads/2023/03/67c9c6f40030c4c49187/thumbnail.png"
"1769693586-85","https://www.agromedium.com/hu-hu/novenyvedo-szerek","","Agicote 114 Blue","check_circle","8,5 m/m% kék pigment, 15 m/m% titánium-dioxid","2034. jún. 30.","csávázási segédanyag","2034. jún. 30.","","",""
"1769693586-86","https://www.agromedium.com/hu-hu/novenyvedo-szerek","","Agicote 115 Blue","check_circle","3 m/m% kék pigment, 10 m/m% titánium-dioxid","2034. jún. 30.","csávázási segédanyag","2034. jún. 30.","","",""
"1769693586-87","https://www.agromedium.com/hu-hu/novenyvedo-szerek","","","","","","","","","","https://cdn.agromedium.com/uploads/2025/11/690db9bd0030b9dd184f/file.png"
"1769693586-88","https://www.agromedium.com/hu-hu/novenyvedo-szerek","","Agicote 454 Purple","check_circle","5 m/m% violet pigment 23, 20 m/m% titánium-dioxid, 0,05 m/m% benzizotiazolinon","2032. szept. 30.","csávázási segédanyag","2032. szept. 30.","","",""
"1769693586-89","https://www.agromedium.com/hu-hu/novenyvedo-szerek","","Agicote 456 Red","check_circle","6 m/m% red pigment 48:2","2034. jún. 30.","csávázási segédanyag","2034. jún. 30.","","",""
"1769693586-90","https://www.agromedium.com/hu-hu/novenyvedo-szerek","","Agicote 552 Red","check_circle","0,05 m/m% benzizotiazolinon, 15 m/m% pigment red 112, 10 m/m% titánium-dioxid","2032. nov. 30.","csávázási segédanyag","2032. nov. 30.","","","https://cdn.agromedium.com/uploads/2023/03/67c9c6f40030c4c49187/thumbnail.png"
"1769693586-91","https://www.agromedium.com/hu-hu/novenyvedo-szerek","","Agicote 552 Red ISR","error","0,05 m/m% benzizotiazolinon, 15 m/m% pigment red 112, 10 m/m% titánium-dioxid, 5 m/m% red 7 pigment","2023. szept. 30.","csávázási segédanyag","","2023. szept. 30.","","https://cdn.agromedium.com/uploads/2023/03/67c9c6f40030c4c49187/thumbnail.png"
"1769693586-92","https://www.agromedium.com/hu-hu/novenyvedo-szerek","","Agicote Plus A","check_circle","<65 % akril kopolimer","2034. dec. 31.","csávázási segédanyag","2034. dec. 31.","","",""
"1769693586-93","https://www.agromedium.com/hu-hu/novenyvedo-szerek","","","","","","","","","","https://cdn.agromedium.com/uploads/2026/01/697082e3000e0b656054/file.png"
"1769693586-94","https://www.agromedium.com/hu-hu/novenyvedo-szerek","","Agicote Plus B Colorless","check_circle","50 m/m% polietilén","2033. febr. 28.","csávázási segédanyag","2033. febr. 28.","","",""
"1769693586-95","https://www.agromedium.com/hu-hu/novenyvedo-szerek","","Agicote Plus C","check_circle","50 m/m% ragasztóanyag","2034. dec. 31.","csávázási segédanyag","2034. dec. 31.","","","https://cdn.agromedium.com/uploads/2023/03/67c9c6f40030c4c49187/thumbnail.png"
"1769693586-96","https://www.agromedium.com/hu-hu/novenyvedo-szerek","","Agicote Plus E","check_circle","90 m/m% ragasztóanyag","2034. dec. 31.","csávázási segédanyag","2034. dec. 31.","","",""
"1769693586-97","https://www.agromedium.com/hu-hu/novenyvedo-szerek","","Agifix 75C","check_circle","2,89 m/m% Acid Red 18, max 0,05 m/m% Benzizotiazolin, 8,2 m/m% Kaolin, max 10 m/m% titánium-dioxid","2030. szept. 30.","csávázási segédanyag","2030. szept. 30.","","","https://cdn.agromedium.com/uploads/2023/03/67c9c6f40030c4c49187/thumbnail.png"
"1769693586-98","https://www.agromedium.com/hu-hu/novenyvedo-szerek","","Agifix Plus Colorless","check_circle","95 m/m% zsírsav-észterek","2032. nov. 30.","csávázási segédanyag","2032. nov. 30.","","","https://cdn.agromedium.com/uploads/2023/03/67c9c6f40030c4c49187/thumbnail.png"
"1769693586-99","https://www.agromedium.com/hu-hu/novenyvedo-szerek","","","","","","","","","","https://cdn.agromedium.com/uploads/2025/06/6847e89a00115b091f3c/file.png"
"1769693586-100","https://www.agromedium.com/hu-hu/novenyvedo-szerek","","Agil 100 EC","check_circle","100 g/l propaquizafop","2029. júl. 31.","gyomirtó szer","2029. júl. 31.","","","https://cdn.agromedium.com/uploads/2019/04/67c9c5c1001d85f5c905/thumbnail.png"
"1769693586-101","https://www.agromedium.com/hu-hu/novenyvedo-szerek","","Agility","check_circle","100 g/l diflufenikán, 500 g/l klórtoluron","2027. febr. 28.","gyomirtó szer","2027. febr. 28.","","","https://cdn.agromedium.com/uploads/2019/12/67c9c5e00038baa08a17/thumbnail.jpg"
"1769693586-102","https://www.agromedium.com/hu-hu/novenyvedo-szerek","","Agipowder 772","check_circle","40 m/m% talkum, 40 m/m% titánium-dioxid","2031. febr. 28.","csávázási segédanyag","2031. febr. 28.","","","https://cdn.agromedium.com/uploads/2023/03/67c9c6f40030c4c49187/thumbnail.png"
"1769693586-103","https://www.agromedium.com/hu-hu/novenyvedo-szerek","","Agipowder 773","check_circle","80 m/m% talkum, 25 m/m% titánium-dioxid","2032. jún. 30.","csávázási segédanyag","2032. jún. 30.","","","https://cdn.agromedium.com/uploads/2023/03/67c9c6f40030c4c49187/thumbnail.png"
"1769693586-104","https://www.agromedium.com/hu-hu/novenyvedo-szerek","","Agipowder 777","check_circle","50 m/m% talkum","2034. dec. 31.","csávázási segédanyag","2034. dec. 31.","","","https://cdn.agromedium.com/uploads/2023/03/67c9c6f40030c4c49187/thumbnail.png"
"1769693586-105","https://www.agromedium.com/hu-hu/novenyvedo-szerek","","","","","","","","","","https://cdn.agromedium.com/uploads/2026/01/6969f7e8002c1baa38cf/file.png"
"1769693586-106","https://www.agromedium.com/hu-hu/novenyvedo-szerek","","Agria Izoforam","check_circle","22,5 g/l foramszulfuron, 22,5 g/l izoxadifen-etil","2026. nov. 30.","gyomirtó szer","2026. nov. 30.","","","https://cdn.agromedium.com/uploads/2023/06/67c9c76b00277662b3eb/thumbnail.jpg"
"1769693586-107","https://www.agromedium.com/hu-hu/novenyvedo-szerek","","Agria Penkonazol","check_circle","100 g/l penkonazol","2028. máj. 31.","gombaölő szer","2028. máj. 31.","","","https://cdn.agromedium.com/uploads/2023/06/67c9c76b00277662b3eb/thumbnail.jpg"
"1769693586-108","https://www.agromedium.com/hu-hu/novenyvedo-szerek","","Agria Tebu","check_circle","250 g/l tebukonazol","2027. dec. 31.","gombaölő szer","2027. dec. 31.","","","https://cdn.agromedium.com/uploads/2023/06/67c9c76b00277662b3eb/thumbnail.jpg"
"1769693586-109","https://www.agromedium.com/hu-hu/novenyvedo-szerek","","AgriDeal - Bingo Gold+","package_2","5 ha/csomag: kukorica","3x1 l Kamba 480 SL","5 l Agrideal-Nico 40 OD","","","5 l Agrideal-Trion 100 SC","https://cdn.agromedium.com/uploads/2022/12/67c9c6f4001560c3ef62/thumbnail.jpg"
"1769693586-110","https://www.agromedium.com/hu-hu/novenyvedo-szerek","","AgriDeal - Kalász-Duo","package_2","árpa, búza","1x5l Barclay Hurler 200","1 l Silk Star","","","","https://cdn.agromedium.com/uploads/2022/12/67c9c6f4001560c3ef62/thumbnail.jpg"
"1769693586-111","https://www.agromedium.com/hu-hu/novenyvedo-szerek","","","","","","","","","","https://cdn.agromedium.com/uploads/2026/01/6969f7e8002c1baa38cf/file.png"
"1769693586-112","https://www.agromedium.com/hu-hu/novenyvedo-szerek","","AgriDeal-Acet 200 SE","check_circle","200 g/l acetamiprid","2034. febr. 28.","rovarölő szer","2034. febr. 28.","","","https://cdn.agromedium.com/uploads/2022/12/67c9c6f4001560c3ef62/thumbnail.jpg"
"1769693586-113","https://www.agromedium.com/hu-hu/novenyvedo-szerek","","Agrideal-Azoxi 25","check_circle","250 g/l azoxistrobin","2028. máj. 31.","gombaölő szer","2028. máj. 31.","","","https://cdn.agromedium.com/uploads/2022/12/67c9c6f4001560c3ef62/thumbnail.jpg"
"1769693586-114","https://www.agromedium.com/hu-hu/novenyvedo-szerek","","Agrideal-Delta 50 CS","check_circle","50 g/l deltametrin","2027. aug. 15.","rovarölő szer","2027. aug. 15.","","","https://cdn.agromedium.com/uploads/2022/12/67c9c6f4001560c3ef62/thumbnail.jpg"
"1769693586-115","https://www.agromedium.com/hu-hu/novenyvedo-szerek","","Agrideal-DFF 500 SC","check_circle","500 g/l diflufenikán","2026. okt. 31.","gyomirtó szer","2026. okt. 31.","","","https://cdn.agromedium.com/uploads/2022/12/67c9c6f4001560c3ef62/thumbnail.jpg"
"1769693586-116","https://www.agromedium.com/hu-hu/novenyvedo-szerek","","Agrideal-Difi 250","check_circle","250 g/l difenokonazol","2027. márc. 15.","gombaölő szer","2027. márc. 15.","","","https://cdn.agromedium.com/uploads/2022/12/67c9c6f4001560c3ef62/thumbnail.jpg"
"1769693586-117","https://www.agromedium.com/hu-hu/novenyvedo-szerek","","","","","","","","","","https://cdn.agromedium.com/uploads/2025/11/690db9bd0030b9dd184f/file.png"
"1769693586-118","https://www.agromedium.com/hu-hu/novenyvedo-szerek","","Agrideal-Fenop 110 EC","check_circle","110 g/l fenoxaprop-P-etil, 120,4 g/l mefenpir-dietil","2027. dec. 31.","gyomirtó szer","2027. dec. 31.","","","https://cdn.agromedium.com/uploads/2022/12/67c9c6f4001560c3ef62/thumbnail.jpg"
"1769693586-119","https://www.agromedium.com/hu-hu/novenyvedo-szerek","","AgriDEAL-FloMeTri 700 WG","check_circle","165 g/kg floraszulam, 135 g/kg metszulfuron-metil, 400 g/kg tribenuron-metil","2027. márc. 31.","gyomirtó szer","2027. márc. 31.","","","https://cdn.agromedium.com/uploads/2022/12/67c9c6f4001560c3ef62/thumbnail.jpg"
"1769693586-120","https://www.agromedium.com/hu-hu/novenyvedo-szerek","","Agrideal-Flufen 500 SC","warning","500 g/l flufenacet","2026. dec. 10.","gyomirtó szer","","","","https://cdn.agromedium.com/uploads/2022/12/67c9c6f4001560c3ef62/thumbnail.jpg"
"1769693586-121","https://www.agromedium.com/hu-hu/novenyvedo-szerek","","Agrideal-Kloma 360","check_circle","360 g/l klomazon","2029. aug. 31.","gyomirtó szer","2029. aug. 31.","","","https://cdn.agromedium.com/uploads/2022/12/67c9c6f4001560c3ef62/thumbnail.jpg"
"1769693586-122","https://www.agromedium.com/hu-hu/novenyvedo-szerek","","Agrideal-Klopira 300 SL","check_circle","300 g/l klopiralid","2037. szept. 30.","gyomirtó szer","2037. szept. 30.","","","https://cdn.agromedium.com/uploads/2022/12/67c9c6f4001560c3ef62/thumbnail.jpg"
"1769693586-123","https://www.agromedium.com/hu-hu/novenyvedo-szerek","","","","","","","","","","https://cdn.agromedium.com/uploads/2026/01/6969f7e8002c1baa38cf/file.png"
"1769693586-124","https://www.agromedium.com/hu-hu/novenyvedo-szerek","","Agrideal-Nico 40 OD","check_circle","40 g/l nikoszulfuron","2028. márc. 31.","gyomirtó szer","2028. márc. 31.","","","https://cdn.agromedium.com/uploads/2022/12/67c9c6f4001560c3ef62/thumbnail.jpg"
"1769693586-125","https://www.agromedium.com/hu-hu/novenyvedo-szerek","","Agrideal-NTF 114 OD","check_circle","10 g/l floraszulam, 80 g/l nikoszulfuron, 24 g/l tifenszulfuron-metil","2028. márc. 31.","gyomirtó szer","2028. márc. 31.","","","https://cdn.agromedium.com/uploads/2022/12/67c9c6f4001560c3ef62/thumbnail.jpg"
"1769693586-126","https://www.agromedium.com/hu-hu/novenyvedo-szerek","","AgriDeal-Remox 520 WG","check_circle","60 g/kg cimoxanil, 461 g/kg réz-hidroxid","2028. febr. 28.","gombaölő szer","2028. febr. 28.","","","https://cdn.agromedium.com/uploads/2022/12/67c9c6f4001560c3ef62/thumbnail.jpg"
"1769693586-127","https://www.agromedium.com/hu-hu/novenyvedo-szerek","","Agrideal-Rimon 25 SG","check_circle","250 g/kg rimszulfuron","2026. okt. 31.","gyomirtó szer","2026. okt. 31.","","","https://cdn.agromedium.com/uploads/2022/12/67c9c6f4001560c3ef62/thumbnail.jpg"
"1769693586-128","https://www.agromedium.com/hu-hu/novenyvedo-szerek","","AgriDEAL-STALION 306 SE","check_circle","300 g/l 2,4-D, 6,25 g/l floraszulam","2031. dec. 31.","gyomirtó szer","2031. dec. 31.","","","https://cdn.agromedium.com/uploads/2022/12/67c9c6f4001560c3ef62/thumbnail.jpg"
"1769693586-129","https://www.agromedium.com/hu-hu/novenyvedo-szerek","","","","","","","","","","https://cdn.agromedium.com/uploads/2026/01/697082e3000e0b656054/file.png"
"1769693586-130","https://www.agromedium.com/hu-hu/novenyvedo-szerek","","Agrideal-Tebu 500 SC","check_circle","500 g/l tebukonazol","2027. aug. 15.","gombaölő szer","2027. aug. 15.","","","https://cdn.agromedium.com/uploads/2022/12/67c9c6f4001560c3ef62/thumbnail.jpg"
"1769693586-131","https://www.agromedium.com/hu-hu/novenyvedo-szerek","","Agrideal-Triaza 375 SC","check_circle","200 g/l azoxistrobin, 175 g/l protiokonazol","2026. aug. 15.","gombaölő szer","2026. aug. 15.","","","https://cdn.agromedium.com/uploads/2022/12/67c9c6f4001560c3ef62/thumbnail.jpg"
"1769693586-132","https://www.agromedium.com/hu-hu/novenyvedo-szerek","","Agrideal-Trion 100 SC","check_circle","100 g/l mezotrion","2033. máj. 31.","gyomirtó szer","2033. máj. 31.","","","https://cdn.agromedium.com/uploads/2022/12/67c9c6f4001560c3ef62/thumbnail.jpg"
"1769693586-133","https://www.agromedium.com/hu-hu/novenyvedo-szerek","","Agrimec Pro","error","18 g/l abamektin","2023. aug. 31.","rovarölő szer","","2023. aug. 31.","",""
"1769693586-134","https://www.agromedium.com/hu-hu/novenyvedo-szerek","","Agrizole 250 EC","check_circle","250 g/l difenokonazol","2027. márc. 15.","gombaölő szer","2027. márc. 15.","","","https://cdn.agromedium.com/uploads/2023/01/67c9c5c70039285dc50f/thumbnail.png"
"1769693586-135","https://www.agromedium.com/hu-hu/novenyvedo-szerek","","","","","","","","","","https://cdn.agromedium.com/uploads/2025/06/6847e89a00115b091f3c/file.png"
"1769693586-136","https://www.agromedium.com/hu-hu/novenyvedo-szerek","","Agrizole XL","check_circle","500 g/l difenokonazol","2027. márc. 15.","gombaölő permetezőszer","2027. márc. 15.","","",""
"1769693586-137","https://www.agromedium.com/hu-hu/novenyvedo-szerek","","AgroBio Atka","check_circle","makroszervezet(ek)","2026. aug. 8.","makroszervezet","2026. aug. 8.","","","https://cdn.agromedium.com/uploads/2019/11/67c9c6f500135abd0f66/thumbnail.png"
"1769693586-138","https://www.agromedium.com/hu-hu/novenyvedo-szerek","","AgroBio Fürkészdarázs","check_circle","makroszervezet(ek)","2026. aug. 8.","makroszervezet","2026. aug. 8.","","","https://cdn.agromedium.com/uploads/2019/11/67c9c6f500135abd0f66/thumbnail.png"
"1769693586-139","https://www.agromedium.com/hu-hu/novenyvedo-szerek","","AgroBio Poloska","check_circle","makroszervezet(ek)","2026. aug. 8.","makroszervezet","2026. aug. 8.","","","https://cdn.agromedium.com/uploads/2019/11/67c9c6f500135abd0f66/thumbnail.png"
"1769693586-140","https://www.agromedium.com/hu-hu/novenyvedo-szerek","","Agrokén","check_circle","1,5 m/m% etoxilált zsíralkohol, 58 m/m% paraffinolaj, 7,5 m/m% poliszulfidkén","2027. nov. 30.","lemosó szer","2027. nov. 30.","","","https://cdn.agromedium.com/uploads/2019/11/67c9c6f5001afb1c3107/thumbnail.png"
"1769693586-141","https://www.agromedium.com/hu-hu/novenyvedo-szerek","","","","","","","","","","https://cdn.agromedium.com/uploads/2025/11/690db9bd0030b9dd184f/file.png"
"1769693586-142","https://www.agromedium.com/hu-hu/novenyvedo-szerek","","Agrometabi","check_circle","95 m/m% kálium-metabiszulfit","2035. márc. 31.","növényápoló szer","2035. márc. 31.","","","https://cdn.agromedium.com/uploads/2019/11/67c9c6f5001afb1c3107/thumbnail.png"
"1769693586-143","https://www.agromedium.com/hu-hu/novenyvedo-szerek","","Agrometry - Asahi SL + Bórneo 150","package_2","16,6 ha/csomag: cukorrépa, dohány, görögdinnye, káposztarepce, kukorica, málna, meggy, napraforgó, ribiszke, sárgadinnye, szamóca, szőlő","20 l Asahi SL","","","","","https://cdn.agromedium.com/uploads/2020/04/67c9c5c5003bb7c20c20/thumbnail.png"
"1769693586-144","https://www.agromedium.com/hu-hu/novenyvedo-szerek","","Agropon","check_circle","5 % emulgeátor, 95 % fehérolaj","2030. dec. 31.","permetezőszer segédanyag","2030. dec. 31.","","","https://cdn.agromedium.com/uploads/2024/03/67c9c5be001da30ef4a5/thumbnail.png"
"1769693586-145","https://www.agromedium.com/hu-hu/novenyvedo-szerek","","Agroxone 75","check_circle","750 g/l MCPA (DMA-só)","2029. okt. 31.","gyomirtó szer","2029. okt. 31.","","","https://cdn.agromedium.com/uploads/2019/12/67c9c5e00038baa08a17/thumbnail.jpg"
"1769693586-146","https://www.agromedium.com/hu-hu/novenyvedo-szerek","","Akris Protect","check_circle","280 g/l dimeténamid-P, 250 g/l terbutilazin","2028. máj. 31.","gyomirtó szer","2028. máj. 31.","","","https://cdn.agromedium.com/uploads/2020/09/67c9c5c70014019edcec/thumbnail.jpg"
"1769693586-147","https://www.agromedium.com/hu-hu/novenyvedo-szerek","","","","","","","","","","https://cdn.agromedium.com/uploads/2025/06/6847e89a00115b091f3c/file.png"
"1769693586-148","https://www.agromedium.com/hu-hu/novenyvedo-szerek","","Akris SE","check_circle","280 g/l dimeténamid-P, 250 g/l terbutilazin","2028. máj. 31.","gyomirtó szer","2028. máj. 31.","","","https://cdn.agromedium.com/uploads/2020/09/67c9c5c70014019edcec/thumbnail.jpg"
"1769693586-149","https://www.agromedium.com/hu-hu/novenyvedo-szerek","","AktyShield","check_circle","726 g/l kálium-foszfonát","2027. jan. 31.","gombaölő szer","2027. jan. 31.","","","https://cdn.agromedium.com/uploads/2019/04/67c9c5be0026299f6d49/thumbnail.png"
"1769693586-150","https://www.agromedium.com/hu-hu/novenyvedo-szerek","","Aladin","check_circle","100 g/l propaquizafop","2029. júl. 31.","gyomirtó szer","2029. júl. 31.","","","https://cdn.agromedium.com/uploads/2019/04/67c9c5c1001d85f5c905/thumbnail.png"
"1769693586-151","https://www.agromedium.com/hu-hu/novenyvedo-szerek","","Alar 85","check_circle","851,4 g/kg daminozid","2026. júl. 31.","növekedés szabályzó szer","2026. júl. 31.","","","https://cdn.agromedium.com/uploads/2024/03/67c9c5be001da30ef4a5/thumbnail.png"
"1769693586-152","https://www.agromedium.com/hu-hu/novenyvedo-szerek","","Alcedo","check_circle","100 g/l tetrakonazol","2027. dec. 31.","gombaölő szer","2027. dec. 31.","","","https://cdn.agromedium.com/uploads/2023/01/67c9c5c70039285dc50f/thumbnail.png"
"1769693586-153","https://www.agromedium.com/hu-hu/novenyvedo-szerek","","","","","","","","","","https://cdn.agromedium.com/uploads/2025/11/690db9bd0030b9dd184f/file.png"
"1769693586-154","https://www.agromedium.com/hu-hu/novenyvedo-szerek","","Alcoban WG","check_circle","700 g/kg ditianon","2029. márc. 31.","gombaölő szer","2029. márc. 31.","","counter_1","https://cdn.agromedium.com/uploads/2020/04/67c9c5c5003bb7c20c20/thumbnail.png"
"1769693586-155","https://www.agromedium.com/hu-hu/novenyvedo-szerek","","Aleavi","check_circle","500 g/l pelargonsav","2029. márc. 31.","gyomirtó szer","2029. márc. 31.","","","https://cdn.agromedium.com/uploads/2023/01/67c9c5c70039285dc50f/thumbnail.png"
"1769693586-156","https://www.agromedium.com/hu-hu/novenyvedo-szerek","","Alfa Solo","check_circle","250 g/l difenokonazol","2028. máj. 31.","gombaölő szer","2028. máj. 31.","","","https://cdn.agromedium.com/uploads/2019/03/67c9c5c60007ec5337c9/thumbnail.png"
"1769693586-157","https://www.agromedium.com/hu-hu/novenyvedo-szerek","","Alfil Triple WG","check_circle","40 g/kg cimoxanil, 250 g/kg folpet, 500 g/kg foszetil-Al","2029. aug. 31.","gombaölő permetezőszer","2029. aug. 31.","","","https://cdn.agromedium.com/uploads/2018/08/67c9c5bf000cfc1dad7b/thumbnail.jpg"
"1769693586-158","https://www.agromedium.com/hu-hu/novenyvedo-szerek","","Alginure-342","check_circle","342 g/l kálium-foszfonát","2027. jan. 1.","gombaölő szer","2027. jan. 1.","","",""
"1769693586-159","https://www.agromedium.com/hu-hu/novenyvedo-szerek","","","","","","","","","","https://cdn.agromedium.com/uploads/2026/01/697082e3000e0b656054/file.png"
"1769693586-160","https://www.agromedium.com/hu-hu/novenyvedo-szerek","","Aliette 80 WG","check_circle","800 g/kg foszetil-AI","2029. ápr. 30.","gombaölő szer","2029. ápr. 30.","","","https://cdn.agromedium.com/uploads/2019/09/67c9c6f400102ba14e1a/thumbnail.png"
"1769693586-161","https://www.agromedium.com/hu-hu/novenyvedo-szerek","","Alios","check_circle","300 g/l tritikonazol","2028. jan. 31.","csávázószer (gombaölő)","2028. jan. 31.","","","https://cdn.agromedium.com/uploads/2020/09/67c9c5c70014019edcec/thumbnail.jpg"
"1769693586-162","https://www.agromedium.com/hu-hu/novenyvedo-szerek","","Alitis","check_circle","62,5 g/l fluopikolid, 625 g/l propamokarb hidroklorid","2027. szept. 30.","gombaölő permetezőszer","2027. szept. 30.","","",""
"1769693586-163","https://www.agromedium.com/hu-hu/novenyvedo-szerek","","ALL-IN","check_circle","360 g/l glifozát","2028. dec. 31.","gyomirtó szer","2028. dec. 31.","","","https://cdn.agromedium.com/uploads/2019/11/67c9c704002414f8c4a9/thumbnail.png"
"1769693586-164","https://www.agromedium.com/hu-hu/novenyvedo-szerek","","Alliance 660 WG","check_circle","600 g/kg diflufenikán, 60 g/kg metszulfuron-metil","2027. dec. 31.","gyomirtó szer","2027. dec. 31.","","","https://cdn.agromedium.com/uploads/2019/12/67c9c5e00038baa08a17/thumbnail.jpg"
"1769693586-165","https://www.agromedium.com/hu-hu/novenyvedo-szerek","","","","","","","","","","https://cdn.agromedium.com/uploads/2026/01/6969f7e8002c1baa38cf/file.png"
"1769693586-166","https://www.agromedium.com/hu-hu/novenyvedo-szerek","","Ally 20 SX","check_circle","200 g/kg metszulfuron-metil","2029. márc. 31.","gyomirtó szer","2029. márc. 31.","","","https://cdn.agromedium.com/uploads/2019/04/67c9c5be0013b6f965bb/thumbnail.png"
"1769693586-167","https://www.agromedium.com/hu-hu/novenyvedo-szerek","","Ally Max SX","check_circle","143 g/kg metszulfuron-metil, 143 g/kg tribenuron-metil","2027. aug. 31.","gyomirtó szer","2027. aug. 31.","","","https://cdn.agromedium.com/uploads/2019/04/67c9c5be0013b6f965bb/thumbnail.png"
"1769693586-168","https://www.agromedium.com/hu-hu/novenyvedo-szerek","","Alphaguard","check_circle","200 g/kg acetamiprid","2034. febr. 28.","rovarölő szer","2034. febr. 28.","","",""
"1769693586-169","https://www.agromedium.com/hu-hu/novenyvedo-szerek","","Alsystin 480 SC","error","480 g/l triflumuron","2021. jún. 30.","rovarölő szer","","2021. jún. 30.","","https://cdn.agromedium.com/uploads/2019/09/67c9c6f400102ba14e1a/thumbnail.png"
"1769693586-170","https://www.agromedium.com/hu-hu/novenyvedo-szerek","","Altair 1,6 MG","check_circle","16 g/kg cipermetrin","2030. jan. 31.","rovarölő szer","2030. jan. 31.","","","https://cdn.agromedium.com/uploads/2019/04/67c9c5be0026299f6d49/thumbnail.png"
"1769693586-171","https://www.agromedium.com/hu-hu/novenyvedo-szerek","","","","","","","","","","https://cdn.agromedium.com/uploads/2025/06/6847e89a00115b091f3c/file.png"
"1769693586-172","https://www.agromedium.com/hu-hu/novenyvedo-szerek","","Alteox T Prima","check_circle","90 m/m% etoxilált izodecil alkohol","2035. nov. 30.","permetezőszer segédanyag","2035. nov. 30.","","",""
"1769693586-173","https://www.agromedium.com/hu-hu/novenyvedo-szerek","","Altima","check_circle","500 g/l fluazinam","2029. júl. 31.","gombaölő szer","2029. júl. 31.","","","https://cdn.agromedium.com/uploads/2023/01/67c9c5c70039285dc50f/thumbnail.png"
"1769693586-174","https://www.agromedium.com/hu-hu/novenyvedo-szerek","","Altruza","check_circle","40 g/l imazamox","2028. jún. 30.","gyomirtó szer","2028. jún. 30.","","","https://cdn.agromedium.com/uploads/2020/09/67c9c5c70014019edcec/thumbnail.jpg"
"1769693586-175","https://www.agromedium.com/hu-hu/novenyvedo-szerek","","Ambora","check_circle","607 g/l propamokarb","2026. jún. 15.","gombaölő szer","2026. jún. 15.","","","https://cdn.agromedium.com/uploads/2023/03/67c9c72800396ea3aa69/thumbnail.jpg"
"1769693586-176","https://www.agromedium.com/hu-hu/novenyvedo-szerek","","Ambora Duo","check_circle","50 g/l cimoxanil, 334,6 g/l propamokarb","2026. jún. 15.","gombaölő permetezőszer","2026. jún. 15.","","","https://cdn.agromedium.com/uploads/2023/03/67c9c72800396ea3aa69/thumbnail.jpg"
"1769693586-177","https://www.agromedium.com/hu-hu/novenyvedo-szerek","","","","","","","","","","https://cdn.agromedium.com/uploads/2026/01/6969f7e8002c1baa38cf/file.png"
"1769693586-178","https://www.agromedium.com/hu-hu/novenyvedo-szerek","","Ambrossio 500 SC","check_circle","500 g/l tebukonazol","2027. aug. 15.","gombaölő szer","2027. aug. 15.","","",""
"1769693586-179","https://www.agromedium.com/hu-hu/novenyvedo-szerek","","Amega Free","error","360 g/l glifozát","2024. ápr. 11.","gyomirtó szer","","2024. ápr. 11.","","https://cdn.agromedium.com/uploads/2019/12/67c9c5e00038baa08a17/thumbnail.jpg"
"1769693586-180","https://www.agromedium.com/hu-hu/novenyvedo-szerek","","Amega Up","check_circle","360 g/l glifozát","2028. dec. 31.","gyomirtó szer","2028. dec. 31.","","","https://cdn.agromedium.com/uploads/2019/12/67c9c5e00038baa08a17/thumbnail.jpg"
"1769693586-181","https://www.agromedium.com/hu-hu/novenyvedo-szerek","","Amistar","check_circle","250 g/l azoxistrobin","2027. jan. 31.","gombaölő szer","2027. jan. 31.","","","https://cdn.agromedium.com/uploads/2019/03/67c9c5c60007ec5337c9/thumbnail.png"
"1769693586-182","https://www.agromedium.com/hu-hu/novenyvedo-szerek","","Amistar Era 240 EC","check_circle","140 g/l azoxistrobin, 100 g/l protiokonazol","2028. márc. 31.","gombaölő szer","2028. márc. 31.","","","https://cdn.agromedium.com/uploads/2019/04/67c9c5be0026299f6d49/thumbnail.png"
"1769693586-183","https://www.agromedium.com/hu-hu/novenyvedo-szerek","","","","","","","","","","https://cdn.agromedium.com/uploads/2026/01/6969f7e8002c1baa38cf/file.png"
"1769693586-184","https://www.agromedium.com/hu-hu/novenyvedo-szerek","","Amistar Gold","check_circle","125 g/l azoxistrobin, 125 g/l difenokonazol","2027. márc. 15.","gombaölő szer","2027. márc. 15.","","","https://cdn.agromedium.com/uploads/2019/03/67c9c5c60007ec5337c9/thumbnail.png"
"1769693586-185","https://www.agromedium.com/hu-hu/novenyvedo-szerek","","Amistar Max","check_circle","93,5 g/l azoxistrobin, 500 g/l folpet","2028. máj. 31.","gombaölő szer","2028. máj. 31.","","","https://cdn.agromedium.com/uploads/2019/03/67c9c5c60007ec5337c9/thumbnail.png"
"1769693586-186","https://www.agromedium.com/hu-hu/novenyvedo-szerek","","Amistar Spray","check_circle","250 g/l azoxistrobin","2027. jan. 31.","gombaölő szer","2027. jan. 31.","","","https://cdn.agromedium.com/uploads/2019/03/67c9c5c60007ec5337c9/thumbnail.png"
"1769693586-187","https://www.agromedium.com/hu-hu/novenyvedo-szerek","","Amistar Sun","check_circle","200 g/l azoxistrobin, 125 g/l difenokonazol","2027. nov. 30.","gombaölő szer","2027. nov. 30.","","","https://cdn.agromedium.com/uploads/2019/03/67c9c5c60007ec5337c9/thumbnail.png"
"1769693586-188","https://www.agromedium.com/hu-hu/novenyvedo-szerek","","Amistar Sun 325 SC","check_circle","200 g/l azoxistrobin, 125 g/l difenokonazol","2027. nov. 30.","gombaölő szer","2027. nov. 30.","","counter_1","https://cdn.agromedium.com/uploads/2019/03/67c9c5c60007ec5337c9/thumbnail.png"
"1769693586-189","https://www.agromedium.com/hu-hu/novenyvedo-szerek","","","","","","","","","","https://cdn.agromedium.com/uploads/2026/01/697082e3000e0b656054/file.png"
"1769693586-190","https://www.agromedium.com/hu-hu/novenyvedo-szerek","","Amistar Top","check_circle","200 g/l azoxistrobin, 125 g/l difenokonazol","2027. nov. 30.","gombaölő szer","2027. nov. 30.","","","https://cdn.agromedium.com/uploads/2019/03/67c9c5c60007ec5337c9/thumbnail.png"
"1769693586-191","https://www.agromedium.com/hu-hu/novenyvedo-szerek","","Ampera","error","267 g/l prokloráz, 133 g/l tebukonazol","2021. dec. 31.","gombaölő szer","","2021. dec. 31.","","https://cdn.agromedium.com/uploads/2019/04/67c9c5be0026299f6d49/thumbnail.png"
"1769693586-192","https://www.agromedium.com/hu-hu/novenyvedo-szerek","","Ampexio","check_circle","250 g/kg mandipropamid, 240 g/kg zoxamid","2026. dec. 31.","gombaölő permetezőszer","2026. dec. 31.","","","https://cdn.agromedium.com/uploads/2019/03/67c9c5c60007ec5337c9/thumbnail.png"
"1769693586-193","https://www.agromedium.com/hu-hu/novenyvedo-szerek","","Ampligo","error","100 g/l klorantraniliprol, 50 g/l lambda-cihalotrin","2022. máj. 31.","rovarölő szer","","2022. máj. 31.","","https://cdn.agromedium.com/uploads/2019/03/67c9c5c60007ec5337c9/thumbnail.png"
"1769693586-194","https://www.agromedium.com/hu-hu/novenyvedo-szerek","","Amulix COL C30 Orange","check_circle","40-50 m/m% narancs színű pigment (Kleurpasta AQ 620 P)","2034. jan. 31.","csávázási segédanyag","2034. jan. 31.","","",""
"1769693586-195","https://www.agromedium.com/hu-hu/novenyvedo-szerek","","","","","","","","","","https://cdn.agromedium.com/uploads/2026/01/6969f7e8002c1baa38cf/file.png"
"1769693586-196","https://www.agromedium.com/hu-hu/novenyvedo-szerek","","Amulix VEG B 8015 CLEAR","check_circle","15 m/m% karboximetil-keményítő","2033. ápr. 30.","csávázási segédanyag","2033. ápr. 30.","","",""
"1769693586-197","https://www.agromedium.com/hu-hu/novenyvedo-szerek","","Amylo-X","check_circle","250 g/kg Bacillus amyloliquefaciens subsp. plantarum D747 törzs","2026. márc. 31.","gombaölő permetezőszer","2026. márc. 31.","","","https://cdn.agromedium.com/uploads/2023/01/67c9c5c70039285dc50f/thumbnail.png"
"1769693586-198","https://www.agromedium.com/hu-hu/novenyvedo-szerek","","Angelus","check_circle","360 g/l klomazon","2029. aug. 31.","gyomirtó szer","2029. aug. 31.","","","https://cdn.agromedium.com/uploads/2019/11/67c9c6f7000075e1a1cd/thumbnail.png"
"1769693586-199","https://www.agromedium.com/hu-hu/novenyvedo-szerek","","Animus","check_circle","750 g/kg tribenuron-metil","2035. jan. 30.","gyomirtó szer","2035. jan. 30.","","","https://cdn.agromedium.com/uploads/2022/12/67c9c6f4001560c3ef62/thumbnail.jpg"
"1769693586-200","https://www.agromedium.com/hu-hu/novenyvedo-szerek","","Antak","check_circle","685 g/l 1-dekanol","2027. júl. 15.","növekedés szabályzó szer","2027. júl. 15.","","","https://cdn.agromedium.com/uploads/2018/08/67c9c5bf000cfc1dad7b/thumbnail.jpg"
"1769693586-201","https://www.agromedium.com/hu-hu/novenyvedo-szerek","","","","","","","","","","https://cdn.agromedium.com/uploads/2025/06/6847e89a00115b091f3c/file.png"
"1769693586-202","https://www.agromedium.com/hu-hu/novenyvedo-szerek","","Antifoam","error","406 g/kg 2-etil-1-hexanol, 366 g/kg poli (dimetilsziloxan) polimer","2025. máj. 31.","permetezőszer segédanyag","","2025. máj. 31.","","https://cdn.agromedium.com/uploads/2024/03/67c9c5be001da30ef4a5/thumbnail.png"
"1769693586-203","https://www.agromedium.com/hu-hu/novenyvedo-szerek","","Aperon WG","check_circle","750 g/kg szulfoszulfuron","2031. dec. 31.","gyomirtó szer","2031. dec. 31.","","","https://cdn.agromedium.com/uploads/2023/03/67c9c5e0003c40ead470/thumbnail.png"
"1769693586-204","https://www.agromedium.com/hu-hu/novenyvedo-szerek","","Aphicar 100 EW","check_circle","100 g/l cipermetrin","2028. okt. 31.","rovarölő szer","2028. okt. 31.","","",""
"1769693586-205","https://www.agromedium.com/hu-hu/novenyvedo-szerek","","Aphox 50 WG","check_circle","500 g/kg pirimikarb","2026. márc. 15.","rovarölő szer","2026. márc. 15.","","","https://cdn.agromedium.com/uploads/2024/03/67c9c5be001da30ef4a5/thumbnail.png"
"1769693586-206","https://www.agromedium.com/hu-hu/novenyvedo-szerek","","Apis 200 SE","check_circle","200 g/l acetamiprid","2034. febr. 28.","rovarölő szer","2034. febr. 28.","","","https://cdn.agromedium.com/uploads/2019/09/67c9c6f70009b6d8d321/thumbnail.jpg"
"1769693586-207","https://www.agromedium.com/hu-hu/novenyvedo-szerek","","","","","","","","","","https://cdn.agromedium.com/uploads/2025/11/690db9bd0030b9dd184f/file.png"
"1769693586-208","https://www.agromedium.com/hu-hu/novenyvedo-szerek","","Apitox 200 SE","check_circle","200 g/l acetamiprid","2034. febr. 28.","rovarölő szer","2034. febr. 28.","","","https://cdn.agromedium.com/uploads/2021/03/67c9c5c60001416ab5c4/thumbnail.jpg"
"1769693586-209","https://www.agromedium.com/hu-hu/novenyvedo-szerek","","AppleSmart 3.3 VP","check_circle","33 g/kg 1-metil-ciklopropén","2035. júl. 31.","növekedésszabályzó szer","2035. júl. 31.","","","https://cdn.agromedium.com/uploads/2019/11/67c9c6f7000d80fcbd22/thumbnail.png"
"1769693586-210","https://www.agromedium.com/hu-hu/novenyvedo-szerek","","Apron XL 350 FS","check_circle","350 g/l Metalaxil- M","2028. dec. 31.","csávázószer","2028. dec. 31.","","","https://cdn.agromedium.com/uploads/2019/03/67c9c5c60007ec5337c9/thumbnail.png"
"1769693586-211","https://www.agromedium.com/hu-hu/novenyvedo-szerek","","Arbiter","check_circle","200 g/l fluroxipir, 290 g/l fluroxipir meptilészter","2028. febr. 15.","gyomirtó szer","2028. febr. 15.","","","https://cdn.agromedium.com/uploads/2019/12/67c9c5e00038baa08a17/thumbnail.jpg"
"1769693586-212","https://www.agromedium.com/hu-hu/novenyvedo-szerek","","Arbosan","check_circle","360 g/kg kálcium-karbonát, 415 g/kg vinil-acetát + dibutil-maleát kopolimer vizes diszperziója","2030. márc. 31.","fasebkezelő","2030. márc. 31.","","",""
"1769693586-213","https://www.agromedium.com/hu-hu/novenyvedo-szerek","","","","","","","","","","https://cdn.agromedium.com/uploads/2026/01/697082e3000e0b656054/file.png"
"1769693586-214","https://www.agromedium.com/hu-hu/novenyvedo-szerek","","Arcade 880 EC","check_circle","80 g/l metribuzin, 800 g/l proszulfokarb","2029. szept. 30.","gyomirtó szer","2029. szept. 30.","","","https://cdn.agromedium.com/uploads/2023/03/67c9c5c50021e7685e21/thumbnail.jpg"
"1769693586-215","https://www.agromedium.com/hu-hu/novenyvedo-szerek","","Architect","check_circle","150 g/l mepiquat-klorid, 100 g/l piraklostrobin, 25 g/l prohexadion-kalcium","2027. szept. 30.","gombaölő és növekedés szabályozó szer","2027. szept. 30.","","","https://cdn.agromedium.com/uploads/2020/09/67c9c5c70014019edcec/thumbnail.jpg"
"1769693586-216","https://www.agromedium.com/hu-hu/novenyvedo-szerek","","Argos","check_circle","843,2 g/l narancsolaj","2027. dec. 31.","növekedésszabályozó készítmény","2027. dec. 31.","","","https://cdn.agromedium.com/uploads/2024/03/67c9c5be001da30ef4a5/thumbnail.png"
"1769693586-217","https://www.agromedium.com/hu-hu/novenyvedo-szerek","","Arigo 51 WG","error","360 g/kg mezotrion, 120 g/kg nikoszulfuron, 30 g/kg rim-szulfuron","2022. jún. 9.","gyomirtó szer","","2022. jún. 9.","","https://cdn.agromedium.com/uploads/2018/08/67c9c6f7001ef444f1db/thumbnail.png"
"1769693586-218","https://www.agromedium.com/hu-hu/novenyvedo-szerek","","Arion Pro Csigaölő Szer","check_circle","30 g/kg metaldehid","2027. máj. 31.","csigaölő szer","2027. máj. 31.","","","https://cdn.agromedium.com/uploads/2019/04/67c9c6f3002ce784082b/thumbnail.png"
"1769693586-219","https://www.agromedium.com/hu-hu/novenyvedo-szerek","","","","","","","","","","https://cdn.agromedium.com/uploads/2025/06/6847e89a00115b091f3c/file.png"
"1769693586-220","https://www.agromedium.com/hu-hu/novenyvedo-szerek","","Armetil C","check_circle","80 g/kg metalaxil, 702 g/kg réz-oxiklorid","2026. dec. 31.","gombaölő szer","2026. dec. 31.","","","https://cdn.agromedium.com/uploads/2018/08/67c9c5bf000cfc1dad7b/thumbnail.jpg"
"1769693586-221","https://www.agromedium.com/hu-hu/novenyvedo-szerek","","Armo SL","check_circle","360 g/l glifozát","2028. dec. 31.","gyomirtó szer","2028. dec. 31.","","","https://cdn.agromedium.com/uploads/2019/04/67c9c5c1001d85f5c905/thumbnail.png"
"1769693586-222","https://www.agromedium.com/hu-hu/novenyvedo-szerek","","Arnold","warning","200 g/l diflufenikán, 400 g/l flufenacet","2026. dec. 10.","gyomirtó szer","","","","https://cdn.agromedium.com/uploads/2019/04/67c9c6f3002ce784082b/thumbnail.png"
"1769693586-223","https://www.agromedium.com/hu-hu/novenyvedo-szerek","","Arrat","error","500 g/kg dikamba, 250 g/kg tritoszulfuron","2025. máj. 7.","gyomirtó szer","","2025. máj. 7.","","https://cdn.agromedium.com/uploads/2020/09/67c9c5c70014019edcec/thumbnail.jpg"
"1769693586-224","https://www.agromedium.com/hu-hu/novenyvedo-szerek","","Arrest","check_circle","420 g/l karboxilált sztirol-butadién kopolimer","2027. dec. 15.","permetezőszer segédanyag","2027. dec. 15.","","","https://cdn.agromedium.com/uploads/2020/04/67c9c5c5003bb7c20c20/thumbnail.png"
"1769693586-225","https://www.agromedium.com/hu-hu/novenyvedo-szerek","","","","","","","","","","https://cdn.agromedium.com/uploads/2026/01/6969f7e8002c1baa38cf/file.png"
"1769693586-226","https://www.agromedium.com/hu-hu/novenyvedo-szerek","","ARRVA","check_circle","50 g/l fluroxipir, 28 g/l klopiralid, 233 g/l MCPA","2027. aug. 15.","gyomirtó szer","2027. aug. 15.","","","https://cdn.agromedium.com/uploads/2019/11/67c9c750001498f372e1/thumbnail.png"
"1769693586-227","https://www.agromedium.com/hu-hu/novenyvedo-szerek","","Artemide","check_circle","222 g/l lambda-cihalotrin","2026. szept. 30.","rovarölő szer","2026. szept. 30.","","",""
"1769693586-228","https://www.agromedium.com/hu-hu/novenyvedo-szerek","","Artiler 200 SE","check_circle","200 g/l acetamiprid","2034. febr. 28.","rovarölő szer","2034. febr. 28.","","","https://cdn.agromedium.com/uploads/2018/08/67c9c5bf000cfc1dad7b/thumbnail.jpg"
"1769693586-229","https://www.agromedium.com/hu-hu/novenyvedo-szerek","","Arvalin 2,5","check_circle","25 g/kg cinkfoszfid","2027. dec. 31.","csalétek és rágcsálóirtó szer","2027. dec. 31.","","","https://cdn.agromedium.com/uploads/2023/06/67c9c6f7002e830c95b4/thumbnail.png"
"1769693586-230","https://www.agromedium.com/hu-hu/novenyvedo-szerek","","Arvalin LR","check_circle","40 g/kg cinkfoszfid","2028. ápr. 30.","rágcsálóirtó szer","2028. ápr. 30.","","","https://cdn.agromedium.com/uploads/2023/06/67c9c6f7002e830c95b4/thumbnail.png"
"1769693586-231","https://www.agromedium.com/hu-hu/novenyvedo-szerek","","","","","","","","","","https://cdn.agromedium.com/uploads/2026/01/697082e3000e0b656054/file.png"
"1769693586-232","https://www.agromedium.com/hu-hu/novenyvedo-szerek","","Asahi SL","check_circle","1 g/l 5-nitroguajakol Na só, 2 g/l o-nitro-fenol Na só, 3 g/l p-nitro-fenol Na só","2026. okt. 31.","növekedés szabályzó szer","2026. okt. 31.","","","https://cdn.agromedium.com/uploads/2020/04/67c9c5c5003bb7c20c20/thumbnail.png"
"1769693586-233","https://www.agromedium.com/hu-hu/novenyvedo-szerek","","Ascra Xpro","check_circle","65 g/l bixafén, 65 g/l fluopiram, 130 g/l protiokonazol","2028. aug. 31.","gombaölő szer","2028. aug. 31.","","","https://cdn.agromedium.com/uploads/2019/09/67c9c6f400102ba14e1a/thumbnail.png"
"1769693586-234","https://www.agromedium.com/hu-hu/novenyvedo-szerek","","Aspect T","warning","200 g/l flufenacet, 333 g/l terbutilazin","2026. dec. 10.","gyomirtó szer","","","","https://cdn.agromedium.com/uploads/2019/09/67c9c6f400102ba14e1a/thumbnail.png"
"1769693586-235","https://www.agromedium.com/hu-hu/novenyvedo-szerek","","Associate","check_circle","160 g/l proquinazid, 80 g/l tetrakonazol","2026. júl. 31.","gombaölő szer","2026. júl. 31.","","","https://cdn.agromedium.com/uploads/2019/04/67c9c5be0026299f6d49/thumbnail.png"
"1769693586-236","https://www.agromedium.com/hu-hu/novenyvedo-szerek","","Aster","check_circle","250 g/l azoxistrobin","2028. máj. 31.","gombaölő szer","2028. máj. 31.","","",""
"1769693586-237","https://www.agromedium.com/hu-hu/novenyvedo-szerek","","","","","","","","","","https://cdn.agromedium.com/uploads/2025/11/690db9bd0030b9dd184f/file.png"
"1769693586-238","https://www.agromedium.com/hu-hu/novenyvedo-szerek","","Astra Rézoxiklorid","check_circle","840 g/kg rézoxiklorid","2026. dec. 31.","gombaölő szer","2026. dec. 31.","","","https://cdn.agromedium.com/uploads/2023/03/67c9c5e0003c40ead470/thumbnail.png"
"1769693586-239","https://www.agromedium.com/hu-hu/novenyvedo-szerek","","Asur","check_circle","1254 g/l glicerin","2027. jún. 12.","permetezőszer segédanyag","2027. jún. 12.","","","https://cdn.agromedium.com/uploads/2019/11/67c9c6f800047e3345ec/thumbnail.png"
"1769693586-240","https://www.agromedium.com/hu-hu/novenyvedo-szerek","","Athos","check_circle","750 g/kg szulfoszulfuron","2031. dec. 31.","gyomirtó szer","2031. dec. 31.","","","https://cdn.agromedium.com/uploads/2019/04/67c9c5be0026299f6d49/thumbnail.png"
"1769693586-241","https://www.agromedium.com/hu-hu/novenyvedo-szerek","","Atlantis OD","check_circle","2 g/l jodoszulfuron-metil-nátrium, 30 g/l mefenpir-dietil, 10 g/l mezoszulfuron-metil","2033. márc. 31.","gyomirtó szer","2033. márc. 31.","","","https://cdn.agromedium.com/uploads/2019/09/67c9c6f400102ba14e1a/thumbnail.png"
"1769693586-242","https://www.agromedium.com/hu-hu/novenyvedo-szerek","","Atonik","check_circle","1 g/l 5-nitroguajakol Na só, 2 g/l o-nitro-fenol Na só, 3 g/l p-nitro-fenol Na só","2026. okt. 31.","növekedés szabályzó szer","2026. okt. 31.","","","https://cdn.agromedium.com/uploads/2024/03/67c9c5be001da30ef4a5/thumbnail.png"
"1769693586-243","https://www.agromedium.com/hu-hu/novenyvedo-szerek","","","","","","","","","","https://cdn.agromedium.com/uploads/2025/06/6847e89a00115b091f3c/file.png"
"1769693586-244","https://www.agromedium.com/hu-hu/novenyvedo-szerek","","Attack","error","200 g/l teflutrin","2021. aug. 23.","csávázószer (rovarölő)","","2021. aug. 23.","","https://cdn.agromedium.com/uploads/2019/03/67c9c5c60007ec5337c9/thumbnail.png"
"1769693586-245","https://www.agromedium.com/hu-hu/novenyvedo-szerek","","Aurios","check_circle","500 g/kg tifenszulfuron-metil, 250 g/kg tribenuron-metil","2028. szept. 30.","gyomirtó szer","2028. szept. 30.","","","https://cdn.agromedium.com/uploads/2020/09/67c9c5c70014019edcec/thumbnail.jpg"
"1769693586-246","https://www.agromedium.com/hu-hu/novenyvedo-szerek","","Aurora 40 WG","check_circle","400 g/kg karfentrazon-etil","2028. szept. 30.","gyomirtó szer","2028. szept. 30.","","","https://cdn.agromedium.com/uploads/2019/04/67c9c5be0013b6f965bb/thumbnail.png"
"1769693586-247","https://www.agromedium.com/hu-hu/novenyvedo-szerek","","Autentic","check_circle","200 g/kg acetamiprid","2034. febr. 28.","rovarölő szer","2034. febr. 28.","","","https://cdn.agromedium.com/uploads/2023/03/67c9c5e0003c40ead470/thumbnail.png"
"1769693586-248","https://www.agromedium.com/hu-hu/novenyvedo-szerek","","Avalon","check_circle","400 g/l pirimetanil","2027. ápr. 30.","gombaölő szer","2027. ápr. 30.","","",""
"1769693586-249","https://www.agromedium.com/hu-hu/novenyvedo-szerek","","","","","","","","","","https://cdn.agromedium.com/uploads/2025/11/690db9bd0030b9dd184f/file.png"
"1769693586-250","https://www.agromedium.com/hu-hu/novenyvedo-szerek","","Avastel","check_circle","75 g/l fluxapiroxad, 150 g/l protiokonazol","2028. márc. 31.","gombaölő szer","2028. márc. 31.","","","https://cdn.agromedium.com/uploads/2019/04/67c9c5c1001d85f5c905/thumbnail.png"
"1769693586-251","https://www.agromedium.com/hu-hu/novenyvedo-szerek","","Aviator Xpro 225 EC","check_circle","75 g/l bixafén, 150 g/l protiokonazol","2026. máj. 31.","gombaölő szer","2026. máj. 31.","","","https://cdn.agromedium.com/uploads/2019/09/67c9c6f400102ba14e1a/thumbnail.png"
"1769693586-252","https://www.agromedium.com/hu-hu/novenyvedo-szerek","","Avola EC","check_circle","10 m/m% avokádó olaj, 1 % chili kivonat, 60 m/m% napraforgó olaj","2030. dec. 31.","permetezőszer segédanyag","2030. dec. 31.","","",""
"1769693586-253","https://www.agromedium.com/hu-hu/novenyvedo-szerek","","Avoxa","check_circle","8,33 g/l kloquintocet-mexil, 33,3 g/l pinoxaden, 8,33 g/l piroxszulam","2026. ápr. 30.","gyomirtó szer","2026. ápr. 30.","","","https://cdn.agromedium.com/uploads/2019/03/67c9c5c60007ec5337c9/thumbnail.png"
"1769693586-254","https://www.agromedium.com/hu-hu/novenyvedo-szerek","","Avtar","check_circle","130 g/l difenokonazol, 250 g/l protiokonazol","2027. márc. 15.","gombaölő szer","2027. márc. 15.","","",""
"1769693586-255","https://www.agromedium.com/hu-hu/novenyvedo-szerek","","","","","","","","","","https://cdn.agromedium.com/uploads/2026/01/6969f7e8002c1baa38cf/file.png"
"1769693586-256","https://www.agromedium.com/hu-hu/novenyvedo-szerek","","Avtar 75 NT","error","750 g/kg mankoceb","2021. júl. 4.","gombaölő szer","","2021. júl. 4.","","https://cdn.agromedium.com/uploads/2019/04/67c9c708000bf84b5b8f/thumbnail.png"
"1769693586-257","https://www.agromedium.com/hu-hu/novenyvedo-szerek","","Awac","check_circle","200 g/l fluroxipir","2027. dec. 31.","gyomirtó szer","2027. dec. 31.","","","https://cdn.agromedium.com/uploads/2024/03/67c9c5be001da30ef4a5/thumbnail.png"
"1769693586-258","https://www.agromedium.com/hu-hu/novenyvedo-szerek","","Axanit","check_circle","250 g/l fluroxipir","2028. febr. 15.","gyomirtó szer","2028. febr. 15.","","","https://cdn.agromedium.com/uploads/2023/03/67c9c5c50021e7685e21/thumbnail.jpg"
"1769693586-259","https://www.agromedium.com/hu-hu/novenyvedo-szerek","","Axcela TS","check_circle","27 g/kg metaldehid","2027. aug. 31.","csigaölő szer","2027. aug. 31.","","",""
"1769693586-260","https://www.agromedium.com/hu-hu/novenyvedo-szerek","","Axial 50 EC","check_circle","50 g/l pinoxaden","2027. jún. 30.","gyomirtó szer","2027. jún. 30.","","","https://cdn.agromedium.com/uploads/2019/03/67c9c5c60007ec5337c9/thumbnail.png"
"1769693586-261","https://www.agromedium.com/hu-hu/novenyvedo-szerek","","","","","","","","","","https://cdn.agromedium.com/uploads/2025/06/6847e89a00115b091f3c/file.png"
"1769693586-262","https://www.agromedium.com/hu-hu/novenyvedo-szerek","","Axial One","check_circle","11,25 g/l cloquintocet-mexyl, 5 g/l floraszulam, 45 g/l pinoxaden","2029. júl. 31.","gyomirtó szer","2029. júl. 31.","","","https://cdn.agromedium.com/uploads/2019/03/67c9c5c60007ec5337c9/thumbnail.png"
"1769693586-263","https://www.agromedium.com/hu-hu/novenyvedo-szerek","","Axidor","check_circle","50 g/l cimoxanil, 400 g/l propamokarb","2027. aug. 15.","gombaölő szer","2027. aug. 15.","","","https://cdn.agromedium.com/uploads/2023/01/67c9c5c70039285dc50f/thumbnail.png"
"1769693586-264","https://www.agromedium.com/hu-hu/novenyvedo-szerek","","Aza","check_circle","10 g/l azadiraktin","2028. jan. 31.","rovarölő szer","2028. jan. 31.","","","https://cdn.agromedium.com/uploads/2019/04/67c9c6f3002ce784082b/thumbnail.png"
"1769693586-265","https://www.agromedium.com/hu-hu/novenyvedo-szerek","","Aza 26 EC","check_circle","26 g/l azadiraktin","2028. jan. 31.","rovarölő szer","2028. jan. 31.","","",""
"1769693586-266","https://www.agromedium.com/hu-hu/novenyvedo-szerek","","Azaka","check_circle","250 g/l azoxistrobin","2027. dec. 31.","gombaölő permetezőszer","2027. dec. 31.","","","https://cdn.agromedium.com/uploads/2019/04/67c9c5be0013b6f965bb/thumbnail.png"
"1769693586-267","https://www.agromedium.com/hu-hu/novenyvedo-szerek","","","","","","","","","","https://cdn.agromedium.com/uploads/2025/06/6847e89a00115b091f3c/file.png"
"1769693586-268","https://www.agromedium.com/hu-hu/novenyvedo-szerek","","Azatin EC","check_circle","26 g/l azadiraktin","2028. jan. 31.","rovarölő szer","2028. jan. 31.","","","https://cdn.agromedium.com/uploads/2023/01/67c9c5c70039285dc50f/thumbnail.png"
"1769693586-269","https://www.agromedium.com/hu-hu/novenyvedo-szerek","","Azbany","check_circle","250 g/l azoxistrobin","2027. dec. 31.","gombaölő szer","2027. dec. 31.","","","https://cdn.agromedium.com/uploads/2019/12/67c9c5e00038baa08a17/thumbnail.jpg"
"1769693586-270","https://www.agromedium.com/hu-hu/novenyvedo-szerek","","Azir 250 SC","check_circle","250 g/l azoxistrobin","2028. máj. 31.","gombaölő szer","2028. máj. 31.","","","https://cdn.agromedium.com/uploads/2020/04/67c9c6f4002d68edb2b0/thumbnail.png"
"1769693586-271","https://www.agromedium.com/hu-hu/novenyvedo-szerek","","AzoMax CB 250 SC","check_circle","250 g/l azoxistrobin","2028. máj. 31.","gombaölő szer","2028. máj. 31.","","",""
"1769693586-272","https://www.agromedium.com/hu-hu/novenyvedo-szerek","","Azoxiazol","check_circle","125 g/l azoxistrobin, 125 g/l difenokonazol","2027. márc. 15.","gombaölő szer","2027. márc. 15.","","","https://cdn.agromedium.com/uploads/2020/04/67c9c5c5003bb7c20c20/thumbnail.png"
"1769693586-273","https://www.agromedium.com/hu-hu/novenyvedo-szerek","","","","","","","","","","https://cdn.agromedium.com/uploads/2026/01/697082e3000e0b656054/file.png"
"1769693586-274","https://www.agromedium.com/hu-hu/novenyvedo-szerek","","Azoxy Star 250 SC","check_circle","250 g/l azoxistrobin","2028. máj. 31.","gombaölő szer","2028. máj. 31.","","","https://cdn.agromedium.com/uploads/2020/04/67c9c6f4002d68edb2b0/thumbnail.png"
"1769693586-275","https://www.agromedium.com/hu-hu/novenyvedo-szerek","","Azoxystar","check_circle","250 g/l azoxistrobin","2028. máj. 31.","gombaölő szer","2028. máj. 31.","","",""
"1769693586-276","https://www.agromedium.com/hu-hu/novenyvedo-szerek","","Azumo WG","check_circle","800 g/kg kén","2028. júl. 31.","gombaölő permetezőszer","2028. júl. 31.","","",""
"1769693586-277","https://www.agromedium.com/hu-hu/novenyvedo-szerek","","Bactospeine WG","check_circle","540 g/kg Bacillus thuringiensis (var: kurstaki)","2038. jún. 30.","rovarölő szer","2038. jún. 30.","","","https://cdn.agromedium.com/uploads/2019/12/67c9c5e00038baa08a17/thumbnail.jpg"
"1769693586-278","https://www.agromedium.com/hu-hu/novenyvedo-szerek","","Badge SC","check_circle","236,64 g/l réz-hidroxid, 239,36 g/l réz-oxiklorid","2026. dec. 31.","gombaölő szer","2026. dec. 31.","","","https://cdn.agromedium.com/uploads/2023/01/67c9c5c70039285dc50f/thumbnail.png"
"1769693586-279","https://www.agromedium.com/hu-hu/novenyvedo-szerek","","","","","","","","","","https://cdn.agromedium.com/uploads/2026/01/6969f7e8002c1baa38cf/file.png"
"1769693586-280","https://www.agromedium.com/hu-hu/novenyvedo-szerek","","Badge WG","check_circle","244 g/kg réz-hidroxid, 245 g/kg réz-oxiklorid","2026. dec. 31.","gombaölő szer","2026. dec. 31.","","","https://cdn.agromedium.com/uploads/2019/03/67c9c5c60007ec5337c9/thumbnail.png"
"1769693586-281","https://www.agromedium.com/hu-hu/novenyvedo-szerek","","Bagani","check_circle","125 g/l tetrakonazol","2029. máj. 31.","gombaölő szer","2029. máj. 31.","","","https://cdn.agromedium.com/uploads/2023/01/67c9c5c70039285dc50f/thumbnail.png"
"1769693586-282","https://www.agromedium.com/hu-hu/novenyvedo-szerek","","Baledo 75 WG","error","750 g/kg mankoceb","2021. júl. 4.","gombaölő szer","","2021. júl. 4.","",""
"1769693586-283","https://www.agromedium.com/hu-hu/novenyvedo-szerek","","Baledo 80 WP","error","800 g/kg mankoceb","2021. júl. 4.","gombaölő permetezőszer","","2021. júl. 4.","",""
"1769693586-284","https://www.agromedium.com/hu-hu/novenyvedo-szerek","","Baledo CU","check_circle","60 g/kg cimoxanil, 461 g/kg réz-hidroxid","2028. febr. 28.","gombaölő szer","2028. febr. 28.","","",""
"1769693586-285","https://www.agromedium.com/hu-hu/novenyvedo-szerek","","","","","","","","","","https://cdn.agromedium.com/uploads/2025/11/690db9bd0030b9dd184f/file.png"
"1769693586-286","https://www.agromedium.com/hu-hu/novenyvedo-szerek","","Baledo Gold","error","40 g/kg cimoxanil, 400 g/kg mankoceb","2021. júl. 4.","gombaölő szer","","2021. júl. 4.","",""
"1769693586-287","https://www.agromedium.com/hu-hu/novenyvedo-szerek","","Banarg","check_circle","40 g/kg etilén","2028. aug. 31.","növekedésszabályozó készítmény","2028. aug. 31.","","","https://cdn.agromedium.com/uploads/2019/11/67c9c6f90004f33bfb85/thumbnail.png"
"1769693586-288","https://www.agromedium.com/hu-hu/novenyvedo-szerek","","Bandur","check_circle","600 g/l aklonifen","2027. okt. 31.","gyomirtó szer","2027. okt. 31.","","","https://cdn.agromedium.com/uploads/2019/09/67c9c6f400102ba14e1a/thumbnail.png"
"1769693586-289","https://www.agromedium.com/hu-hu/novenyvedo-szerek","","Banjo","check_circle","500 g/l fluazinam","2026. máj. 31.","gombaölő szer","2026. máj. 31.","","","https://cdn.agromedium.com/uploads/2019/04/67c9c5c1001d85f5c905/thumbnail.png"
"1769693586-290","https://www.agromedium.com/hu-hu/novenyvedo-szerek","","Banvel 480 S","check_circle","480 g/l dikamba","2028. márc. 31.","gyomirtó szer","2028. márc. 31.","","","https://cdn.agromedium.com/uploads/2019/03/67c9c5c60007ec5337c9/thumbnail.png"
"1769693586-291","https://www.agromedium.com/hu-hu/novenyvedo-szerek","","","","","","","","","","https://cdn.agromedium.com/uploads/2026/01/6969f7e8002c1baa38cf/file.png"
"1769693586-292","https://www.agromedium.com/hu-hu/novenyvedo-szerek","","Barbarian Super 360","check_circle","360 g/l glifozát","2028. dec. 31.","gyomirtó szer","2028. dec. 31.","","","https://cdn.agromedium.com/uploads/2020/04/67c9c6f4002d68edb2b0/thumbnail.png"
"1769693586-293","https://www.agromedium.com/hu-hu/novenyvedo-szerek","","Barca 334 SL","error","267 g/l klopiralid, 67 g/l pikloram","2022. febr. 1.","gyomirtó szer","","2022. febr. 1.","",""
"1769693586-294","https://www.agromedium.com/hu-hu/novenyvedo-szerek","","Barclay Gallup Biograde 360","check_circle","360 g/l glifozát","2028. dec. 31.","gyomirtó szer","2028. dec. 31.","","","https://cdn.agromedium.com/uploads/2020/11/67c9c6f9001413c8202c/thumbnail.png"
"1769693586-295","https://www.agromedium.com/hu-hu/novenyvedo-szerek","","Barclay Gallup Hi-Aktív","check_circle","490 g/l glifozát","2028. dec. 31.","gyomirtó szer","2028. dec. 31.","","","https://cdn.agromedium.com/uploads/2020/11/67c9c6f9001413c8202c/thumbnail.png"
"1769693586-296","https://www.agromedium.com/hu-hu/novenyvedo-szerek","","Barclay Hurler 200","check_circle","200 g/l fluroxipir, 290 g/l fluroxipir meptilészter","2028. febr. 15.","gyomirtó szer","2028. febr. 15.","","","https://cdn.agromedium.com/uploads/2019/12/67c9c5e00038baa08a17/thumbnail.jpg"
"1769693586-297","https://www.agromedium.com/hu-hu/novenyvedo-szerek","","","","","","","","","","https://cdn.agromedium.com/uploads/2025/06/6847e89a00115b091f3c/file.png"
"1769693586-298","https://www.agromedium.com/hu-hu/novenyvedo-szerek","","Barclay Propyz","check_circle","400 g/l propizamid","2026. jún. 30.","gyomirtó szer","2026. jún. 30.","","","https://cdn.agromedium.com/uploads/2020/11/67c9c6f9001413c8202c/thumbnail.png"
"1769693586-299","https://www.agromedium.com/hu-hu/novenyvedo-szerek","","Baristo 500 SC","check_circle","500 g/l napropamid","2028. márc. 31.","gyomirtó szer","2028. márc. 31.","","",""
"1769693586-300","https://www.agromedium.com/hu-hu/novenyvedo-szerek","","Barracuda","check_circle","100 g/l mezotrion","2033. máj. 31.","gyomirtó szer","2033. máj. 31.","","","https://cdn.agromedium.com/uploads/2019/04/67c9c5be0026299f6d49/thumbnail.png"
"1769693586-301","https://www.agromedium.com/hu-hu/novenyvedo-szerek","","Basagran 480 SL","check_circle","480 g/l bentazon","2027. máj. 31.","gyomirtó szer","2027. máj. 31.","","","https://cdn.agromedium.com/uploads/2020/09/67c9c5c70014019edcec/thumbnail.jpg"
"1769693586-302","https://www.agromedium.com/hu-hu/novenyvedo-szerek","","Basamid G","check_circle","965 g/kg dazomet","2029. máj. 31.","talajfertőtlenítő szer","2029. máj. 31.","","","https://cdn.agromedium.com/uploads/2024/03/67c9c5be001da30ef4a5/thumbnail.png"
"1769693586-303","https://www.agromedium.com/hu-hu/novenyvedo-szerek","","","","","","","","","","https://cdn.agromedium.com/uploads/2025/11/690db9bd0030b9dd184f/file.png"
"1769693586-304","https://www.agromedium.com/hu-hu/novenyvedo-szerek","","Basar 960 EC","error","960 g/l S-metolaklór","2024. ápr. 23.","gyomirtó szer","","2024. ápr. 23.","","https://cdn.agromedium.com/uploads/2019/04/67c9c5be0026299f6d49/thumbnail.png"
"1769693586-305","https://www.agromedium.com/hu-hu/novenyvedo-szerek","","Basar Plus","error","312,5 g/l S-metolaklór, 187,5 g/l terbutilazin","2024. ápr. 23.","gyomirtó szer","","2024. ápr. 23.","","https://cdn.agromedium.com/uploads/2019/04/67c9c5be0026299f6d49/thumbnail.png"
"1769693586-306","https://www.agromedium.com/hu-hu/novenyvedo-szerek","","BASF - Akris Trio","package_2","20 ha/csomag: kukorica","Akris SE","","","","","https://cdn.agromedium.com/uploads/2020/09/67c9c5c70014019edcec/thumbnail.jpg"
"1769693586-307","https://www.agromedium.com/hu-hu/novenyvedo-szerek","","BASF - Alma Prémium Csomag","package_2","15 ha/csomag: alma","10 l Delan Pro","6 l Faban 500 SC","","","","https://cdn.agromedium.com/uploads/2020/09/67c9c5c70014019edcec/thumbnail.jpg"
"1769693586-308","https://www.agromedium.com/hu-hu/novenyvedo-szerek","","BASF - Architect-Turbo","package_2","","10 l Architect","","","","","https://cdn.agromedium.com/uploads/2020/09/67c9c5c70014019edcec/thumbnail.jpg"
"1769693586-309","https://www.agromedium.com/hu-hu/novenyvedo-szerek","","","","","","","","","","https://cdn.agromedium.com/uploads/2026/01/697082e3000e0b656054/file.png"
"1769693586-310","https://www.agromedium.com/hu-hu/novenyvedo-szerek","","BASF - Biathlon 4D + Dash HC","package_2","10 ha/csomag: árpa, búza, rozs, tönkölybúza, tritikálé, zab","10 l Dash HC","","","","","https://cdn.agromedium.com/uploads/2020/09/67c9c5c70014019edcec/thumbnail.jpg"
"1769693586-311","https://www.agromedium.com/hu-hu/novenyvedo-szerek","","BASF - Butisan S 500 + Effigo","package_2","10 ha/csomag: káposztarepce","3 l Effigo","","","","","https://cdn.agromedium.com/uploads/2020/09/67c9c5c70014019edcec/thumbnail.jpg"
"1769693586-312","https://www.agromedium.com/hu-hu/novenyvedo-szerek","","BASF - Cleratop + Dash HC","package_2","5 ha/csomag: káposztarepce","5 l Dash HC","","","","","https://cdn.agromedium.com/uploads/2020/09/67c9c5c70014019edcec/thumbnail.jpg"
"1769693586-313","https://www.agromedium.com/hu-hu/novenyvedo-szerek","","BASF - Cleravo + Effigo","package_2","10 ha/csomag: káposztarepce","2x5 l Dash HC","1x3 l Effigo","","","","https://cdn.agromedium.com/uploads/2020/09/67c9c5c70014019edcec/thumbnail.jpg"
"1769693586-314","https://www.agromedium.com/hu-hu/novenyvedo-szerek","","BASF - Corum Next","package_2","5 ha/csomag: szója","10 l Basagran 480 SL","","","","","https://cdn.agromedium.com/uploads/2020/09/67c9c5c70014019edcec/thumbnail.jpg"
"1769693586-315","https://www.agromedium.com/hu-hu/novenyvedo-szerek","","","","","","","","","","https://cdn.agromedium.com/uploads/2025/11/690db9bd0030b9dd184f/file.png"
"1769693586-316","https://www.agromedium.com/hu-hu/novenyvedo-szerek","","BASF - Jumbo + Stomp","package_2","5 ha/csomag: kukorica","5 l Dash HC","10 l Stomp 400 SC","","","2 kg Callam","https://cdn.agromedium.com/uploads/2020/09/67c9c5c70014019edcec/thumbnail.jpg"
"1769693586-317","https://www.agromedium.com/hu-hu/novenyvedo-szerek","","BASF - Jumbo Ultra","package_2","5 ha/csomag: kukorica","5 l Dash HC","2 kg Callam","","","","https://cdn.agromedium.com/uploads/2020/09/67c9c5c70014019edcec/thumbnail.jpg"
"1769693586-318","https://www.agromedium.com/hu-hu/novenyvedo-szerek","","BASF - Meggy Pack","package_2","5 ha/csomag: meggy","2 kg Rafting","","","","","https://cdn.agromedium.com/uploads/2020/09/67c9c5c70014019edcec/thumbnail.jpg"
"1769693586-319","https://www.agromedium.com/hu-hu/novenyvedo-szerek","","BASF - Napraforgó Max","package_2","20 ha/csomag: napraforgó","30 l Architect","15 kg Turbo","","","","https://cdn.agromedium.com/uploads/2020/09/67c9c5c70014019edcec/thumbnail.jpg"
"1769693586-320","https://www.agromedium.com/hu-hu/novenyvedo-szerek","","BASF - Osiris Next","package_2","6,5 ha/csomag: árpa, búza, kalászosok, tritikálé, zab","5 l Revystar","","","","","https://cdn.agromedium.com/uploads/2020/09/67c9c5c70014019edcec/thumbnail.jpg"
"1769693586-321","https://www.agromedium.com/hu-hu/novenyvedo-szerek","","","","","","","","","","https://cdn.agromedium.com/uploads/2025/06/6847e89a00115b091f3c/file.png"
"1769693586-322","https://www.agromedium.com/hu-hu/novenyvedo-szerek","","BASF - Repce Komplett","package_2","6 ha/csomag: káposztarepce","3x5 l Butisan Complete","","","","","https://cdn.agromedium.com/uploads/2020/09/67c9c5c70014019edcec/thumbnail.jpg"
"1769693586-323","https://www.agromedium.com/hu-hu/novenyvedo-szerek","","BASF - Repce Max Tavasz","package_2","10 ha/csomag: káposztarepce","5 l Pictor","2x1 kg Rafting","","","","https://cdn.agromedium.com/uploads/2020/09/67c9c5c70014019edcec/thumbnail.jpg"
"1769693586-324","https://www.agromedium.com/hu-hu/novenyvedo-szerek","","BASF - Systiva Komplett","package_2","10 t/csomag: árpa, búza, zab","3x5 l Premis 25 FS","","","","","https://cdn.agromedium.com/uploads/2020/09/67c9c5c70014019edcec/thumbnail.jpg"
"1769693586-325","https://www.agromedium.com/hu-hu/novenyvedo-szerek","","BASF - Szőlő Prémium Csomag","package_2","6 ha/csomag: szőlő","20 l Delan Pro","","","","","https://cdn.agromedium.com/uploads/2020/09/67c9c5c70014019edcec/thumbnail.jpg"
"1769693586-326","https://www.agromedium.com/hu-hu/novenyvedo-szerek","","Basis 75 DF","error","50 % rimszulfuron, 25 % tifenszulfuron-metil","2021. nov. 30.","gyomirtó szer","","2021. nov. 30.","","https://cdn.agromedium.com/uploads/2025/03/67e7a23d00318586422c/thumbnail.jpg"
"1769693586-327","https://www.agromedium.com/hu-hu/novenyvedo-szerek","","","","","","","","","","https://cdn.agromedium.com/uploads/2025/11/690db9bd0030b9dd184f/file.png"
"1769693586-328","https://www.agromedium.com/hu-hu/novenyvedo-szerek","","Battery","check_circle","17,8 g/l dikamba, 161 g/l MCPA","2027. aug. 15.","gyomirtó szer","2027. aug. 15.","","","https://cdn.agromedium.com/uploads/2019/04/67c9c6f3002ce784082b/thumbnail.png"
"1769693586-329","https://www.agromedium.com/hu-hu/novenyvedo-szerek","","Battle Delta","warning","200 g/l diflufenikán, 400 g/l flufenacet","2026. dec. 10.","gyomirtó szer","","","","https://cdn.agromedium.com/uploads/2019/04/67c9c5be0013b6f965bb/thumbnail.png"
"1769693586-330","https://www.agromedium.com/hu-hu/novenyvedo-szerek","","Bayer - Adengo Plus","package_2","12 ha/csomag: kukorica","6x1 l Delion","","","","","https://cdn.agromedium.com/uploads/2019/09/67c9c6f400102ba14e1a/thumbnail.png"
"1769693586-331","https://www.agromedium.com/hu-hu/novenyvedo-szerek","","Bayer - Alma Csomag","package_2","4 ha/csomag: alma","2 l Luna Experience","","","","",""
"1769693586-332","https://www.agromedium.com/hu-hu/novenyvedo-szerek","","Bayer - Capreno Pack","package_2","10 ha/csomag: kukorica","3 l Capreno","","","","","https://cdn.agromedium.com/uploads/2019/09/67c9c6f400102ba14e1a/thumbnail.png"
"1769693586-333","https://www.agromedium.com/hu-hu/novenyvedo-szerek","","","","","","","","","","https://cdn.agromedium.com/uploads/2026/01/697082e3000e0b656054/file.png"
"1769693586-334","https://www.agromedium.com/hu-hu/novenyvedo-szerek","","Bayer - Lamardor Active","package_2","10 t vetőmag: árpa, búza, rozs, tritikálé, zab","2 l Lamardor 400 FS","","","","","https://cdn.agromedium.com/uploads/2019/09/67c9c6f400102ba14e1a/thumbnail.png"
"1769693586-335","https://www.agromedium.com/hu-hu/novenyvedo-szerek","","Bayer - Laudis Smart","package_2","7,5 ha/csomag: kukorica","1 l Decis Mega","3x5 l Laudis","","","","https://cdn.agromedium.com/uploads/2019/09/67c9c6f400102ba14e1a/thumbnail.png"
"1769693586-336","https://www.agromedium.com/hu-hu/novenyvedo-szerek","","Bayer - Profi Kalászvédelem Csomag","package_2","60 ha/csomag: kalászosok","2x5 l Input 460 EC","","","","","https://cdn.agromedium.com/uploads/2019/09/67c9c6f400102ba14e1a/thumbnail.png"
"1769693586-337","https://www.agromedium.com/hu-hu/novenyvedo-szerek","","Bayer - Repce Trió","package_2","10 ha/csomag: káposztarepce","1 l Decis Forte","2x5 l Propulse","","","","https://cdn.agromedium.com/uploads/2019/09/67c9c6f400102ba14e1a/thumbnail.png"
"1769693586-338","https://www.agromedium.com/hu-hu/novenyvedo-szerek","","Bayer - Rovarölő Csomag","package_2","gyümölcsfélék, szőlő, zöldségfélék","2 l Sivanto Prime","","","","","https://cdn.agromedium.com/uploads/2019/09/67c9c6f400102ba14e1a/thumbnail.png"
"1769693586-339","https://www.agromedium.com/hu-hu/novenyvedo-szerek","","","","","","","","","","https://cdn.agromedium.com/uploads/2026/01/6969f7e8002c1baa38cf/file.png"
"1769693586-340","https://www.agromedium.com/hu-hu/novenyvedo-szerek","","Bayer - Szőlő Csomag","package_2","2 ha/csomag: szőlő","2 l Luna Max","","","","","https://cdn.agromedium.com/uploads/2019/09/67c9c6f400102ba14e1a/thumbnail.png"
"1769693586-341","https://www.agromedium.com/hu-hu/novenyvedo-szerek","","Bazoka","check_circle","750 g/kg tribenuron-metil","2035. jan. 30.","gyomirtó szer","2035. jan. 30.","","","https://cdn.agromedium.com/uploads/2023/01/67c9c5c70039285dc50f/thumbnail.png"
"1769693586-342","https://www.agromedium.com/hu-hu/novenyvedo-szerek","","Beckmann","check_circle","8 g/kg 2,4-D, 1,2 g/kg dikamba, 32 % NPK","2027. szept. 30.","gyomirtó szer","2027. szept. 30.","","","https://cdn.agromedium.com/uploads/2023/06/67c9c76c0004cd4e3bb7/thumbnail.png"
"1769693586-343","https://www.agromedium.com/hu-hu/novenyvedo-szerek","","BeePlus","check_circle","50 g/l citrál, 25 g/l eugenol","2029. jan. 31.","méh attraktáns – beporzást segítő anyag","2029. jan. 31.","","","https://cdn.agromedium.com/uploads/2019/10/67c9c6fa000ba15ae8da/thumbnail.png"
"1769693586-344","https://www.agromedium.com/hu-hu/novenyvedo-szerek","","Beetmax Duo","check_circle","190 g/l etofumezát, 200 g/l fenmedifam","2027. jan. 31.","gyomirtó szer","2027. jan. 31.","","","https://cdn.agromedium.com/uploads/2020/04/67c9c5c5003bb7c20c20/thumbnail.png"
"1769693586-345","https://www.agromedium.com/hu-hu/novenyvedo-szerek","","","","","","","","","","https://cdn.agromedium.com/uploads/2025/11/690db9bd0030b9dd184f/file.png"
"1769693586-346","https://www.agromedium.com/hu-hu/novenyvedo-szerek","","Belem 0,8 MG","check_circle","8 g/kg cipermetrin","2028. okt. 31.","talajfertőtlenítő szer","2028. okt. 31.","","counter_1","https://cdn.agromedium.com/uploads/2019/04/67c9c5be0026299f6d49/thumbnail.png"
"1769693586-347","https://www.agromedium.com/hu-hu/novenyvedo-szerek","","Belkar","check_circle","10 g/l halauxifen-metil, 48 g/l pikloram","2029. ápr. 30.","gyomirtó szer","2029. ápr. 30.","","","https://cdn.agromedium.com/uploads/2025/03/67e7a23d00318586422c/thumbnail.jpg"
"1769693586-348","https://www.agromedium.com/hu-hu/novenyvedo-szerek","","Bellis","check_circle","252 g/kg boszkalid, 128 g/kg piraklostrobin","2029. júl. 31.","gombaölő szer","2029. júl. 31.","","","https://cdn.agromedium.com/uploads/2020/09/67c9c5c70014019edcec/thumbnail.jpg"
"1769693586-349","https://www.agromedium.com/hu-hu/novenyvedo-szerek","","Beloukha","check_circle","680 g/l pelargonsav","2027. dec. 1.","gyomirtó szer","2027. dec. 1.","","","https://cdn.agromedium.com/uploads/2023/01/67c9c5c70039285dc50f/thumbnail.png"
"1769693586-350","https://www.agromedium.com/hu-hu/novenyvedo-szerek","","Beloukha Garden","check_circle","500 g/l pelargonsav","2029. márc. 31.","gyomirtó szer","2029. márc. 31.","","","https://cdn.agromedium.com/uploads/2023/01/67c9c5c70039285dc50f/thumbnail.png"
"1769693586-351","https://www.agromedium.com/hu-hu/novenyvedo-szerek","","","","","","","","","","https://cdn.agromedium.com/uploads/2025/06/6847e89a00115b091f3c/file.png"
"1769693586-352","https://www.agromedium.com/hu-hu/novenyvedo-szerek","","Beltanol","check_circle","373,7 g/l 8-hidroxi-kinolin","2028. jan. 31.","gombaölő permetezőszer","2028. jan. 31.","","","https://cdn.agromedium.com/uploads/2019/04/67c9c6f8002fe783f03a/thumbnail.png"
"1769693586-353","https://www.agromedium.com/hu-hu/novenyvedo-szerek","","Bendrive","check_circle","870 g/kg bentazon","2026. máj. 31.","gyomirtó szer","2026. máj. 31.","","","https://cdn.agromedium.com/uploads/2019/04/67c9c6f3002ce784082b/thumbnail.png"
"1769693586-354","https://www.agromedium.com/hu-hu/novenyvedo-szerek","","Benevia","check_circle","100 g/l ciántraniliprol","2027. szept. 14.","rovarölő szer","2027. szept. 14.","","","https://cdn.agromedium.com/uploads/2019/04/67c9c5be0013b6f965bb/thumbnail.png"
"1769693586-355","https://www.agromedium.com/hu-hu/novenyvedo-szerek","","Benflunova 600 WDG","error","600 g/kg benfluralin","2023. aug. 12.","gyomirtó szer","","2023. aug. 12.","","https://cdn.agromedium.com/uploads/2019/04/67c9c5be0026299f6d49/thumbnail.png"
"1769693586-356","https://www.agromedium.com/hu-hu/novenyvedo-szerek","","Beni 87 SG","check_circle","870 g/kg bentazon","2026. máj. 31.","gyomirtó szer","2026. máj. 31.","","","https://cdn.agromedium.com/uploads/2019/04/67c9c6f3002ce784082b/thumbnail.png"
"1769693586-357","https://www.agromedium.com/hu-hu/novenyvedo-szerek","","","","","","","","","","https://cdn.agromedium.com/uploads/2026/01/697082e3000e0b656054/file.png"
"1769693586-358","https://www.agromedium.com/hu-hu/novenyvedo-szerek","","Benta 480 SL","check_circle","480 g/l bentazon","2027. máj. 31.","gyomirtó szer","2027. máj. 31.","","","https://cdn.agromedium.com/uploads/2019/04/67c9c6f3002ce784082b/thumbnail.png"
"1769693586-359","https://www.agromedium.com/hu-hu/novenyvedo-szerek","","Bentaki","check_circle","480 g/l bentazon","2027. máj. 31.","gyomirtó szer","2027. máj. 31.","","","https://cdn.agromedium.com/uploads/2019/04/67c9c6f3002ce784082b/thumbnail.png"
"1769693586-360","https://www.agromedium.com/hu-hu/novenyvedo-szerek","","Bestico APPI csapdák","check_circle","","2029. márc. 31.","rovarcsapda","2029. márc. 31.","","","https://cdn.agromedium.com/uploads/2024/05/67c9c7160028eade76b4/thumbnail.jpg"
"1769693586-361","https://www.agromedium.com/hu-hu/novenyvedo-szerek","","Bestico fürkészlégy","check_circle","Muscidifurax raptorellus","2029. dec. 31.","makroszervezet","2029. dec. 31.","","","https://cdn.agromedium.com/uploads/2024/05/67c9c7160028eade76b4/thumbnail.jpg"
"1769693586-362","https://www.agromedium.com/hu-hu/novenyvedo-szerek","","Bestico ragadozó atkák","check_circle","","2029. márc. 31.","makroszervezet","2029. márc. 31.","","","https://cdn.agromedium.com/uploads/2024/05/67c9c7160028eade76b4/thumbnail.jpg"
"1769693586-363","https://www.agromedium.com/hu-hu/novenyvedo-szerek","","","","","","","","","","https://cdn.agromedium.com/uploads/2025/06/6847e89a00115b091f3c/file.png"
"1769693586-364","https://www.agromedium.com/hu-hu/novenyvedo-szerek","","Bestico ragadozó légy","check_circle","Hydrotaea aenescens","2028. júl. 11.","makroszervezet","2028. júl. 11.","","",""
"1769693586-365","https://www.agromedium.com/hu-hu/novenyvedo-szerek","","Betanal Tandem","check_circle","190 g/l etofumezát, 200 g/l fenmedifam","2027. jan. 31.","gyomirtó szer","2027. jan. 31.","","","https://cdn.agromedium.com/uploads/2019/09/67c9c6f400102ba14e1a/thumbnail.png"
"1769693586-366","https://www.agromedium.com/hu-hu/novenyvedo-szerek","","Betasana SC","check_circle","160 g/l fenmedifam","2026. febr. 15.","gyomirtó szer","2026. febr. 15.","","","https://cdn.agromedium.com/uploads/2020/04/67c9c5c5003bb7c20c20/thumbnail.png"
"1769693586-367","https://www.agromedium.com/hu-hu/novenyvedo-szerek","","Bettix SC","check_circle","700 g/l metamitron","2029. ápr. 30.","gyomirtó szer","2029. ápr. 30.","","","https://cdn.agromedium.com/uploads/2024/03/67c9c5be001da30ef4a5/thumbnail.png"
"1769693586-368","https://www.agromedium.com/hu-hu/novenyvedo-szerek","","Bettix WG","check_circle","700 g/kg metamitron","2027. szept. 30.","gyomirtó szer","2027. szept. 30.","","","https://cdn.agromedium.com/uploads/2020/04/67c9c5c5003bb7c20c20/thumbnail.png"
"1769693586-369","https://www.agromedium.com/hu-hu/novenyvedo-szerek","","","","","","","","","","https://cdn.agromedium.com/uploads/2026/01/697082e3000e0b656054/file.png"
"1769693586-370","https://www.agromedium.com/hu-hu/novenyvedo-szerek","","Beyond","check_circle","40 g/l imazamox","2028. jún. 30.","gyomirtó szer","2028. jún. 30.","","","https://cdn.agromedium.com/uploads/2020/09/67c9c5c70014019edcec/thumbnail.jpg"
"1769693586-371","https://www.agromedium.com/hu-hu/novenyvedo-szerek","","BH Aphimani","check_circle","Aphidius colemani fürkészdarázs","2031. szept. 30.","makroszervezet","2031. szept. 30.","","",""
"1769693586-372","https://www.agromedium.com/hu-hu/novenyvedo-szerek","","BH Aphivi","check_circle","Aphidius ervi fürkészdarázs","2031. szept. 30.","makroszervezet","2031. szept. 30.","","",""
"1769693586-373","https://www.agromedium.com/hu-hu/novenyvedo-szerek","","BH Aphiza","check_circle","Aphidoletes aphidimyza","2030. okt. 31.","makroszervezet","2030. okt. 31.","","","https://cdn.agromedium.com/uploads/2020/10/67c9c6fb0002c96b4465/thumbnail.jpg"
"1769693586-374","https://www.agromedium.com/hu-hu/novenyvedo-szerek","","BH Dacrica","check_circle","Dacnusa sibirica","2031. szept. 30.","makroszervezet","2031. szept. 30.","","",""
"1769693586-375","https://www.agromedium.com/hu-hu/novenyvedo-szerek","","","","","","","","","","https://cdn.agromedium.com/uploads/2025/11/690db9bd0030b9dd184f/file.png"
"1769693586-376","https://www.agromedium.com/hu-hu/novenyvedo-szerek","","BH Enermix","check_circle","Encarsia Formosa, Eretmocerus eremicus fürkészdarázs","2035. febr. 28.","makroszervezet","2035. febr. 28.","","",""
"1769693586-377","https://www.agromedium.com/hu-hu/novenyvedo-szerek","","Biathlon","error","714 g/kg tritoszulfuron","2025. máj. 7.","gyomirtó szer","","2025. máj. 7.","","https://cdn.agromedium.com/uploads/2020/09/67c9c5c70014019edcec/thumbnail.jpg"
"1769693586-378","https://www.agromedium.com/hu-hu/novenyvedo-szerek","","Biathlon 4D","error","54 g/kg floraszulam, 714 g/kg tritoszulfuron","2025. máj. 7.","gyomirtó szer","","2025. máj. 7.","","https://cdn.agromedium.com/uploads/2020/09/67c9c5c70014019edcec/thumbnail.jpg"
"1769693586-379","https://www.agromedium.com/hu-hu/novenyvedo-szerek","","Bika 480 S","check_circle","480 g/l dikamba","2028. márc. 31.","gyomirtó szer","2028. márc. 31.","","","https://cdn.agromedium.com/uploads/2019/03/67c9c5c60007ec5337c9/thumbnail.png"
"1769693586-380","https://www.agromedium.com/hu-hu/novenyvedo-szerek","","Biloxa","check_circle","70 g/l kizalofop-P-etil, 140 g/l kletodim","2027. aug. 31.","gyomirtó szer","2027. aug. 31.","","","https://cdn.agromedium.com/uploads/2025/03/67e7a23d00318586422c/thumbnail.jpg"
"1769693586-381","https://www.agromedium.com/hu-hu/novenyvedo-szerek","","","","","","","","","","https://cdn.agromedium.com/uploads/2026/01/6969f7e8002c1baa38cf/file.png"
"1769693586-382","https://www.agromedium.com/hu-hu/novenyvedo-szerek","","Bio Plantella Arion Csigaírtó granulátum","check_circle","10 g/kg vas-foszfát","2031. dec. 31.","csigaölő szer","2031. dec. 31.","","",""
"1769693586-383","https://www.agromedium.com/hu-hu/novenyvedo-szerek","","Bio Plantella Flora Permet","check_circle","2 g/l piretrin","2027. nov. 30.","rovarölő szer","2027. nov. 30.","","",""
"1769693586-384","https://www.agromedium.com/hu-hu/novenyvedo-szerek","","Bio-Film Ultra","check_circle","197,2 g/l etoxilált szójabab olaj, 345,1 g/l polioxietilén-szorbitán-monooleát","2028. jún. 22.","permetezőszer segédanyag","2028. jún. 22.","","","https://cdn.agromedium.com/uploads/2019/04/67c9c5c1001d85f5c905/thumbnail.png"
"1769693586-385","https://www.agromedium.com/hu-hu/novenyvedo-szerek","","BIOBEST AMBLYSEIUS","check_circle","200 db/tasak Amblyseius cucumeris ragadozó atka","2029. dec. 31.","rovarölő szer","2029. dec. 31.","","","https://cdn.agromedium.com/uploads/2019/11/67c9c6fb0011e2a8703e/thumbnail.jpg"
"1769693586-386","https://www.agromedium.com/hu-hu/novenyvedo-szerek","","BIOBEST ENCARSIA","check_circle","Encarsia Formosa","2029. dec. 31.","rovarölő szer","2029. dec. 31.","","","https://cdn.agromedium.com/uploads/2019/11/67c9c6fb0011e2a8703e/thumbnail.jpg"
"1769693586-387","https://www.agromedium.com/hu-hu/novenyvedo-szerek","","","","","","","","","","https://cdn.agromedium.com/uploads/2025/06/6847e89a00115b091f3c/file.png"
"1769693586-388","https://www.agromedium.com/hu-hu/novenyvedo-szerek","","Biobest fürkészdarázs","error","Aphelinus abdominalis fürkészdarázs, Aphidius colemani, Aphidius ervi, Diglyphus isaea, Eretmocerus eremicus, Leptomastix dactylopii, Trichogramma achaeae fürkészdarázs","2024. márc. 31.","élő állat","","2024. márc. 31.","","https://cdn.agromedium.com/uploads/2019/11/67c9c6fb0011e2a8703e/thumbnail.jpg"
"1769693586-389","https://www.agromedium.com/hu-hu/novenyvedo-szerek","","Biobest fürkészdarázs Aphelinus abdominalis","check_circle","Aphelinus abdominalis fürkészdarázs","2034. márc. 31.","makroszervezet","2034. márc. 31.","","","https://cdn.agromedium.com/uploads/2019/11/67c9c6fb0011e2a8703e/thumbnail.jpg"
"1769693586-390","https://www.agromedium.com/hu-hu/novenyvedo-szerek","","Biobest fürkészdarázs Aphidius colemani","check_circle","Aphidius colemani fürkészdarázs","2034. márc. 31.","makroszervezet","2034. márc. 31.","","","https://cdn.agromedium.com/uploads/2019/11/67c9c6fb0011e2a8703e/thumbnail.jpg"
"1769693586-391","https://www.agromedium.com/hu-hu/novenyvedo-szerek","","Biobest fürkészdarázs Aphidius ervi","check_circle","Aphidius ervi fürkészdarázs","2034. márc. 31.","makroszervezet","2034. márc. 31.","","","https://cdn.agromedium.com/uploads/2019/11/67c9c6fb0011e2a8703e/thumbnail.jpg"
"1769693586-392","https://www.agromedium.com/hu-hu/novenyvedo-szerek","","Biobest fürkészdarázs Diglyphus isaea","check_circle","Digyphus isaea fürkészdarázs","2034. márc. 31.","makroszervezet","2034. márc. 31.","","","https://cdn.agromedium.com/uploads/2019/11/67c9c6fb0011e2a8703e/thumbnail.jpg"
"1769693586-393","https://www.agromedium.com/hu-hu/novenyvedo-szerek","","","","","","","","","","https://cdn.agromedium.com/uploads/2025/11/690db9bd0030b9dd184f/file.png"
"1769693586-394","https://www.agromedium.com/hu-hu/novenyvedo-szerek","","Biobest fürkészdarázs Eretmocerus eremicus","check_circle","Eretmocerus eremicus fürkészdarázs","2034. márc. 31.","makroszervezet","2034. márc. 31.","","","https://cdn.agromedium.com/uploads/2019/11/67c9c6fb0011e2a8703e/thumbnail.jpg"
"1769693586-395","https://www.agromedium.com/hu-hu/novenyvedo-szerek","","Biobest fürkészdarázs Trichogramma achaeae","check_circle","Trichogramma achaeae fürkészdarázs","2034. márc. 31.","makroszervezet","2034. márc. 31.","","","https://cdn.agromedium.com/uploads/2019/11/67c9c6fb0011e2a8703e/thumbnail.jpg"
"1769693586-396","https://www.agromedium.com/hu-hu/novenyvedo-szerek","","Biobest Helico","check_circle","feromon","2035. máj. 31.","illatanyag csapda","2035. máj. 31.","","","https://cdn.agromedium.com/uploads/2019/11/67c9c6fb0011e2a8703e/thumbnail.jpg"
"1769693586-397","https://www.agromedium.com/hu-hu/novenyvedo-szerek","","BIOBEST MACROLOPHUS","check_circle","5 db/2 cm3 Macrolophus caliginosus (ragadozó poloska)","2029. dec. 31.","rovarölő szer","2029. dec. 31.","","","https://cdn.agromedium.com/uploads/2019/11/67c9c6fb0011e2a8703e/thumbnail.jpg"
"1769693586-398","https://www.agromedium.com/hu-hu/novenyvedo-szerek","","BIOBEST MONTI","check_circle","Amblyseius montdorensis ragadozó atka","2030. szept. 30.","biológiai rovarölő szer","2030. szept. 30.","","",""
"1769693586-399","https://www.agromedium.com/hu-hu/novenyvedo-szerek","","","","","","","","","","https://cdn.agromedium.com/uploads/2025/06/6847e89a00115b091f3c/file.png"
"1769693586-400","https://www.agromedium.com/hu-hu/novenyvedo-szerek","","BIOBEST ORIUS","check_circle","5 db/cm3 Orius laevigatus (ragadozó poloska)","2029. dec. 31.","biológiai rovarölő szer","2029. dec. 31.","","","https://cdn.agromedium.com/uploads/2019/11/67c9c6fb0011e2a8703e/thumbnail.jpg"
"1769693586-401","https://www.agromedium.com/hu-hu/novenyvedo-szerek","","Biobest parazita fonálféreg","error","Phasmarhabditis hermaphrodita, Steinernema feltiae parazita fonálféreg","2024. márc. 31.","élő állat","","2024. márc. 31.","","https://cdn.agromedium.com/uploads/2019/11/67c9c6fb0011e2a8703e/thumbnail.jpg"
"1769693586-402","https://www.agromedium.com/hu-hu/novenyvedo-szerek","","Biobest parazita fonálféreg Pharmarhabditis californica","check_circle","Pharmarhabditis californica parazita fonálféreg","2034. márc. 31.","makroszervezet","2034. márc. 31.","","","https://cdn.agromedium.com/uploads/2019/11/67c9c6fb0011e2a8703e/thumbnail.jpg"
"1769693586-403","https://www.agromedium.com/hu-hu/novenyvedo-szerek","","Biobest parazita fonálféreg Steinernema feltiae","check_circle","Steinernema feltiae parazita fonálféreg","2034. márc. 31.","makroszervezet","2034. márc. 31.","","","https://cdn.agromedium.com/uploads/2019/11/67c9c6fb0011e2a8703e/thumbnail.jpg"
"1769693586-404","https://www.agromedium.com/hu-hu/novenyvedo-szerek","","Biobest ragacsos illatanyag- és színcsapda","error","feromon ((E,Z)-3,8-tetradekadién-1-il acetát), feromon ((E,Z)-3,8,11-tetradecatrienil-acetát), feromon ((Z)-11-hexadekanal), feromon ((Z)-9-hexadekanal), feromon (hexadekán-1-ol), feromon (hexadekanal)","2025. máj. 31.","ragacsos szín- és illatanyagcsapda (növényvédelmi célú eszköz)","","2025. máj. 31.","","https://cdn.agromedium.com/uploads/2019/11/67c9c6fb0011e2a8703e/thumbnail.jpg"
"1769693586-405","https://www.agromedium.com/hu-hu/novenyvedo-szerek","","","","","","","","","","https://cdn.agromedium.com/uploads/2026/01/697082e3000e0b656054/file.png"
"1769693586-406","https://www.agromedium.com/hu-hu/novenyvedo-szerek","","Biobest ragacsos színcsapdák","check_circle","","2035. máj. 31.","ragacsos színcsapda","2035. máj. 31.","","","https://cdn.agromedium.com/uploads/2019/11/67c9c6fb0011e2a8703e/thumbnail.jpg"
"1769693586-407","https://www.agromedium.com/hu-hu/novenyvedo-szerek","","Biobest ragadozó atka Amblyseius andersonii","check_circle","Amblyseius andersoni ragadozó atka","2034. márc. 31.","makroszervezet","2034. márc. 31.","","","https://cdn.agromedium.com/uploads/2019/11/67c9c6fb0011e2a8703e/thumbnail.jpg"
"1769693586-408","https://www.agromedium.com/hu-hu/novenyvedo-szerek","","Biobest ragadozó atka Amblyseius californicus","check_circle","Amblyseius californicus ragadozó atka","2034. márc. 31.","makroszervezet","2034. márc. 31.","","","https://cdn.agromedium.com/uploads/2019/11/67c9c6fb0011e2a8703e/thumbnail.jpg"
"1769693586-409","https://www.agromedium.com/hu-hu/novenyvedo-szerek","","Biobest ragadozó atka Amblyseius degenerans","check_circle","Amblyseius degenerans ragadozó atka","2034. márc. 31.","makroszervezet","2034. márc. 31.","","","https://cdn.agromedium.com/uploads/2019/11/67c9c6fb0011e2a8703e/thumbnail.jpg"
"1769693586-410","https://www.agromedium.com/hu-hu/novenyvedo-szerek","","Biobest ragadozó atka Amblyseius swirskii","check_circle","Amblyseius swirskii ragadozó atka","2034. márc. 31.","makroszervezet","2034. márc. 31.","","","https://cdn.agromedium.com/uploads/2019/11/67c9c6fb0011e2a8703e/thumbnail.jpg"
"1769693586-411","https://www.agromedium.com/hu-hu/novenyvedo-szerek","","","","","","","","","","https://cdn.agromedium.com/uploads/2025/06/6847e89a00115b091f3c/file.png"
"1769693586-412","https://www.agromedium.com/hu-hu/novenyvedo-szerek","","Biobest ragadozó atka Hypoaspis miles","check_circle","Hypoaspis miles ragadozó atka","2034. márc. 31.","makroszervezet","2034. márc. 31.","","","https://cdn.agromedium.com/uploads/2019/11/67c9c6fb0011e2a8703e/thumbnail.jpg"
"1769693586-413","https://www.agromedium.com/hu-hu/novenyvedo-szerek","","Biobest ragadozó atka Phytoseiulus persimilis","check_circle","Phytoseiulus persimilis ragadozó atka","2034. márc. 31.","makroszervezet","2034. márc. 31.","","","https://cdn.agromedium.com/uploads/2019/11/67c9c6fb0011e2a8703e/thumbnail.jpg"
"1769693586-414","https://www.agromedium.com/hu-hu/novenyvedo-szerek","","Biobest ragadozó katicabogár Adalia bipunctata","check_circle","Adalia bipunctata ragadozó katicabogár","2034. márc. 31.","makroszervezet","2034. márc. 31.","","","https://cdn.agromedium.com/uploads/2019/11/67c9c6fb0011e2a8703e/thumbnail.jpg"
"1769693586-415","https://www.agromedium.com/hu-hu/novenyvedo-szerek","","Biobest ragadozó katicabogár Cryptolaemus montrouzeri","check_circle","Cryptolaemus montrouzeri ragadozó katicabogár","2034. márc. 31.","makroszervezet","2034. márc. 31.","","","https://cdn.agromedium.com/uploads/2019/11/67c9c6fb0011e2a8703e/thumbnail.jpg"
"1769693586-416","https://www.agromedium.com/hu-hu/novenyvedo-szerek","","Biobest ragadozó katicabogár Delphastus catalinae","check_circle","Delphastus catalinae ragadozó katicabogár","2034. márc. 31.","makroszervezet","2034. márc. 31.","","","https://cdn.agromedium.com/uploads/2019/11/67c9c6fb0011e2a8703e/thumbnail.jpg"
"1769693586-417","https://www.agromedium.com/hu-hu/novenyvedo-szerek","","","","","","","","","","https://cdn.agromedium.com/uploads/2025/11/690db9bd0030b9dd184f/file.png"
"1769693586-418","https://www.agromedium.com/hu-hu/novenyvedo-szerek","","Biobest Tuta","check_circle","feromon","2035. máj. 31.","illatanyag csapda","2035. máj. 31.","","","https://cdn.agromedium.com/uploads/2019/11/67c9c6fb0011e2a8703e/thumbnail.jpg"
"1769693586-419","https://www.agromedium.com/hu-hu/novenyvedo-szerek","","BIOBEST VIRÁGBEPORZÓ","check_circle","Bombus terrestris (földi poszméh)","2029. dec. 31.","biológiai rovarölő szer","2029. dec. 31.","","","https://cdn.agromedium.com/uploads/2019/11/67c9c6fb0011e2a8703e/thumbnail.jpg"
"1769693586-420","https://www.agromedium.com/hu-hu/novenyvedo-szerek","","Biocera fasebkezelő és oltóviasz","check_circle","450 g/kg denaturált szesz, 233 g/kg fenyőgyanta, 103 g/kg marhafaggyú, 39,5 g/kg méhviasz, 21 g/kg növényolaj, 3,5 g/kg vas(III)-oxid (hematit)","2029. dec. 31.","fasebkezelő és oltóviasz","2029. dec. 31.","","","https://cdn.agromedium.com/uploads/2019/11/67c9c6fb0032b1460b9d/thumbnail.jpg"
"1769693586-421","https://www.agromedium.com/hu-hu/novenyvedo-szerek","","Biocont élő szervezetek","check_circle","Amblyseius swirskii ragadozó atka, Aphidius colemani, Bombus terrestris (földi poszméh), Encarsia Formosa, Macrolophus pygmaeus, Orius laevigatus (ragadozó poloska), Phytoseiulus persimilis ragadozó atka","2030. júl. 31.","makroszervezet","2030. júl. 31.","","","https://cdn.agromedium.com/uploads/2019/09/67c9c5cf002c6dbae44c/thumbnail.png"
"1769693586-422","https://www.agromedium.com/hu-hu/novenyvedo-szerek","","Biocont Kén WG","check_circle","796 g/kg kén","2027. júl. 31.","gombaölő szer","2027. júl. 31.","","","https://cdn.agromedium.com/uploads/2019/09/67c9c5cf002c6dbae44c/thumbnail.png"
"1769693586-423","https://www.agromedium.com/hu-hu/novenyvedo-szerek","","","","","","","","","","https://cdn.agromedium.com/uploads/2026/01/6969f7e8002c1baa38cf/file.png"
"1769693586-424","https://www.agromedium.com/hu-hu/novenyvedo-szerek","","Biocont színcsapdás rovarfogó lap","check_circle","16 % polietilén, 12 % polipropilén, 46 % polipropilén oligomerek, 26 % ragasztóanyag","2030. nov. 30.","egyéb szer","2030. nov. 30.","","","https://cdn.agromedium.com/uploads/2019/09/67c9c5cf002c6dbae44c/thumbnail.png"
"1769693586-425","https://www.agromedium.com/hu-hu/novenyvedo-szerek","","BioFito Erősítő","check_circle","1,01 g/l zsurlókivonat","2035. aug. 31.","növényápoló szer","2035. aug. 31.","","","https://cdn.agromedium.com/uploads/2019/11/67c9c6fc000181473228/thumbnail.png"
"1769693586-426","https://www.agromedium.com/hu-hu/novenyvedo-szerek","","BioFito Természetes Növényápoló","warning","0,5 % fenyőolaj","Eltarthatósági idő végéig","növényápoló szer","","","","https://cdn.agromedium.com/uploads/2019/11/67c9c6fc00041d716aa7/thumbnail.jpg"
"1769693586-427","https://www.agromedium.com/hu-hu/novenyvedo-szerek","","Bioforte növényápoló szer","check_circle","10 g/l napraforgó olaj","2031. dec. 31.","növényápoló szer","2031. dec. 31.","","","https://cdn.agromedium.com/uploads/2019/11/67c9c6fc000aba163603/thumbnail.png"
"1769693586-428","https://www.agromedium.com/hu-hu/novenyvedo-szerek","","Biokoll E","check_circle","15 % fehérje-cink-komplex, 0,1 % propionsav","2032. szept. 30.","tapadásfokozó segédanyag","2032. szept. 30.","","","https://cdn.agromedium.com/uploads/2019/11/67c9c6fc000692c47471/thumbnail.png"
"1769693586-429","https://www.agromedium.com/hu-hu/novenyvedo-szerek","","","","","","","","","","https://cdn.agromedium.com/uploads/2026/01/697082e3000e0b656054/file.png"
"1769693586-430","https://www.agromedium.com/hu-hu/novenyvedo-szerek","","Biola-agro növényápoló szer","check_circle","500 g/l napraforgó olaj","2031. dec. 1.","növényápoló szer","2031. dec. 1.","","","https://cdn.agromedium.com/uploads/2019/11/67c9c6fc000aba163603/thumbnail.png"
"1769693586-431","https://www.agromedium.com/hu-hu/novenyvedo-szerek","","Biola-plant növényápoló szer","check_circle","10 g/l napraforgó olaj","2031. dec. 31.","növényápoló szer","2031. dec. 31.","","","https://cdn.agromedium.com/uploads/2019/11/67c9c6fc000aba163603/thumbnail.png"
"1769693586-432","https://www.agromedium.com/hu-hu/novenyvedo-szerek","","Bioline atka","check_circle","Amblyseius swirskii ragadozó atka, Phytoseiulus persimilis ragadozó atka","2026. aug. 1.","makroszervezet","2026. aug. 1.","","","https://cdn.agromedium.com/uploads/2023/03/67c9c5c50021e7685e21/thumbnail.jpg"
"1769693586-433","https://www.agromedium.com/hu-hu/novenyvedo-szerek","","Bioline atka II.","check_circle","Amblyseius andersoni ragadozó atka, Ambylseius montdorensis ragadozó atka","2029. márc. 31.","makroszervezet","2029. márc. 31.","","","https://cdn.agromedium.com/uploads/2023/03/67c9c5c50021e7685e21/thumbnail.jpg"
"1769693586-434","https://www.agromedium.com/hu-hu/novenyvedo-szerek","","Bioline fürkészdarázs","check_circle","Encarsia Formosa","2026. aug. 1.","makroszervezet","2026. aug. 1.","","","https://cdn.agromedium.com/uploads/2023/03/67c9c5c50021e7685e21/thumbnail.jpg"
"1769693586-435","https://www.agromedium.com/hu-hu/novenyvedo-szerek","","","","","","","","","","https://cdn.agromedium.com/uploads/2026/01/6969f7e8002c1baa38cf/file.png"
"1769693586-436","https://www.agromedium.com/hu-hu/novenyvedo-szerek","","Bioline fürkészdarázs II.","check_circle","Aphidius ervi fürkészdarázs, Trichogramma brassicae fürkészdarázs, Trichogramma evanescens fürkészdarázs, Trichogramma brassicae fürkészdarázs, Trichogramma pintoi fürkészdarázs","2029. márc. 31.","makroszervezet","2029. márc. 31.","","","https://cdn.agromedium.com/uploads/2023/03/67c9c5c50021e7685e21/thumbnail.jpg"
"1769693586-437","https://www.agromedium.com/hu-hu/novenyvedo-szerek","","Bioline poloska","check_circle","Macrolophus pygmaeus, Orius laevigatus","2026. aug. 1.","makroszervezet","2026. aug. 1.","","","https://cdn.agromedium.com/uploads/2023/03/67c9c5c50021e7685e21/thumbnail.jpg"
"1769693586-438","https://www.agromedium.com/hu-hu/novenyvedo-szerek","","Bioline poszméh","check_circle","Bombus terrestris (földi poszméh)","2026. aug. 1.","makroszervezet","2026. aug. 1.","","","https://cdn.agromedium.com/uploads/2023/03/67c9c5c50021e7685e21/thumbnail.jpg"
"1769693586-439","https://www.agromedium.com/hu-hu/novenyvedo-szerek","","Bioline szignalizációs csapda","check_circle","feromon ((R)-lavandulil-acetát), feromon (neril-(S)-2-metilbutanoát)","2029. márc. 31.","ragacsos szín- és illatanyagcsapda (növényvédelmi célú eszköz)","2029. márc. 31.","","",""
"1769693586-440","https://www.agromedium.com/hu-hu/novenyvedo-szerek","","Bioplantella Ragacsos Csíkcsapda","check_circle","700 g/kg poliizobutilén","2030. jan. 31.","előrejelzési célú ragacsos rovarcsapda","2030. jan. 31.","","",""
"1769693586-441","https://www.agromedium.com/hu-hu/novenyvedo-szerek","","","","","","","","","","https://cdn.agromedium.com/uploads/2026/01/697082e3000e0b656054/file.png"
"1769693586-442","https://www.agromedium.com/hu-hu/novenyvedo-szerek","","Bioplantella színcsapda lapok","check_circle","700 g/kg poliizobutilén","2029. szept. 30.","ragacsos rovarcsapda","2029. szept. 30.","","",""
"1769693586-443","https://www.agromedium.com/hu-hu/novenyvedo-szerek","","BioRaptor AC","check_circle","Heterrorhabditis bacteriophora parazita fonálféreg","2029. szept. 30.","makroszervezet","2029. szept. 30.","","","https://cdn.agromedium.com/uploads/2019/11/67c9c6fc00188533e36d/thumbnail.png"
"1769693586-444","https://www.agromedium.com/hu-hu/novenyvedo-szerek","","BioRaptor B","check_circle","Stratiolaelaps scimitus ragadozó atka","2029. szept. 30.","makroszervezet","2029. szept. 30.","","","https://cdn.agromedium.com/uploads/2019/11/67c9c6fc00188533e36d/thumbnail.png"
"1769693586-445","https://www.agromedium.com/hu-hu/novenyvedo-szerek","","BioRaptor DC","check_circle","Steinernema feltiae parazita fonálféreg","2029. szept. 30.","makroszervezet","2029. szept. 30.","","","https://cdn.agromedium.com/uploads/2019/11/67c9c6fc00188533e36d/thumbnail.png"
"1769693586-446","https://www.agromedium.com/hu-hu/novenyvedo-szerek","","BioRaptor F","check_circle","Hydrotaea aenescens","2028. okt. 31.","makroszervezet","2028. okt. 31.","","","https://cdn.agromedium.com/uploads/2019/11/67c9c6fc00188533e36d/thumbnail.png"
"1769693586-447","https://www.agromedium.com/hu-hu/novenyvedo-szerek","","","","","","","","","","https://cdn.agromedium.com/uploads/2025/06/6847e89a00115b091f3c/file.png"
"1769693586-448","https://www.agromedium.com/hu-hu/novenyvedo-szerek","","BioRaptor W","check_circle","makroszervezet","2028. nov. 30.","makroszervezet","2028. nov. 30.","","","https://cdn.agromedium.com/uploads/2019/11/67c9c6fc00188533e36d/thumbnail.png"
"1769693586-449","https://www.agromedium.com/hu-hu/novenyvedo-szerek","","Biosild Duo","error","60 g/l prokloráz rézklorid komplex, 20 g/l tritikonazol","2021. dec. 31.","gombaölő szer","","2021. dec. 31.","","https://cdn.agromedium.com/uploads/2023/03/67c9c5e0003c40ead470/thumbnail.png"
"1769693586-450","https://www.agromedium.com/hu-hu/novenyvedo-szerek","","Biosild Extra","check_circle","25 g/l difenokonazol, 25 g/l fludioxonil","2029. júl. 31.","gombaölő csávázószer","2029. júl. 31.","","","https://cdn.agromedium.com/uploads/2023/03/67c9c5e0003c40ead470/thumbnail.png"
"1769693586-451","https://www.agromedium.com/hu-hu/novenyvedo-szerek","","Biosild Top","error","20 g/l tetrakonazol, 350 g/l tiofanát-metil","2021. ápr. 19.","csávázószer (gombaölő)","","2021. ápr. 19.","","https://cdn.agromedium.com/uploads/2023/03/67c9c5e0003c40ead470/thumbnail.png"
"1769693586-452","https://www.agromedium.com/hu-hu/novenyvedo-szerek","","Biosol Extra-Növényi Sampon","check_circle","1 % káliszappan","2032. júl. 31.","növényápoló szer","2032. júl. 31.","","","https://cdn.agromedium.com/uploads/2019/11/67c9c6fc00201ede0878/thumbnail.png"
"1769693586-453","https://www.agromedium.com/hu-hu/novenyvedo-szerek","","","","","","","","","","https://cdn.agromedium.com/uploads/2025/11/690db9bd0030b9dd184f/file.png"
"1769693586-454","https://www.agromedium.com/hu-hu/novenyvedo-szerek","","Biosol Káliszappan","check_circle","30 % káliszappan","2032. júl. 31.","növényápoló szer","2032. júl. 31.","","","https://cdn.agromedium.com/uploads/2019/11/67c9c6fc00201ede0878/thumbnail.png"
"1769693586-455","https://www.agromedium.com/hu-hu/novenyvedo-szerek","","Biosol Vadriasztó","check_circle","30 % káliszappan","2032. júl. 31.","vadriasztó szer","2032. júl. 31.","","","https://cdn.agromedium.com/uploads/2019/11/67c9c6fc00201ede0878/thumbnail.png"
"1769693586-456","https://www.agromedium.com/hu-hu/novenyvedo-szerek","","Biostop élelmiszermoly csapda","check_circle","feromon ((Z, E)- tetradeca 9,12-dienyl acetate), ragasztóanyag","2033. ápr. 30.","ragasztós feromoncsapda","2033. ápr. 30.","","","https://cdn.agromedium.com/uploads/2019/11/67c9c6fc0028b0a4f013/thumbnail.jpg"
"1769693586-457","https://www.agromedium.com/hu-hu/novenyvedo-szerek","","Biox-M","check_circle","948 g/l fodormentaolaj","2027. jan. 31.","növekedésszabályozó készítmény","2027. jan. 31.","","","https://cdn.agromedium.com/uploads/2023/01/67c9c5c70039285dc50f/thumbnail.png"
"1769693586-458","https://www.agromedium.com/hu-hu/novenyvedo-szerek","","Bismark","check_circle","55 g/l klomazon, 275 g/l pendimetalin","2027. szept. 30.","gyomirtó szer","2027. szept. 30.","","",""
"1769693586-459","https://www.agromedium.com/hu-hu/novenyvedo-szerek","","","","","","","","","","https://cdn.agromedium.com/uploads/2026/01/697082e3000e0b656054/file.png"
"1769693586-460","https://www.agromedium.com/hu-hu/novenyvedo-szerek","","Bizon","check_circle","100 g/l diflufenikán, 15 g/l penoxszulam, 3,75 g/l floraszulam","2027. máj. 15.","gyomirtó szer","2027. máj. 15.","","","https://cdn.agromedium.com/uploads/2025/03/67e7a23d00318586422c/thumbnail.jpg"
"1769693586-461","https://www.agromedium.com/hu-hu/novenyvedo-szerek","","Blade","check_circle","100 g/kg acetamiprid, 30 g/kg lambda-cihalotrin","2028. dec. 31.","rovarölő szer","2028. dec. 31.","","counter_6","https://cdn.agromedium.com/uploads/2019/04/67c9c5c1001d85f5c905/thumbnail.png"
"1769693586-462","https://www.agromedium.com/hu-hu/novenyvedo-szerek","","Blister","check_circle","250 g/l azoxistrobin","2027. dec. 31.","gombaölő szer","2027. dec. 31.","","","https://cdn.agromedium.com/uploads/2018/08/67c9c5bf000cfc1dad7b/thumbnail.jpg"
"1769693586-463","https://www.agromedium.com/hu-hu/novenyvedo-szerek","","Blossom Protect","check_circle","500 g/kg Aureobasidium pullulans (A), 427 g/kg citromsav","2027. jún. 30.","gombaölő permetezőszer","2027. jún. 30.","","","https://cdn.agromedium.com/uploads/2019/12/67c9c5e00038baa08a17/thumbnail.jpg"
"1769693586-464","https://www.agromedium.com/hu-hu/novenyvedo-szerek","","Blue Shield Hi Bio 25 WG","check_circle","423,7 g/kg rézhidroxid","2026. dec. 31.","gombaölő szer","2026. dec. 31.","","","https://cdn.agromedium.com/uploads/2024/03/67c9c5be001da30ef4a5/thumbnail.png"
"1769693586-465","https://www.agromedium.com/hu-hu/novenyvedo-szerek","","","","","","","","","","https://cdn.agromedium.com/uploads/2025/06/6847e89a00115b091f3c/file.png"
"1769693586-466","https://www.agromedium.com/hu-hu/novenyvedo-szerek","","Blumen természetes csigariasztó","check_circle","1000 g/kg magnézium-szilikát-hidrát","2027. máj. 2.","csigariasztó szer","2027. máj. 2.","","","https://cdn.agromedium.com/uploads/2019/11/67c9c6fc000181473228/thumbnail.png"
"1769693586-467","https://www.agromedium.com/hu-hu/novenyvedo-szerek","","Boa 360 CS","check_circle","360 g/l klomazon","2027. szept. 30.","gyomirtó szer","2027. szept. 30.","","",""
"1769693586-468","https://www.agromedium.com/hu-hu/novenyvedo-szerek","","Bofix Garden","check_circle","2,5 g/l floraszulam, 144 g/l fluroxipir-meptil, 80 g/l klopiralid","2027. okt. 31.","gyomirtó szer","2027. okt. 31.","","","https://cdn.agromedium.com/uploads/2025/03/67e7a23d00318586422c/thumbnail.jpg"
"1769693586-469","https://www.agromedium.com/hu-hu/novenyvedo-szerek","","Bolid 250 SE","check_circle","250 g/l azoxistrobin","2028. máj. 31.","gombaölő szer","2028. máj. 31.","","",""
"1769693586-470","https://www.agromedium.com/hu-hu/novenyvedo-szerek","","Bomber","check_circle","15 g/kg teflutrin","2028. szept. 19.","talajfertőtlenítő szer","2028. szept. 19.","","","https://cdn.agromedium.com/uploads/2019/03/67c9c5c60007ec5337c9/thumbnail.png"
"1769693586-471","https://www.agromedium.com/hu-hu/novenyvedo-szerek","","","","","","","","","","https://cdn.agromedium.com/uploads/2025/11/690db9bd0030b9dd184f/file.png"
"1769693586-472","https://www.agromedium.com/hu-hu/novenyvedo-szerek","","Bonaca","check_circle","250 g/l fluroxipir","2028. febr. 15.","gyomirtó szer","2028. febr. 15.","","","https://cdn.agromedium.com/uploads/2023/03/67c9c5c50021e7685e21/thumbnail.jpg"
"1769693586-473","https://www.agromedium.com/hu-hu/novenyvedo-szerek","","Bontima 25 EC","error","187,5 g/l ciprodinil, 62,5 g/l izopirazam","2022. ápr. 30.","gombaölő szer","","2022. ápr. 30.","","https://cdn.agromedium.com/uploads/2019/04/67c9c5c1001d85f5c905/thumbnail.png"
"1769693586-474","https://www.agromedium.com/hu-hu/novenyvedo-szerek","","Boom Efekt","check_circle","360 g/l glifozát","2028. dec. 31.","gyomirtó szer","2028. dec. 31.","","","https://cdn.agromedium.com/uploads/2019/04/67c9c5be0026299f6d49/thumbnail.png"
"1769693586-475","https://www.agromedium.com/hu-hu/novenyvedo-szerek","","Bordói Extra","check_circle","20 % réz (bordói keverék)","2026. dec. 31.","gombaölő szer","2026. dec. 31.","","","https://cdn.agromedium.com/uploads/2019/11/67c9c751002a2e4062da/thumbnail.jpg"
"1769693586-476","https://www.agromedium.com/hu-hu/novenyvedo-szerek","","Bordói Por","check_circle","20 % réz (bordói keverék)","2026. dec. 31.","gombaölő szer","2026. dec. 31.","","","https://cdn.agromedium.com/uploads/2019/11/67c9c6f5001afb1c3107/thumbnail.png"
"1769693586-477","https://www.agromedium.com/hu-hu/novenyvedo-szerek","","","","","","","","","","https://cdn.agromedium.com/uploads/2025/06/6847e89a00115b091f3c/file.png"
"1769693586-478","https://www.agromedium.com/hu-hu/novenyvedo-szerek","","Bordóilé + Kén Neo SC","check_circle","215 g/l bordói keverék, 290 g/l kén","2027. szept. 30.","gombaölő szer","2027. szept. 30.","","","https://cdn.agromedium.com/uploads/2019/04/67c9c5be0013b6f965bb/thumbnail.png"
"1769693586-479","https://www.agromedium.com/hu-hu/novenyvedo-szerek","","Bordóilé Neo SC","check_circle","350 g/l bordói keverék","2027. szept. 30.","gombaölő szer","2027. szept. 30.","","","https://cdn.agromedium.com/uploads/2019/04/67c9c5be0013b6f965bb/thumbnail.png"
"1769693586-480","https://www.agromedium.com/hu-hu/novenyvedo-szerek","","BordoMet DG","check_circle","20 % réz (bázikus réz(II)szulfát)","2028. febr. 28.","gombaölő szer","2028. febr. 28.","","","https://cdn.agromedium.com/uploads/2020/04/67c9c5c5003bb7c20c20/thumbnail.png"
"1769693586-481","https://www.agromedium.com/hu-hu/novenyvedo-szerek","","Bordómix DG","check_circle","20 % réz (bázikus réz(II)szulfát)","2028. febr. 28.","gombaölő szer","2028. febr. 28.","","","https://cdn.agromedium.com/uploads/2024/03/67c9c5be001da30ef4a5/thumbnail.png"
"1769693586-482","https://www.agromedium.com/hu-hu/novenyvedo-szerek","","BotaniGard WP","check_circle","220 g/kg Beauveria bassiana (ATCC 74040)","2029. júl. 31.","rovarölő szer","2029. júl. 31.","","","https://cdn.agromedium.com/uploads/2019/04/67c9c5be0026299f6d49/thumbnail.png"
"1769693586-483","https://www.agromedium.com/hu-hu/novenyvedo-szerek","","","","","","","","","","https://cdn.agromedium.com/uploads/2026/01/697082e3000e0b656054/file.png"
"1769693586-484","https://www.agromedium.com/hu-hu/novenyvedo-szerek","","Botector","check_circle","5x10^9db CFU/g Aureobasidium pullulans","2029. márc. 31.","gombaölő szer","2029. márc. 31.","","","https://cdn.agromedium.com/uploads/2019/12/67c9c5e00038baa08a17/thumbnail.jpg"
"1769693586-485","https://www.agromedium.com/hu-hu/novenyvedo-szerek","","Botiga","check_circle","90 g/l mezotrion, 300 g/l piridát","2031. dec. 31.","gyomirtó szer","2031. dec. 31.","","","https://cdn.agromedium.com/uploads/2023/01/67c9c5c70039285dc50f/thumbnail.png"
"1769693586-486","https://www.agromedium.com/hu-hu/novenyvedo-szerek","","Botrefin","check_circle","375 g/kg ciprodinil, 250 g/kg fludioxonil","2026. jún. 15.","gombaölő permetezőszer","2026. jún. 15.","","","https://cdn.agromedium.com/uploads/2019/04/67c9c5be0026299f6d49/thumbnail.png"
"1769693586-487","https://www.agromedium.com/hu-hu/novenyvedo-szerek","","Botrefin-Hobby","check_circle","375 g/kg ciprodinil, 250 g/kg fludioxonil","2026. jún. 15.","gombaölő permetezőszer","2026. jún. 15.","","","https://cdn.agromedium.com/uploads/2019/04/67c9c5be0026299f6d49/thumbnail.png"
"1769693586-488","https://www.agromedium.com/hu-hu/novenyvedo-szerek","","Boxer","check_circle","800 g/l proszulfokarb","2028. jan. 31.","gyomirtó szer","2028. jan. 31.","","","https://cdn.agromedium.com/uploads/2019/03/67c9c5c60007ec5337c9/thumbnail.png"
"1769693586-489","https://www.agromedium.com/hu-hu/novenyvedo-szerek","","","","","","","","","","https://cdn.agromedium.com/uploads/2025/11/690db9bd0030b9dd184f/file.png"
"1769693586-490","https://www.agromedium.com/hu-hu/novenyvedo-szerek","","Brasan","check_circle","500 g/l dimetaklór, 40 g/l klomazon","2027. dec. 31.","gyomirtó szer","2027. dec. 31.","","","https://cdn.agromedium.com/uploads/2019/03/67c9c5c60007ec5337c9/thumbnail.png"
"1769693586-491","https://www.agromedium.com/hu-hu/novenyvedo-szerek","","Break-Thru","check_circle","765 g/l trisziloxán (etoxilált, propoxilált)","2026. dec. 31.","permetezőszer segédanyag","2026. dec. 31.","","","https://cdn.agromedium.com/uploads/2020/09/67c9c5c70014019edcec/thumbnail.jpg"
"1769693586-492","https://www.agromedium.com/hu-hu/novenyvedo-szerek","","BreakThru S 240","warning","255 g/l poliéter, 765 g/l poliéterrel módosított trisziloxán","Eltarthatósági idő végéig","permetezőszer segédanyag","","","","https://cdn.agromedium.com/uploads/2023/03/67c9c5c50021e7685e21/thumbnail.jpg"
"1769693586-493","https://www.agromedium.com/hu-hu/novenyvedo-szerek","","Brendan 90","check_circle","90 % etoxilált alkoholok","2032. febr. 28.","hatásfokozó segédanyag","2032. febr. 28.","","","https://cdn.agromedium.com/uploads/2019/09/67c9c6f70009b6d8d321/thumbnail.jpg"
"1769693586-494","https://www.agromedium.com/hu-hu/novenyvedo-szerek","","Bridge Extra 50 WP","check_circle","500 g/kg flumioxazin","2028. okt. 31.","gyomirtó szer","2028. okt. 31.","","","https://cdn.agromedium.com/uploads/2019/04/67c9c5be0026299f6d49/thumbnail.png"
"1769693586-495","https://www.agromedium.com/hu-hu/novenyvedo-szerek","","","","","","","","","","https://cdn.agromedium.com/uploads/2025/06/6847e89a00115b091f3c/file.png"
"1769693586-496","https://www.agromedium.com/hu-hu/novenyvedo-szerek","","Brivela","check_circle","50 g/l difenokonazol, 75 g/l fluxapiroxad","2027. márc. 31.","gombaölő szer","2027. márc. 31.","","","https://cdn.agromedium.com/uploads/2020/09/67c9c5c70014019edcec/thumbnail.jpg"
"1769693586-497","https://www.agromedium.com/hu-hu/novenyvedo-szerek","","Brixton","check_circle","180 g/l kletodim","2027. aug. 31.","gyomirtó szer","2027. aug. 31.","","","https://cdn.agromedium.com/uploads/2023/03/67c9c5e0003c40ead470/thumbnail.png"
"1769693586-498","https://www.agromedium.com/hu-hu/novenyvedo-szerek","","Bromory","check_circle","500 g/l pelargonsav","2029. márc. 31.","gyomirtó szer","2029. márc. 31.","","","https://cdn.agromedium.com/uploads/2023/01/67c9c5c70039285dc50f/thumbnail.png"
"1769693586-499","https://www.agromedium.com/hu-hu/novenyvedo-szerek","","Bukat 500 SC","check_circle","500 g/l tebukonazol","2027. aug. 15.","gombaölő szer","2027. aug. 15.","","",""
"1769693586-500","https://www.agromedium.com/hu-hu/novenyvedo-szerek","","Buldozer","check_circle","360 g/l glifozát","2028. dec. 31.","gyomirtó szer","2028. dec. 31.","","","https://cdn.agromedium.com/uploads/2018/08/67c9c5bf000cfc1dad7b/thumbnail.jpg"
"1769693586-501","https://www.agromedium.com/hu-hu/novenyvedo-szerek","","","","","","","","","","https://cdn.agromedium.com/uploads/2026/01/6969f7e8002c1baa38cf/file.png"
"1769693586-502","https://www.agromedium.com/hu-hu/novenyvedo-szerek","","Bumble bee poszméh","check_circle","Bombus terrestris (földi poszméh)","2032. okt. 31.","virágbeporzó makroszervezet","2032. okt. 31.","","","https://cdn.agromedium.com/uploads/2019/11/67c9c6f500135abd0f66/thumbnail.png"
"1769693586-503","https://www.agromedium.com/hu-hu/novenyvedo-szerek","","Buster 100 EC","check_circle","100 g/l kizalofop-P-etil","2027. dec. 31.","gyomirtó szer","2027. dec. 31.","","","https://cdn.agromedium.com/uploads/2020/04/67c9c6f4002d68edb2b0/thumbnail.png"
"1769693586-504","https://www.agromedium.com/hu-hu/novenyvedo-szerek","","Buteo Start","check_circle","480 g/l flupiradifuron","2026. dec. 9.","rovarölő csávázószer","2026. dec. 9.","","","https://cdn.agromedium.com/uploads/2019/09/67c9c6f400102ba14e1a/thumbnail.png"
"1769693586-505","https://www.agromedium.com/hu-hu/novenyvedo-szerek","","Butisan 400 SC","check_circle","400 g/l metazaklór","2029. jún. 30.","gyomirtó szer","2029. jún. 30.","","","https://cdn.agromedium.com/uploads/2019/04/67c9c5be0026299f6d49/thumbnail.png"
"1769693586-506","https://www.agromedium.com/hu-hu/novenyvedo-szerek","","Butisan Complete","check_circle","100 g/l dimeténamid-P, 300 g/l metazaklór, 100 g/l quinmerak","2027. ápr. 30.","gyomirtó szer","2027. ápr. 30.","","","https://cdn.agromedium.com/uploads/2020/09/67c9c5c70014019edcec/thumbnail.jpg"
"1769693586-507","https://www.agromedium.com/hu-hu/novenyvedo-szerek","","","","","","","","","","https://cdn.agromedium.com/uploads/2025/06/6847e89a00115b091f3c/file.png"
"1769693586-508","https://www.agromedium.com/hu-hu/novenyvedo-szerek","","Butisan Complete RO","check_circle","100 g/l dimeténamid-P, 300 g/l metazaklór, 100 g/l quinmerak","2027. ápr. 30.","gyomirtó szer","2027. ápr. 30.","","","https://cdn.agromedium.com/uploads/2023/03/67c9c5d0002340119e88/thumbnail.png"
"1769693586-509","https://www.agromedium.com/hu-hu/novenyvedo-szerek","","Butisan Pro","check_circle","333 g/l dimeténamid-P, 167 g/l quinmerak","2027. dec. 31.","gyomirtó szer","2027. dec. 31.","","","https://cdn.agromedium.com/uploads/2020/09/67c9c5c70014019edcec/thumbnail.jpg"
"1769693586-510","https://www.agromedium.com/hu-hu/novenyvedo-szerek","","Butisan S 500","check_circle","500 g/l metazaklór","2027. okt. 31.","gyomirtó szer","2027. okt. 31.","","","https://cdn.agromedium.com/uploads/2020/09/67c9c5c70014019edcec/thumbnail.jpg"
"1769693586-511","https://www.agromedium.com/hu-hu/novenyvedo-szerek","","Butisan Star","check_circle","333 g/l metazaklór, 83 g/l quinmerak","2029. máj. 31.","gyomirtó szer","2029. máj. 31.","","","https://cdn.agromedium.com/uploads/2020/09/67c9c5c70014019edcec/thumbnail.jpg"
"1769693586-512","https://www.agromedium.com/hu-hu/novenyvedo-szerek","","Butisan Top","check_circle","375 g/l metazaklór, 125 g/l quinmerak","2027. okt. 31.","gyomirtó szer","2027. okt. 31.","","","https://cdn.agromedium.com/uploads/2020/09/67c9c5c70014019edcec/thumbnail.jpg"
"1769693586-513","https://www.agromedium.com/hu-hu/novenyvedo-szerek","","","","","","","","","","https://cdn.agromedium.com/uploads/2026/01/697082e3000e0b656054/file.png"
"1769693586-514","https://www.agromedium.com/hu-hu/novenyvedo-szerek","","Butoxone","check_circle","400 g/l MCPB","2027. aug. 31.","gyomirtó szer","2027. aug. 31.","","","https://cdn.agromedium.com/uploads/2019/12/67c9c5e00038baa08a17/thumbnail.jpg"
"1769693586-515","https://www.agromedium.com/hu-hu/novenyvedo-szerek","","Buvicid K 370 SC","check_circle","372 g/l kaptán","2026. júl. 31.","gombaölő szer","2026. júl. 31.","","","https://cdn.agromedium.com/uploads/2020/04/67c9c5c5003bb7c20c20/thumbnail.png"
"1769693586-516","https://www.agromedium.com/hu-hu/novenyvedo-szerek","","Buzz Ultra DF","check_circle","750 g/kg tebukonazol","2027. nov. 30.","gombaölő permetezőszer","2027. nov. 30.","","","https://cdn.agromedium.com/uploads/2019/04/67c9c5c1001d85f5c905/thumbnail.png"
"1769693586-517","https://www.agromedium.com/hu-hu/novenyvedo-szerek","","Cabrio Top","error","550 g/kg metiram, 50 g/kg piraklostrobin","2024. máj. 28.","gombaölő szer","","2024. máj. 28.","","https://cdn.agromedium.com/uploads/2020/09/67c9c5c70014019edcec/thumbnail.jpg"
"1769693586-518","https://www.agromedium.com/hu-hu/novenyvedo-szerek","","CacTai","check_circle","300 g/l protiokonazol","2026. márc. 31.","gombaölő szer","2026. márc. 31.","","","https://cdn.agromedium.com/uploads/2019/03/67c9c5c60007ec5337c9/thumbnail.png"
"1769693586-519","https://www.agromedium.com/hu-hu/novenyvedo-szerek","","","","","","","","","","https://cdn.agromedium.com/uploads/2026/01/6969f7e8002c1baa38cf/file.png"
"1769693586-520","https://www.agromedium.com/hu-hu/novenyvedo-szerek","","Cadence 70 WG","check_circle","700 g/kg dikamba","2028. márc. 31.","gyomirtó szer","2028. márc. 31.","","","https://cdn.agromedium.com/uploads/2019/03/67c9c5c60007ec5337c9/thumbnail.png"
"1769693586-521","https://www.agromedium.com/hu-hu/novenyvedo-szerek","","Calaris","check_circle","70 g/l mezotrion, 330 g/l terbutilazin","2027. dec. 31.","gyomirtó szer","2027. dec. 31.","","","https://cdn.agromedium.com/uploads/2019/03/67c9c5c60007ec5337c9/thumbnail.png"
"1769693586-522","https://www.agromedium.com/hu-hu/novenyvedo-szerek","","Calaris Pro","check_circle","50 g/l mezotrion, 326 g/l terbutilazin","2027. júl. 31.","gyomirtó szer","2027. júl. 31.","","","https://cdn.agromedium.com/uploads/2019/03/67c9c5c60007ec5337c9/thumbnail.png"
"1769693586-523","https://www.agromedium.com/hu-hu/novenyvedo-szerek","","Caldera 700","check_circle","700 g/kg ditianon","2028. jan. 31.","gombaölő permetezőszer","2028. jan. 31.","","",""
"1769693586-524","https://www.agromedium.com/hu-hu/novenyvedo-szerek","","Callam","error","600 g/kg dikamba, 125 g/kg tritoszulfuron","2025. máj. 7.","gyomirtó szer","","2025. máj. 7.","","https://cdn.agromedium.com/uploads/2020/09/67c9c5c70014019edcec/thumbnail.jpg"
"1769693586-525","https://www.agromedium.com/hu-hu/novenyvedo-szerek","","","","","","","","","","https://cdn.agromedium.com/uploads/2025/11/690db9bd0030b9dd184f/file.png"
"1769693586-526","https://www.agromedium.com/hu-hu/novenyvedo-szerek","","Callido 4 SC","check_circle","480 g/l mezotrion","2027. júl. 31.","gyomirtó szer","2027. júl. 31.","","","https://cdn.agromedium.com/uploads/2019/03/67c9c5c60007ec5337c9/thumbnail.png"
"1769693586-527","https://www.agromedium.com/hu-hu/novenyvedo-szerek","","Callisto 100 SC","check_circle","100 g/l mezotrion","2027. dec. 31.","gyomirtó szer","2027. dec. 31.","","","https://cdn.agromedium.com/uploads/2019/03/67c9c5c60007ec5337c9/thumbnail.png"
"1769693586-528","https://www.agromedium.com/hu-hu/novenyvedo-szerek","","Callisto 4 SC","check_circle","480 g/l mezotrion","2027. júl. 31.","gyomirtó szer","2027. júl. 31.","","","https://cdn.agromedium.com/uploads/2019/03/67c9c5c60007ec5337c9/thumbnail.png"
"1769693586-529","https://www.agromedium.com/hu-hu/novenyvedo-szerek","","Calma","check_circle","175 g/l trinexapak-etil","2039. ápr. 30.","növekedésszabályzó szer","2039. ápr. 30.","","","https://cdn.agromedium.com/uploads/2019/12/67c9c5e00038baa08a17/thumbnail.jpg"
"1769693586-530","https://www.agromedium.com/hu-hu/novenyvedo-szerek","","Caluma","check_circle","480 g/l mezotrion","2027. júl. 31.","gyomirtó szer","2027. júl. 31.","","","https://cdn.agromedium.com/uploads/2019/03/67c9c5c60007ec5337c9/thumbnail.png"
"1769693586-531","https://www.agromedium.com/hu-hu/novenyvedo-szerek","","","","","","","","","","https://cdn.agromedium.com/uploads/2026/01/697082e3000e0b656054/file.png"
"1769693586-532","https://www.agromedium.com/hu-hu/novenyvedo-szerek","","Cambio","error","320 g/l bentazon, 90 g/l dikamba","2024. márc. 1.","gyomirtó szer","","2024. márc. 1.","","https://cdn.agromedium.com/uploads/2020/09/67c9c5c70014019edcec/thumbnail.jpg"
"1769693586-533","https://www.agromedium.com/hu-hu/novenyvedo-szerek","","Camix","error","60 g/l mezotrion, 500 g/l S-metolaklór","2024. ápr. 23.","gyomirtó szer","","2024. ápr. 23.","","https://cdn.agromedium.com/uploads/2019/03/67c9c5c60007ec5337c9/thumbnail.png"
"1769693586-534","https://www.agromedium.com/hu-hu/novenyvedo-szerek","","Camohrex Neem","check_circle","10 g/l azadiraktin","2028. jan. 31.","rovarölő szer","2028. jan. 31.","","","https://cdn.agromedium.com/uploads/2019/09/67c9c5cf002c6dbae44c/thumbnail.png"
"1769693586-535","https://www.agromedium.com/hu-hu/novenyvedo-szerek","","Cantus","check_circle","500 g/kg boszkalid","2027. júl. 31.","gombaölő szer","2027. júl. 31.","","","https://cdn.agromedium.com/uploads/2020/09/67c9c5c70014019edcec/thumbnail.jpg"
"1769693586-536","https://www.agromedium.com/hu-hu/novenyvedo-szerek","","Capitol","error","267 g/l prokloráz, 133 g/l tebukonazol","2021. dec. 31.","gombaölő szer","","2021. dec. 31.","","https://cdn.agromedium.com/uploads/2018/08/67c9c5bf000cfc1dad7b/thumbnail.jpg"
"1769693586-537","https://www.agromedium.com/hu-hu/novenyvedo-szerek","","","","","","","","","","https://cdn.agromedium.com/uploads/2025/11/690db9bd0030b9dd184f/file.png"
"1769693586-538","https://www.agromedium.com/hu-hu/novenyvedo-szerek","","Capreno","check_circle","134 g/l izoxadifen-etil, 345 g/l tembotrion, 68 g/l tienkarbazon-metil","2027. dec. 31.","gyomirtó szer","2027. dec. 31.","","","https://cdn.agromedium.com/uploads/2019/09/67c9c6f400102ba14e1a/thumbnail.png"
"1769693586-539","https://www.agromedium.com/hu-hu/novenyvedo-szerek","","Careo rovarölő koncentrátum","check_circle","5 g/l acetamiprid","2029. jan. 31.","rovarölő szer","2029. jan. 31.","","","https://cdn.agromedium.com/uploads/2019/11/67c9c70000385d542b1d/thumbnail.png"
"1769693586-540","https://www.agromedium.com/hu-hu/novenyvedo-szerek","","Careo rovarölő permet","check_circle","0,05 g/l acetamiprid","2034. febr. 28.","rovarölő szer","2034. febr. 28.","","",""
"1769693586-541","https://www.agromedium.com/hu-hu/novenyvedo-szerek","","Careo Rovarölő Táprúd","check_circle","40 g/kg acetamiprid","2034. febr. 28.","rovarölő táprúd","2034. febr. 28.","","",""
"1769693586-542","https://www.agromedium.com/hu-hu/novenyvedo-szerek","","Carial Pro","check_circle","450 g/l propamokarb hidroklorid, 75 g/l mandipropamid","2028. jan. 31.","gombaölő szer","2028. jan. 31.","","",""
"1769693586-543","https://www.agromedium.com/hu-hu/novenyvedo-szerek","","","","","","","","","","https://cdn.agromedium.com/uploads/2026/01/697082e3000e0b656054/file.png"
"1769693586-544","https://www.agromedium.com/hu-hu/novenyvedo-szerek","","Carnadine","check_circle","200 g/l acetamiprid","2033. febr. 28.","rovarölő szer","2033. febr. 28.","","counter_3","https://cdn.agromedium.com/uploads/2019/12/67c9c5e00038baa08a17/thumbnail.jpg"
"1769693586-545","https://www.agromedium.com/hu-hu/novenyvedo-szerek","","Carnadine 200","check_circle","200 g/l acetamiprid","2033. febr. 28.","rovarölő szer","2033. febr. 28.","","counter_3","https://cdn.agromedium.com/uploads/2023/06/67c9c76b00277662b3eb/thumbnail.jpg"
"1769693586-546","https://www.agromedium.com/hu-hu/novenyvedo-szerek","","Carpovirusine","check_circle","10^13 db/I Cydia pomonella Granulo Vírus","2039. okt. 31.","biológiai rovarölő szer","2039. okt. 31.","","","https://cdn.agromedium.com/uploads/2020/04/67c9c7010006b6068ba1/thumbnail.png"
"1769693586-547","https://www.agromedium.com/hu-hu/novenyvedo-szerek","","Carpovirusine Max","check_circle","1x10^13 GV/L Cydia pomonella Granulo Vírus","2039. okt. 31.","biológiai rovarölő szer","2039. okt. 31.","","","https://cdn.agromedium.com/uploads/2024/03/67c9c5be001da30ef4a5/thumbnail.png"
"1769693586-548","https://www.agromedium.com/hu-hu/novenyvedo-szerek","","Carpovirusine Ultra","check_circle","1x10^13 GV/L Cydia pomonella Granulo Vírus","2039. okt. 31.","biológiai rovarölő szer","2039. okt. 31.","","","https://cdn.agromedium.com/uploads/2024/03/67c9c5be001da30ef4a5/thumbnail.png"
"1769693586-549","https://www.agromedium.com/hu-hu/novenyvedo-szerek","","","","","","","","","","https://cdn.agromedium.com/uploads/2025/11/690db9bd0030b9dd184f/file.png"
"1769693586-550","https://www.agromedium.com/hu-hu/novenyvedo-szerek","","Carremox","check_circle","15 g/kg teflutrin","2028. szept. 19.","talajfertőtlenítő szer","2028. szept. 19.","","","https://cdn.agromedium.com/uploads/2019/03/67c9c5c60007ec5337c9/thumbnail.png"
"1769693586-551","https://www.agromedium.com/hu-hu/novenyvedo-szerek","","Caryx","check_circle","210 g/l mepiquat-klorid, 30 g/l metkonazol","2029. febr. 28.","gombaölő és növekedés szabályozó szer","2029. febr. 28.","","","https://cdn.agromedium.com/uploads/2023/03/67c9c5c50021e7685e21/thumbnail.jpg"
"1769693586-552","https://www.agromedium.com/hu-hu/novenyvedo-szerek","","Cash 480 SL","check_circle","480 g/l dikamba","2026. máj. 31.","gyomirtó szer","2026. máj. 31.","","","https://cdn.agromedium.com/uploads/2019/04/67c9c6f3002ce784082b/thumbnail.png"
"1769693586-553","https://www.agromedium.com/hu-hu/novenyvedo-szerek","","Casino Royal","check_circle","267 g/kg boszkalid, 67 g/kg piraklostrobin","2027. jan. 31.","gombaölő szer","2027. jan. 31.","","","https://cdn.agromedium.com/uploads/2019/04/67c9c6f3002ce784082b/thumbnail.png"
"1769693586-554","https://www.agromedium.com/hu-hu/novenyvedo-szerek","","Casper","check_circle","500 g/kg dikamba, 50 g/kg proszulfuron","2028. febr. 28.","gyomirtó szer","2028. febr. 28.","","","https://cdn.agromedium.com/uploads/2019/03/67c9c5c60007ec5337c9/thumbnail.png"
"1769693586-555","https://www.agromedium.com/hu-hu/novenyvedo-szerek","","","","","","","","","","https://cdn.agromedium.com/uploads/2025/11/690db9bd0030b9dd184f/file.png"
"1769693586-556","https://www.agromedium.com/hu-hu/novenyvedo-szerek","","Catane","check_circle","795 g/l paraffinolaj","2027. dec. 31.","lemosó szer","2027. dec. 31.","","","https://cdn.agromedium.com/uploads/2024/03/67c9c5be001da30ef4a5/thumbnail.png"
"1769693586-557","https://www.agromedium.com/hu-hu/novenyvedo-szerek","","Cayunis","check_circle","75 g/l bixafén, 150 g/l spiroxamin, 100 g/l trifloxistrobin","2027. márc. 31.","gombaölő szer","2027. márc. 31.","","","https://cdn.agromedium.com/uploads/2019/09/67c9c6f400102ba14e1a/thumbnail.png"
"1769693586-558","https://www.agromedium.com/hu-hu/novenyvedo-szerek","","Celest Extra","check_circle","25 g/l difenokonazol, 25 g/l fludioxonil","2026. ápr. 30.","gombaölő csávázószer","2026. ápr. 30.","","","https://cdn.agromedium.com/uploads/2019/03/67c9c5c60007ec5337c9/thumbnail.png"
"1769693586-559","https://www.agromedium.com/hu-hu/novenyvedo-szerek","","Celest Multi","error","25 g/l fludioxonil, 25 g/l flutriafol","2021. máj. 31.","gombaölő szer","","2021. máj. 31.","","https://cdn.agromedium.com/uploads/2019/03/67c9c5c60007ec5337c9/thumbnail.png"
"1769693586-560","https://www.agromedium.com/hu-hu/novenyvedo-szerek","","Celest Trio","check_circle","25 g/l difenokonazol, 25 g/l fludioxonil, 10 g/l tebukonazol","2027. aug. 31.","csávázószer (gombaölő)","2027. aug. 31.","","","https://cdn.agromedium.com/uploads/2019/03/67c9c5c60007ec5337c9/thumbnail.png"
"1769693586-561","https://www.agromedium.com/hu-hu/novenyvedo-szerek","","","","","","","","","","https://cdn.agromedium.com/uploads/2025/06/6847e89a00115b091f3c/file.png"
"1769693586-562","https://www.agromedium.com/hu-hu/novenyvedo-szerek","","Cello","check_circle","100 g/l protiokonazol, 250 g/l spiroxamin, 100 g/l tebukonazol","2029. júl. 31.","gombaölő permetezőszer","2029. júl. 31.","","","https://cdn.agromedium.com/uploads/2021/03/67c9c5c60001416ab5c4/thumbnail.jpg"
"1769693586-563","https://www.agromedium.com/hu-hu/novenyvedo-szerek","","Centris 250 EC","error","250 g/l cipermetrin","2022. jún. 10.","rovarölő szer","","2022. jún. 10.","","https://cdn.agromedium.com/uploads/2019/04/67c9c5be0026299f6d49/thumbnail.png"
"1769693586-564","https://www.agromedium.com/hu-hu/novenyvedo-szerek","","Centurion 240 EC","check_circle","240 g/l kletodim","2028. febr. 28.","gyomirtó szer","2028. febr. 28.","","","https://cdn.agromedium.com/uploads/2024/03/67c9c5be001da30ef4a5/thumbnail.png"
"1769693586-565","https://www.agromedium.com/hu-hu/novenyvedo-szerek","","Cera Trap","check_circle","25 g/kg ammónium-acetát, 55 g/kg fehérjék (hidralizált)","2030. szept. 30.","cseresznyelégy szignalizációs csapda","2030. szept. 30.","","",""
"1769693586-566","https://www.agromedium.com/hu-hu/novenyvedo-szerek","","Cerberus 700 WG","check_circle","165 g/kg floraszulam, 135 g/kg metszulfuron-metil, 400 g/kg tribenuron-metil","2027. márc. 31.","gyomirtó szer","2027. márc. 31.","","","https://cdn.agromedium.com/uploads/2020/11/67c9c6f9001413c8202c/thumbnail.png"
"1769693586-567","https://www.agromedium.com/hu-hu/novenyvedo-szerek","","","","","","","","","","https://cdn.agromedium.com/uploads/2026/01/697082e3000e0b656054/file.png"
"1769693586-568","https://www.agromedium.com/hu-hu/novenyvedo-szerek","","Cerone","check_circle","480 g/l etefon","2028. júl. 31.","növekedésszabályzó szer","2028. júl. 31.","","","https://cdn.agromedium.com/uploads/2019/09/67c9c6f400102ba14e1a/thumbnail.png"
"1769693586-569","https://www.agromedium.com/hu-hu/novenyvedo-szerek","","Certis Belchim - Bazoka Plus","package_2","10 ha/csomag: árpa, búza, rozs, tritikálé, zab","2x100 g Bazoka","","","","","https://cdn.agromedium.com/uploads/2023/01/67c9c5c70039285dc50f/thumbnail.png"
"1769693586-570","https://www.agromedium.com/hu-hu/novenyvedo-szerek","","Certis Belchim - Botiga Extra + Kamba 480 SL","package_2","5 ha/csomag: kukorica","1x2 l Kamba 480 SL","5 l Botiga","","","","https://cdn.agromedium.com/uploads/2023/01/67c9c5c70039285dc50f/thumbnail.png"
"1769693586-571","https://www.agromedium.com/hu-hu/novenyvedo-szerek","","Cervacol Extra","check_circle","251 g/kg kvarchomok","2038. aug. 31.","vadriasztó szer","2038. aug. 31.","","","https://cdn.agromedium.com/uploads/2019/04/67c9c5be0013b6f965bb/thumbnail.png"
"1769693586-572","https://www.agromedium.com/hu-hu/novenyvedo-szerek","","Cevino 500 SC","warning","500 g/l flufenacet","2026. dec. 10.","gyomirtó szer","","","","https://cdn.agromedium.com/uploads/2022/12/67c9c6f4001560c3ef62/thumbnail.jpg"
"1769693586-573","https://www.agromedium.com/hu-hu/novenyvedo-szerek","","","","","","","","","","https://cdn.agromedium.com/uploads/2026/01/6969f7e8002c1baa38cf/file.png"
"1769693586-574","https://www.agromedium.com/hu-hu/novenyvedo-szerek","","Cézár 360 CS","check_circle","360 g/l klomazon","2027. szept. 30.","gyomirtó szer","2027. szept. 30.","","","https://cdn.agromedium.com/uploads/2019/04/67c9c6f3002ce784082b/thumbnail.png"
"1769693586-575","https://www.agromedium.com/hu-hu/novenyvedo-szerek","","Chaco","check_circle","267 g/l klopiralid, 67 g/l pikloram","2026. ápr. 30.","gyomirtó szer","2026. ápr. 30.","","","https://cdn.agromedium.com/uploads/2023/01/67c9c5c70039285dc50f/thumbnail.png"
"1769693586-576","https://www.agromedium.com/hu-hu/novenyvedo-szerek","","Chamane","check_circle","250 g/l azoxistrobin","2028. máj. 31.","gombaölő szer","2028. máj. 31.","","","https://cdn.agromedium.com/uploads/2024/03/67c9c5be001da30ef4a5/thumbnail.png"
"1769693586-577","https://www.agromedium.com/hu-hu/novenyvedo-szerek","","Chambel 6 FS","check_circle","60 g/l tebukonazol","2027. dec. 30.","csávázószer","2027. dec. 30.","","","https://cdn.agromedium.com/uploads/2019/12/67c9c5e00038baa08a17/thumbnail.jpg"
"1769693586-578","https://www.agromedium.com/hu-hu/novenyvedo-szerek","","Champ DP","error","576 g/kg rézhidroxid","2024. jan. 12.","gombaölő szer","","2024. jan. 12.","","https://cdn.agromedium.com/uploads/2019/12/67c9c5e00038baa08a17/thumbnail.jpg"
"1769693586-579","https://www.agromedium.com/hu-hu/novenyvedo-szerek","","","","","","","","","","https://cdn.agromedium.com/uploads/2025/06/6847e89a00115b091f3c/file.png"
"1769693586-580","https://www.agromedium.com/hu-hu/novenyvedo-szerek","","Champion 2 FL","check_circle","36 % rézhidroxid","2029. febr. 28.","gombaölő szer","2029. febr. 28.","","","https://cdn.agromedium.com/uploads/2019/12/67c9c5e00038baa08a17/thumbnail.jpg"
"1769693586-581","https://www.agromedium.com/hu-hu/novenyvedo-szerek","","Champion Gold","error","576 g/kg rézhidroxid","2024. jan. 12.","gombaölő szer","","2024. jan. 12.","","https://cdn.agromedium.com/uploads/2019/12/67c9c5e00038baa08a17/thumbnail.jpg"
"1769693586-582","https://www.agromedium.com/hu-hu/novenyvedo-szerek","","Champion WG","check_circle","770 g/kg rézhidroxid","2029. márc. 31.","gombaölő szer","2029. márc. 31.","","","https://cdn.agromedium.com/uploads/2019/04/67c9c5be0026299f6d49/thumbnail.png"
"1769693586-583","https://www.agromedium.com/hu-hu/novenyvedo-szerek","","Chanon","check_circle","600 g/l aklonifen","2026. dec. 31.","gyomirtó szer","2026. dec. 31.","","",""
"1769693586-584","https://www.agromedium.com/hu-hu/novenyvedo-szerek","","Chemark - Kombi - Alma, Szőlő","package_2","10 l/csomag: alma, birs, körte, naspolya, szőlő","5x20 g Manzate 75 DF","3x5 g Lamdex Extra","","","5x30 g Thiovit Jet",""
"1769693586-585","https://www.agromedium.com/hu-hu/novenyvedo-szerek","","","","","","","","","","https://cdn.agromedium.com/uploads/2026/01/697082e3000e0b656054/file.png"
"1769693586-586","https://www.agromedium.com/hu-hu/novenyvedo-szerek","","Chemark - Kombi - Csonthéjas","package_2","10 ha/csomag: cseresznye, kajszibarack, meggy, őszibarack, szilva","2x2,5 ml Score 250 EC","2x2,5 ml Topas 100 EC","","","3x4,5 g Chorus 50 WG",""
"1769693586-587","https://www.agromedium.com/hu-hu/novenyvedo-szerek","","Chikara 25 WG","check_circle","250 g/l flazaszulfuron","2033. júl. 31.","gyomirtó szer","2033. júl. 31.","","","https://cdn.agromedium.com/uploads/2019/04/67c9c5be0026299f6d49/thumbnail.png"
"1769693586-588","https://www.agromedium.com/hu-hu/novenyvedo-szerek","","Chikara Duo","error","6,7 g/kg flazaszulfuron, 288 g/kg glifozát","2022. jún. 10.","gyomirtó szer","","2022. jún. 10.","","https://cdn.agromedium.com/uploads/2023/01/67c9c5c70039285dc50f/thumbnail.png"
"1769693586-589","https://www.agromedium.com/hu-hu/novenyvedo-szerek","","Chorus 50 WG","check_circle","500 g/kg ciprodinil","2029. ápr. 30.","gombaölő szer","2029. ápr. 30.","","","https://cdn.agromedium.com/uploads/2019/03/67c9c5c60007ec5337c9/thumbnail.png"
"1769693586-590","https://www.agromedium.com/hu-hu/novenyvedo-szerek","","Chorus Next","check_circle","400 g/l pirimetanil","2027. máj. 31.","gombaölő szer","2027. máj. 31.","","","https://cdn.agromedium.com/uploads/2024/03/67c9c5be001da30ef4a5/thumbnail.png"
"1769693586-591","https://www.agromedium.com/hu-hu/novenyvedo-szerek","","","","","","","","","","https://cdn.agromedium.com/uploads/2026/01/6969f7e8002c1baa38cf/file.png"
"1769693586-592","https://www.agromedium.com/hu-hu/novenyvedo-szerek","","Cidely","check_circle","50 g/l ciflufenamid","2029. márc. 31.","gombaölő szer","2029. márc. 31.","","","https://cdn.agromedium.com/uploads/2023/06/67c9c76b00277662b3eb/thumbnail.jpg"
"1769693586-593","https://www.agromedium.com/hu-hu/novenyvedo-szerek","","Cidely Top","check_circle","15 g/l ciflufenamid, 125 g/l difenokonazol","2027. márc. 15.","gombaölő szer","2027. márc. 15.","","","https://cdn.agromedium.com/uploads/2019/03/67c9c5c60007ec5337c9/thumbnail.png"
"1769693586-594","https://www.agromedium.com/hu-hu/novenyvedo-szerek","","Circuit SyncTec","check_circle","40 g/l klomazon, 300 g/l metazaklór","2027. júl. 31.","gyomirtó szer","2027. júl. 31.","","","https://cdn.agromedium.com/uploads/2021/03/67c9c5c60001416ab5c4/thumbnail.jpg"
"1769693586-595","https://www.agromedium.com/hu-hu/novenyvedo-szerek","","Claro 375 SC","check_circle","200 g/l azoxistrobin, 175 g/l protiokonazol","2026. aug. 15.","gombaölő szer","2026. aug. 15.","","",""
"1769693586-596","https://www.agromedium.com/hu-hu/novenyvedo-szerek","","Classic rovarfogó termékcsalád","check_circle","20 w/w% gyanta, 80 w/w% poliizobutilén","2030. okt. 31.","ragacsos rovarcsapda","2030. okt. 31.","","","https://cdn.agromedium.com/uploads/2022/04/67c9c7020019685a33b6/thumbnail.png"
"1769693586-597","https://www.agromedium.com/hu-hu/novenyvedo-szerek","","","","","","","","","","https://cdn.agromedium.com/uploads/2025/11/690db9bd0030b9dd184f/file.png"
"1769693586-598","https://www.agromedium.com/hu-hu/novenyvedo-szerek","","Cleanclaster","check_circle","478,2 g/l magnézium-foszfonát","2028. júl. 31.","permetezőszer segédanyag","2028. júl. 31.","","","https://cdn.agromedium.com/uploads/2019/11/67c9c702001d21482765/thumbnail.png"
"1769693586-599","https://www.agromedium.com/hu-hu/novenyvedo-szerek","","Cleaner 40 SL","check_circle","40 g/l imazamox","2028. jan. 31.","gyomirtó szer","2028. jan. 31.","","","https://cdn.agromedium.com/uploads/2019/04/67c9c6f3002ce784082b/thumbnail.png"
"1769693586-600","https://www.agromedium.com/hu-hu/novenyvedo-szerek","","Clematis","check_circle","360 g/l klomazon","2026. okt. 31.","gyomirtó szer","2026. okt. 31.","","","https://cdn.agromedium.com/uploads/2019/12/67c9c5e00038baa08a17/thumbnail.jpg"
"1769693586-601","https://www.agromedium.com/hu-hu/novenyvedo-szerek","","Cleranda","check_circle","17,5 g/l imazamox, 375 g/l metazaklór","2027. okt. 31.","gyomirtó szer","2027. okt. 31.","","","https://cdn.agromedium.com/uploads/2020/09/67c9c5c70014019edcec/thumbnail.jpg"
"1769693586-602","https://www.agromedium.com/hu-hu/novenyvedo-szerek","","Cleratop","check_circle","17,5 g/l imazamox, 375 g/l metazaklór","2027. okt. 31.","gyomirtó szer","2027. okt. 31.","","","https://cdn.agromedium.com/uploads/2020/09/67c9c5c70014019edcec/thumbnail.jpg"
"1769693586-603","https://www.agromedium.com/hu-hu/novenyvedo-szerek","","","","","","","","","","https://cdn.agromedium.com/uploads/2026/01/697082e3000e0b656054/file.png"
"1769693586-604","https://www.agromedium.com/hu-hu/novenyvedo-szerek","","Cleravo","check_circle","35 g/l imazamox, 250 g/l quinmerak","2027. okt. 31.","gyomirtó szer","2027. okt. 31.","","","https://cdn.agromedium.com/uploads/2020/09/67c9c5c70014019edcec/thumbnail.jpg"
"1769693586-605","https://www.agromedium.com/hu-hu/novenyvedo-szerek","","Click Combi","check_circle","265 g/l dimeténamid-P, 300 g/l terbutilazin","2027. dec. 31.","gyomirtó szer","2027. dec. 31.","","","https://cdn.agromedium.com/uploads/2023/03/67c9c5e0003c40ead470/thumbnail.png"
"1769693586-606","https://www.agromedium.com/hu-hu/novenyvedo-szerek","","Click Pro","check_circle","50 g/l mezotrion, 326 g/l terbutilazin","2027. júl. 31.","gyomirtó szer","2027. júl. 31.","","","https://cdn.agromedium.com/uploads/2023/03/67c9c5e0003c40ead470/thumbnail.png"
"1769693586-607","https://www.agromedium.com/hu-hu/novenyvedo-szerek","","Click Super","check_circle","50 g/l mezotrion, 326 g/l terbutilazin","2027. júl. 31.","gyomirtó szer","2027. júl. 31.","","","https://cdn.agromedium.com/uploads/2019/03/67c9c5c60007ec5337c9/thumbnail.png"
"1769693586-608","https://www.agromedium.com/hu-hu/novenyvedo-szerek","","Clinic Free","error","360 g/l glifozát","2024. ápr. 11.","gyomirtó szer","","2024. ápr. 11.","","https://cdn.agromedium.com/uploads/2019/12/67c9c5e00038baa08a17/thumbnail.jpg"
"1769693586-609","https://www.agromedium.com/hu-hu/novenyvedo-szerek","","","","","","","","","","https://cdn.agromedium.com/uploads/2025/11/690db9bd0030b9dd184f/file.png"
"1769693586-610","https://www.agromedium.com/hu-hu/novenyvedo-szerek","","Clinic Up","check_circle","360 g/l glifozát","2028. dec. 31.","gyomirtó szer","2028. dec. 31.","","","https://cdn.agromedium.com/uploads/2019/10/67c9c710002c586552a1/thumbnail.png"
"1769693586-611","https://www.agromedium.com/hu-hu/novenyvedo-szerek","","Cliophar 300 SL","error","300 g/l klopiralid","2022. febr. 1.","gyomirtó szer","","2022. febr. 1.","","https://cdn.agromedium.com/uploads/2020/04/67c9c7010006b6068ba1/thumbnail.png"
"1769693586-612","https://www.agromedium.com/hu-hu/novenyvedo-szerek","","Cliophar 600 SL","check_circle","600 g/l klopiralid","2026. okt. 31.","gyomirtó szer","2026. okt. 31.","","","https://cdn.agromedium.com/uploads/2024/03/67c9c5be001da30ef4a5/thumbnail.png"
"1769693586-613","https://www.agromedium.com/hu-hu/novenyvedo-szerek","","Cloe 300 SL","check_circle","300 g/l klopiralid","2037. szept. 30.","gyomirtó szer","2037. szept. 30.","","",""
"1769693586-614","https://www.agromedium.com/hu-hu/novenyvedo-szerek","","Clomate","check_circle","360 g/l klomazon","2026. okt. 31.","gyomirtó szer","2026. okt. 31.","","","https://cdn.agromedium.com/uploads/2018/08/67c9c5bf000cfc1dad7b/thumbnail.jpg"
"1769693586-615","https://www.agromedium.com/hu-hu/novenyvedo-szerek","","","","","","","","","","https://cdn.agromedium.com/uploads/2025/06/6847e89a00115b091f3c/file.png"
"1769693586-616","https://www.agromedium.com/hu-hu/novenyvedo-szerek","","Clopiran","warning","200 g/l klopiralid","2026. máj. 1.","gyomirtó szer","","","","https://cdn.agromedium.com/uploads/2019/04/67c9c5be0026299f6d49/thumbnail.png"
"1769693586-617","https://www.agromedium.com/hu-hu/novenyvedo-szerek","","Closer 120 SC","check_circle","120 g/l szulfoxaflór","2026. aug. 18.","rovarölő szer","2026. aug. 18.","","","https://cdn.agromedium.com/uploads/2025/03/67e7a23d00318586422c/thumbnail.jpg"
"1769693586-618","https://www.agromedium.com/hu-hu/novenyvedo-szerek","","Clozone","check_circle","360 g/l klomazon","2029. aug. 31.","gyomirtó szer","2029. aug. 31.","","","https://cdn.agromedium.com/uploads/2019/11/67c9c6f7000075e1a1cd/thumbnail.png"
"1769693586-619","https://www.agromedium.com/hu-hu/novenyvedo-szerek","","Clyde FX","check_circle","1 g/l floraszulam, 100 g/l fluroxipir","2028. febr. 15.","gyomirtó szer","2028. febr. 15.","","",""
"1769693586-620","https://www.agromedium.com/hu-hu/novenyvedo-szerek","","Cobranza","check_circle","844,9 g/kg réz-oxiklorid","2026. dec. 31.","gombaölő szer","2026. dec. 31.","","","https://cdn.agromedium.com/uploads/2019/04/67c9c6f3002ce784082b/thumbnail.png"
"1769693586-621","https://www.agromedium.com/hu-hu/novenyvedo-szerek","","","","","","","","","","https://cdn.agromedium.com/uploads/2026/01/6969f7e8002c1baa38cf/file.png"
"1769693586-622","https://www.agromedium.com/hu-hu/novenyvedo-szerek","","Codacide","check_circle","5 % (m/m) polietoxilált észterek, 95 % (m/m) repceolaj","2029. dec. 31.","adalékanyag","2029. dec. 31.","","","https://cdn.agromedium.com/uploads/2020/01/67c9c71b002e45900f8a/thumbnail.png"
"1769693586-623","https://www.agromedium.com/hu-hu/novenyvedo-szerek","","Collis SC","check_circle","200 g/l boszkalid, 100 g/l krezoxim-metil","2027. ápr. 15.","gombaölő szer","2027. ápr. 15.","","","https://cdn.agromedium.com/uploads/2020/09/67c9c5c70014019edcec/thumbnail.jpg"
"1769693586-624","https://www.agromedium.com/hu-hu/novenyvedo-szerek","","Colombus EC","check_circle","2,5 g/l floraszulam, 144 g/l fluroxipir-meptil, 80 g/l klopiralid","2027. okt. 31.","gyomirtó szer","2027. okt. 31.","","","https://cdn.agromedium.com/uploads/2025/03/67e7a23d00318586422c/thumbnail.jpg"
"1769693586-625","https://www.agromedium.com/hu-hu/novenyvedo-szerek","","Color Coat Red","check_circle","0,05 m/m% 1,2-benzizotiazolin-3-on, 0,3 m/m% 2,4,7,9-tetrametildek-5-in-4,7-diol, 70-85 m/m% vörös pigment","2030. okt. 31.","csávázási segédanyag","2030. okt. 31.","","","https://cdn.agromedium.com/uploads/2020/09/67c9c5c70014019edcec/thumbnail.jpg"
"1769693586-626","https://www.agromedium.com/hu-hu/novenyvedo-szerek","","Colpenn","check_circle","800 g/kg kén","2027. júl. 31.","gombaölő szer","2027. júl. 31.","","","https://cdn.agromedium.com/uploads/2024/03/67c9c5be001da30ef4a5/thumbnail.png"
"1769693586-627","https://www.agromedium.com/hu-hu/novenyvedo-szerek","","","","","","","","","","https://cdn.agromedium.com/uploads/2026/01/697082e3000e0b656054/file.png"
"1769693586-628","https://www.agromedium.com/hu-hu/novenyvedo-szerek","","Coltrane","check_circle","120 g/l dikamba, 50 g/l mezotrion","2028. márc. 31.","gyomirtó szer","2028. márc. 31.","","","https://cdn.agromedium.com/uploads/2019/04/67c9c5c1001d85f5c905/thumbnail.png"
"1769693586-629","https://www.agromedium.com/hu-hu/novenyvedo-szerek","","Columbo 0,8 MG","check_circle","8 g/kg cipermetrin","2026. szept. 30.","rovarölő szer","2026. szept. 30.","","",""
"1769693586-630","https://www.agromedium.com/hu-hu/novenyvedo-szerek","","Colzor SyncTec","check_circle","24 g/l klomazon, 150 g/l metazaklór, 150 g/l napropamid","2027. júl. 22.","gyomirtó szer","2027. júl. 22.","","","https://cdn.agromedium.com/uploads/2019/04/67c9c5be0013b6f965bb/thumbnail.png"
"1769693586-631","https://www.agromedium.com/hu-hu/novenyvedo-szerek","","Combi-protec","check_circle","140 g/l mono és poliszaharidok, 1160 g/l növényi kivonatok, 100 g/l oldószer, tartósítószer","2031. jún. 30.","hatásjavító segédanyag","2031. jún. 30.","","","https://cdn.agromedium.com/uploads/2023/03/67c9c5e0003c40ead470/thumbnail.png"
"1769693586-632","https://www.agromedium.com/hu-hu/novenyvedo-szerek","","Comet","check_circle","200 g/l piraklostrobin","2027. jan. 31.","gombaölő permetezőszer","2027. jan. 31.","","","https://cdn.agromedium.com/uploads/2020/09/67c9c5c70014019edcec/thumbnail.jpg"
"1769693586-633","https://www.agromedium.com/hu-hu/novenyvedo-szerek","","","","","","","","","","https://cdn.agromedium.com/uploads/2025/06/6847e89a00115b091f3c/file.png"
"1769693586-634","https://www.agromedium.com/hu-hu/novenyvedo-szerek","","Command 48 EC","check_circle","480 g/l klomazon","2027. nov. 15.","gyomirtó szer","2027. nov. 15.","","","https://cdn.agromedium.com/uploads/2019/04/67c9c5be0026299f6d49/thumbnail.png"
"1769693586-635","https://www.agromedium.com/hu-hu/novenyvedo-szerek","","Companion Gold","warning","16 % ammónium szulfát, 0,95 % poliakrilamid","Eltarthatósági idő végéig","permetezőszer segédanyag","","","","https://cdn.agromedium.com/uploads/2019/04/67c9c5be0026299f6d49/thumbnail.png"
"1769693586-636","https://www.agromedium.com/hu-hu/novenyvedo-szerek","","Comrade","error","200 g/l azoxistrobin, 80 g/l ciprokonazol","2021. máj. 31.","gombaölő permetezőszer","","2021. máj. 31.","","https://cdn.agromedium.com/uploads/2019/04/67c9c6f3002ce784082b/thumbnail.png"
"1769693586-637","https://www.agromedium.com/hu-hu/novenyvedo-szerek","","Conatra","check_circle","60 g metkonazol","2029. ápr. 30.","gombaölő permetezőszer","2029. ápr. 30.","","","https://cdn.agromedium.com/uploads/2024/03/67c9c5be001da30ef4a5/thumbnail.png"
"1769693586-638","https://www.agromedium.com/hu-hu/novenyvedo-szerek","","Concep C FS","check_circle","34 m/m% metkamifen","2026. dec. 31.","antidótum (védőanyag)","2026. dec. 31.","","","https://cdn.agromedium.com/uploads/2019/03/67c9c5c60007ec5337c9/thumbnail.png"
"1769693586-639","https://www.agromedium.com/hu-hu/novenyvedo-szerek","","","","","","","","","","https://cdn.agromedium.com/uploads/2025/11/690db9bd0030b9dd184f/file.png"
"1769693586-640","https://www.agromedium.com/hu-hu/novenyvedo-szerek","","Concep III.","check_circle","959 g/l fluxofenim","2030. febr. 28.","antidótum (védőanyag)","2030. febr. 28.","","","https://cdn.agromedium.com/uploads/2019/03/67c9c5c60007ec5337c9/thumbnail.png"
"1769693586-641","https://www.agromedium.com/hu-hu/novenyvedo-szerek","","Conclude AZT 250 SC","check_circle","250 g/l azoxistrobin","2027. jan. 31.","gombaölő szer","2027. jan. 31.","","","https://cdn.agromedium.com/uploads/2019/03/67c9c5c60007ec5337c9/thumbnail.png"
"1769693586-642","https://www.agromedium.com/hu-hu/novenyvedo-szerek","","Confident 20 SL","error","200 g/l imidakloprid","2021. szept. 10.","rovarölő szer","","2021. szept. 10.","","https://cdn.agromedium.com/uploads/2019/04/67c9c6f3002ce784082b/thumbnail.png"
"1769693586-643","https://www.agromedium.com/hu-hu/novenyvedo-szerek","","Confidor 200 SL","error","200 g/l imidakloprid","2020. dec. 1.","rovarölő szer","","2020. dec. 1.","","https://cdn.agromedium.com/uploads/2019/09/67c9c6f400102ba14e1a/thumbnail.png"
"1769693586-644","https://www.agromedium.com/hu-hu/novenyvedo-szerek","","Conima","error","50 g/l imazalil, 20 g/l ipkonazol","2023. aug. 31.","csávázószer (gombaölő)","","2023. aug. 31.","","https://cdn.agromedium.com/uploads/2024/03/67c9c5be001da30ef4a5/thumbnail.png"
"1769693586-645","https://www.agromedium.com/hu-hu/novenyvedo-szerek","","","","","","","","","","https://cdn.agromedium.com/uploads/2026/01/6969f7e8002c1baa38cf/file.png"
"1769693586-646","https://www.agromedium.com/hu-hu/novenyvedo-szerek","","Connex","check_circle","68 g/kg metszulfuron-metil, 682 g/kg tifenszulfuron-metil","2026. nov. 30.","gyomirtó szer","2026. nov. 30.","","","https://cdn.agromedium.com/uploads/2023/03/67c9c5e0003c40ead470/thumbnail.png"
"1769693586-647","https://www.agromedium.com/hu-hu/novenyvedo-szerek","","Conrod","check_circle","250 g/l tebukonazol","2027. aug. 31.","gombaölő szer","2027. aug. 31.","","","https://cdn.agromedium.com/uploads/2024/03/67c9c5be001da30ef4a5/thumbnail.png"
"1769693586-648","https://www.agromedium.com/hu-hu/novenyvedo-szerek","","ConShape","check_circle","104 g/l S-abszcizinsav","2027. szept. 15.","növekedésszabályozó készítmény","2027. szept. 15.","","",""
"1769693586-649","https://www.agromedium.com/hu-hu/novenyvedo-szerek","","Control","check_circle","269 g/l poli (dimetilsziloxan) polimer, 21,5 g/l szilícium-dioxid","2028. okt. 31.","permetezőszer segédanyag","2028. okt. 31.","","",""
"1769693586-650","https://www.agromedium.com/hu-hu/novenyvedo-szerek","","Conviso One","check_circle","50 g/l foramszulfuron, 30 g/l tienkarbazon-metil","2026. szept. 30.","gyomirtó szer","2026. szept. 30.","","","https://cdn.agromedium.com/uploads/2019/09/67c9c6f400102ba14e1a/thumbnail.png"
"1769693586-651","https://www.agromedium.com/hu-hu/novenyvedo-szerek","","","","","","","","","","https://cdn.agromedium.com/uploads/2025/06/6847e89a00115b091f3c/file.png"
"1769693586-652","https://www.agromedium.com/hu-hu/novenyvedo-szerek","","Copac Flow","check_circle","36 % rézhidroxid","2029. febr. 28.","gombaölő szer","2029. febr. 28.","","","https://cdn.agromedium.com/uploads/2020/09/67c9c5c70014019edcec/thumbnail.jpg"
"1769693586-653","https://www.agromedium.com/hu-hu/novenyvedo-szerek","","Copernico Hi Bio","check_circle","423,7 g/kg rézhidroxid","2026. dec. 31.","gombaölő szer","2026. dec. 31.","","","https://cdn.agromedium.com/uploads/2024/03/67c9c5be001da30ef4a5/thumbnail.png"
"1769693586-654","https://www.agromedium.com/hu-hu/novenyvedo-szerek","","Copforce Extra","check_circle","60 g/kg cimoxanil, 461 g/kg réz-hidroxid","2029. márc. 31.","gombaölő szer","2029. márc. 31.","","","https://cdn.agromedium.com/uploads/2022/12/67c9c6f4001560c3ef62/thumbnail.jpg"
"1769693586-655","https://www.agromedium.com/hu-hu/novenyvedo-szerek","","Copper Field Basic","check_circle","638 g/l rézoxiklorid","2027. dec. 31.","gombaölő szer","2027. dec. 31.","","","https://cdn.agromedium.com/uploads/2019/04/67c9c5be0026299f6d49/thumbnail.png"
"1769693586-656","https://www.agromedium.com/hu-hu/novenyvedo-szerek","","Copper-Field Premium","check_circle","423,7 g/kg rézhidroxid","2026. dec. 31.","gombaölő szer","2026. dec. 31.","","","https://cdn.agromedium.com/uploads/2019/04/67c9c5be0026299f6d49/thumbnail.png"
"1769693586-657","https://www.agromedium.com/hu-hu/novenyvedo-szerek","","","","","","","","","","https://cdn.agromedium.com/uploads/2026/01/6969f7e8002c1baa38cf/file.png"
"1769693586-658","https://www.agromedium.com/hu-hu/novenyvedo-szerek","","Coprantol Duo","check_circle","244 g/kg réz-hidroxid, 245 g/kg réz-oxiklorid","2026. dec. 31.","gombaölő szer","2026. dec. 31.","","","https://cdn.agromedium.com/uploads/2019/03/67c9c5c60007ec5337c9/thumbnail.png"
"1769693586-659","https://www.agromedium.com/hu-hu/novenyvedo-szerek","","Coragen 20 SC","check_circle","200 g/l klorantraniliprol","2026. nov. 30.","rovarölő szer","2026. nov. 30.","","counter_1","https://cdn.agromedium.com/uploads/2019/04/67c9c5be0013b6f965bb/thumbnail.png"
"1769693586-660","https://www.agromedium.com/hu-hu/novenyvedo-szerek","","Corida","check_circle","750 g/kg tribenuron-metil","2035. jan. 30.","gyomirtó szer","2035. jan. 30.","","","https://cdn.agromedium.com/uploads/2022/12/67c9c6f4001560c3ef62/thumbnail.jpg"
"1769693586-661","https://www.agromedium.com/hu-hu/novenyvedo-szerek","","Corprima 20 SC","check_circle","200 g/l klorantraniliprol","2026. nov. 30.","rovarölő szer","2026. nov. 30.","","counter_1","https://cdn.agromedium.com/uploads/2019/04/67c9c5be0026299f6d49/thumbnail.png"
"1769693586-662","https://www.agromedium.com/hu-hu/novenyvedo-szerek","","Corte SE","check_circle","180 g/l 2,4-D, 10 g/l aminopiralid, 5 g/l floraszulam","2028. máj. 31.","gyomirtó szer","2028. máj. 31.","","","https://cdn.agromedium.com/uploads/2023/03/67c9c5c50021e7685e21/thumbnail.jpg"
"1769693586-663","https://www.agromedium.com/hu-hu/novenyvedo-szerek","","","","","","","","","","https://cdn.agromedium.com/uploads/2026/01/697082e3000e0b656054/file.png"
"1769693586-664","https://www.agromedium.com/hu-hu/novenyvedo-szerek","","Corteva - Principal Plus","package_2","2 ha/csomag: kukorica","2x440 g Principal Plus","","","","","https://cdn.agromedium.com/uploads/2025/03/67e7a23d00318586422c/thumbnail.jpg"
"1769693586-665","https://www.agromedium.com/hu-hu/novenyvedo-szerek","","Corteva - Principal Plus Gold","package_2","10 ha/csomag: kukorica","10x440 g Principal Plus","","","","","https://cdn.agromedium.com/uploads/2025/03/67e7a23d00318586422c/thumbnail.jpg"
"1769693586-666","https://www.agromedium.com/hu-hu/novenyvedo-szerek","","Corteva - Principal Plus Python","package_2","30 ha/csomag: kukorica","30x440 g Principal Plus","8 l Vivolt","","","","https://cdn.agromedium.com/uploads/2025/03/67e7a23d00318586422c/thumbnail.jpg"
"1769693586-667","https://www.agromedium.com/hu-hu/novenyvedo-szerek","","Corteva - Victus + Python Flexi","package_2","10 ha/csomag: kukorica","3 l Python 280 SC","2x5 l Victus 40 OD","","","5x0,5 l Vivolt","https://cdn.agromedium.com/uploads/2025/03/67e7a23d00318586422c/thumbnail.jpg"
"1769693586-668","https://www.agromedium.com/hu-hu/novenyvedo-szerek","","Cortina","check_circle","400 g/l protiokonazol","2028. márc. 31.","gombaölő szer","2028. márc. 31.","","",""
"1769693586-669","https://www.agromedium.com/hu-hu/novenyvedo-szerek","","","","","","","","","","https://cdn.agromedium.com/uploads/2025/11/690db9bd0030b9dd184f/file.png"
"1769693586-670","https://www.agromedium.com/hu-hu/novenyvedo-szerek","","Corum","error","480 g/l bentazon, 22,4 g/l imazamox","2022. febr. 1.","gyomirtó szer","","2022. febr. 1.","","https://cdn.agromedium.com/uploads/2020/09/67c9c5c70014019edcec/thumbnail.jpg"
"1769693586-671","https://www.agromedium.com/hu-hu/novenyvedo-szerek","","Cosavet DF Edge","check_circle","800 g/kg kén","2029. jún. 30.","gombaölő permetezőszer","2029. jún. 30.","","","https://cdn.agromedium.com/uploads/2019/04/67c9c5be0026299f6d49/thumbnail.png"
"1769693586-672","https://www.agromedium.com/hu-hu/novenyvedo-szerek","","Cosayr","check_circle","200 g/l klorantraniliprol","2028. máj. 31.","rovarölő szer","2028. máj. 31.","","","https://cdn.agromedium.com/uploads/2019/04/67c9c5c1001d85f5c905/thumbnail.png"
"1769693586-673","https://www.agromedium.com/hu-hu/novenyvedo-szerek","","Crasher","check_circle","40 g/l nikoszulfuron","2028. márc. 30.","gyomirtó szer","2028. márc. 30.","","",""
"1769693586-674","https://www.agromedium.com/hu-hu/novenyvedo-szerek","","Credit Xtreme","check_circle","540 g/l glifozát","2027. ápr. 30.","gyomirtó szer","2027. ápr. 30.","","","https://cdn.agromedium.com/uploads/2019/12/67c9c5e00038baa08a17/thumbnail.jpg"
"1769693586-675","https://www.agromedium.com/hu-hu/novenyvedo-szerek","","","","","","","","","","https://cdn.agromedium.com/uploads/2025/06/6847e89a00115b091f3c/file.png"
"1769693586-676","https://www.agromedium.com/hu-hu/novenyvedo-szerek","","Croisor 100","check_circle","100 g/l szintofen","2027. máj. 31.","növekedésszabályzó szer","2027. máj. 31.","","","https://cdn.agromedium.com/uploads/2019/11/67c9c6f800047e3345ec/thumbnail.png"
"1769693586-677","https://www.agromedium.com/hu-hu/novenyvedo-szerek","","Cross Extra","error","960 g/l S-metolaklór","2024. ápr. 23.","gyomirtó szer","","2024. ápr. 23.","","https://cdn.agromedium.com/uploads/2018/08/67c9c5bf000cfc1dad7b/thumbnail.jpg"
"1769693586-678","https://www.agromedium.com/hu-hu/novenyvedo-szerek","","Croupier OD","check_circle","324 g/l fluroxipir-meptil, 9 g/l metszulfuron-metil","2026. aug. 31.","gyomirtó szer","2026. aug. 31.","","","https://cdn.agromedium.com/uploads/2023/01/67c9c5c70039285dc50f/thumbnail.png"
"1769693586-679","https://www.agromedium.com/hu-hu/novenyvedo-szerek","","Crown MH","check_circle","270 g/l maleinsav-hidrazid","2033. okt. 31.","növekedésszabályozó készítmény","2033. okt. 31.","","","https://cdn.agromedium.com/uploads/2018/08/67c9c5bf000cfc1dad7b/thumbnail.jpg"
"1769693586-680","https://www.agromedium.com/hu-hu/novenyvedo-szerek","","Csalán-zsurló kivonat","check_circle","","2032. dec. 22.","","2032. dec. 22.","","","https://cdn.agromedium.com/uploads/2019/10/67c9c6fa000ba15ae8da/thumbnail.png"
"1769693586-681","https://www.agromedium.com/hu-hu/novenyvedo-szerek","","","","","","","","","","https://cdn.agromedium.com/uploads/2026/01/697082e3000e0b656054/file.png"
"1769693586-682","https://www.agromedium.com/hu-hu/novenyvedo-szerek","","CSALOMON Ragacsos Illatanyag és Színcsapda","check_circle","feromon","2033. ápr. 30.","ragacsos feromoncsapda és színcsapda","2033. ápr. 30.","","","https://cdn.agromedium.com/uploads/2020/03/67c9c70400147af12913/thumbnail.jpg"
"1769693586-683","https://www.agromedium.com/hu-hu/novenyvedo-szerek","","CSALOMON Varsás-, Talajcsapda és Tojásgyűjtő Lap","check_circle","feromon","2033. ápr. 30.","csalogató (attraktáns)","2033. ápr. 30.","","","https://cdn.agromedium.com/uploads/2020/03/67c9c70400147af12913/thumbnail.jpg"
"1769693586-684","https://www.agromedium.com/hu-hu/novenyvedo-szerek","","Csiga elleni granulátum","check_circle","10 g/kg vas-foszfát","2031. dec. 31.","csigaölő szer","2031. dec. 31.","","",""
"1769693586-685","https://www.agromedium.com/hu-hu/novenyvedo-szerek","","Csiga Stopp","check_circle","10 g/kg vas-foszfát","2031. dec. 31.","csigaölő szer","2031. dec. 31.","","","https://cdn.agromedium.com/uploads/2019/04/67c9c6f3002ce784082b/thumbnail.png"
"1769693586-686","https://www.agromedium.com/hu-hu/novenyvedo-szerek","","Csiga Tox","check_circle","9,9 g/kg vas-foszfát","2031. dec. 31.","csigaölő szer","2031. dec. 31.","","",""
"1769693586-687","https://www.agromedium.com/hu-hu/novenyvedo-szerek","","","","","","","","","","https://cdn.agromedium.com/uploads/2025/11/690db9bd0030b9dd184f/file.png"
"1769693586-688","https://www.agromedium.com/hu-hu/novenyvedo-szerek","","Csiga-Vég","check_circle","10 g/kg vas-foszfát","2031. dec. 31.","csigaölő szer","2031. dec. 31.","","","https://cdn.agromedium.com/uploads/2019/04/67c9c6f3002ce784082b/thumbnail.png"
"1769693586-689","https://www.agromedium.com/hu-hu/novenyvedo-szerek","","Csigaölő Natural","check_circle","30 g/kg vas-foszfát","2031. dec. 31.","csigaölő szer","2031. dec. 31.","","",""
"1769693586-690","https://www.agromedium.com/hu-hu/novenyvedo-szerek","","Cupertine M","error","80 g/kg mankoceb, 200 g/kg réz (bordói keverék)","2021. júl. 4.","gombaölő szer","","2021. júl. 4.","",""
"1769693586-691","https://www.agromedium.com/hu-hu/novenyvedo-szerek","","Cupman","check_circle","60 g/kg cimoxanil, 461 g/kg réz-hidroxid","2029. márc. 31.","gombaölő szer","2029. márc. 31.","","","https://cdn.agromedium.com/uploads/2022/12/67c9c6f4001560c3ef62/thumbnail.jpg"
"1769693586-692","https://www.agromedium.com/hu-hu/novenyvedo-szerek","","Cuprablau Z 35 WP","check_circle","577 g/kg rézoxiklorid","2026. dec. 31.","gombaölő permetezőszer","2026. dec. 31.","","",""
"1769693586-693","https://www.agromedium.com/hu-hu/novenyvedo-szerek","","","","","","","","","","https://cdn.agromedium.com/uploads/2026/01/697082e3000e0b656054/file.png"
"1769693586-694","https://www.agromedium.com/hu-hu/novenyvedo-szerek","","Cuprocaffaro Micro","check_circle","630 g/kg rézoxiklorid","2026. dec. 31.","gombaölő szer","2026. dec. 31.","","","https://cdn.agromedium.com/uploads/2019/03/67c9c5c60007ec5337c9/thumbnail.png"
"1769693586-695","https://www.agromedium.com/hu-hu/novenyvedo-szerek","","Cuprofix 30 DG","error","120 g/kg bordói keverék, 300 g/kg mankoceb","2021. júl. 4.","gombaölő szer","","2021. júl. 4.","",""
"1769693586-696","https://www.agromedium.com/hu-hu/novenyvedo-szerek","","Cuprofix Disperss","check_circle","20 % réz (bázikus réz(II)szulfát)","2028. febr. 28.","gombaölő szer","2028. febr. 28.","","","https://cdn.agromedium.com/uploads/2024/03/67c9c5be001da30ef4a5/thumbnail.png"
"1769693586-697","https://www.agromedium.com/hu-hu/novenyvedo-szerek","","Cuprogard DG","check_circle","20 % réz (bázikus réz(II)szulfát)","2028. febr. 28.","gombaölő szer","2028. febr. 28.","","","https://cdn.agromedium.com/uploads/2024/03/67c9c5be001da30ef4a5/thumbnail.png"
"1769693586-698","https://www.agromedium.com/hu-hu/novenyvedo-szerek","","Cupromet-OH","check_circle","770 g/kg rézhidroxid","2029. máj. 31.","gombaölő szer","2029. máj. 31.","","","https://cdn.agromedium.com/uploads/2020/04/67c9c5c5003bb7c20c20/thumbnail.png"
"1769693586-699","https://www.agromedium.com/hu-hu/novenyvedo-szerek","","","","","","","","","","https://cdn.agromedium.com/uploads/2025/11/690db9bd0030b9dd184f/file.png"
"1769693586-700","https://www.agromedium.com/hu-hu/novenyvedo-szerek","","Cuprosan 50 WP","error","841 g/kg rézoxiklorid (500 g/kg réz)","2025. márc. 15.","gombaölő szer","","2025. márc. 15.","","https://cdn.agromedium.com/uploads/2019/11/67c9c704002414f8c4a9/thumbnail.png"
"1769693586-701","https://www.agromedium.com/hu-hu/novenyvedo-szerek","","Cuprosan Super F","error","120 g/kg bordói keverék, 300 g/kg mankoceb","2021. júl. 4.","gombaölő szer","","2021. júl. 4.","",""
"1769693586-702","https://www.agromedium.com/hu-hu/novenyvedo-szerek","","Cuproxat FW","check_circle","350 g/l tribázikus rézszulfát (190 g/l fémréz)","2027. dec. 31.","gombaölő szer","2027. dec. 31.","","counter_1","https://cdn.agromedium.com/uploads/2019/12/67c9c5e00038baa08a17/thumbnail.jpg"
"1769693586-703","https://www.agromedium.com/hu-hu/novenyvedo-szerek","","Cuprozin Progress","check_circle","383 g/l réz-hidroxid","2029. márc. 31.","gombaölő szer","2029. márc. 31.","","","https://cdn.agromedium.com/uploads/2023/01/67c9c5c70039285dc50f/thumbnail.png"
"1769693586-704","https://www.agromedium.com/hu-hu/novenyvedo-szerek","","Currando","check_circle","500 g/l difenokonazol","2027. márc. 15.","gombaölő permetezőszer","2027. márc. 15.","","",""
"1769693586-705","https://www.agromedium.com/hu-hu/novenyvedo-szerek","","","","","","","","","","https://cdn.agromedium.com/uploads/2026/01/6969f7e8002c1baa38cf/file.png"
"1769693586-706","https://www.agromedium.com/hu-hu/novenyvedo-szerek","","Curzate F","error","40 g/l cimoxanil, 480 g/l folpet","2023. márc. 24.","gombaölő szer","","2023. márc. 24.","","https://cdn.agromedium.com/uploads/2025/03/67e7a23d00318586422c/thumbnail.jpg"
"1769693586-707","https://www.agromedium.com/hu-hu/novenyvedo-szerek","","Cuter","check_circle","100 g/l mezotrion","2033. máj. 31.","gyomirtó szer","2033. máj. 31.","","","https://cdn.agromedium.com/uploads/2019/04/67c9c5be0026299f6d49/thumbnail.png"
"1769693586-708","https://www.agromedium.com/hu-hu/novenyvedo-szerek","","Cycocel 750","check_circle","750 g/l klórmekvát","2028. febr. 28.","növekedésszabályzó szer","2028. febr. 28.","","","https://cdn.agromedium.com/uploads/2020/09/67c9c5c70014019edcec/thumbnail.jpg"
"1769693586-709","https://www.agromedium.com/hu-hu/novenyvedo-szerek","","Cyflamid","check_circle","50 g/l ciflufenamid","2029. márc. 31.","gombaölő szer","2029. márc. 31.","","","https://cdn.agromedium.com/uploads/2023/03/67c9c5e0003c40ead470/thumbnail.png"
"1769693586-710","https://www.agromedium.com/hu-hu/novenyvedo-szerek","","Cymbal 45 WG","check_circle","450 g/kg cimoxanil","2027. aug. 15.","gombaölő szer","2027. aug. 15.","","","https://cdn.agromedium.com/uploads/2023/01/67c9c5c70039285dc50f/thumbnail.png"
"1769693586-711","https://www.agromedium.com/hu-hu/novenyvedo-szerek","","","","","","","","","","https://cdn.agromedium.com/uploads/2025/06/6847e89a00115b091f3c/file.png"
"1769693586-712","https://www.agromedium.com/hu-hu/novenyvedo-szerek","","Cyperfor 100 EC","check_circle","100 g/l cipermetrin","2028. okt. 31.","rovarölő szer","2028. okt. 31.","","","https://cdn.agromedium.com/uploads/2023/01/67c9c5c70039285dc50f/thumbnail.png"
"1769693586-713","https://www.agromedium.com/hu-hu/novenyvedo-szerek","","Cyperkill 25 EC","error","250 g/l cipermetrin","2022. jún. 10.","rovarölő szer","","2022. jún. 10.","","https://cdn.agromedium.com/uploads/2024/03/67c9c5be001da30ef4a5/thumbnail.png"
"1769693586-714","https://www.agromedium.com/hu-hu/novenyvedo-szerek","","Cyperkill Max","check_circle","500 g/l cipermetrin","2027. febr. 28.","rovarölő szer","2027. febr. 28.","","","https://cdn.agromedium.com/uploads/2024/03/67c9c5be001da30ef4a5/thumbnail.png"
"1769693586-715","https://www.agromedium.com/hu-hu/novenyvedo-szerek","","Cythrin Max","check_circle","500 g/l cipermetrin","2027. febr. 28.","rovarölő szer","2027. febr. 28.","","","https://cdn.agromedium.com/uploads/2019/04/67c9c5be0026299f6d49/thumbnail.png"
"1769693586-716","https://www.agromedium.com/hu-hu/novenyvedo-szerek","","Dacor","check_circle","287,5 g/l etofenprox","2027. dec. 31.","rovarölő szer","2027. dec. 31.","","","https://cdn.agromedium.com/uploads/2023/01/67c9c5c70039285dc50f/thumbnail.png"
"1769693586-717","https://www.agromedium.com/hu-hu/novenyvedo-szerek","","","","","","","","","","https://cdn.agromedium.com/uploads/2026/01/697082e3000e0b656054/file.png"
"1769693586-718","https://www.agromedium.com/hu-hu/novenyvedo-szerek","","Dafne 250 EC","check_circle","250 g/l difenokonazol","2027. márc. 15.","gombaölő szer","2027. márc. 15.","","",""
"1769693586-719","https://www.agromedium.com/hu-hu/novenyvedo-szerek","","Dagonis","check_circle","50 g/l difenokonazol, 75 g/l fluxapiroxad","2028. dec. 31.","gombaölő permetezőszer","2028. dec. 31.","","","https://cdn.agromedium.com/uploads/2020/09/67c9c5c70014019edcec/thumbnail.jpg"
"1769693586-720","https://www.agromedium.com/hu-hu/novenyvedo-szerek","","Dalimo","check_circle","500 g/l fluazinam","2029. júl. 31.","gombaölő szer","2029. júl. 31.","","","https://cdn.agromedium.com/uploads/2019/04/67c9c6f8002fe783f03a/thumbnail.png"
"1769693586-721","https://www.agromedium.com/hu-hu/novenyvedo-szerek","","Daneva","check_circle","100 g/l mezotrion","2033. máj. 31.","gyomirtó szer","2033. máj. 31.","","","https://cdn.agromedium.com/uploads/2024/03/67c9c5be001da30ef4a5/thumbnail.png"
"1769693586-722","https://www.agromedium.com/hu-hu/novenyvedo-szerek","","Darby","check_circle","600 g/l 2,4-D","2031. dec. 31.","gyomirtó szer","2031. dec. 31.","","counter_1","https://cdn.agromedium.com/uploads/2022/12/67c9c6f4001560c3ef62/thumbnail.jpg"
"1769693586-723","https://www.agromedium.com/hu-hu/novenyvedo-szerek","","","","","","","","","","https://cdn.agromedium.com/uploads/2026/01/697082e3000e0b656054/file.png"
"1769693586-724","https://www.agromedium.com/hu-hu/novenyvedo-szerek","","Darium","check_circle","50 g/l kizalofop-P-etil","2029. jan. 31.","gyomirtó szer","2029. jan. 31.","","","https://cdn.agromedium.com/uploads/2019/09/67c9c6f70009b6d8d321/thumbnail.jpg"
"1769693586-725","https://www.agromedium.com/hu-hu/novenyvedo-szerek","","Darter","check_circle","200 g/l fluroxipir, 290 g/l fluroxipir meptilészter","2028. febr. 15.","gyomirtó szer","2028. febr. 15.","","","https://cdn.agromedium.com/uploads/2019/12/67c9c5e00038baa08a17/thumbnail.jpg"
"1769693586-726","https://www.agromedium.com/hu-hu/novenyvedo-szerek","","Dash HC","check_circle","348,75 g/l zsírsavak (C14-18) és telítetlen zsírsavak (C16-18) metil-észterei","2029. ápr. 30.","permetezőszer segédanyag","2029. ápr. 30.","","","https://cdn.agromedium.com/uploads/2020/09/67c9c5c70014019edcec/thumbnail.jpg"
"1769693586-727","https://www.agromedium.com/hu-hu/novenyvedo-szerek","","Daskor","error","40 g/l cipermetrin, 400 g/l klórpirifosz-metil","2020. febr. 16.","rovarölő szer","","2020. febr. 16.","","https://cdn.agromedium.com/uploads/2020/04/67c9c7010006b6068ba1/thumbnail.png"
"1769693586-728","https://www.agromedium.com/hu-hu/novenyvedo-szerek","","Davai","check_circle","80 g/l imazamox","2026. okt. 31.","gyomirtó szer","2026. okt. 31.","","","https://cdn.agromedium.com/uploads/2019/04/67c9c5c1001d85f5c905/thumbnail.png"
"1769693586-729","https://www.agromedium.com/hu-hu/novenyvedo-szerek","","","","","","","","","","https://cdn.agromedium.com/uploads/2025/11/690db9bd0030b9dd184f/file.png"
"1769693586-730","https://www.agromedium.com/hu-hu/novenyvedo-szerek","","Daxur","check_circle","150 g/l krezoxim-metil, 100 g/l mefentriflukonazol","2027. ápr. 15.","gombaölő szer","2027. ápr. 15.","","","https://cdn.agromedium.com/uploads/2023/03/67c9c5c50021e7685e21/thumbnail.jpg"
"1769693586-731","https://www.agromedium.com/hu-hu/novenyvedo-szerek","","Deca 2,5 EC","check_circle","25 g/l deltametrin","2027. okt. 31.","rovarölő szer","2027. okt. 31.","","","https://cdn.agromedium.com/uploads/2019/04/67c9c6f3002ce784082b/thumbnail.png"
"1769693586-732","https://www.agromedium.com/hu-hu/novenyvedo-szerek","","Deca 50 CS","check_circle","50 g/l deltametrin","2027. aug. 15.","rovarölő szer","2027. aug. 15.","","","https://cdn.agromedium.com/uploads/2019/04/67c9c6f3002ce784082b/thumbnail.png"
"1769693586-733","https://www.agromedium.com/hu-hu/novenyvedo-szerek","","Deccopyr Pot","check_circle","300 g/kg pirimetanil","2027. jún. 30.","gombaölő szer","2027. jún. 30.","","","https://cdn.agromedium.com/uploads/2019/10/67c9c6fa000ba15ae8da/thumbnail.png"
"1769693586-734","https://www.agromedium.com/hu-hu/novenyvedo-szerek","","Decis","check_circle","50 g/l deltametrin","2027. aug. 15.","rovarölő szer","2027. aug. 15.","","","https://cdn.agromedium.com/uploads/2019/09/67c9c6f400102ba14e1a/thumbnail.png"
"1769693586-735","https://www.agromedium.com/hu-hu/novenyvedo-szerek","","","","","","","","","","https://cdn.agromedium.com/uploads/2026/01/6969f7e8002c1baa38cf/file.png"
"1769693586-736","https://www.agromedium.com/hu-hu/novenyvedo-szerek","","Decis Forte","check_circle","100 g/l deltametrin","2027. okt. 31.","rovarölő szer","2027. okt. 31.","","counter_1","https://cdn.agromedium.com/uploads/2019/09/67c9c6f400102ba14e1a/thumbnail.png"
"1769693586-737","https://www.agromedium.com/hu-hu/novenyvedo-szerek","","Decis Mega","check_circle","50 g/l deltametrin","2027. aug. 15.","rovarölő szer","2027. aug. 15.","","","https://cdn.agromedium.com/uploads/2019/09/67c9c6f400102ba14e1a/thumbnail.png"
"1769693586-738","https://www.agromedium.com/hu-hu/novenyvedo-szerek","","Defender","check_circle","360 g/l glifozát","2027. márc. 31.","gyomirtó szer","2027. márc. 31.","","","https://cdn.agromedium.com/uploads/2023/03/67c9c72800396ea3aa69/thumbnail.jpg"
"1769693586-739","https://www.agromedium.com/hu-hu/novenyvedo-szerek","","Deflect 500 SC","check_circle","500 g/l diflufenikán","2028. dec. 31.","gyomirtó szer","2028. dec. 31.","","","https://cdn.agromedium.com/uploads/2019/04/67c9c6f3002ce784082b/thumbnail.png"
"1769693586-740","https://www.agromedium.com/hu-hu/novenyvedo-szerek","","Deft Clear","check_circle","200 g/kg metszulfuron-metil","2029. ápr. 30.","gyomirtó szer","2029. ápr. 30.","","","https://cdn.agromedium.com/uploads/2022/12/67c9c6f4001560c3ef62/thumbnail.jpg"
"1769693586-741","https://www.agromedium.com/hu-hu/novenyvedo-szerek","","","","","","","","","","https://cdn.agromedium.com/uploads/2025/06/6847e89a00115b091f3c/file.png"
"1769693586-742","https://www.agromedium.com/hu-hu/novenyvedo-szerek","","Degesch Magtoxin (golyó, pellet)","check_circle","660 g/kg magnézium-foszfid","2027. dec. 31.","gázosító szer","2027. dec. 31.","","","https://cdn.agromedium.com/uploads/2019/10/67c9c7060001b943f042/thumbnail.jpg"
"1769693586-743","https://www.agromedium.com/hu-hu/novenyvedo-szerek","","Degesch Phostoxin tabletta, golyó, pellet","check_circle","565 g/kg aluminium-foszfid","2027. dec. 31.","gázosító szer","2027. dec. 31.","","","https://cdn.agromedium.com/uploads/2022/07/67c9c706000b3b4d1b4f/thumbnail.jpg"
"1769693586-744","https://www.agromedium.com/hu-hu/novenyvedo-szerek","","Degesch plates, strip rovarölő gázosítószer","check_circle","560 g/kg magnézium-foszfid","2027. dec. 31.","gázosító szer","2027. dec. 31.","","","https://cdn.agromedium.com/uploads/2019/10/67c9c7060001b943f042/thumbnail.jpg"
"1769693586-745","https://www.agromedium.com/hu-hu/novenyvedo-szerek","","Delan 700 WG","check_circle","700 g/kg ditianon","2029. márc. 31.","gombaölő szer","2029. márc. 31.","","counter_1","https://cdn.agromedium.com/uploads/2020/09/67c9c5c70014019edcec/thumbnail.jpg"
"1769693586-746","https://www.agromedium.com/hu-hu/novenyvedo-szerek","","Delan Pro","check_circle","125 g/l ditianon, 561 g/l kálium-foszfonát","2027. máj. 31.","gombaölő permetezőszer","2027. máj. 31.","","","https://cdn.agromedium.com/uploads/2020/09/67c9c5c70014019edcec/thumbnail.jpg"
"1769693586-747","https://www.agromedium.com/hu-hu/novenyvedo-szerek","","","","","","","","","","https://cdn.agromedium.com/uploads/2025/11/690db9bd0030b9dd184f/file.png"
"1769693586-748","https://www.agromedium.com/hu-hu/novenyvedo-szerek","","Delan SC","check_circle","500 g/l ditianon","2028. jan. 31.","gombaölő szer","2028. jan. 31.","","","https://cdn.agromedium.com/uploads/2020/09/67c9c5c70014019edcec/thumbnail.jpg"
"1769693586-749","https://www.agromedium.com/hu-hu/novenyvedo-szerek","","Delaro","check_circle","175 g/l protiokonazol, 150 g/l trifloxistrobin","2029. júl. 31.","gombaölő permetezőszer","2029. júl. 31.","","","https://cdn.agromedium.com/uploads/2025/03/67e7a23d00318586422c/thumbnail.jpg"
"1769693586-750","https://www.agromedium.com/hu-hu/novenyvedo-szerek","","Delaro Forte 280 EC","check_circle","93,3 g/l protiokonazol, 107 g/l spiroxamin, 80 g/l trifloxistrobin","2027. júl. 31.","gombaölő szer","2027. júl. 31.","","","https://cdn.agromedium.com/uploads/2019/09/67c9c6f400102ba14e1a/thumbnail.png"
"1769693586-751","https://www.agromedium.com/hu-hu/novenyvedo-szerek","","DelCaps 050 CS","check_circle","50 g/l deltametrin","2027. aug. 15.","rovarölő szer","2027. aug. 15.","","","https://cdn.agromedium.com/uploads/2020/04/67c9c6f4002d68edb2b0/thumbnail.png"
"1769693586-752","https://www.agromedium.com/hu-hu/novenyvedo-szerek","","Delegate 250 WG","error","250 g/kg spinetoram","2024. jún. 30.","rovarölő szer","","2024. jún. 30.","","https://cdn.agromedium.com/uploads/2019/11/67c9c6fa0001ead89d8d/thumbnail.png"
"1769693586-753","https://www.agromedium.com/hu-hu/novenyvedo-szerek","","","","","","","","","","https://cdn.agromedium.com/uploads/2025/06/6847e89a00115b091f3c/file.png"
"1769693586-754","https://www.agromedium.com/hu-hu/novenyvedo-szerek","","Delfin WG","check_circle","4,85 x 10^13 CFU/kg Bacillus thuringiensis","2038. jún. 30.","rovarölő szer","2038. jún. 30.","","","https://cdn.agromedium.com/uploads/2023/01/67c9c5c70039285dc50f/thumbnail.png"
"1769693586-755","https://www.agromedium.com/hu-hu/novenyvedo-szerek","","Delion","check_circle","480 g/l dikamba","2027. nov. 30.","gyomirtó szer","2027. nov. 30.","","",""
"1769693586-756","https://www.agromedium.com/hu-hu/novenyvedo-szerek","","Delprima 050 CS","check_circle","50 g/l deltametrin","2027. aug. 15.","rovarölő szer","2027. aug. 15.","","","https://cdn.agromedium.com/uploads/2020/11/67c9c6f9001413c8202c/thumbnail.png"
"1769693586-757","https://www.agromedium.com/hu-hu/novenyvedo-szerek","","Delta Super","check_circle","25 g/l deltametrin","2027. okt. 31.","rovarölő szer","2027. okt. 31.","","","https://cdn.agromedium.com/uploads/2018/08/67c9c5bf000cfc1dad7b/thumbnail.jpg"
"1769693586-758","https://www.agromedium.com/hu-hu/novenyvedo-szerek","","Delta Trap ragacsos csapda és feromon kapszula","check_circle","ragasztóanyag, feromon","2035. ápr. 30.","illatanyagcsapda (ragacsos)","2035. ápr. 30.","","","https://cdn.agromedium.com/uploads/2024/05/67c9c7160028eade76b4/thumbnail.jpg"
"1769693586-759","https://www.agromedium.com/hu-hu/novenyvedo-szerek","","","","","","","","","","https://cdn.agromedium.com/uploads/2025/06/6847e89a00115b091f3c/file.png"
"1769693586-760","https://www.agromedium.com/hu-hu/novenyvedo-szerek","","Deltam","check_circle","15 g/l deltametrin","2026. okt. 31.","rovarölő szer","2026. okt. 31.","","",""
"1769693586-761","https://www.agromedium.com/hu-hu/novenyvedo-szerek","","Deltam System","check_circle","25 g/l flupiradifuron","2026. dec. 31.","rovarölő szer","2026. dec. 31.","","",""
"1769693586-762","https://www.agromedium.com/hu-hu/novenyvedo-szerek","","Deltaphar 25 EC","check_circle","25 g/l deltametrin","2027. aug. 15.","rovarölő szer","2027. aug. 15.","","","https://cdn.agromedium.com/uploads/2024/03/67c9c5be001da30ef4a5/thumbnail.png"
"1769693586-763","https://www.agromedium.com/hu-hu/novenyvedo-szerek","","Deltastop feromon csapda","check_circle","feromon ((E,E)-8,10-dodekadién-1-ol), feromon ((E,Z)-7,9-dodekadien-1-ilacetát), feromon ((E,Z)-8,10-tetradekadienal), feromon ((Z)-8-dodecén-1-il acetát), feromon ((Z)-8-dodecén-1-ol), feromon ((Z)-9-dodecén-1-il acetát), feromon ((Z)-9-tetradecén-1-il-acetát)","2026. máj. 31.","ragasztós illatanyagcsapda","2026. máj. 31.","","","https://cdn.agromedium.com/uploads/2019/09/67c9c5cf002c6dbae44c/thumbnail.png"
"1769693586-764","https://www.agromedium.com/hu-hu/novenyvedo-szerek","","Deltathrin","check_circle","25 g/l deltametrin","2027. aug. 15.","rovarölő szer","2027. aug. 15.","","","https://cdn.agromedium.com/uploads/2023/06/67c9c76b00277662b3eb/thumbnail.jpg"
"1769693586-765","https://www.agromedium.com/hu-hu/novenyvedo-szerek","","","","","","","","","","https://cdn.agromedium.com/uploads/2026/01/697082e3000e0b656054/file.png"
"1769693586-766","https://www.agromedium.com/hu-hu/novenyvedo-szerek","","DelTop 050 CS","check_circle","50 g/l deltametrin","2027. aug. 15.","rovarölő szer","2027. aug. 15.","","","https://cdn.agromedium.com/uploads/2019/11/67c9c6f7000d80fcbd22/thumbnail.png"
"1769693586-767","https://www.agromedium.com/hu-hu/novenyvedo-szerek","","Delu pocokriasztó szer","check_circle","800 g/kg kalcium-karbid","2029. jan. 31.","riasztó szer","2029. jan. 31.","","","https://cdn.agromedium.com/uploads/2019/10/67c9c7060001b943f042/thumbnail.jpg"
"1769693586-768","https://www.agromedium.com/hu-hu/novenyvedo-szerek","","Designer","check_circle","256,3 g/l karboxilált-sztirol-1,3 butadién kopolimer","2035. máj. 31.","permetezőszer segédanyag","2035. máj. 31.","","","https://cdn.agromedium.com/uploads/2019/04/67c9c5be0026299f6d49/thumbnail.png"
"1769693586-769","https://www.agromedium.com/hu-hu/novenyvedo-szerek","","Dessicash 20 SL","error","374 g/l diquat-dibromid","2019. máj. 4.","gyomirtó szer","","2019. máj. 4.","emergency_home","https://cdn.agromedium.com/uploads/2019/04/67c9c6f3002ce784082b/thumbnail.png"
"1769693586-770","https://www.agromedium.com/hu-hu/novenyvedo-szerek","","Detector","check_circle","100 g/l deltametrin","2027. okt. 31.","rovarölő szer","2027. okt. 31.","","counter_1","https://cdn.agromedium.com/uploads/2023/03/67c9c5c50021e7685e21/thumbnail.jpg"
"1769693586-771","https://www.agromedium.com/hu-hu/novenyvedo-szerek","","","","","","","","","","https://cdn.agromedium.com/uploads/2026/01/6969f7e8002c1baa38cf/file.png"
"1769693586-772","https://www.agromedium.com/hu-hu/novenyvedo-szerek","","Detia Carb","check_circle","800 g/kg kalcium-karbid","2029. jan. 31.","riasztó szer","2029. jan. 31.","","","https://cdn.agromedium.com/uploads/2019/10/67c9c7060001b943f042/thumbnail.jpg"
"1769693586-773","https://www.agromedium.com/hu-hu/novenyvedo-szerek","","Detia Degesch Schneckenkorn","check_circle","6 % metaldehid","2027. aug. 31.","csigaölő szer","2027. aug. 31.","","","https://cdn.agromedium.com/uploads/2022/07/67c9c706000b3b4d1b4f/thumbnail.jpg"
"1769693586-774","https://www.agromedium.com/hu-hu/novenyvedo-szerek","","Detia Gas Ex-B","check_circle","570 g/kg aluminium-foszfid","2027. dec. 31.","gázosító szer","2027. dec. 31.","","","https://cdn.agromedium.com/uploads/2022/07/67c9c706000b3b4d1b4f/thumbnail.jpg"
"1769693586-775","https://www.agromedium.com/hu-hu/novenyvedo-szerek","","Devrinol 45 F","counter_1","450 g/l napropamid","Alapengedély","counter_1","","","","https://cdn.agromedium.com/uploads/2019/04/67c9c5be0026299f6d49/thumbnail.png"
"1769693586-776","https://www.agromedium.com/hu-hu/novenyvedo-szerek","","Dezormon","check_circle","600 g/l 2,4-D","2031. dec. 31.","gyomirtó szer","2031. dec. 31.","","counter_1","https://cdn.agromedium.com/uploads/2019/12/67c9c5e00038baa08a17/thumbnail.jpg"
"1769693586-777","https://www.agromedium.com/hu-hu/novenyvedo-szerek","","","","","","","","","","https://cdn.agromedium.com/uploads/2025/06/6847e89a00115b091f3c/file.png"
"1769693586-778","https://www.agromedium.com/hu-hu/novenyvedo-szerek","","Diagonal","check_circle","250 g/l azoxistrobin","2029. szept. 30.","gombaölő permetezőszer","2029. szept. 30.","","","https://cdn.agromedium.com/uploads/2018/08/67c9c5bf000cfc1dad7b/thumbnail.jpg"
"1769693586-779","https://www.agromedium.com/hu-hu/novenyvedo-szerek","","Dianem","check_circle","10 % Heterorhabditis bacteriophora","2026. nov. 18.","makroszervezet","2026. nov. 18.","","","https://cdn.agromedium.com/uploads/2019/09/67c9c5cf002c6dbae44c/thumbnail.png"
"1769693586-780","https://www.agromedium.com/hu-hu/novenyvedo-szerek","","Diastar Maxi","error","5 g/kg teflutrin","2025. máj. 31.","rovarölő talajfertőtlenítő szer","","2025. máj. 31.","","https://cdn.agromedium.com/uploads/2019/03/67c9c5c60007ec5337c9/thumbnail.png"
"1769693586-781","https://www.agromedium.com/hu-hu/novenyvedo-szerek","","Dicarmon","check_circle","344 g/l 2,4-D, 120 g/l dikamba","2026. dec. 31.","gyomirtó szer","2026. dec. 31.","","","https://cdn.agromedium.com/uploads/2019/09/67c9c6f400102ba14e1a/thumbnail.png"
"1769693586-782","https://www.agromedium.com/hu-hu/novenyvedo-szerek","","Dicash 480 SL","check_circle","480 g/l dikamba","2026. máj. 31.","gyomirtó szer","2026. máj. 31.","","","https://cdn.agromedium.com/uploads/2019/04/67c9c6f3002ce784082b/thumbnail.png"
"1769693586-783","https://www.agromedium.com/hu-hu/novenyvedo-szerek","","","","","","","","","","https://cdn.agromedium.com/uploads/2025/11/690db9bd0030b9dd184f/file.png"
"1769693586-784","https://www.agromedium.com/hu-hu/novenyvedo-szerek","","Dicavel SL","check_circle","480 g/l dikamba","2027. febr. 28.","gyomirtó szer","2027. febr. 28.","","","https://cdn.agromedium.com/uploads/2023/01/67c9c5c70039285dc50f/thumbnail.png"
"1769693586-785","https://www.agromedium.com/hu-hu/novenyvedo-szerek","","Dicophar","check_circle","70 g/l 2,4-D, 20 g/l dikamba, 70 g/l MCPA, 42 g/l MCPP-P","2027. aug. 15.","gyomirtó szer","2027. aug. 15.","","","https://cdn.agromedium.com/uploads/2020/04/67c9c7010006b6068ba1/thumbnail.png"
"1769693586-786","https://www.agromedium.com/hu-hu/novenyvedo-szerek","","Dicopur Top 464 SL","check_circle","344 g/l 2,4-D, 120 g/l dikamba","2026. dec. 31.","gyomirtó szer","2026. dec. 31.","","","https://cdn.agromedium.com/uploads/2019/12/67c9c5e00038baa08a17/thumbnail.jpg"
"1769693586-787","https://www.agromedium.com/hu-hu/novenyvedo-szerek","","Difcor 250 EC","check_circle","250 g/l difenokonazol","2027. márc. 15.","gombaölő szer","2027. márc. 15.","","","https://cdn.agromedium.com/uploads/2024/03/67c9c5be001da30ef4a5/thumbnail.png"
"1769693586-788","https://www.agromedium.com/hu-hu/novenyvedo-szerek","","Difend","check_circle","30 g/l difenokonazol","2027. márc. 15.","csávázószer (gombaölő)","2027. márc. 15.","","","https://cdn.agromedium.com/uploads/2019/12/67c9c70700229ba1411c/thumbnail.png"
"1769693586-789","https://www.agromedium.com/hu-hu/novenyvedo-szerek","","","","","","","","","","https://cdn.agromedium.com/uploads/2026/01/697082e3000e0b656054/file.png"
"1769693586-790","https://www.agromedium.com/hu-hu/novenyvedo-szerek","","Difend Extra","check_circle","25 g/l difenokonazol, 25 g/l fludioxonil","2029. júl. 31.","gombaölő csávázószer","2029. júl. 31.","","","https://cdn.agromedium.com/uploads/2023/03/67c9c5e0003c40ead470/thumbnail.png"
"1769693586-791","https://www.agromedium.com/hu-hu/novenyvedo-szerek","","Difeno 25 EC","check_circle","250 g/l difenokonazol","2027. dec. 31.","gombaölő szer","2027. dec. 31.","","","https://cdn.agromedium.com/uploads/2019/04/67c9c6f3002ce784082b/thumbnail.png"
"1769693586-792","https://www.agromedium.com/hu-hu/novenyvedo-szerek","","Difeno 3 FS","check_circle","30 g/l difenokonazol","2027. márc. 15.","csávázószer (gombaölő)","2027. márc. 15.","","","https://cdn.agromedium.com/uploads/2019/04/67c9c6f3002ce784082b/thumbnail.png"
"1769693586-793","https://www.agromedium.com/hu-hu/novenyvedo-szerek","","Difenoki","check_circle","250 g/l difenokonazol","2027. dec. 31.","gombaölő szer","2027. dec. 31.","","","https://cdn.agromedium.com/uploads/2019/04/67c9c6f3002ce784082b/thumbnail.png"
"1769693586-794","https://www.agromedium.com/hu-hu/novenyvedo-szerek","","Difference","check_circle","250 g/l difenokonazol","2027. márc. 15.","gombaölő szer","2027. márc. 15.","","","https://cdn.agromedium.com/uploads/2024/03/67c9c5be001da30ef4a5/thumbnail.png"
"1769693586-795","https://www.agromedium.com/hu-hu/novenyvedo-szerek","","","","","","","","","","https://cdn.agromedium.com/uploads/2026/01/6969f7e8002c1baa38cf/file.png"
"1769693586-796","https://www.agromedium.com/hu-hu/novenyvedo-szerek","","Diflanil 500 SC","check_circle","500 g/l diflufenikán","2028. szept. 30.","gyomirtó szer","2028. szept. 30.","","","https://cdn.agromedium.com/uploads/2023/01/67c9c5c70039285dc50f/thumbnail.png"
"1769693586-797","https://www.agromedium.com/hu-hu/novenyvedo-szerek","","Difol","check_circle","10,7 g/l difenokonazol, 400 g/l folpet","2026. ápr. 30.","gombaölő szer","2026. ápr. 30.","","",""
"1769693586-798","https://www.agromedium.com/hu-hu/novenyvedo-szerek","","Difure Pro","error","150 g/l difenokonazol, 150 g/l propikonazol","2019. jún. 19.","gombaölő permetezőszer","","2019. jún. 19.","",""
"1769693586-799","https://www.agromedium.com/hu-hu/novenyvedo-szerek","","Digator","check_circle","108 g/l kizalofop-P-etil","2029. febr. 28.","gyomirtó szer","2029. febr. 28.","","","https://cdn.agromedium.com/uploads/2018/08/67c9c5bf000cfc1dad7b/thumbnail.jpg"
"1769693586-800","https://www.agromedium.com/hu-hu/novenyvedo-szerek","","Dikamin 720 WSC","check_circle","600 g/l 2,4-D","2031. dec. 31.","gyomirtó szer","2031. dec. 31.","","","https://cdn.agromedium.com/uploads/2019/04/67c9c5c1001d85f5c905/thumbnail.png"
"1769693586-801","https://www.agromedium.com/hu-hu/novenyvedo-szerek","","","","","","","","","","https://cdn.agromedium.com/uploads/2026/01/697082e3000e0b656054/file.png"
"1769693586-802","https://www.agromedium.com/hu-hu/novenyvedo-szerek","","Dikanna 480 SL","check_circle","480 g/l dikamba","2028. márc. 31.","gyomirtó szer","2028. márc. 31.","","","https://cdn.agromedium.com/uploads/2023/06/67c9c76b00277662b3eb/thumbnail.jpg"
"1769693586-803","https://www.agromedium.com/hu-hu/novenyvedo-szerek","","Dikotex Neo 750 SL","check_circle","750 g/l MCPA (918,6 g/l MCPA DMA)","2026. dec. 31.","gyomirtó szer","2026. dec. 31.","","","https://cdn.agromedium.com/uploads/2019/09/67c9c6f70009b6d8d321/thumbnail.jpg"
"1769693586-804","https://www.agromedium.com/hu-hu/novenyvedo-szerek","","Dimilin 25 WP","error","250 g/kg diflubenzuron","2021. jan. 31.","rovarölő szer","","2021. jan. 31.","",""
"1769693586-805","https://www.agromedium.com/hu-hu/novenyvedo-szerek","","Dingo","check_circle","600 g/l 2,4-D","2031. dec. 31.","gyomirtó szer","2031. dec. 31.","","","https://cdn.agromedium.com/uploads/2025/03/67e7a23d00318586422c/thumbnail.jpg"
"1769693586-806","https://www.agromedium.com/hu-hu/novenyvedo-szerek","","Diniro","check_circle","400 g/kg dikamba, 100 g/kg nikoszulfuron, 40 g/kg proszulfuron","2027. júl. 31.","gyomirtó szer","2027. júl. 31.","","","https://cdn.agromedium.com/uploads/2019/04/67c9c5be0013b6f965bb/thumbnail.png"
"1769693586-807","https://www.agromedium.com/hu-hu/novenyvedo-szerek","","","","","","","","","","https://cdn.agromedium.com/uploads/2025/06/6847e89a00115b091f3c/file.png"
"1769693586-808","https://www.agromedium.com/hu-hu/novenyvedo-szerek","","Dionys 80 WG","check_circle","800 g/kg folpet","2029. júl. 31.","gombaölő permetezőszer","2029. júl. 31.","","","https://cdn.agromedium.com/uploads/2019/04/67c9c5be0026299f6d49/thumbnail.png"
"1769693586-809","https://www.agromedium.com/hu-hu/novenyvedo-szerek","","Diopyr","check_circle","180 g/l piriofenon","2028. jún. 30.","gombaölő permetezőszer","2028. jún. 30.","","","https://cdn.agromedium.com/uploads/2019/04/67c9c6f8002fe783f03a/thumbnail.png"
"1769693586-810","https://www.agromedium.com/hu-hu/novenyvedo-szerek","","DiPel DF","check_circle","540 g/kg Bacillus thuringiensis (var: kurstaki)","2038. jún. 30.","rovarölő szer","2038. jún. 30.","","","https://cdn.agromedium.com/uploads/2019/09/67c9c5cf002c6dbae44c/thumbnail.png"
"1769693586-811","https://www.agromedium.com/hu-hu/novenyvedo-szerek","","Diprospero","error","90 g/l dimetomorf, 418,8 g/l propamokarb","2024. nov. 20.","gombaölő szer","","2024. nov. 20.","","https://cdn.agromedium.com/uploads/2024/03/67c9c5be001da30ef4a5/thumbnail.png"
"1769693586-812","https://www.agromedium.com/hu-hu/novenyvedo-szerek","","Dirabel","error","84 g/l 1-naftil-ecetsav","2025. dec. 31.","növekedésszabályozó készítmény","","2025. dec. 31.","","https://cdn.agromedium.com/uploads/2020/04/67c9c5c5003bb7c20c20/thumbnail.png"
"1769693586-813","https://www.agromedium.com/hu-hu/novenyvedo-szerek","","","","","","","","","","https://cdn.agromedium.com/uploads/2025/11/690db9bd0030b9dd184f/file.png"
"1769693586-814","https://www.agromedium.com/hu-hu/novenyvedo-szerek","","Diramid","check_circle","80 g/kg 1-naftil-acetamid","2027. máj. 31.","növekedésszabályozó készítmény","2027. máj. 31.","","","https://cdn.agromedium.com/uploads/2020/04/67c9c5c5003bb7c20c20/thumbnail.png"
"1769693586-815","https://www.agromedium.com/hu-hu/novenyvedo-szerek","","Disco AG Red L-350","check_circle","20 m/m% ásványi anyag, 15 m/m% vörös pigment","2031. dec. 31.","csávázási segédanyag","2031. dec. 31.","","",""
"1769693586-816","https://www.agromedium.com/hu-hu/novenyvedo-szerek","","Disco AG Red L-802","check_circle","65 m/m% ásványi anyag, pigment, 5 m/m% ragasztóanyag","2031. jún. 30.","csávázási segédanyag","2031. jún. 30.","","",""
"1769693586-817","https://www.agromedium.com/hu-hu/novenyvedo-szerek","","Disco Blue L-1501","check_circle","30 m/m% ásványi anyag, 20 m/m% pigment","2034. ápr. 30.","csávázási segédanyag","2034. ápr. 30.","","",""
"1769693586-818","https://www.agromedium.com/hu-hu/novenyvedo-szerek","","Disco Blue L-1523","check_circle","15 m/m% kék pigment","2034. nov. 30.","csávázási segédanyag","2034. nov. 30.","","",""
"1769693586-819","https://www.agromedium.com/hu-hu/novenyvedo-szerek","","","","","","","","","","https://cdn.agromedium.com/uploads/2026/01/6969f7e8002c1baa38cf/file.png"
"1769693586-820","https://www.agromedium.com/hu-hu/novenyvedo-szerek","","Disco Purple L-1601","check_circle","30 m/m% ásványi anyag, 20 m/m% pigment","2034. ápr. 30.","csávázási segédanyag","2034. ápr. 30.","","",""
"1769693586-821","https://www.agromedium.com/hu-hu/novenyvedo-szerek","","Disco Red L-1101","check_circle","10 m/m% ásványi anyag, 5 m/m% piros színű pigment","2034. nov. 30.","csávázási segédanyag","2034. nov. 30.","","",""
"1769693586-822","https://www.agromedium.com/hu-hu/novenyvedo-szerek","","Disco VEG Turquoise L-159","check_circle","31 m/m% ásványi anyag, 5 m/m% színezőanyag","2031. dec. 31.","csávázási segédanyag","2031. dec. 31.","","",""
"1769693586-823","https://www.agromedium.com/hu-hu/novenyvedo-szerek","","Disha 2,5 EC","check_circle","25 g/l deltametrin","2027. okt. 31.","rovarölő szer","2027. okt. 31.","","","https://cdn.agromedium.com/uploads/2018/08/67c9c5bf000cfc1dad7b/thumbnail.jpg"
"1769693586-824","https://www.agromedium.com/hu-hu/novenyvedo-szerek","","Dithane DG Neo-Tec","error","750 g/kg mankoceb","2021. júl. 4.","gombaölő szer","","2021. júl. 4.","","https://cdn.agromedium.com/uploads/2019/04/67c9c708000bf84b5b8f/thumbnail.png"
"1769693586-825","https://www.agromedium.com/hu-hu/novenyvedo-szerek","","","","","","","","","","https://cdn.agromedium.com/uploads/2025/06/6847e89a00115b091f3c/file.png"
"1769693586-826","https://www.agromedium.com/hu-hu/novenyvedo-szerek","","Dithane M-45","error","800 g/kg mankoceb","2021. júl. 4.","gombaölő szer","","2021. júl. 4.","","https://cdn.agromedium.com/uploads/2019/04/67c9c708000bf84b5b8f/thumbnail.png"
"1769693586-827","https://www.agromedium.com/hu-hu/novenyvedo-szerek","","Diva","check_circle","600 g/l piridát","2031. dec. 31.","gyomirtó szer","2031. dec. 31.","","","https://cdn.agromedium.com/uploads/2023/01/67c9c5c70039285dc50f/thumbnail.png"
"1769693586-828","https://www.agromedium.com/hu-hu/novenyvedo-szerek","","Diva Extra","check_circle","90 g/l mezotrion, 300 g/l piridát","2031. dec. 31.","gyomirtó szer","2031. dec. 31.","","","https://cdn.agromedium.com/uploads/2023/01/67c9c5c70039285dc50f/thumbnail.png"
"1769693586-829","https://www.agromedium.com/hu-hu/novenyvedo-szerek","","Divam Pro","check_circle","25 g/l deltametrin","2026. okt. 31.","rovarölő szer","2026. okt. 31.","","","https://cdn.agromedium.com/uploads/2019/10/67c9c708001aadb3b251/thumbnail.jpg"
"1769693586-830","https://www.agromedium.com/hu-hu/novenyvedo-szerek","","Divexo","check_circle","120 g/l ametoktradin, 451 g/l propamokarb hidroklorid","2028. jan. 31.","gombaölő szer","2028. jan. 31.","","","https://cdn.agromedium.com/uploads/2020/09/67c9c5c70014019edcec/thumbnail.jpg"
"1769693586-831","https://www.agromedium.com/hu-hu/novenyvedo-szerek","","","","","","","","","","https://cdn.agromedium.com/uploads/2026/01/6969f7e8002c1baa38cf/file.png"
"1769693586-832","https://www.agromedium.com/hu-hu/novenyvedo-szerek","","Dividend M","check_circle","30 g/l difenokonazol","2027. márc. 15.","csávázószer (gombaölő)","2027. márc. 15.","","","https://cdn.agromedium.com/uploads/2019/03/67c9c5c60007ec5337c9/thumbnail.png"
"1769693586-833","https://www.agromedium.com/hu-hu/novenyvedo-szerek","","Divine 40 SL","check_circle","40 g/l imazamox","2028. jan. 31.","gyomirtó szer","2028. jan. 31.","","","https://cdn.agromedium.com/uploads/2019/04/67c9c6f3002ce784082b/thumbnail.png"
"1769693586-834","https://www.agromedium.com/hu-hu/novenyvedo-szerek","","DMA-6","error","683 g/l 2,4-D","2017. jún. 30.","gyomirtó szer","","2017. jún. 30.","","https://cdn.agromedium.com/uploads/2019/04/67c9c708000bf84b5b8f/thumbnail.png"
"1769693586-835","https://www.agromedium.com/hu-hu/novenyvedo-szerek","","Dodifun SC","check_circle","400 g/l dodin","2026. dec. 31.","gombaölő szer","2026. dec. 31.","","","https://cdn.agromedium.com/uploads/2020/04/67c9c5c5003bb7c20c20/thumbnail.png"
"1769693586-836","https://www.agromedium.com/hu-hu/novenyvedo-szerek","","Domark 10 EC","check_circle","100 g/l tetrakonazol","2027. dec. 31.","gombaölő szer","2027. dec. 31.","","","https://cdn.agromedium.com/uploads/2019/04/67c9c5be0026299f6d49/thumbnail.png"
"1769693586-837","https://www.agromedium.com/hu-hu/novenyvedo-szerek","","","","","","","","","","https://cdn.agromedium.com/uploads/2025/06/6847e89a00115b091f3c/file.png"
"1769693586-838","https://www.agromedium.com/hu-hu/novenyvedo-szerek","","Dominator Extra 608 SL","check_circle","480 g/l glifozát","2028. dec. 31.","gyomirtó szer","2028. dec. 31.","","","https://cdn.agromedium.com/uploads/2023/03/67c9c5c50021e7685e21/thumbnail.jpg"
"1769693586-839","https://www.agromedium.com/hu-hu/novenyvedo-szerek","","Dominator Zöld","error","360 g/l glifozát","2020. dec. 1.","gyomirtó szer","","2020. dec. 1.","","https://cdn.agromedium.com/uploads/2019/04/67c9c5be0026299f6d49/thumbnail.png"
"1769693586-840","https://www.agromedium.com/hu-hu/novenyvedo-szerek","","Don-Q","error","500 g/l tiofanát-metil","2021. ápr. 19.","gombaölő szer","","2021. ápr. 19.","","https://cdn.agromedium.com/uploads/2023/03/67c9c5e0003c40ead470/thumbnail.png"
"1769693586-841","https://www.agromedium.com/hu-hu/novenyvedo-szerek","","Doxa 30 WG","error","300 g/kg indoxakarb","2022. márc. 19.","rovarölő szer","","2022. márc. 19.","","https://cdn.agromedium.com/uploads/2019/04/67c9c6f3002ce784082b/thumbnail.png"
"1769693586-842","https://www.agromedium.com/hu-hu/novenyvedo-szerek","","Draco 50 SG","check_circle","500 g/kg tribenuron-metil","2026. márc. 31.","gyomirtó szer","2026. márc. 31.","","",""
"1769693586-843","https://www.agromedium.com/hu-hu/novenyvedo-szerek","","","","","","","","","","https://cdn.agromedium.com/uploads/2026/01/6969f7e8002c1baa38cf/file.png"
"1769693586-844","https://www.agromedium.com/hu-hu/novenyvedo-szerek","","Dragster","check_circle","111,1 g/kg izoxadifen-etil, 148,15 g/kg rimszulfuron, 92,6 g/kg tifenszulfuron-metil","2026. aug. 15.","gyomirtó szer","2026. aug. 15.","","","https://cdn.agromedium.com/uploads/2025/03/67e7a23d00318586422c/thumbnail.jpg"
"1769693586-845","https://www.agromedium.com/hu-hu/novenyvedo-szerek","","Drift Control","check_circle","6 m/m% monokálium-foszfát, 2 m/m% poliakrilamid, 92 m/m% víz","2031. jún. 30.","permetezőszer segédanyag","2031. jún. 30.","","",""
"1769693586-846","https://www.agromedium.com/hu-hu/novenyvedo-szerek","","Dripp Extra","check_circle","30 g/kg lecitin, 850 g/kg napraforgó olaj","2035. ápr. 30.","növényápoló szer és permetezőszer segédanyag","2035. ápr. 30.","","","https://cdn.agromedium.com/uploads/2018/08/67c9c5bf000cfc1dad7b/thumbnail.jpg"
"1769693586-847","https://www.agromedium.com/hu-hu/novenyvedo-szerek","","Drop Tek","check_circle","756 g/l poliéterrel módosított trisziloxán, 255 g/l poliéter","2031. okt. 31.","permetezőszer segédanyag","2031. okt. 31.","","",""
"1769693586-848","https://www.agromedium.com/hu-hu/novenyvedo-szerek","","Drop-Air","check_circle","19,5 % poliéterrel módosított trisziloxán, 7,5 % propilén-glikol, 27 % sztirol-akrilát kopolimer","2029. jan. 31.","permetezőszer segédanyag","2029. jan. 31.","","","https://cdn.agromedium.com/uploads/2019/04/67c9c6f3002ce784082b/thumbnail.png"
"1769693586-849","https://www.agromedium.com/hu-hu/novenyvedo-szerek","","","","","","","","","","https://cdn.agromedium.com/uploads/2025/06/6847e89a00115b091f3c/file.png"
"1769693586-850","https://www.agromedium.com/hu-hu/novenyvedo-szerek","","DropH","error","66 % tejsav","2022. nov. 30.","permetezőszer segédanyag","","2022. nov. 30.","",""
"1769693586-851","https://www.agromedium.com/hu-hu/novenyvedo-szerek","","DropMax","check_circle","19,5 % poliéterrel módosított trisziloxán, 7,5 % propilén-glikol, 27 % sztirol-akrilát kopolimer","2029. jan. 31.","permetezőszer segédanyag","2029. jan. 31.","","","https://cdn.agromedium.com/uploads/2019/09/67c9c6f70009b6d8d321/thumbnail.jpg"
"1769693586-852","https://www.agromedium.com/hu-hu/novenyvedo-szerek","","Drum 45 WG","check_circle","450 g/kg cimoxanil","2027. aug. 15.","gombaölő szer","2027. aug. 15.","","","https://cdn.agromedium.com/uploads/2023/01/67c9c5c70039285dc50f/thumbnail.png"
"1769693586-853","https://www.agromedium.com/hu-hu/novenyvedo-szerek","","DU-OL","check_circle","0,4 m/m% levendula olaj, 0,28 m/m% citrom olaj","2031. szept. 30.","növényápoló szer","2031. szept. 30.","","","https://cdn.agromedium.com/uploads/2019/11/67c9c6f5001afb1c3107/thumbnail.png"
"1769693586-854","https://www.agromedium.com/hu-hu/novenyvedo-szerek","","Dual Gold 960 EC","error","960 g/l S-metolaklór","2024. ápr. 23.","gyomirtó szer","","2024. ápr. 23.","","https://cdn.agromedium.com/uploads/2019/03/67c9c5c60007ec5337c9/thumbnail.png"
"1769693586-855","https://www.agromedium.com/hu-hu/novenyvedo-szerek","","","","","","","","","","https://cdn.agromedium.com/uploads/2026/01/697082e3000e0b656054/file.png"
"1769693586-856","https://www.agromedium.com/hu-hu/novenyvedo-szerek","","Dual Next","check_circle","600 g/l petoxamid","2029. júl. 31.","gyomirtó szer","2029. júl. 31.","","","https://cdn.agromedium.com/uploads/2019/03/67c9c5c60007ec5337c9/thumbnail.png"
"1769693586-857","https://www.agromedium.com/hu-hu/novenyvedo-szerek","","Ducel","check_circle","40 g/l nikoszulfuron","2028. márc. 30.","gyomirtó szer","2028. márc. 30.","","",""
"1769693586-858","https://www.agromedium.com/hu-hu/novenyvedo-szerek","","Dukes","check_circle","700 g/kg ditianon","2028. jan. 31.","gombaölő szer","2028. jan. 31.","","","https://cdn.agromedium.com/uploads/2019/04/67c9c6f3002ce784082b/thumbnail.png"
"1769693586-859","https://www.agromedium.com/hu-hu/novenyvedo-szerek","","Dunavium","check_circle","300 g/l 2,4-D, 6,25 g/l floraszulam","2031. dec. 31.","gyomirtó szer","2031. dec. 31.","","",""
"1769693586-860","https://www.agromedium.com/hu-hu/novenyvedo-szerek","","Duplosan DP","check_circle","600 g/l diklórprop-P","2027. máj. 31.","gyomirtó szer","2027. máj. 31.","","","https://cdn.agromedium.com/uploads/2019/12/67c9c5e00038baa08a17/thumbnail.jpg"
"1769693586-861","https://www.agromedium.com/hu-hu/novenyvedo-szerek","","","","","","","","","","https://cdn.agromedium.com/uploads/2025/11/690db9bd0030b9dd184f/file.png"
"1769693586-862","https://www.agromedium.com/hu-hu/novenyvedo-szerek","","Duplosan KV","check_circle","600 g/l mekoprop-P","2026. máj. 31.","gyomirtó szer","2026. máj. 31.","","","https://cdn.agromedium.com/uploads/2019/12/67c9c5e00038baa08a17/thumbnail.jpg"
"1769693586-863","https://www.agromedium.com/hu-hu/novenyvedo-szerek","","Durbin","error","40 g/l nikoszulfuron","2025. márc. 31.","gyomirtó szer","","2025. márc. 31.","","https://cdn.agromedium.com/uploads/2020/02/67c9c730002075a2456a/thumbnail.png"
"1769693586-864","https://www.agromedium.com/hu-hu/novenyvedo-szerek","","Dursban 480 EC","error","480 g/l klórpirifosz","2020. febr. 16.","rovarölő szer","","2020. febr. 16.","","https://cdn.agromedium.com/uploads/2019/04/67c9c5be0026299f6d49/thumbnail.png"
"1769693586-865","https://www.agromedium.com/hu-hu/novenyvedo-szerek","","Dursban Delta CS","error","200 g/l klórpirifosz","2019. jan. 31.","rovarölő szer","","2019. jan. 31.","","https://cdn.agromedium.com/uploads/2019/11/67c9c6fa0001ead89d8d/thumbnail.png"
"1769693586-866","https://www.agromedium.com/hu-hu/novenyvedo-szerek","","Dylem","check_circle","48 g/l metkonazol, 100 g/l protiokonazol","2026. márc. 15.","gombaölő szer","2026. márc. 15.","","",""
"1769693586-867","https://www.agromedium.com/hu-hu/novenyvedo-szerek","","","","","","","","","","https://cdn.agromedium.com/uploads/2026/01/697082e3000e0b656054/file.png"
"1769693586-868","https://www.agromedium.com/hu-hu/novenyvedo-szerek","","Dynali","check_circle","30 g/l ciflufenamid, 60 g/l difenokonazol","2027. dec. 31.","gombaölő szer","2027. dec. 31.","","","https://cdn.agromedium.com/uploads/2019/03/67c9c5c60007ec5337c9/thumbnail.png"
"1769693586-869","https://www.agromedium.com/hu-hu/novenyvedo-szerek","","Eclinova","check_circle","40 g/l imazamox","2028. jún. 30.","gyomirtó szer","2028. jún. 30.","","","https://cdn.agromedium.com/uploads/2020/09/67c9c5c70014019edcec/thumbnail.jpg"
"1769693586-870","https://www.agromedium.com/hu-hu/novenyvedo-szerek","","Eco-Film","check_circle","96 % pinolén","2026. márc. 31.","permetezőszer segédanyag","2026. márc. 31.","","","https://cdn.agromedium.com/uploads/2018/08/67c9c5bf000cfc1dad7b/thumbnail.jpg"
"1769693586-871","https://www.agromedium.com/hu-hu/novenyvedo-szerek","","Ecomix","check_circle","5 % (m/m) polietoxilált észterek, 95 % (m/m) repceolaj","2029. dec. 31.","adalékanyag","2029. dec. 31.","","","https://cdn.agromedium.com/uploads/2020/01/67c9c71b002e45900f8a/thumbnail.png"
"1769693586-872","https://www.agromedium.com/hu-hu/novenyvedo-szerek","","Efector 360 CS","check_circle","360 g/l klomazon","2027. szept. 30.","gyomirtó szer","2027. szept. 30.","","",""
"1769693586-873","https://www.agromedium.com/hu-hu/novenyvedo-szerek","","","","","","","","","","https://cdn.agromedium.com/uploads/2025/06/6847e89a00115b091f3c/file.png"
"1769693586-874","https://www.agromedium.com/hu-hu/novenyvedo-szerek","","Effect","check_circle","555 g/l ammónium-nitrát, 416 g/l karbamid","2029. máj. 31.","hatásfokozó segédanyag","2029. máj. 31.","","","https://cdn.agromedium.com/uploads/2019/04/67c9c6f3002ce784082b/thumbnail.png"
"1769693586-875","https://www.agromedium.com/hu-hu/novenyvedo-szerek","","Effigo","check_circle","40 g/l aminopiralid, 240 g/l klopiralid, 80 g/l pikloram","2027. febr. 28.","gyomirtó szer","2027. febr. 28.","","","https://cdn.agromedium.com/uploads/2020/09/67c9c5c70014019edcec/thumbnail.jpg"
"1769693586-876","https://www.agromedium.com/hu-hu/novenyvedo-szerek","","Efilor","check_circle","133 g/l boszkalid, 60 g/l metkonazol","2029. júl. 31.","gombaölő szer","2029. júl. 31.","","","https://cdn.agromedium.com/uploads/2019/04/67c9c5be0026299f6d49/thumbnail.png"
"1769693586-877","https://www.agromedium.com/hu-hu/novenyvedo-szerek","","Egzecutor 25 SG","check_circle","250 g/kg rimszulfuron","2026. okt. 31.","gyomirtó szer","2026. okt. 31.","","","https://cdn.agromedium.com/uploads/2020/04/67c9c6f4002d68edb2b0/thumbnail.png"
"1769693586-878","https://www.agromedium.com/hu-hu/novenyvedo-szerek","","El Cappo 80 WG","check_circle","800 g/kg kaptán","2026. máj. 1.","gombaölő permetezőszer","2026. máj. 1.","","",""
"1769693586-879","https://www.agromedium.com/hu-hu/novenyvedo-szerek","","","","","","","","","","https://cdn.agromedium.com/uploads/2025/11/690db9bd0030b9dd184f/file.png"
"1769693586-880","https://www.agromedium.com/hu-hu/novenyvedo-szerek","","Elanvy","check_circle","66,7 g/l mefentriflukonazol, 100 g/l azoxistrobin","2028. máj. 31.","gombaölő szer","2028. máj. 31.","","","https://cdn.agromedium.com/uploads/2020/09/67c9c5c70014019edcec/thumbnail.jpg"
"1769693586-881","https://www.agromedium.com/hu-hu/novenyvedo-szerek","","Elara","check_circle","600 g/l piridát","2031. dec. 31.","gyomirtó szer","2031. dec. 31.","","","https://cdn.agromedium.com/uploads/2023/01/67c9c5c70039285dc50f/thumbnail.png"
"1769693586-882","https://www.agromedium.com/hu-hu/novenyvedo-szerek","","Elastiq Ultra","check_circle","71 g/l etoxilált alkoholok, 456 g/l karboxilált-sztirol -1,3 butadién","2035. aug. 1.","permetezőszer segédanyag","2035. aug. 1.","","","https://cdn.agromedium.com/uploads/2024/03/67c9c5be001da30ef4a5/thumbnail.png"
"1769693586-883","https://www.agromedium.com/hu-hu/novenyvedo-szerek","","Elatus Era","check_circle","75 g/l benzovindiflupir, 150 g/l protiokonazol","2027. aug. 31.","gombaölő permetezőszer","2027. aug. 31.","","","https://cdn.agromedium.com/uploads/2019/03/67c9c5c60007ec5337c9/thumbnail.png"
"1769693586-884","https://www.agromedium.com/hu-hu/novenyvedo-szerek","","Elatus Plus","check_circle","100 g/l benzovindiflupir","2027. aug. 2.","gombaölő permetezőszer","2027. aug. 2.","","","https://cdn.agromedium.com/uploads/2019/03/67c9c5c60007ec5337c9/thumbnail.png"
"1769693586-885","https://www.agromedium.com/hu-hu/novenyvedo-szerek","","","","","","","","","","https://cdn.agromedium.com/uploads/2026/01/6969f7e8002c1baa38cf/file.png"
"1769693586-886","https://www.agromedium.com/hu-hu/novenyvedo-szerek","","Eldorado","check_circle","125 g/l fluopiram, 125 g/l protiokonazol","2027. máj. 31.","gombaölő szer","2027. máj. 31.","","","https://cdn.agromedium.com/uploads/2019/04/67c9c5be0026299f6d49/thumbnail.png"
"1769693586-887","https://www.agromedium.com/hu-hu/novenyvedo-szerek","","Electicide","check_circle","240 g/l bifenazát","2037. jún. 30.","atkaölő szer","2037. jún. 30.","","","https://cdn.agromedium.com/uploads/2019/04/67c9c6f3002ce784082b/thumbnail.png"
"1769693586-888","https://www.agromedium.com/hu-hu/novenyvedo-szerek","","Electis 75 WG","error","667 g/kg mankoceb, 83 g/kg zoxamid","2021. júl. 4.","gombaölő szer","","2021. júl. 4.","",""
"1769693586-889","https://www.agromedium.com/hu-hu/novenyvedo-szerek","","Eli-T","warning","200 g/l flufenacet, 333 g/l terbutilazin","2026. dec. 10.","gyomirtó szer","","","","https://cdn.agromedium.com/uploads/2019/12/67c9c5e00038baa08a17/thumbnail.jpg"
"1769693586-890","https://www.agromedium.com/hu-hu/novenyvedo-szerek","","Ellado","error","80 g/l béta-ciflutrin, 400 g/l klotianidin","2020. jan. 31.","csávázószer","","2020. jan. 31.","","https://cdn.agromedium.com/uploads/2019/09/67c9c6f400102ba14e1a/thumbnail.png"
"1769693586-891","https://www.agromedium.com/hu-hu/novenyvedo-szerek","","","","","","","","","","https://cdn.agromedium.com/uploads/2025/11/690db9bd0030b9dd184f/file.png"
"1769693586-892","https://www.agromedium.com/hu-hu/novenyvedo-szerek","","Elumis","check_circle","75 g/l mezotrion, 30 g/l nikoszulfuron","2028. szept. 30.","gyomirtó szer","2028. szept. 30.","","","https://cdn.agromedium.com/uploads/2019/03/67c9c5c60007ec5337c9/thumbnail.png"
"1769693586-893","https://www.agromedium.com/hu-hu/novenyvedo-szerek","","Elumis Peak","error","75 g/l mezotrion, 30 g/l nikoszulfuron, 750 g/kg proszulfuron","2023. jan. 27.","gyomirtó szer","","2023. jan. 27.","","https://cdn.agromedium.com/uploads/2019/03/67c9c5c60007ec5337c9/thumbnail.png"
"1769693586-894","https://www.agromedium.com/hu-hu/novenyvedo-szerek","","Emblem","error","200 g/kg bromoxinil","2021. márc. 14.","gyomirtó szer","","2021. márc. 14.","","https://cdn.agromedium.com/uploads/2019/12/67c9c5e00038baa08a17/thumbnail.jpg"
"1769693586-895","https://www.agromedium.com/hu-hu/novenyvedo-szerek","","Emblem Pro","error","495 g/l bromoxinil-butirát","2020. febr. 28.","gyomirtó szer","","2020. febr. 28.","","https://cdn.agromedium.com/uploads/2019/12/67c9c5e00038baa08a17/thumbnail.jpg"
"1769693586-896","https://www.agromedium.com/hu-hu/novenyvedo-szerek","","Emcee","check_circle","750 g/l MCPA","2027. aug. 15.","gyomirtó szer","2027. aug. 15.","","","https://cdn.agromedium.com/uploads/2019/04/67c9c6f3002ce784082b/thumbnail.png"
"1769693586-897","https://www.agromedium.com/hu-hu/novenyvedo-szerek","","","","","","","","","","https://cdn.agromedium.com/uploads/2026/01/697082e3000e0b656054/file.png"
"1769693586-898","https://www.agromedium.com/hu-hu/novenyvedo-szerek","","Emendo F","check_circle","480 g/kg folpet, 60 g/kg valifenal","2029. jún. 30.","gombaölő szer","2029. jún. 30.","","","https://cdn.agromedium.com/uploads/2023/01/67c9c5c70039285dc50f/thumbnail.png"
"1769693586-899","https://www.agromedium.com/hu-hu/novenyvedo-szerek","","Emerald","check_circle","125 g/l tetrakonazol","2029. máj. 31.","gombaölő szer","2029. máj. 31.","","","https://cdn.agromedium.com/uploads/2024/03/67c9c5be001da30ef4a5/thumbnail.png"
"1769693586-900","https://www.agromedium.com/hu-hu/novenyvedo-szerek","","Eminent 125 SL","check_circle","125 g/l tetrakonazol","2029. máj. 31.","gombaölő szer","2029. máj. 31.","","","https://cdn.agromedium.com/uploads/2019/04/67c9c5be0026299f6d49/thumbnail.png"
"1769693586-901","https://www.agromedium.com/hu-hu/novenyvedo-szerek","","Emulpar","check_circle","94 m/m% magvas gomborka olaj","2035. márc. 31.","növényápoló szer","2035. márc. 31.","","","https://cdn.agromedium.com/uploads/2025/04/67ff65770018b80f04ad/thumbnail.jpg"
"1769693586-902","https://www.agromedium.com/hu-hu/novenyvedo-szerek","","Emzeb 80 WP","error","800 g/kg mankoceb","2021. júl. 4.","gombaölő permetezőszer","","2021. júl. 4.","",""
"1769693586-903","https://www.agromedium.com/hu-hu/novenyvedo-szerek","","","","","","","","","","https://cdn.agromedium.com/uploads/2025/11/690db9bd0030b9dd184f/file.png"
"1769693586-904","https://www.agromedium.com/hu-hu/novenyvedo-szerek","","Encarit","check_circle","720 g/l dimeténamid-P","2028. dec. 31.","gyomirtó szer","2028. dec. 31.","","counter_7","https://cdn.agromedium.com/uploads/2025/03/67e7a23d00318586422c/thumbnail.jpg"
"1769693586-905","https://www.agromedium.com/hu-hu/novenyvedo-szerek","","Enclo","check_circle","480 g/l klomazon","2027. szept. 30.","gyomirtó szer","2027. szept. 30.","","","https://cdn.agromedium.com/uploads/2019/04/67c9c6f3002ce784082b/thumbnail.png"
"1769693586-906","https://www.agromedium.com/hu-hu/novenyvedo-szerek","","Encon","check_circle","Encarsia Formosa","2030. szept. 30.","makroszervezet","2030. szept. 30.","","","https://cdn.agromedium.com/uploads/2020/10/67c9c6fb0002c96b4465/thumbnail.jpg"
"1769693586-907","https://www.agromedium.com/hu-hu/novenyvedo-szerek","","Enervin","error","120 g/kg ametoktradin, 440 g/kg metiram","2024. máj. 28.","gombaölő szer","","2024. máj. 28.","","https://cdn.agromedium.com/uploads/2020/09/67c9c5c70014019edcec/thumbnail.jpg"
"1769693586-908","https://www.agromedium.com/hu-hu/novenyvedo-szerek","","Enervin Pro","check_circle","75 g/l ametoktradin, 453 g/l kálium-foszfonát","2028. máj. 31.","gombaölő szer","2028. máj. 31.","","","https://cdn.agromedium.com/uploads/2020/09/67c9c5c70014019edcec/thumbnail.jpg"
"1769693586-909","https://www.agromedium.com/hu-hu/novenyvedo-szerek","","","","","","","","","","https://cdn.agromedium.com/uploads/2026/01/6969f7e8002c1baa38cf/file.png"
"1769693586-910","https://www.agromedium.com/hu-hu/novenyvedo-szerek","","Enervin Star","check_circle","200 g/l ametoktradin","2027. júl. 31.","gombaölő szer","2027. júl. 31.","","","https://cdn.agromedium.com/uploads/2020/09/67c9c5c70014019edcec/thumbnail.jpg"
"1769693586-911","https://www.agromedium.com/hu-hu/novenyvedo-szerek","","Enter","warning","255 g/l poliéter, 765 g/l poliéterrel módosított trisziloxán","Eltarthatósági idő végéig","permetezőszer segédanyag","","","","https://cdn.agromedium.com/uploads/2019/04/67c9c5c1001d85f5c905/thumbnail.png"
"1769693586-912","https://www.agromedium.com/hu-hu/novenyvedo-szerek","","Ephon Top","check_circle","660 g/l etefon","2029. aug. 31.","növekedésszabályzó szer","2029. aug. 31.","","","https://cdn.agromedium.com/uploads/2019/12/67c9c5e00038baa08a17/thumbnail.jpg"
"1769693586-913","https://www.agromedium.com/hu-hu/novenyvedo-szerek","","Equation Contact","error","62,5 g/kg famoxadon, 625 g/kg mankoceb","2021. júl. 4.","gombaölő szer","","2021. júl. 4.","",""
"1769693586-914","https://www.agromedium.com/hu-hu/novenyvedo-szerek","","Equip","check_circle","22,5 g/l foramszulfuron, 22,5 g/l izoxadifen-etil","2026. nov. 30.","gyomirtó szer","2026. nov. 30.","","",""
"1769693586-915","https://www.agromedium.com/hu-hu/novenyvedo-szerek","","","","","","","","","","https://cdn.agromedium.com/uploads/2026/01/697082e3000e0b656054/file.png"
"1769693586-916","https://www.agromedium.com/hu-hu/novenyvedo-szerek","","ERA","check_circle","300 g/l protiokonazol","2026. márc. 31.","gombaölő szer","2026. márc. 31.","","","https://cdn.agromedium.com/uploads/2019/03/67c9c5c60007ec5337c9/thumbnail.png"
"1769693586-917","https://www.agromedium.com/hu-hu/novenyvedo-szerek","","Eradicoat Max","check_circle","433 g/l maltodextrin","2027. júl. 20.","rovarölő szer","2027. júl. 20.","","","https://cdn.agromedium.com/uploads/2023/01/67c9c5c70039285dc50f/thumbnail.png"
"1769693586-918","https://www.agromedium.com/hu-hu/novenyvedo-szerek","","Erasmus","check_circle","250 g/l tebukonazol","2027. aug. 31.","gombaölő szer","2027. aug. 31.","","","https://cdn.agromedium.com/uploads/2019/04/67c9c5be0026299f6d49/thumbnail.png"
"1769693586-919","https://www.agromedium.com/hu-hu/novenyvedo-szerek","","Erasmus Extra","check_circle","430 g/l tebukonazol","2027. aug. 31.","gombaölő szer","2027. aug. 31.","","","https://cdn.agromedium.com/uploads/2020/11/67c9c6f9001413c8202c/thumbnail.png"
"1769693586-920","https://www.agromedium.com/hu-hu/novenyvedo-szerek","","Ercal","check_circle","Eretmocerus eremicus fürkészdarázs","2033. jan. 31.","makroszervezet","2033. jan. 31.","","",""
"1769693586-921","https://www.agromedium.com/hu-hu/novenyvedo-szerek","","","","","","","","","","https://cdn.agromedium.com/uploads/2026/01/6969f7e8002c1baa38cf/file.png"
"1769693586-922","https://www.agromedium.com/hu-hu/novenyvedo-szerek","","Ercole","check_circle","4 g/kg lambda-cihalotrin","2026. júl. 1.","rovarölő szer","2026. júl. 1.","","","https://cdn.agromedium.com/uploads/2023/03/67c9c5e0003c40ead470/thumbnail.png"
"1769693586-923","https://www.agromedium.com/hu-hu/novenyvedo-szerek","","Ercole Geo","check_circle","4 g/kg lambda-cihalotrin","2027. aug. 31.","rovarölő talajfertőtlenítő szer","2027. aug. 31.","","",""
"1769693586-924","https://www.agromedium.com/hu-hu/novenyvedo-szerek","","Ergon","check_circle","68 g/kg metszulfuron-metil, 682 g/kg tifenszulfuron-metil","2026. nov. 30.","gyomirtó szer","2026. nov. 30.","","","https://cdn.agromedium.com/uploads/2023/03/67c9c5e0003c40ead470/thumbnail.png"
"1769693586-925","https://www.agromedium.com/hu-hu/novenyvedo-szerek","","Erune","check_circle","400 g/l pirimetanil","2027. ápr. 30.","gombaölő szer","2027. ápr. 30.","","",""
"1769693586-926","https://www.agromedium.com/hu-hu/novenyvedo-szerek","","Esteron 60","check_circle","600 g/l 2,4-D","2029. szept. 30.","gyomirtó szer","2029. szept. 30.","","","https://cdn.agromedium.com/uploads/2025/03/67e7a23d00318586422c/thumbnail.jpg"
"1769693586-927","https://www.agromedium.com/hu-hu/novenyvedo-szerek","","","","","","","","","","https://cdn.agromedium.com/uploads/2025/11/690db9bd0030b9dd184f/file.png"
"1769693586-928","https://www.agromedium.com/hu-hu/novenyvedo-szerek","","Ethrel","check_circle","480 g/l etefon","2029. ápr. 30.","növekedés- és érésszabályozó permetező szer","2029. ápr. 30.","","","https://cdn.agromedium.com/uploads/2019/09/67c9c6f400102ba14e1a/thumbnail.png"
"1769693586-929","https://www.agromedium.com/hu-hu/novenyvedo-szerek","","Ethrel 48 SL","check_circle","480 g/l etefon","2029. ápr. 30.","növekedés- és érésszabályozó permetező szer","2029. ápr. 30.","","","https://cdn.agromedium.com/uploads/2023/06/67c9c76b00277662b3eb/thumbnail.jpg"
"1769693586-930","https://www.agromedium.com/hu-hu/novenyvedo-szerek","","Etna 45 WG","check_circle","450 g/kg cimoxanil","2027. aug. 15.","gombaölő szer","2027. aug. 15.","","","https://cdn.agromedium.com/uploads/2023/01/67c9c5c70039285dc50f/thumbnail.png"
"1769693586-931","https://www.agromedium.com/hu-hu/novenyvedo-szerek","","Eucarol Plus","check_circle","10 % alkilpoliglukozid citrát, 30 % etoxilált alkoholok, 30 % zsírsavak, növényi olajok metil észtere","2031. dec. 31.","segédanyag","2031. dec. 31.","","","https://cdn.agromedium.com/uploads/2019/03/67c9c5c60007ec5337c9/thumbnail.png"
"1769693586-932","https://www.agromedium.com/hu-hu/novenyvedo-szerek","","Eurokén 2000 80 WG","check_circle","796 g/kg kén","2027. júl. 31.","gombaölő szer","2027. júl. 31.","","",""
"1769693586-933","https://www.agromedium.com/hu-hu/novenyvedo-szerek","","","","","","","","","","https://cdn.agromedium.com/uploads/2025/06/6847e89a00115b091f3c/file.png"
"1769693586-934","https://www.agromedium.com/hu-hu/novenyvedo-szerek","","Evito T","check_circle","180 g/l fluoxastrobin, 250 g/l tebukonazol","2027. aug. 15.","gombaölő szer","2027. aug. 15.","","","https://cdn.agromedium.com/uploads/2024/03/67c9c5be001da30ef4a5/thumbnail.png"
"1769693586-935","https://www.agromedium.com/hu-hu/novenyvedo-szerek","","Evolution","check_circle","70 g/l kizalofop-P-etil, 140 g/l kletodim","2027. aug. 31.","gyomirtó szer","2027. aug. 31.","","","https://cdn.agromedium.com/uploads/2024/03/67c9c5be001da30ef4a5/thumbnail.png"
"1769693586-936","https://www.agromedium.com/hu-hu/novenyvedo-szerek","","Evolya","check_circle","500 g/kg mezotrion","2027. júl. 31.","gyomirtó szer","2027. júl. 31.","","","https://cdn.agromedium.com/uploads/2019/03/67c9c5c60007ec5337c9/thumbnail.png"
"1769693586-937","https://www.agromedium.com/hu-hu/novenyvedo-szerek","","Evorelle Express","check_circle","125 g/kg tifenszulfuron-metil, 375 g/kg tribenuron-metil","2029. jan. 31.","gyomirtó szer","2029. jan. 31.","","","https://cdn.agromedium.com/uploads/2019/04/67c9c5be0013b6f965bb/thumbnail.png"
"1769693586-938","https://www.agromedium.com/hu-hu/novenyvedo-szerek","","Exilis","check_circle","20 g/l benzil-amino-purin","2027. máj. 31.","növekedésszabályozó készítmény","2027. máj. 31.","","","https://cdn.agromedium.com/uploads/2023/03/67c9c5e0003c40ead470/thumbnail.png"
"1769693586-939","https://www.agromedium.com/hu-hu/novenyvedo-szerek","","","","","","","","","","https://cdn.agromedium.com/uploads/2025/06/6847e89a00115b091f3c/file.png"
"1769693586-940","https://www.agromedium.com/hu-hu/novenyvedo-szerek","","Exirel","check_circle","100 g/l ciántraniliprol","2027. máj. 31.","rovarölő szer","2027. máj. 31.","","","https://cdn.agromedium.com/uploads/2019/04/67c9c5be0013b6f965bb/thumbnail.png"
"1769693586-941","https://www.agromedium.com/hu-hu/novenyvedo-szerek","","Expert Met","error","420 g/kg flufenacet, 140 g/kg metribuzin","2025. máj. 24.","gyomirtó szer","","2025. máj. 24.","","https://cdn.agromedium.com/uploads/2019/09/67c9c6f400102ba14e1a/thumbnail.png"
"1769693586-942","https://www.agromedium.com/hu-hu/novenyvedo-szerek","","Express 50 SX","check_circle","500 g/kg tribenuron-metil","2026. márc. 31.","gyomirtó szer","2026. márc. 31.","","","https://cdn.agromedium.com/uploads/2019/04/67c9c5be0013b6f965bb/thumbnail.png"
"1769693586-943","https://www.agromedium.com/hu-hu/novenyvedo-szerek","","Extender 101","check_circle","11,4 m/m% glükóz, 11,4 m/m% Pepton, 2,8 m/m% Polivinil-pirrolidon - PVP 30k, 11,4 m/m% szaharóz, 54,81 m/m% víz","2030. aug. 31.","csávázási segédanyag","2030. aug. 31.","","",""
"1769693586-944","https://www.agromedium.com/hu-hu/novenyvedo-szerek","","Eyetak","error","450 g/l prokloráz","2021. dec. 31.","gombaölő szer","","2021. dec. 31.","",""
"1769693586-945","https://www.agromedium.com/hu-hu/novenyvedo-szerek","","","","","","","","","","https://cdn.agromedium.com/uploads/2025/11/690db9bd0030b9dd184f/file.png"
"1769693586-946","https://www.agromedium.com/hu-hu/novenyvedo-szerek","","Faban 500 SC","check_circle","250 g/l ditianon, 250 g/l pirimetanil","2027. jún. 30.","gombaölő permetezőszer","2027. jún. 30.","","","https://cdn.agromedium.com/uploads/2020/09/67c9c5c70014019edcec/thumbnail.jpg"
"1769693586-947","https://www.agromedium.com/hu-hu/novenyvedo-szerek","","Fadoktor","error","30 g/kg ichtiol, 30 g/kg perubalzsam","2023. szept. 30.","fasebkezelő","","2023. szept. 30.","",""
"1769693586-948","https://www.agromedium.com/hu-hu/novenyvedo-szerek","","Fagél","error","440 g/kg butilakrilát-sztirol kopolimer","2018. dec. 30.","faseb- és oltványkezelő paszta","","2018. dec. 30.","",""
"1769693586-949","https://www.agromedium.com/hu-hu/novenyvedo-szerek","","Falcon 460 EC","error","250 g/l spiroxamin, 167 g/l tebukonazol, 43 g/l triadimenol","2020. aug. 31.","gombaölő szer","","2020. aug. 31.","","https://cdn.agromedium.com/uploads/2019/09/67c9c6f400102ba14e1a/thumbnail.png"
"1769693586-950","https://www.agromedium.com/hu-hu/novenyvedo-szerek","","Falcon Pro","check_circle","53 g/l protiokonazol, 224 g/l spiroxamin, 148 g/l tebukonazol","2027. dec. 31.","gombaölő szer","2027. dec. 31.","","","https://cdn.agromedium.com/uploads/2019/09/67c9c6f400102ba14e1a/thumbnail.png"
"1769693586-951","https://www.agromedium.com/hu-hu/novenyvedo-szerek","","","","","","","","","","https://cdn.agromedium.com/uploads/2026/01/6969f7e8002c1baa38cf/file.png"
"1769693586-952","https://www.agromedium.com/hu-hu/novenyvedo-szerek","","Falstar","check_circle","100 g/l mezotrion","2033. máj. 31.","gyomirtó szer","2033. máj. 31.","","","https://cdn.agromedium.com/uploads/2020/02/67c9c730002075a2456a/thumbnail.png"
"1769693586-953","https://www.agromedium.com/hu-hu/novenyvedo-szerek","","Fantic F","check_circle","37,5 g/kg benalaxil-M, 480 g/kg folpet","2028. szept. 30.","gombaölő szer","2028. szept. 30.","","",""
"1769693586-954","https://www.agromedium.com/hu-hu/novenyvedo-szerek","","Fantic M","error","40 g/kg benalaxil-M, 650 g/kg mankoceb","2021. júl. 4.","gombaölő szer","","2021. júl. 4.","",""
"1769693586-955","https://www.agromedium.com/hu-hu/novenyvedo-szerek","","Farmmix - Agrocean csomag I.","package_2","40 ha/csomag: szántóföldi kultúrák","10 l Sherpa 100 EC","","","","","https://cdn.agromedium.com/uploads/2018/08/67c9c5bf000cfc1dad7b/thumbnail.jpg"
"1769693586-956","https://www.agromedium.com/hu-hu/novenyvedo-szerek","","Farmmix - Agrocean csomag II.","package_2","40 ha/csomag: káposztarepce","10 l Artiler 200 SE","","","","","https://cdn.agromedium.com/uploads/2018/08/67c9c5bf000cfc1dad7b/thumbnail.jpg"
"1769693586-957","https://www.agromedium.com/hu-hu/novenyvedo-szerek","","","","","","","","","","https://cdn.agromedium.com/uploads/2026/01/697082e3000e0b656054/file.png"
"1769693586-958","https://www.agromedium.com/hu-hu/novenyvedo-szerek","","Farmmix - Búza Csomag","package_2","10 ha/csomag: búza","5 l Bukat 500 SC","10 l MCPA-750","","","10 l FitoMaxx Nitrogén oldat","https://cdn.agromedium.com/uploads/2018/08/67c9c5bf000cfc1dad7b/thumbnail.jpg"
"1769693586-959","https://www.agromedium.com/hu-hu/novenyvedo-szerek","","Farmmix - FDM csomag","package_2","50 ha/csomag: káposztarepce","10 l Artiler 200 SE","","","","","https://cdn.agromedium.com/uploads/2018/08/67c9c5bf000cfc1dad7b/thumbnail.jpg"
"1769693586-960","https://www.agromedium.com/hu-hu/novenyvedo-szerek","","Farmmix - Kukorica Csomag I. - Fornet 40 SC","package_2","10 ha/csomag: kukorica","10 l Fornet 40 SC","","","","","https://cdn.agromedium.com/uploads/2018/08/67c9c5bf000cfc1dad7b/thumbnail.jpg"
"1769693586-961","https://www.agromedium.com/hu-hu/novenyvedo-szerek","","Farmmix - Kukorica Csomag I. - Fornet 6 OD","package_2","10 ha/csomag: kukorica","5 l Fornet Max 6 OD","","","","","https://cdn.agromedium.com/uploads/2018/08/67c9c5bf000cfc1dad7b/thumbnail.jpg"
"1769693586-962","https://www.agromedium.com/hu-hu/novenyvedo-szerek","","Farmmix - Kukorica Csomag II. A - Fornet 40 SC","package_2","10 ha/csomag: kukorica","10 l Fornet 40 SC","","","","","https://cdn.agromedium.com/uploads/2018/08/67c9c5bf000cfc1dad7b/thumbnail.jpg"
"1769693586-963","https://www.agromedium.com/hu-hu/novenyvedo-szerek","","","","","","","","","","https://cdn.agromedium.com/uploads/2026/01/697082e3000e0b656054/file.png"
"1769693586-964","https://www.agromedium.com/hu-hu/novenyvedo-szerek","","Farmmix - Kukorica Csomag II. A - Fornet 6 OD","package_2","10 ha/csomag: kukorica","5 l Fornet Max 6 OD","","","","","https://cdn.agromedium.com/uploads/2018/08/67c9c5bf000cfc1dad7b/thumbnail.jpg"
"1769693586-965","https://www.agromedium.com/hu-hu/novenyvedo-szerek","","Farmmix - Kukorica Csomag II. B - Fornet 40 SC","package_2","10 ha/csomag: kukorica","10 l Fornet 40 SC","","","","","https://cdn.agromedium.com/uploads/2018/08/67c9c5bf000cfc1dad7b/thumbnail.jpg"
"1769693586-966","https://www.agromedium.com/hu-hu/novenyvedo-szerek","","Farmmix - Kukorica Csomag II. B - Fornet 6 OD","package_2","10 ha/csomag: kukorica","4,5 l Fornet Max 6 OD","","","","","https://cdn.agromedium.com/uploads/2018/08/67c9c5bf000cfc1dad7b/thumbnail.jpg"
"1769693586-967","https://www.agromedium.com/hu-hu/novenyvedo-szerek","","Farmmix - Kukorica Csomag III. - Fornet 40 SC","package_2","10 ha/csomag: kukorica","10 l Fornet 40 SC","","","","","https://cdn.agromedium.com/uploads/2018/08/67c9c5bf000cfc1dad7b/thumbnail.jpg"
"1769693586-968","https://www.agromedium.com/hu-hu/novenyvedo-szerek","","Farmmix - Kukorica Csomag III. - Fornet 6 OD","package_2","10 ha/csomag: kukorica","5 l Fornet Max 6 OD","","","","","https://cdn.agromedium.com/uploads/2018/08/67c9c5bf000cfc1dad7b/thumbnail.jpg"
"1769693586-969","https://www.agromedium.com/hu-hu/novenyvedo-szerek","","","","","","","","","","https://cdn.agromedium.com/uploads/2025/11/690db9bd0030b9dd184f/file.png"
"1769693586-970","https://www.agromedium.com/hu-hu/novenyvedo-szerek","","Farmmix - Kukorica Csomag IV. - Fornet 40 SC","package_2","10 ha/csomag: kukorica","10 l Fornet 40 SC","","","","","https://cdn.agromedium.com/uploads/2018/08/67c9c5bf000cfc1dad7b/thumbnail.jpg"
"1769693586-971","https://www.agromedium.com/hu-hu/novenyvedo-szerek","","Farmmix - Kukorica Csomag IV. - Fornet 6 OD","package_2","10 ha/csomag: kukorica","5 l Fornet Max 6 OD","","","","","https://cdn.agromedium.com/uploads/2018/08/67c9c5bf000cfc1dad7b/thumbnail.jpg"
"1769693586-972","https://www.agromedium.com/hu-hu/novenyvedo-szerek","","Farmmix - Kukorica Csomag V. A","package_2","10 ha/csomag: kukorica","20 l Tempo","","","","","https://cdn.agromedium.com/uploads/2018/08/67c9c5bf000cfc1dad7b/thumbnail.jpg"
"1769693586-973","https://www.agromedium.com/hu-hu/novenyvedo-szerek","","Farmmix - Kukorica Csomag V. B","package_2","10 ha/csomag: kukorica","20 l Tempo","","","","","https://cdn.agromedium.com/uploads/2018/08/67c9c5bf000cfc1dad7b/thumbnail.jpg"
"1769693586-974","https://www.agromedium.com/hu-hu/novenyvedo-szerek","","Farmmix - Naturamin csomag","package_2","napraforgó","25 l Win 40 SL","","","","","https://cdn.agromedium.com/uploads/2018/08/67c9c5bf000cfc1dad7b/thumbnail.jpg"
"1769693586-975","https://www.agromedium.com/hu-hu/novenyvedo-szerek","","","","","","","","","","https://cdn.agromedium.com/uploads/2025/11/690db9bd0030b9dd184f/file.png"
"1769693586-976","https://www.agromedium.com/hu-hu/novenyvedo-szerek","","Farmmix - Patel csomag","package_2","10 ha/csomag: kalászosok, káposztarepce","10 l Patel 300 EC","","","","","https://cdn.agromedium.com/uploads/2018/08/67c9c5bf000cfc1dad7b/thumbnail.jpg"
"1769693586-977","https://www.agromedium.com/hu-hu/novenyvedo-szerek","","Farmmix - Rimel csomag A","package_2","5-7,5 ha/csomag: kukorica","300 g Rimel 25 SG","","","","","https://cdn.agromedium.com/uploads/2018/08/67c9c5bf000cfc1dad7b/thumbnail.jpg"
"1769693586-978","https://www.agromedium.com/hu-hu/novenyvedo-szerek","","Farmmix - Rimel csomag B","package_2","5-7,5 ha/csomag: kukorica","300 g Rimel 25 SG","5 kg Oceal","","","10 l Narval","https://cdn.agromedium.com/uploads/2018/08/67c9c5bf000cfc1dad7b/thumbnail.jpg"
"1769693586-979","https://www.agromedium.com/hu-hu/novenyvedo-szerek","","Farmmix - Simba csomag A","package_2","10 ha/csomag: kukorica","2 l 480 solo extra","5 l Tipo","","","10 l Narval","https://cdn.agromedium.com/uploads/2018/08/67c9c5bf000cfc1dad7b/thumbnail.jpg"
"1769693586-980","https://www.agromedium.com/hu-hu/novenyvedo-szerek","","Farmmix - Simba csomag B","package_2","10 ha/csomag: kukorica","5 l Tipo","1,5 kg Oceal","","","10 l Narval","https://cdn.agromedium.com/uploads/2018/08/67c9c5bf000cfc1dad7b/thumbnail.jpg"
"1769693586-981","https://www.agromedium.com/hu-hu/novenyvedo-szerek","","","","","","","","","","https://cdn.agromedium.com/uploads/2025/06/6847e89a00115b091f3c/file.png"
"1769693586-982","https://www.agromedium.com/hu-hu/novenyvedo-szerek","","Farmmix - Trailer csomag","package_2","50 ha/csomag: árpa, búza","40 l Bonaca","","","","","https://cdn.agromedium.com/uploads/2018/08/67c9c5bf000cfc1dad7b/thumbnail.jpg"
"1769693586-983","https://www.agromedium.com/hu-hu/novenyvedo-szerek","","Faxer","error","450 g/l prokloráz","2021. dec. 31.","gombaölő permetezőszer","","2021. dec. 31.","","https://cdn.agromedium.com/uploads/2023/01/67c9c5c70039285dc50f/thumbnail.png"
"1769693586-984","https://www.agromedium.com/hu-hu/novenyvedo-szerek","","Fazilo rovarölő permet","check_circle","0,015 g/l abamektin, 0,2 g/l piretrin","2028. dec. 31.","rovarölő szer","2028. dec. 31.","","",""
"1769693586-985","https://www.agromedium.com/hu-hu/novenyvedo-szerek","","Fazor","check_circle","600 g/kg maleinsav-hidrazid (K-só)","2033. okt. 31.","növekedésszabályozó készítmény","2033. okt. 31.","","","https://cdn.agromedium.com/uploads/2024/03/67c9c5be001da30ef4a5/thumbnail.png"
"1769693586-986","https://www.agromedium.com/hu-hu/novenyvedo-szerek","","Fazor Flo","check_circle","270,2 g/l maleinsav-hidrazid","2033. okt. 31.","növekedésszabályozó készítmény","2033. okt. 31.","","","https://cdn.agromedium.com/uploads/2024/03/67c9c5be001da30ef4a5/thumbnail.png"
"1769693586-987","https://www.agromedium.com/hu-hu/novenyvedo-szerek","","","","","","","","","","https://cdn.agromedium.com/uploads/2026/01/6969f7e8002c1baa38cf/file.png"
"1769693586-988","https://www.agromedium.com/hu-hu/novenyvedo-szerek","","FBR-A","check_circle","726 g/l kálium-foszfonát","2027. jan. 31.","gombaölő szer","2027. jan. 31.","","",""
"1769693586-989","https://www.agromedium.com/hu-hu/novenyvedo-szerek","","FBR-B","check_circle","726 g/l kálium-foszfonát","2027. jan. 31.","gombaölő szer","2027. jan. 31.","","",""
"1769693586-990","https://www.agromedium.com/hu-hu/novenyvedo-szerek","","FBR-C","check_circle","726 g/l kálium-foszfonát","2027. jan. 31.","gombaölő szer","2027. jan. 31.","","",""
"1769693586-991","https://www.agromedium.com/hu-hu/novenyvedo-szerek","","Fence","warning","480 g/l flufenacet","2026. dec. 10.","gyomirtó szer","","","","https://cdn.agromedium.com/uploads/2019/04/67c9c5be0026299f6d49/thumbnail.png"
"1769693586-992","https://www.agromedium.com/hu-hu/novenyvedo-szerek","","Fenoxinn 110 EC","check_circle","110 g/l fenoxaprop-P-etil, 120,4 g/l mefenpir-dietil","2027. dec. 31.","gyomirtó szer","2027. dec. 31.","","",""
"1769693586-993","https://www.agromedium.com/hu-hu/novenyvedo-szerek","","","","","","","","","","https://cdn.agromedium.com/uploads/2026/01/697082e3000e0b656054/file.png"
"1769693586-994","https://www.agromedium.com/hu-hu/novenyvedo-szerek","","Fentrol CS","check_circle","60 g/l gamma-cihalotrin","2027. dec. 31.","rovarölő szer","2027. dec. 31.","","","https://cdn.agromedium.com/uploads/2019/04/67c9c5be0026299f6d49/thumbnail.png"
"1769693586-995","https://www.agromedium.com/hu-hu/novenyvedo-szerek","","Ferramol","check_circle","9,9 g/kg vas-foszfát","2031. dec. 31.","csigaölő szer","2031. dec. 31.","","",""
"1769693586-996","https://www.agromedium.com/hu-hu/novenyvedo-szerek","","Ferrex","check_circle","25 g/kg vas-foszfát","2031. dec. 31.","csigaölő szer","2031. dec. 31.","","","https://cdn.agromedium.com/uploads/2020/11/67c9c6f9001413c8202c/thumbnail.png"
"1769693586-997","https://www.agromedium.com/hu-hu/novenyvedo-szerek","","Ferrocious","check_circle","29,7 g/kg vas-foszfát","2031. dec. 31.","csigaölő szer","2031. dec. 31.","","","https://cdn.agromedium.com/uploads/2019/04/67c9c6f3002ce784082b/thumbnail.png"
"1769693586-998","https://www.agromedium.com/hu-hu/novenyvedo-szerek","","Ferronite Csiga granulátum","check_circle","10 g/kg vas-foszfát","2031. dec. 31.","csigaölő szer","2031. dec. 31.","","",""
"1769693586-999","https://www.agromedium.com/hu-hu/novenyvedo-szerek","","","","","","","","","","https://cdn.agromedium.com/uploads/2025/11/690db9bd0030b9dd184f/file.png"
"1769693586-1000","https://www.agromedium.com/hu-hu/novenyvedo-szerek","","Feuver","check_circle","300 g/l protiokonazol","2027. dec. 31.","csávázószer","2027. dec. 31.","","","https://cdn.agromedium.com/uploads/2019/09/67c9c6f400102ba14e1a/thumbnail.png"
"1769693586-1001","https://www.agromedium.com/hu-hu/novenyvedo-szerek","","Fezan","check_circle","250 g/l tebukonazol","2029. febr. 28.","gombaölő permetezőszer","2029. febr. 28.","","","https://cdn.agromedium.com/uploads/2019/04/67c9c5be0026299f6d49/thumbnail.png"
"1769693586-1002","https://www.agromedium.com/hu-hu/novenyvedo-szerek","","Fezan Plus","error","166 g/l klórtalonil, 60 g/l tebukonazol","2019. nov. 20.","gombaölő szer","","2019. nov. 20.","","https://cdn.agromedium.com/uploads/2019/04/67c9c5be0026299f6d49/thumbnail.png"
"1769693586-1003","https://www.agromedium.com/hu-hu/novenyvedo-szerek","","Fidox 800 EC","check_circle","800 g/l proszulfokarb","2027. szept. 30.","gyomirtó szer","2027. szept. 30.","","","https://cdn.agromedium.com/uploads/2019/04/67c9c5be0026299f6d49/thumbnail.png"
"1769693586-1004","https://www.agromedium.com/hu-hu/novenyvedo-szerek","","Fidum Xtra","check_circle","140 g/l azoxistrobin, 100 g/l protiokonazol","2028. márc. 31.","gombaölő szer","2028. márc. 31.","","","https://cdn.agromedium.com/uploads/2019/04/67c9c5be0026299f6d49/thumbnail.png"
"1769693586-1005","https://www.agromedium.com/hu-hu/novenyvedo-szerek","","","","","","","","","","https://cdn.agromedium.com/uploads/2025/06/6847e89a00115b091f3c/file.png"
"1769693586-1006","https://www.agromedium.com/hu-hu/novenyvedo-szerek","","Figaro 360","check_circle","360 g/l glifozát","2028. dec. 31.","gyomirtó szer","2028. dec. 31.","","","https://cdn.agromedium.com/uploads/2023/01/67c9c5c70039285dc50f/thumbnail.png"
"1769693586-1007","https://www.agromedium.com/hu-hu/novenyvedo-szerek","","Finale 14 SL","error","150 g/l glufozinát-ammónium","2018. júl. 31.","gyomirtó szer","","2018. júl. 31.","","https://cdn.agromedium.com/uploads/2019/09/67c9c6f400102ba14e1a/thumbnail.png"
"1769693586-1008","https://www.agromedium.com/hu-hu/novenyvedo-szerek","","Finex 700 SC","check_circle","700 g/l metamitron","2027. nov. 30.","gyomirtó szer","2027. nov. 30.","","",""
"1769693586-1009","https://www.agromedium.com/hu-hu/novenyvedo-szerek","","Finy","check_circle","200 g/kg metszulfuron-metil","2029. márc. 31.","gyomirtó szer","2029. márc. 31.","","","https://cdn.agromedium.com/uploads/2019/04/67c9c6f3002ce784082b/thumbnail.png"
"1769693586-1010","https://www.agromedium.com/hu-hu/novenyvedo-szerek","","Finy Max","error","500 g/kg benszulfuron-metil, 40 g/kg metszulfuron-metil","2025. szept. 30.","gyomirtó szer","","2025. szept. 30.","","https://cdn.agromedium.com/uploads/2024/03/67c9c5be001da30ef4a5/thumbnail.png"
"1769693586-1011","https://www.agromedium.com/hu-hu/novenyvedo-szerek","","","","","","","","","","https://cdn.agromedium.com/uploads/2026/01/697082e3000e0b656054/file.png"
"1769693586-1012","https://www.agromedium.com/hu-hu/novenyvedo-szerek","","Fito Insect","check_circle","1,5 g/l káliszappan, 10 % növényi kivonatok","2034. jan. 31.","növényápoló szer","2034. jan. 31.","","","https://cdn.agromedium.com/uploads/2022/03/67c9c70d000eff092246/thumbnail.png"
"1769693586-1013","https://www.agromedium.com/hu-hu/novenyvedo-szerek","","Fitofop","check_circle","50 g/l kizalofop-P-etil","2026. máj. 31.","gyomirtó szer","2026. máj. 31.","","","https://cdn.agromedium.com/uploads/2019/04/67c9c5be0026299f6d49/thumbnail.png"
"1769693586-1014","https://www.agromedium.com/hu-hu/novenyvedo-szerek","","FitoProtekt","check_circle","96,5 m/m% káliszappan, 2 m/m% etoxilált izotridekanol, 1,5 m/m% n-vajsav","2035. nov. 30.","vadkárcsökkentő készítmény","2035. nov. 30.","","","https://cdn.agromedium.com/uploads/2021/01/67c9c5cc00324c1f1efc/thumbnail.png"
"1769693586-1015","https://www.agromedium.com/hu-hu/novenyvedo-szerek","","FITOPYR","check_circle","2 g/l piretrin","2027. nov. 30.","rovarölő szer","2027. nov. 30.","","",""
"1769693586-1016","https://www.agromedium.com/hu-hu/novenyvedo-szerek","","Fix-Pro","check_circle","824 g/l módosított trisziloxán, 206 g/l poliéter","2029. ápr. 30.","permetezőszer segédanyag","2029. ápr. 30.","","","https://cdn.agromedium.com/uploads/2019/03/67c9c5c60007ec5337c9/thumbnail.png"
"1769693586-1017","https://www.agromedium.com/hu-hu/novenyvedo-szerek","","","","","","","","","","https://cdn.agromedium.com/uploads/2025/11/690db9bd0030b9dd184f/file.png"
"1769693586-1018","https://www.agromedium.com/hu-hu/novenyvedo-szerek","","Flame","check_circle","500 g/kg tribenuron-metil","2035. jan. 30.","gyomirtó szer","2035. jan. 30.","","","https://cdn.agromedium.com/uploads/2023/03/67c9c5c50021e7685e21/thumbnail.jpg"
"1769693586-1019","https://www.agromedium.com/hu-hu/novenyvedo-szerek","","Flame Duo","check_circle","104 g/kg floraszulam, 250 g/kg tribenuron-metil","2031. dec. 31.","gyomirtó szer","2031. dec. 31.","","","https://cdn.agromedium.com/uploads/2023/03/67c9c5c50021e7685e21/thumbnail.jpg"
"1769693586-1020","https://www.agromedium.com/hu-hu/novenyvedo-szerek","","Flavo Plant növényápoló szer","check_circle","növényi kivonatok","2032. szept. 30.","növényápoló szer","2032. szept. 30.","","",""
"1769693586-1021","https://www.agromedium.com/hu-hu/novenyvedo-szerek","","Fleet","check_circle","30 g/kg metaldehid","2027. máj. 31.","csigaölő szer","2027. máj. 31.","","","https://cdn.agromedium.com/uploads/2019/04/67c9c6f3002ce784082b/thumbnail.png"
"1769693586-1022","https://www.agromedium.com/hu-hu/novenyvedo-szerek","","Fleet Super","check_circle","50 g/kg metaldehid","2027. máj. 31.","csigaölő szer","2027. máj. 31.","","","https://cdn.agromedium.com/uploads/2019/04/67c9c6f3002ce784082b/thumbnail.png"
"1769693586-1023","https://www.agromedium.com/hu-hu/novenyvedo-szerek","","","","","","","","","","https://cdn.agromedium.com/uploads/2026/01/6969f7e8002c1baa38cf/file.png"
"1769693586-1024","https://www.agromedium.com/hu-hu/novenyvedo-szerek","","Flexi","check_circle","52 m/m% karboxilált sztirén és 1,3 butadién kopolimer","2032. dec. 31.","adalékanyag","2032. dec. 31.","","","https://cdn.agromedium.com/uploads/2023/03/67c9c5e0003c40ead470/thumbnail.png"
"1769693586-1025","https://www.agromedium.com/hu-hu/novenyvedo-szerek","","Flexity","check_circle","300 g/l metrafenon","2040. okt. 31.","gombaölő permetezőszer","2040. okt. 31.","","","https://cdn.agromedium.com/uploads/2020/09/67c9c5c70014019edcec/thumbnail.jpg"
"1769693586-1026","https://www.agromedium.com/hu-hu/novenyvedo-szerek","","Flint Max","check_circle","500 g/kg tebukonazol, 250 g/kg trifloxistrobin","2027. aug. 31.","gombaölő szer","2027. aug. 31.","","","https://cdn.agromedium.com/uploads/2019/09/67c9c6f400102ba14e1a/thumbnail.png"
"1769693586-1027","https://www.agromedium.com/hu-hu/novenyvedo-szerek","","FLiPPER","check_circle","479,8 g/l C7-C18 zsírsavak kálium-sója","2027. aug. 31.","rovarölő szer","2027. aug. 31.","","",""
"1769693586-1028","https://www.agromedium.com/hu-hu/novenyvedo-szerek","","Flirt T","error","360 g/l kloridazon, 60 g/l quinmerak","2018. dec. 31.","gyomirtó szer","","2018. dec. 31.","","https://cdn.agromedium.com/uploads/2020/09/67c9c5c70014019edcec/thumbnail.jpg"
"1769693586-1029","https://www.agromedium.com/hu-hu/novenyvedo-szerek","","","","","","","","","","https://cdn.agromedium.com/uploads/2025/06/6847e89a00115b091f3c/file.png"
"1769693586-1030","https://www.agromedium.com/hu-hu/novenyvedo-szerek","","Floramite 240 SC","check_circle","240 g/l bifenazát","2027. júl. 31.","atkaölő szer","2027. júl. 31.","","","https://cdn.agromedium.com/uploads/2024/03/67c9c5be001da30ef4a5/thumbnail.png"
"1769693586-1031","https://www.agromedium.com/hu-hu/novenyvedo-szerek","","Florgib Tablet","check_circle","204 g/kg gibberelinsav","2029. aug. 31.","növekedésszabályzó permetezőszer","2029. aug. 31.","","","https://cdn.agromedium.com/uploads/2023/03/67c9c5e0003c40ead470/thumbnail.png"
"1769693586-1032","https://www.agromedium.com/hu-hu/novenyvedo-szerek","","Florimo","check_circle","1,5 g/l káliszappan, 10 % növényi kivonatok","2034. jan. 31.","növényápoló szer","2034. jan. 31.","","","https://cdn.agromedium.com/uploads/2022/03/67c9c70d000eff092246/thumbnail.png"
"1769693586-1033","https://www.agromedium.com/hu-hu/novenyvedo-szerek","","Flosul","check_circle","800 g/l kén","2029. máj. 31.","gombaölő szer","2029. máj. 31.","","","https://cdn.agromedium.com/uploads/2019/12/67c9c5e00038baa08a17/thumbnail.jpg"
"1769693586-1034","https://www.agromedium.com/hu-hu/novenyvedo-szerek","","Flotyn 114 OD","check_circle","10 g/l floraszulam, 80 g/l nikoszulfuron, 24 g/l tifenszulfuron-metil","2028. márc. 31.","gyomirtó szer","2028. márc. 31.","","",""
"1769693586-1035","https://www.agromedium.com/hu-hu/novenyvedo-szerek","","","","","","","","","","https://cdn.agromedium.com/uploads/2025/06/6847e89a00115b091f3c/file.png"
"1769693586-1036","https://www.agromedium.com/hu-hu/novenyvedo-szerek","","Flovine 80 WDG","check_circle","800 g/kg folpet","2029. júl. 31.","gombaölő szer","2029. júl. 31.","","","https://cdn.agromedium.com/uploads/2019/04/67c9c5c1001d85f5c905/thumbnail.png"
"1769693586-1037","https://www.agromedium.com/hu-hu/novenyvedo-szerek","","Flowsan FS","error","533 g/l TMTD","2019. jan. 30.","csávázószer (gombaölő)","","2019. jan. 30.","",""
"1769693586-1038","https://www.agromedium.com/hu-hu/novenyvedo-szerek","","Fluence","check_circle","500 g/kg tribenuron-metil","2026. márc. 31.","gyomirtó szer","2026. márc. 31.","","","https://cdn.agromedium.com/uploads/2019/03/67c9c5c60007ec5337c9/thumbnail.png"
"1769693586-1039","https://www.agromedium.com/hu-hu/novenyvedo-szerek","","Fluency Blue FP 24002","check_circle","50 g/kg Heliogen Blue D 7086, 350 g/kg Mica-ásvány és titán-dioxid kerevéke","2028. márc. 9.","csávázási segédanyag","2028. márc. 9.","","","https://cdn.agromedium.com/uploads/2019/09/67c9c6f400102ba14e1a/thumbnail.png"
"1769693586-1040","https://www.agromedium.com/hu-hu/novenyvedo-szerek","","Fluency FP24001","check_circle","1000 g/kg Mica-ásvány és titán-dioxid kerevéke","2030. márc. 31.","csávázási segédanyag","2030. márc. 31.","","","https://cdn.agromedium.com/uploads/2019/09/67c9c6f400102ba14e1a/thumbnail.png"
"1769693586-1041","https://www.agromedium.com/hu-hu/novenyvedo-szerek","","","","","","","","","","https://cdn.agromedium.com/uploads/2025/11/690db9bd0030b9dd184f/file.png"
"1769693586-1042","https://www.agromedium.com/hu-hu/novenyvedo-szerek","","Fluency FP24003","check_circle","500 g/kg Mica-ásvány és titán-dioxid kerevéke","2029. júl. 31.","csávázási segédanyag","2029. júl. 31.","","","https://cdn.agromedium.com/uploads/2019/09/67c9c6f400102ba14e1a/thumbnail.png"
"1769693586-1043","https://www.agromedium.com/hu-hu/novenyvedo-szerek","","Fluency FP27008","check_circle","140 g/kg C.I. Pigment Orange 13, 250 g/kg Mica-ásvány és titán-dioxid kerevéke, 10 g/kg red pigment 48:2","2030. jún. 30.","csávázási segédanyag","2030. jún. 30.","","","https://cdn.agromedium.com/uploads/2019/09/67c9c6f400102ba14e1a/thumbnail.png"
"1769693586-1044","https://www.agromedium.com/hu-hu/novenyvedo-szerek","","Fluency FP601","check_circle","20 g/kg C.I. Pigment Violet 23, 200 g/kg Mica-ásvány és titán-dioxid kerevéke","2030. jún. 30.","csávázási segédanyag","2030. jún. 30.","","","https://cdn.agromedium.com/uploads/2019/09/67c9c6f400102ba14e1a/thumbnail.png"
"1769693586-1045","https://www.agromedium.com/hu-hu/novenyvedo-szerek","","Fluent 500 SC","warning","500 g/l flufenacet","2026. dec. 10.","gyomirtó szer","","","","https://cdn.agromedium.com/uploads/2019/04/67c9c6f3002ce784082b/thumbnail.png"
"1769693586-1046","https://www.agromedium.com/hu-hu/novenyvedo-szerek","","Fluidus F-038","check_circle","80 m/m% ásványi anyag","2034. nov. 30.","csávázási segédanyag","2034. nov. 30.","","",""
"1769693586-1047","https://www.agromedium.com/hu-hu/novenyvedo-szerek","","","","","","","","","","https://cdn.agromedium.com/uploads/2025/11/690db9bd0030b9dd184f/file.png"
"1769693586-1048","https://www.agromedium.com/hu-hu/novenyvedo-szerek","","Flumite 200","emergency_home","200 g/l diflovidazin","Alapengedély","emergency_home","","","",""
"1769693586-1049","https://www.agromedium.com/hu-hu/novenyvedo-szerek","","Flurostar 200","check_circle","200 g/l fluroxipir","2027. dec. 31.","gyomirtó szer","2027. dec. 31.","","","https://cdn.agromedium.com/uploads/2024/03/67c9c5be001da30ef4a5/thumbnail.png"
"1769693586-1050","https://www.agromedium.com/hu-hu/novenyvedo-szerek","","Flurostar Forte","check_circle","400 g/l fluroxipir","2028. febr. 15.","gyomirtó szer","2028. febr. 15.","","",""
"1769693586-1051","https://www.agromedium.com/hu-hu/novenyvedo-szerek","","Flurostar Super","check_circle","1 g/l floraszulam, 100 g/l fluroxipir","2028. febr. 15.","gyomirtó szer","2028. febr. 15.","","",""
"1769693586-1052","https://www.agromedium.com/hu-hu/novenyvedo-szerek","","Flurox Forte 333 EC","check_circle","480 g/l fluroxipir-meptil","2027. dec. 31.","gyomirtó szer","2027. dec. 31.","","","https://cdn.agromedium.com/uploads/2018/08/67c9c5bf000cfc1dad7b/thumbnail.jpg"
"1769693586-1053","https://www.agromedium.com/hu-hu/novenyvedo-szerek","","","","","","","","","","https://cdn.agromedium.com/uploads/2026/01/6969f7e8002c1baa38cf/file.png"
"1769693586-1054","https://www.agromedium.com/hu-hu/novenyvedo-szerek","","Fluxyr","check_circle","200 g/l fluroxipir, 288 g/l fluroxipir-meptil","2028. júl. 31.","gyomirtó szer","2028. júl. 31.","","","https://cdn.agromedium.com/uploads/2024/03/67c9c5be001da30ef4a5/thumbnail.png"
"1769693586-1055","https://www.agromedium.com/hu-hu/novenyvedo-szerek","","Flyer 5 SC","check_circle","50 g/l floraszulam","2031. dec. 31.","gyomirtó szer","2031. dec. 31.","","","https://cdn.agromedium.com/uploads/2019/04/67c9c6f3002ce784082b/thumbnail.png"
"1769693586-1056","https://www.agromedium.com/hu-hu/novenyvedo-szerek","","FMC Agro - Aurora Gold","package_2","25 ha/csomag: árpa, búza, kalászosok, rozs, tritikálé, zab","10x100 g Granstar Super 50 SX","","","","","https://cdn.agromedium.com/uploads/2019/04/67c9c5be0013b6f965bb/thumbnail.png"
"1769693586-1057","https://www.agromedium.com/hu-hu/novenyvedo-szerek","","FMC Agro - Azaka Top New","package_2","4 ha/csomag: kalászosok","5 L Azaka","","","","","https://cdn.agromedium.com/uploads/2019/04/67c9c5be0013b6f965bb/thumbnail.png"
"1769693586-1058","https://www.agromedium.com/hu-hu/novenyvedo-szerek","","FMC Agro - Battle Max","package_2","33 ha/csomag: árpa, búza, kalászosok, rozs, tritikálé, zab","1 kg Ally Max SX","10 l Trend 90","","","","https://cdn.agromedium.com/uploads/2019/04/67c9c5be0013b6f965bb/thumbnail.png"
"1769693586-1059","https://www.agromedium.com/hu-hu/novenyvedo-szerek","","","","","","","","","","https://cdn.agromedium.com/uploads/2025/11/690db9bd0030b9dd184f/file.png"
"1769693586-1060","https://www.agromedium.com/hu-hu/novenyvedo-szerek","","FMC Agro - Diniro Eco Flex","package_2","5 ha/csomag: kukorica","2,4 kg Diniro","1 L Trend 90","","","","https://cdn.agromedium.com/uploads/2019/04/67c9c5be0013b6f965bb/thumbnail.png"
"1769693586-1061","https://www.agromedium.com/hu-hu/novenyvedo-szerek","","FMC Agro - Diniro Flex","package_2","5 ha/csomag: kukorica","2,4 kg Diniro","2x1 l Trend 90","","","","https://cdn.agromedium.com/uploads/2019/04/67c9c5be0013b6f965bb/thumbnail.png"
"1769693586-1062","https://www.agromedium.com/hu-hu/novenyvedo-szerek","","FMC Agro - Diniro Gold","package_2","5 ha/csomag: kukorica","2,4 kg Diniro","1 L Trend 90","","","","https://cdn.agromedium.com/uploads/2019/04/67c9c5be0013b6f965bb/thumbnail.png"
"1769693586-1063","https://www.agromedium.com/hu-hu/novenyvedo-szerek","","FMC Agro - Diniro Nico","package_2","20 ha/csomag: kukorica","4x2,4 kg Diniro","4x1 L Trend 90","","","","https://cdn.agromedium.com/uploads/2019/04/67c9c5be0013b6f965bb/thumbnail.png"
"1769693586-1064","https://www.agromedium.com/hu-hu/novenyvedo-szerek","","FMC Agro - Diniro Plus","package_2","5 ha/csomag: kukorica","2,4 kg Diniro","1 l Trend 90","","","","https://cdn.agromedium.com/uploads/2019/04/67c9c5be0013b6f965bb/thumbnail.png"
"1769693586-1065","https://www.agromedium.com/hu-hu/novenyvedo-szerek","","","","","","","","","","https://cdn.agromedium.com/uploads/2026/01/6969f7e8002c1baa38cf/file.png"
"1769693586-1066","https://www.agromedium.com/hu-hu/novenyvedo-szerek","","FMC Agro - Granstar Super Rapid Pack","package_2","25 ha/csomag: kalászosok","Granstar Super 50 SX","5 l Trend 90","","","","https://cdn.agromedium.com/uploads/2019/04/67c9c5be0013b6f965bb/thumbnail.png"
"1769693586-1067","https://www.agromedium.com/hu-hu/novenyvedo-szerek","","FMC Agro - Granstar Super Rapid Riza Pack","package_2","20-25 ha/csomag: kalászosok","Granstar Super 50 SX","2 l Rapid CS","","","5 l Trend 90","https://cdn.agromedium.com/uploads/2019/04/67c9c5be0013b6f965bb/thumbnail.png"
"1769693586-1068","https://www.agromedium.com/hu-hu/novenyvedo-szerek","","FMC Agro - Granstar Superstar","package_2","4 ha/csomag: árpa, búza, rozs, tritikálé, zab","Granstar Super 50 SX","","","","","https://cdn.agromedium.com/uploads/2019/04/67c9c5be0013b6f965bb/thumbnail.png"
"1769693586-1069","https://www.agromedium.com/hu-hu/novenyvedo-szerek","","FMC Agro - Granstar SuperStar LQM","package_2","4 ha/csomag","100 g Granstar 50 SX","","","","","https://cdn.agromedium.com/uploads/2019/04/67c9c5be0013b6f965bb/thumbnail.png"
"1769693586-1070","https://www.agromedium.com/hu-hu/novenyvedo-szerek","","FMC Agro - Granstar SuperStar Rapid + Riza Pack","package_2","12-10 ha/csomag: árpa, búza, rozs, tritikálé, zab","Granstar Super 50 SX","2x5 l Riza 250 EW","","","1 l Rapid CS","https://cdn.agromedium.com/uploads/2019/04/67c9c5be0013b6f965bb/thumbnail.png"
"1769693586-1071","https://www.agromedium.com/hu-hu/novenyvedo-szerek","","","","","","","","","","https://cdn.agromedium.com/uploads/2025/06/6847e89a00115b091f3c/file.png"
"1769693586-1072","https://www.agromedium.com/hu-hu/novenyvedo-szerek","","FMC Agro - Granstar SuperStar Rapid Pack","package_2","12 ha/csomag: árpa, búza, rozs, tritikálé, zab","Granstar Super 50 SX","1 l Rapid CS","","","3 l Trend 90","https://cdn.agromedium.com/uploads/2019/04/67c9c5be0013b6f965bb/thumbnail.png"
"1769693586-1073","https://www.agromedium.com/hu-hu/novenyvedo-szerek","","FMC Agro - Nic-It Gold","package_2","5 ha/csomag: kukorica","2x5 L Successor TX","1 L Nic-It","","","","https://cdn.agromedium.com/uploads/2019/04/67c9c5be0013b6f965bb/thumbnail.png"
"1769693586-1074","https://www.agromedium.com/hu-hu/novenyvedo-szerek","","FMC Agro - Omnera Rapid + Riza Pack","package_2","25 ha/csomag: árpa, búza, rozs, tritikálé","3x5 l Omnera","2x1 l Rapid CS","","","","https://cdn.agromedium.com/uploads/2019/04/67c9c5be0013b6f965bb/thumbnail.png"
"1769693586-1075","https://www.agromedium.com/hu-hu/novenyvedo-szerek","","FMC Agro - Omnera Rapid Pack","package_2","25 ha/csomag: árpa, búza, kalászosok, rozs, tritikálé","3x5 l Omnera","","","","","https://cdn.agromedium.com/uploads/2019/04/67c9c5be0013b6f965bb/thumbnail.png"
"1769693586-1076","https://www.agromedium.com/hu-hu/novenyvedo-szerek","","FMC Agro - Pointer Star","package_2","4 ha/csomag: kalászosok","112 g Ally Max SX","","","","","https://cdn.agromedium.com/uploads/2019/04/67c9c5be0013b6f965bb/thumbnail.png"
"1769693586-1077","https://www.agromedium.com/hu-hu/novenyvedo-szerek","","","","","","","","","","https://cdn.agromedium.com/uploads/2026/01/697082e3000e0b656054/file.png"
"1769693586-1078","https://www.agromedium.com/hu-hu/novenyvedo-szerek","","FMC Agro - Pointer Star + Rapid Pack","package_2","12 ha/csomag: árpa, búza, rozs, tritikálé, zab","112 g Ally Max SX","1 l Rapid CS","","","3 l Trend 90","https://cdn.agromedium.com/uploads/2019/04/67c9c5be0013b6f965bb/thumbnail.png"
"1769693586-1079","https://www.agromedium.com/hu-hu/novenyvedo-szerek","","FMC Agro - Pointer Star LQM","package_2","4 ha/csomag: árpa, búza, rozs, tritikálé","112 g Ally Max SX","","","","","https://cdn.agromedium.com/uploads/2019/04/67c9c5be0013b6f965bb/thumbnail.png"
"1769693586-1080","https://www.agromedium.com/hu-hu/novenyvedo-szerek","","FMC Agro - Pointer Star Rapid + Riza Pack","package_2","12-10 ha/csomag: árpa, búza, rozs, tritikálé, zab","112 g Ally Max SX","2x5 l Riza 250 EW","","","1 l Rapid CS","https://cdn.agromedium.com/uploads/2019/04/67c9c5be0013b6f965bb/thumbnail.png"
"1769693586-1081","https://www.agromedium.com/hu-hu/novenyvedo-szerek","","FMC Agro - R3 Repce Pack","package_2","25 ha/csomag: káposztarepce","20 l Riza 250 EW","50 l Rhizomagic","","","","https://cdn.agromedium.com/uploads/2019/04/67c9c5be0013b6f965bb/thumbnail.png"
"1769693586-1082","https://www.agromedium.com/hu-hu/novenyvedo-szerek","","Foam-EX habzásgátló","check_circle","40 m/m% dimetil-polisziloxán","2031. dec. 31.","habzásgátló adalékanyag növényvédő szerekhez","2031. dec. 31.","","","https://cdn.agromedium.com/uploads/2019/09/67c9c6f70009b6d8d321/thumbnail.jpg"
"1769693586-1083","https://www.agromedium.com/hu-hu/novenyvedo-szerek","","","","","","","","","","https://cdn.agromedium.com/uploads/2025/06/6847e89a00115b091f3c/file.png"
"1769693586-1084","https://www.agromedium.com/hu-hu/novenyvedo-szerek","","Focus Ultra","check_circle","100 g/l cikloxidim","2029. máj. 31.","gyomirtó szer","2029. máj. 31.","","","https://cdn.agromedium.com/uploads/2020/09/67c9c5c70014019edcec/thumbnail.jpg"
"1769693586-1085","https://www.agromedium.com/hu-hu/novenyvedo-szerek","","Folicur 25 WG","check_circle","250 g/kg tebukonazol","2027. dec. 31.","gombaölő szer","2027. dec. 31.","","","https://cdn.agromedium.com/uploads/2019/09/67c9c6f400102ba14e1a/thumbnail.png"
"1769693586-1086","https://www.agromedium.com/hu-hu/novenyvedo-szerek","","Folicur 250 EW","check_circle","250 g/l tebukonazol","2027. dec. 31.","gombaölő szer","2027. dec. 31.","","","https://cdn.agromedium.com/uploads/2023/06/67c9c76b00277662b3eb/thumbnail.jpg"
"1769693586-1087","https://www.agromedium.com/hu-hu/novenyvedo-szerek","","Folicur Solo","check_circle","250 g/l tebukonazol","2027. dec. 31.","gombaölő szer","2027. dec. 31.","","","https://cdn.agromedium.com/uploads/2019/09/67c9c6f400102ba14e1a/thumbnail.png"
"1769693586-1088","https://www.agromedium.com/hu-hu/novenyvedo-szerek","","Follow 80 WG","check_circle","800 g/kg folpet","2029. júl. 31.","gombaölő permetezőszer","2029. júl. 31.","","","https://cdn.agromedium.com/uploads/2019/04/67c9c6f3002ce784082b/thumbnail.png"
"1769693586-1089","https://www.agromedium.com/hu-hu/novenyvedo-szerek","","","","","","","","","","https://cdn.agromedium.com/uploads/2026/01/697082e3000e0b656054/file.png"
"1769693586-1090","https://www.agromedium.com/hu-hu/novenyvedo-szerek","","Folpan 48 SC","check_circle","480 g/l folpet","2029. júl. 31.","gombaölő szer","2029. júl. 31.","","","https://cdn.agromedium.com/uploads/2019/04/67c9c5c1001d85f5c905/thumbnail.png"
"1769693586-1091","https://www.agromedium.com/hu-hu/novenyvedo-szerek","","Folpan 500 SC","check_circle","500 g/l folpet","2039. okt. 31.","gombaölő szer","2039. okt. 31.","","","https://cdn.agromedium.com/uploads/2019/04/67c9c5c1001d85f5c905/thumbnail.png"
"1769693586-1092","https://www.agromedium.com/hu-hu/novenyvedo-szerek","","Folpan 80 WDG","check_circle","800 g/kg folpet","2029. júl. 31.","gombaölő szer","2029. júl. 31.","","","https://cdn.agromedium.com/uploads/2019/04/67c9c5c1001d85f5c905/thumbnail.png"
"1769693586-1093","https://www.agromedium.com/hu-hu/novenyvedo-szerek","","Fontelis 20 SC","check_circle","200 g/l pentiopirad","2029. ápr. 30.","gombaölő permetezőszer","2029. ápr. 30.","","","https://cdn.agromedium.com/uploads/2025/03/67e7a23d00318586422c/thumbnail.jpg"
"1769693586-1094","https://www.agromedium.com/hu-hu/novenyvedo-szerek","","FOP-100","check_circle","100 g/l kizalofop-P-etil","2027. dec. 31.","gyomirtó szer","2027. dec. 31.","","","https://cdn.agromedium.com/uploads/2020/11/67c9c6f9001413c8202c/thumbnail.png"
"1769693586-1095","https://www.agromedium.com/hu-hu/novenyvedo-szerek","","","","","","","","","","https://cdn.agromedium.com/uploads/2025/11/690db9bd0030b9dd184f/file.png"
"1769693586-1096","https://www.agromedium.com/hu-hu/novenyvedo-szerek","","Fopaz","check_circle","90,4 g/l azoxistrobin, 484 g/l folpet","2028. máj. 31.","gombaölő szer","2028. máj. 31.","","","https://cdn.agromedium.com/uploads/2019/04/67c9c6f3002ce784082b/thumbnail.png"
"1769693586-1097","https://www.agromedium.com/hu-hu/novenyvedo-szerek","","Forapro","check_circle","250 g/l fenpropidin, 175 g/l protiokonazol","2026. aug. 15.","gombaölő szer","2026. aug. 15.","","","https://cdn.agromedium.com/uploads/2019/04/67c9c5c1001d85f5c905/thumbnail.png"
"1769693586-1098","https://www.agromedium.com/hu-hu/novenyvedo-szerek","","Foray 76B","check_circle","18,44 % Bacillus thuringiensis","2038. jún. 30.","rovarölő szer","2038. jún. 30.","","","https://cdn.agromedium.com/uploads/2019/09/67c9c5cf002c6dbae44c/thumbnail.png"
"1769693586-1099","https://www.agromedium.com/hu-hu/novenyvedo-szerek","","Force 1,5 G","check_circle","15 g/kg teflutrin","2028. szept. 19.","talajfertőtlenítő szer","2028. szept. 19.","","","https://cdn.agromedium.com/uploads/2019/03/67c9c5c60007ec5337c9/thumbnail.png"
"1769693586-1100","https://www.agromedium.com/hu-hu/novenyvedo-szerek","","Force 10 CS","error","100 g/l teflutrin","2025. dec. 31.","talajfertőtlenítő szer","","2025. dec. 31.","","https://cdn.agromedium.com/uploads/2019/03/67c9c5c60007ec5337c9/thumbnail.png"
"1769693586-1101","https://www.agromedium.com/hu-hu/novenyvedo-szerek","","","","","","","","","","https://cdn.agromedium.com/uploads/2026/01/6969f7e8002c1baa38cf/file.png"
"1769693586-1102","https://www.agromedium.com/hu-hu/novenyvedo-szerek","","Force 20 CS","error","200 g/l teflutrin","2025. dec. 31.","csávázószer (rovarölő)","","2025. dec. 31.","","https://cdn.agromedium.com/uploads/2019/03/67c9c5c60007ec5337c9/thumbnail.png"
"1769693586-1103","https://www.agromedium.com/hu-hu/novenyvedo-szerek","","Force Evo","error","5 g/kg teflutrin","2025. máj. 31.","rovarölő talajfertőtlenítő szer","","2025. máj. 31.","","https://cdn.agromedium.com/uploads/2019/03/67c9c5c60007ec5337c9/thumbnail.png"
"1769693586-1104","https://www.agromedium.com/hu-hu/novenyvedo-szerek","","Forego","warning","200 g/l diflufenikán, 400 g/l flufenacet","2026. dec. 10.","gyomirtó szer","","","","https://cdn.agromedium.com/uploads/2019/04/67c9c6f3002ce784082b/thumbnail.png"
"1769693586-1105","https://www.agromedium.com/hu-hu/novenyvedo-szerek","","Forester","check_circle","64 g/kg állati zsiradék","2026. dec. 31.","vadriasztó szer","2026. dec. 31.","","","https://cdn.agromedium.com/uploads/2019/04/67c9c5be0026299f6d49/thumbnail.png"
"1769693586-1106","https://www.agromedium.com/hu-hu/novenyvedo-szerek","","Fornet 40 SC","check_circle","40 g/l nikoszulfuron","2028. febr. 28.","gyomirtó szer","2028. febr. 28.","","","https://cdn.agromedium.com/uploads/2018/08/67c9c5bf000cfc1dad7b/thumbnail.jpg"
"1769693586-1107","https://www.agromedium.com/hu-hu/novenyvedo-szerek","","","","","","","","","","https://cdn.agromedium.com/uploads/2025/06/6847e89a00115b091f3c/file.png"
"1769693586-1108","https://www.agromedium.com/hu-hu/novenyvedo-szerek","","Fornet Extra 6 OD","error","60 g/l nikoszulfuron","2023. márc. 24.","gyomirtó szer","","2023. márc. 24.","","https://cdn.agromedium.com/uploads/2018/08/67c9c5bf000cfc1dad7b/thumbnail.jpg"
"1769693586-1109","https://www.agromedium.com/hu-hu/novenyvedo-szerek","","Fornet Max 6 OD","check_circle","60 g/l nikoszulfuron","2027. ápr. 30.","gyomirtó szer","2027. ápr. 30.","","","https://cdn.agromedium.com/uploads/2018/08/67c9c5bf000cfc1dad7b/thumbnail.jpg"
"1769693586-1110","https://www.agromedium.com/hu-hu/novenyvedo-szerek","","Forsoil 1,5 G","check_circle","15 g/kg teflutrin","2028. máj. 31.","rovarölő talajfertőtlenítő szer","2028. máj. 31.","","","https://cdn.agromedium.com/uploads/2020/04/67c9c5c5003bb7c20c20/thumbnail.png"
"1769693586-1111","https://www.agromedium.com/hu-hu/novenyvedo-szerek","","Fortenza 600 FS","check_circle","600 g/l ciántraniliprol","2027. szept. 14.","rovarölő csávázószer","2027. szept. 14.","","","https://cdn.agromedium.com/uploads/2019/03/67c9c5c60007ec5337c9/thumbnail.png"
"1769693586-1112","https://www.agromedium.com/hu-hu/novenyvedo-szerek","","Fortuna","error","75 % zsírsav-metilészter","2023. nov. 23.","permetezőszer segédanyag","","2023. nov. 23.","","https://cdn.agromedium.com/uploads/2019/04/67c9c5be0013b6f965bb/thumbnail.png"
"1769693586-1113","https://www.agromedium.com/hu-hu/novenyvedo-szerek","","","","","","","","","","https://cdn.agromedium.com/uploads/2026/01/697082e3000e0b656054/file.png"
"1769693586-1114","https://www.agromedium.com/hu-hu/novenyvedo-szerek","","Foshield","check_circle","726 g/l kálium-foszfonát","2028. febr. 28.","gombaölő szer","2028. febr. 28.","","",""
"1769693586-1115","https://www.agromedium.com/hu-hu/novenyvedo-szerek","","Foszfin rezisztencia teszt készlet (TEST KIT) növényvédelmi eszköz","check_circle","8 % magnézium-foszfid","2026. márc. 31.","egyéb szer","2026. márc. 31.","","",""
"1769693586-1116","https://www.agromedium.com/hu-hu/novenyvedo-szerek","","Fox","check_circle","480 g/l bifenox","2027. dec. 31.","gyomirtó szer","2027. dec. 31.","","","https://cdn.agromedium.com/uploads/2019/04/67c9c5c1001d85f5c905/thumbnail.png"
"1769693586-1117","https://www.agromedium.com/hu-hu/novenyvedo-szerek","","Foxtrot EW","check_circle","69 g/l fenoxaprop-P-etil, 34,5 g/l kloquintocet-mexil","2027. nov. 30.","gyomirtó szer","2027. nov. 30.","","","https://cdn.agromedium.com/uploads/2019/04/67c9c5be0013b6f965bb/thumbnail.png"
"1769693586-1118","https://www.agromedium.com/hu-hu/novenyvedo-szerek","","Fozát 480","check_circle","360 g/l glifozát","2028. dec. 31.","gyomirtó szer","2028. dec. 31.","","","https://cdn.agromedium.com/uploads/2019/09/67c9c70f0004fa21519f/thumbnail.png"
"1769693586-1119","https://www.agromedium.com/hu-hu/novenyvedo-szerek","","","","","","","","","","https://cdn.agromedium.com/uploads/2026/01/6969f7e8002c1baa38cf/file.png"
"1769693586-1120","https://www.agromedium.com/hu-hu/novenyvedo-szerek","","Fozát Praktik","check_circle","7,45 g/l glifozát","2026. aug. 31.","gyomirtó szer","2026. aug. 31.","","","https://cdn.agromedium.com/uploads/2019/09/67c9c70f0004fa21519f/thumbnail.png"
"1769693586-1121","https://www.agromedium.com/hu-hu/novenyvedo-szerek","","Fraxion","check_circle","100 g/l mezotrion","2033. máj. 31.","gyomirtó szer","2033. máj. 31.","","","https://cdn.agromedium.com/uploads/2019/04/67c9c5be0026299f6d49/thumbnail.png"
"1769693586-1122","https://www.agromedium.com/hu-hu/novenyvedo-szerek","","Frequent","check_circle","125 g/l fluazifop-P-butil","2029. márc. 31.","gyomirtó szer","2029. márc. 31.","","","https://cdn.agromedium.com/uploads/2019/04/67c9c6f3002ce784082b/thumbnail.png"
"1769693586-1123","https://www.agromedium.com/hu-hu/novenyvedo-szerek","","Frontier Forte","check_circle","720 g/l dimeténamid-P","2028. dec. 31.","gyomirtó szer","2028. dec. 31.","","counter_7","https://cdn.agromedium.com/uploads/2023/06/67c9c76b00277662b3eb/thumbnail.jpg"
"1769693586-1124","https://www.agromedium.com/hu-hu/novenyvedo-szerek","","Frontiera AT","check_circle","100 m/m% Attapulgite ásvány","2033. febr. 28.","csigariasztó szer","2033. febr. 28.","","",""
"1769693586-1125","https://www.agromedium.com/hu-hu/novenyvedo-szerek","","","","","","","","","","https://cdn.agromedium.com/uploads/2025/11/690db9bd0030b9dd184f/file.png"
"1769693586-1126","https://www.agromedium.com/hu-hu/novenyvedo-szerek","","Frooti","check_circle","75 g/l 1-naftil-ecetsav","2027. máj. 31.","növekedésszabályozó készítmény","2027. máj. 31.","","","https://cdn.agromedium.com/uploads/2019/04/67c9c6f3002ce784082b/thumbnail.png"
"1769693586-1127","https://www.agromedium.com/hu-hu/novenyvedo-szerek","","Frowncide","check_circle","500 g/l fluazinam","2029. júl. 31.","gombaölő szer","2029. júl. 31.","","","https://cdn.agromedium.com/uploads/2023/01/67c9c5c70039285dc50f/thumbnail.png"
"1769693586-1128","https://www.agromedium.com/hu-hu/novenyvedo-szerek","","FruitSmart 3.3 VP","check_circle","33 g/kg 1-metil-ciklopropén","2035. júl. 31.","növekedésszabályzó szer","2035. júl. 31.","","","https://cdn.agromedium.com/uploads/2019/11/67c9c6f7000d80fcbd22/thumbnail.png"
"1769693586-1129","https://www.agromedium.com/hu-hu/novenyvedo-szerek","","Fudan 75 WG","error","750 g/kg mankoceb","2021. júl. 4.","gombaölő szer","","2021. júl. 4.","",""
"1769693586-1130","https://www.agromedium.com/hu-hu/novenyvedo-szerek","","Fudan 80 WP","error","800 g/kg mankoceb","2021. júl. 4.","gombaölő permetezőszer","","2021. júl. 4.","",""
"1769693586-1131","https://www.agromedium.com/hu-hu/novenyvedo-szerek","","","","","","","","","","https://cdn.agromedium.com/uploads/2026/01/697082e3000e0b656054/file.png"
"1769693586-1132","https://www.agromedium.com/hu-hu/novenyvedo-szerek","","Fudan Gold","error","40 g/kg cimoxanil, 400 g/kg mankoceb","2021. júl. 4.","gombaölő szer","","2021. júl. 4.","",""
"1769693586-1133","https://www.agromedium.com/hu-hu/novenyvedo-szerek","","Fulcorn 50 SG","check_circle","500 g/kg nikoszulfuron","2029. ápr. 30.","gyomirtó szer","2029. ápr. 30.","","",""
"1769693586-1134","https://www.agromedium.com/hu-hu/novenyvedo-szerek","","Full 5 CS","check_circle","50 g/l lambda-cihalotrin","2028. dec. 31.","rovarölő szer","2028. dec. 31.","","counter_2","https://cdn.agromedium.com/uploads/2018/08/67c9c5bf000cfc1dad7b/thumbnail.jpg"
"1769693586-1135","https://www.agromedium.com/hu-hu/novenyvedo-szerek","","Fundamentum 700 WG","check_circle","165 g/kg floraszulam, 135 g/kg metszulfuron-metil, 400 g/kg tribenuron-metil","2027. márc. 31.","gyomirtó szer","2027. márc. 31.","","","https://cdn.agromedium.com/uploads/2020/04/67c9c5c5003bb7c20c20/thumbnail.png"
"1769693586-1136","https://www.agromedium.com/hu-hu/novenyvedo-szerek","","Fungisei","check_circle","10 g/l Bacillus subtilis IAB/BS03 törzse","2035. okt. 20.","gombaölő szer","2035. okt. 20.","","",""
"1769693586-1137","https://www.agromedium.com/hu-hu/novenyvedo-szerek","","","","","","","","","","https://cdn.agromedium.com/uploads/2026/01/6969f7e8002c1baa38cf/file.png"
"1769693586-1138","https://www.agromedium.com/hu-hu/novenyvedo-szerek","","Funguran Pro","check_circle","537 g/kg réz-hidroxid","2029. márc. 31.","gombaölő szer","2029. márc. 31.","","","https://cdn.agromedium.com/uploads/2019/04/67c9c6f8002fe783f03a/thumbnail.png"
"1769693586-1139","https://www.agromedium.com/hu-hu/novenyvedo-szerek","","Funguran Progress","check_circle","537 g/kg réz-hidroxid","2029. márc. 31.","gombaölő szer","2029. márc. 31.","","","https://cdn.agromedium.com/uploads/2024/03/67c9c5be001da30ef4a5/thumbnail.png"
"1769693586-1140","https://www.agromedium.com/hu-hu/novenyvedo-szerek","","Fury 10 EW","error","100 g/l zeta-cipermetrin","2020. dec. 1.","rovarölő szer","","2020. dec. 1.","","https://cdn.agromedium.com/uploads/2019/04/67c9c5be0026299f6d49/thumbnail.png"
"1769693586-1141","https://www.agromedium.com/hu-hu/novenyvedo-szerek","","Fusilade Forte","check_circle","150 g/l fluazifop-P-butil","2027. dec. 31.","gyomirtó szer","2027. dec. 31.","","","https://cdn.agromedium.com/uploads/2019/12/67c9c5e00038baa08a17/thumbnail.jpg"
"1769693586-1142","https://www.agromedium.com/hu-hu/novenyvedo-szerek","","Futureco Nofly WP","check_circle","18 % Paecilomyces fumosoroseus FE 9901 törzs","2028. máj. 31.","rovarölő szer","2028. máj. 31.","","","https://cdn.agromedium.com/uploads/2023/03/67c9c5e0003c40ead470/thumbnail.png"
"1769693586-1143","https://www.agromedium.com/hu-hu/novenyvedo-szerek","","","","","","","","","","https://cdn.agromedium.com/uploads/2025/11/690db9bd0030b9dd184f/file.png"
"1769693586-1144","https://www.agromedium.com/hu-hu/novenyvedo-szerek","","Fuzarion 250 EC","error","125 g/l protiokonazol, 125 g/l tebukonazol","2025. márc. 31.","gombaölő permetezőszer","","2025. márc. 31.","","https://cdn.agromedium.com/uploads/2020/04/67c9c5c5003bb7c20c20/thumbnail.png"
"1769693586-1145","https://www.agromedium.com/hu-hu/novenyvedo-szerek","","Fysium","check_circle","1-metil-ciklopropén","2035. júl. 31.","növekedésszabályzó szer","2035. júl. 31.","","",""
"1769693586-1146","https://www.agromedium.com/hu-hu/novenyvedo-szerek","","Fytosave","check_circle","12,5 g/l COS-OGA","2031. ápr. 22.","gombaölő szer","2031. ápr. 22.","","",""
"1769693586-1147","https://www.agromedium.com/hu-hu/novenyvedo-szerek","","G360","check_circle","360 g/l glifozát","2028. dec. 31.","gyomirtó szer","2028. dec. 31.","","","https://cdn.agromedium.com/uploads/2022/12/67c9c6f4001560c3ef62/thumbnail.jpg"
"1769693586-1148","https://www.agromedium.com/hu-hu/novenyvedo-szerek","","Gajus","check_circle","400 g/l petoxamid, 8 g/l pikloram","2029. febr. 28.","gyomirtó szer","2029. febr. 28.","","","https://cdn.agromedium.com/uploads/2019/04/67c9c5be0013b6f965bb/thumbnail.png"
"1769693586-1149","https://www.agromedium.com/hu-hu/novenyvedo-szerek","","","","","","","","","","https://cdn.agromedium.com/uploads/2025/06/6847e89a00115b091f3c/file.png"
"1769693586-1150","https://www.agromedium.com/hu-hu/novenyvedo-szerek","","Galera","check_circle","267 g/l klopiralid, 67 g/l pikloram","2028. dec. 31.","gyomirtó szer","2028. dec. 31.","","","https://cdn.agromedium.com/uploads/2025/03/67e7a23d00318586422c/thumbnail.jpg"
"1769693586-1151","https://www.agromedium.com/hu-hu/novenyvedo-szerek","","Galera Super","check_circle","40 g/l aminopiralid, 240 g/l klopiralid, 80 g/l pikloram","2027. febr. 28.","gyomirtó szer","2027. febr. 28.","","","https://cdn.agromedium.com/uploads/2023/03/67c9c5d0002340119e88/thumbnail.png"
"1769693586-1152","https://www.agromedium.com/hu-hu/novenyvedo-szerek","","Galgone 200 EC","check_circle","200 g/l fluroxipir","2027. dec. 31.","gyomirtó szer","2027. dec. 31.","","","https://cdn.agromedium.com/uploads/2023/01/67c9c5c70039285dc50f/thumbnail.png"
"1769693586-1153","https://www.agromedium.com/hu-hu/novenyvedo-szerek","","Galigan 240 EC","error","240 g/l oxifluorfen","2017. jún. 21.","gyomirtó szer","","2017. jún. 21.","","https://cdn.agromedium.com/uploads/2019/04/67c9c5c1001d85f5c905/thumbnail.png"
"1769693586-1154","https://www.agromedium.com/hu-hu/novenyvedo-szerek","","Galileo","check_circle","125 g/l tetrakonazol","2029. máj. 31.","gombaölő szer","2029. máj. 31.","","","https://cdn.agromedium.com/uploads/2019/04/67c9c5be0026299f6d49/thumbnail.png"
"1769693586-1155","https://www.agromedium.com/hu-hu/novenyvedo-szerek","","","","","","","","","","https://cdn.agromedium.com/uploads/2026/01/697082e3000e0b656054/file.png"
"1769693586-1156","https://www.agromedium.com/hu-hu/novenyvedo-szerek","","GaliStop","check_circle","200 g/l fluroxipir, 290 g/l fluroxipir meptilészter","2028. febr. 15.","gyomirtó szer","2028. febr. 15.","","","https://cdn.agromedium.com/uploads/2023/03/67c9c5e0003c40ead470/thumbnail.png"
"1769693586-1157","https://www.agromedium.com/hu-hu/novenyvedo-szerek","","Gallup 360 K","check_circle","360 g/l glifozát","2028. dec. 31.","gyomirtó szer","2028. dec. 31.","","",""
"1769693586-1158","https://www.agromedium.com/hu-hu/novenyvedo-szerek","","Gallup Super 360","check_circle","360 g/l glifozát","2028. dec. 31.","gyomirtó szer","2028. dec. 31.","","","https://cdn.agromedium.com/uploads/2020/11/67c9c6f9001413c8202c/thumbnail.png"
"1769693586-1159","https://www.agromedium.com/hu-hu/novenyvedo-szerek","","Game Repellent Pro vadriasztó szer","check_circle","5 m/m% vidrafű kivonat, 5 m/m% vörös acsalapu kivonat","2034. júl. 31.","vadriasztó szer","2034. júl. 31.","","",""
"1769693586-1160","https://www.agromedium.com/hu-hu/novenyvedo-szerek","","Gamelan 100 FS","check_circle","100 g/l protiokonazol","2026. aug. 15.","gombaölő csávázószer","2026. aug. 15.","","",""
"1769693586-1161","https://www.agromedium.com/hu-hu/novenyvedo-szerek","","","","","","","","","","https://cdn.agromedium.com/uploads/2026/01/6969f7e8002c1baa38cf/file.png"
"1769693586-1162","https://www.agromedium.com/hu-hu/novenyvedo-szerek","","Garden RS","check_circle","23 % kén, 11,5 % rézhidroxid","2026. dec. 31.","gombaölő szer","2026. dec. 31.","","","https://cdn.agromedium.com/uploads/2023/03/67c9c5c50021e7685e21/thumbnail.jpg"
"1769693586-1163","https://www.agromedium.com/hu-hu/novenyvedo-szerek","","Gardo Gold","error","312 g/l S-metolaklór, 187 g/l terbutilazin","2024. ápr. 23.","gyomirtó szer","","2024. ápr. 23.","","https://cdn.agromedium.com/uploads/2023/06/67c9c76b00277662b3eb/thumbnail.jpg"
"1769693586-1164","https://www.agromedium.com/hu-hu/novenyvedo-szerek","","Gardo Sun","check_circle","600 g/l aklonifen, 30 g/l diflufenikán","2027. jan. 15.","gyomirtó szer","2027. jan. 15.","","","https://cdn.agromedium.com/uploads/2019/03/67c9c5c60007ec5337c9/thumbnail.png"
"1769693586-1165","https://www.agromedium.com/hu-hu/novenyvedo-szerek","","Gardoprim Plus Gold","error","312 g/l S-metolaklór, 187 g/l terbutilazin","2024. ápr. 23.","gyomirtó szer","","2024. ápr. 23.","","https://cdn.agromedium.com/uploads/2019/03/67c9c5c60007ec5337c9/thumbnail.png"
"1769693586-1166","https://www.agromedium.com/hu-hu/novenyvedo-szerek","","Gatten","check_circle","50 g/l flutolanil","2030. ápr. 14.","gombaölő szer","2030. ápr. 14.","","",""
"1769693586-1167","https://www.agromedium.com/hu-hu/novenyvedo-szerek","","","","","","","","","","https://cdn.agromedium.com/uploads/2025/06/6847e89a00115b091f3c/file.png"
"1769693586-1168","https://www.agromedium.com/hu-hu/novenyvedo-szerek","","Gavial 375 SC","check_circle","200 g/l azoxistrobin, 175 g/l protiokonazol","2026. aug. 15.","gombaölő szer","2026. aug. 15.","","",""
"1769693586-1169","https://www.agromedium.com/hu-hu/novenyvedo-szerek","","Gazelle 20 SG","check_circle","200 g/kg acetamiprid","2034. febr. 28.","rovarölő szer","2034. febr. 28.","","counter_1","https://cdn.agromedium.com/uploads/2019/04/67c9c5be0026299f6d49/thumbnail.png"
"1769693586-1170","https://www.agromedium.com/hu-hu/novenyvedo-szerek","","Gazelle Pro","check_circle","100 g/kg acetamiprid, 30 g/kg lambda-cihalotrin","2028. dec. 31.","rovarölő szer","2028. dec. 31.","","counter_6","https://cdn.agromedium.com/uploads/2019/04/67c9c5be0026299f6d49/thumbnail.png"
"1769693586-1171","https://www.agromedium.com/hu-hu/novenyvedo-szerek","","Gediro","check_circle","720 g/l dimeténamid-P","2028. dec. 31.","gyomirtó szer","2028. dec. 31.","","counter_7","https://cdn.agromedium.com/uploads/2020/09/67c9c5c70014019edcec/thumbnail.jpg"
"1769693586-1172","https://www.agromedium.com/hu-hu/novenyvedo-szerek","","Genius WG","check_circle","50 g/kg aminopiralid, 25 g/kg floraszulam, 50 g/kg kloquintocet-mexil, 50 g/kg piroxszulam","2028. máj. 31.","gyomirtó szer","2028. máj. 31.","","","https://cdn.agromedium.com/uploads/2025/03/67e7a23d00318586422c/thumbnail.jpg"
"1769693586-1173","https://www.agromedium.com/hu-hu/novenyvedo-szerek","","","","","","","","","","https://cdn.agromedium.com/uploads/2025/11/690db9bd0030b9dd184f/file.png"
"1769693586-1174","https://www.agromedium.com/hu-hu/novenyvedo-szerek","","Geo Fasebkezelő","check_circle","400 g/kg fenyőgyanta, 200 g/kg Photopolymer VX55","2033. márc. 31.","fasebkezelő","2033. márc. 31.","","",""
"1769693586-1175","https://www.agromedium.com/hu-hu/novenyvedo-szerek","","Geo- Vadriasztó","check_circle","0,8-1,2 m/m% denatónium-benzoát, 0,1-0,2 m/m% etoxilált alkoholok","2030. aug. 31.","vadriasztó szer","2030. aug. 31.","","",""
"1769693586-1176","https://www.agromedium.com/hu-hu/novenyvedo-szerek","","Geoxe","check_circle","500 g/kg fludioxonil","2027. szept. 30.","gombaölő szer","2027. szept. 30.","","","https://cdn.agromedium.com/uploads/2019/03/67c9c5c60007ec5337c9/thumbnail.png"
"1769693586-1177","https://www.agromedium.com/hu-hu/novenyvedo-szerek","","Gett","error","50 g/kg mandipropamid, 600 g/kg mankoceb","2021. júl. 4.","gombaölő szer","","2021. júl. 4.","","https://cdn.agromedium.com/uploads/2019/03/67c9c5c60007ec5337c9/thumbnail.png"
"1769693586-1178","https://www.agromedium.com/hu-hu/novenyvedo-szerek","","Gibb Plus","check_circle","10 g/l gibberellinek (GA4, GA7)","2029. aug. 31.","növekedésszabályzó szer","2029. aug. 31.","","","https://cdn.agromedium.com/uploads/2024/03/67c9c5be001da30ef4a5/thumbnail.png"
"1769693586-1179","https://www.agromedium.com/hu-hu/novenyvedo-szerek","","","","","","","","","","https://cdn.agromedium.com/uploads/2026/01/697082e3000e0b656054/file.png"
"1769693586-1180","https://www.agromedium.com/hu-hu/novenyvedo-szerek","","GIBER GOBBI 10","error","100 g/kg gibberelin sav – GA3","2024. jan. 31.","növényi növekedésszabályzó permetező szer","","2024. jan. 31.","",""
"1769693586-1181","https://www.agromedium.com/hu-hu/novenyvedo-szerek","","Gift","check_circle","90 g/kg gibberelinsav","2027. aug. 31.","növekedésszabályozó készítmény","2027. aug. 31.","","","https://cdn.agromedium.com/uploads/2019/04/67c9c6f3002ce784082b/thumbnail.png"
"1769693586-1182","https://www.agromedium.com/hu-hu/novenyvedo-szerek","","Gizmo 60 FS","check_circle","60 g/l tebukonazol","2027. aug. 31.","csávázószer","2027. aug. 31.","","","https://cdn.agromedium.com/uploads/2019/12/67c9c5e00038baa08a17/thumbnail.jpg"
"1769693586-1183","https://www.agromedium.com/hu-hu/novenyvedo-szerek","","Gladiator Forte","check_circle","360 g/l glifozát","2028. dec. 31.","gyomirtó szer","2028. dec. 31.","","","https://cdn.agromedium.com/uploads/2018/08/67c9c5bf000cfc1dad7b/thumbnail.jpg"
"1769693586-1184","https://www.agromedium.com/hu-hu/novenyvedo-szerek","","Glialka 60","error","60 g/l glifozát","2022. ápr. 1.","gyomirtó szer","","2022. ápr. 1.","","https://cdn.agromedium.com/uploads/2019/09/67c9c6f400102ba14e1a/thumbnail.png"
"1769693586-1185","https://www.agromedium.com/hu-hu/novenyvedo-szerek","","","","","","","","","","https://cdn.agromedium.com/uploads/2025/11/690db9bd0030b9dd184f/file.png"
"1769693586-1186","https://www.agromedium.com/hu-hu/novenyvedo-szerek","","Glialka Express 6H","error","7,2 g/l glifozát, 20,4 g/l pelargonsav","2024. máj. 10.","gyomirtó szer","","2024. máj. 10.","","https://cdn.agromedium.com/uploads/2019/04/67c9c6f8002fe783f03a/thumbnail.png"
"1769693586-1187","https://www.agromedium.com/hu-hu/novenyvedo-szerek","","Glialka Extra","error","120 g/l glifozát","2018. dec. 31.","gyomirtó szer","","2018. dec. 31.","","https://cdn.agromedium.com/uploads/2019/10/67c9c710002c586552a1/thumbnail.png"
"1769693586-1188","https://www.agromedium.com/hu-hu/novenyvedo-szerek","","Glialka Flex","error","120 g/l glifozát","2022. ápr. 1.","gyomirtó szer","","2022. ápr. 1.","","https://cdn.agromedium.com/uploads/2019/09/67c9c6f400102ba14e1a/thumbnail.png"
"1769693586-1189","https://www.agromedium.com/hu-hu/novenyvedo-szerek","","Glialka Gél","error","7,2 g/l glifozát","2025. dec. 31.","gyomirtó szer","","2025. dec. 31.","","https://cdn.agromedium.com/uploads/2019/04/67c9c6f8002fe783f03a/thumbnail.png"
"1769693586-1190","https://www.agromedium.com/hu-hu/novenyvedo-szerek","","Glialka Gél Max","error","72 g/l glifozát","2020. aug. 1.","gyomirtó szer","","2020. aug. 1.","","https://cdn.agromedium.com/uploads/2019/04/67c9c6f8002fe783f03a/thumbnail.png"
"1769693586-1191","https://www.agromedium.com/hu-hu/novenyvedo-szerek","","","","","","","","","","https://cdn.agromedium.com/uploads/2025/06/6847e89a00115b091f3c/file.png"
"1769693586-1192","https://www.agromedium.com/hu-hu/novenyvedo-szerek","","Glialka Handy","error","7,2 g/l glifozát","2018. dec. 31.","gyomirtó szer","","2018. dec. 31.","","https://cdn.agromedium.com/uploads/2019/10/67c9c710002c586552a1/thumbnail.png"
"1769693586-1193","https://www.agromedium.com/hu-hu/novenyvedo-szerek","","Glialka Optima","error","120 g/l glifozát","2022. ápr. 1.","gyomirtó szer","","2022. ápr. 1.","","https://cdn.agromedium.com/uploads/2019/09/67c9c6f400102ba14e1a/thumbnail.png"
"1769693586-1194","https://www.agromedium.com/hu-hu/novenyvedo-szerek","","Glialka Star","check_circle","360 g/l glifozát","2028. dec. 31.","gyomirtó szer","2028. dec. 31.","","","https://cdn.agromedium.com/uploads/2019/04/67c9c5be0026299f6d49/thumbnail.png"
"1769693586-1195","https://www.agromedium.com/hu-hu/novenyvedo-szerek","","Glialka Top","check_circle","360 g/l glifozát","2026. okt. 31.","gyomirtó szer","2026. okt. 31.","","","https://cdn.agromedium.com/uploads/2019/10/67c9c710002c586552a1/thumbnail.png"
"1769693586-1196","https://www.agromedium.com/hu-hu/novenyvedo-szerek","","Glifosztár","error","360 g/l glifozát","2023. dec. 31.","gyomirtó szer","","2023. dec. 31.","","https://cdn.agromedium.com/uploads/2024/03/67c9c5be001da30ef4a5/thumbnail.png"
"1769693586-1197","https://www.agromedium.com/hu-hu/novenyvedo-szerek","","","","","","","","","","https://cdn.agromedium.com/uploads/2025/11/690db9bd0030b9dd184f/file.png"
"1769693586-1198","https://www.agromedium.com/hu-hu/novenyvedo-szerek","","Glob-Promet","check_circle","90 g/l metkonazol, 250 g/l protiokonazol","2026. márc. 15.","gombaölő permetezőszer","2026. márc. 15.","","",""
"1769693586-1199","https://www.agromedium.com/hu-hu/novenyvedo-szerek","","Globaryll 100","check_circle","100 g/l benziladenin","2027. máj. 31.","növekedésszabályzó szer","2027. máj. 31.","","","https://cdn.agromedium.com/uploads/2024/03/67c9c5be001da30ef4a5/thumbnail.png"
"1769693586-1200","https://www.agromedium.com/hu-hu/novenyvedo-szerek","","Globaztar 250 SC","check_circle","250 g/l azoxistrobin","2028. máj. 31.","gombaölő szer","2028. máj. 31.","","",""
"1769693586-1201","https://www.agromedium.com/hu-hu/novenyvedo-szerek","","Globdif","check_circle","500 g/l difenokonazol","2027. márc. 15.","gombaölő permetezőszer","2027. márc. 15.","","",""
"1769693586-1202","https://www.agromedium.com/hu-hu/novenyvedo-szerek","","Globus","check_circle","50 g/l floraszulam","2031. dec. 31.","gyomirtó szer","2031. dec. 31.","","",""
"1769693586-1203","https://www.agromedium.com/hu-hu/novenyvedo-szerek","","","","","","","","","","https://cdn.agromedium.com/uploads/2025/11/690db9bd0030b9dd184f/file.png"
"1769693586-1204","https://www.agromedium.com/hu-hu/novenyvedo-szerek","","Glyfos Dakar","error","680 g/kg glifozát","2025. dec. 31.","gyomirtó szer","","2025. dec. 31.","","https://cdn.agromedium.com/uploads/2019/04/67c9c5be0013b6f965bb/thumbnail.png"
"1769693586-1205","https://www.agromedium.com/hu-hu/novenyvedo-szerek","","Glyfozat 480 SL","error","360 g/l glifozát","2021. szept. 30.","gyomirtó szer","","2021. szept. 30.","","https://cdn.agromedium.com/uploads/2019/11/67c9c704002414f8c4a9/thumbnail.png"
"1769693586-1206","https://www.agromedium.com/hu-hu/novenyvedo-szerek","","Glyking","check_circle","360 g/l glifozát","2027. márc. 31.","gyomirtó szer","2027. márc. 31.","","","https://cdn.agromedium.com/uploads/2023/03/67c9c72800396ea3aa69/thumbnail.jpg"
"1769693586-1207","https://www.agromedium.com/hu-hu/novenyvedo-szerek","","GOBBI GIB 4 LG","error","40 g/kg gibberelin sav – GA3","2024. jan. 31.","növényi növekedésszabályzó permetező szer","","2024. jan. 31.","",""
"1769693586-1208","https://www.agromedium.com/hu-hu/novenyvedo-szerek","","Goltix 70 WG","check_circle","700 g/kg metamitron","2028. aug. 31.","gyomirtó szer (WG)","2028. aug. 31.","","","https://cdn.agromedium.com/uploads/2019/04/67c9c5c1001d85f5c905/thumbnail.png"
"1769693586-1209","https://www.agromedium.com/hu-hu/novenyvedo-szerek","","","","","","","","","","https://cdn.agromedium.com/uploads/2026/01/6969f7e8002c1baa38cf/file.png"
"1769693586-1210","https://www.agromedium.com/hu-hu/novenyvedo-szerek","","Goltix 700 SC","check_circle","700 g/l metamitron","2028. aug. 31.","gyomirtó szer (SC)","2028. aug. 31.","","","https://cdn.agromedium.com/uploads/2019/04/67c9c5c1001d85f5c905/thumbnail.png"
"1769693586-1211","https://www.agromedium.com/hu-hu/novenyvedo-szerek","","Goltix 90 WG","check_circle","900 g/kg metamitron","2027. aug. 31.","gyomirtó szer","2027. aug. 31.","","","https://cdn.agromedium.com/uploads/2019/04/67c9c5c1001d85f5c905/thumbnail.png"
"1769693586-1212","https://www.agromedium.com/hu-hu/novenyvedo-szerek","","Goltix Gold","check_circle","700 g/l metamitron","2027. nov. 30.","gyomirtó szer","2027. nov. 30.","","","https://cdn.agromedium.com/uploads/2019/04/67c9c5c1001d85f5c905/thumbnail.png"
"1769693586-1213","https://www.agromedium.com/hu-hu/novenyvedo-szerek","","Goltix Titan","check_circle","525 g/l metamitron, 40 g/l quinmerak","2027. dec. 31.","gyomirtó szer","2027. dec. 31.","","","https://cdn.agromedium.com/uploads/2019/04/67c9c5c1001d85f5c905/thumbnail.png"
"1769693586-1214","https://www.agromedium.com/hu-hu/novenyvedo-szerek","","Gondor","check_circle","488 g/l szójalecitin","2035. máj. 31.","permetezőszer segédanyag","2035. máj. 31.","","","https://cdn.agromedium.com/uploads/2019/04/67c9c5be0026299f6d49/thumbnail.png"
"1769693586-1215","https://www.agromedium.com/hu-hu/novenyvedo-szerek","","","","","","","","","","https://cdn.agromedium.com/uploads/2025/06/6847e89a00115b091f3c/file.png"
"1769693586-1216","https://www.agromedium.com/hu-hu/novenyvedo-szerek","","Graffiti 800 WG","check_circle","800 g/kg folpet","2028. szept. 30.","gombaölő szer","2028. szept. 30.","","","https://cdn.agromedium.com/uploads/2019/04/67c9c5c1001d85f5c905/thumbnail.png"
"1769693586-1217","https://www.agromedium.com/hu-hu/novenyvedo-szerek","","GrainPrevent","check_circle","25 g/l deltametrin","2028. okt. 31.","rovarölő szer","2028. okt. 31.","","","https://cdn.agromedium.com/uploads/2019/04/67c9c6f3002ce784082b/thumbnail.png"
"1769693586-1218","https://www.agromedium.com/hu-hu/novenyvedo-szerek","","Gramfix 5 EC","check_circle","50 g/l quizalofop-P-etil","2027. nov. 30.","gyomirtó szer","2027. nov. 30.","","","https://cdn.agromedium.com/uploads/2019/04/67c9c5be0026299f6d49/thumbnail.png"
"1769693586-1219","https://www.agromedium.com/hu-hu/novenyvedo-szerek","","Gramin","check_circle","50 g/l quizalofop-P-etil","2026. dec. 31.","gyomirtó szer","2026. dec. 31.","","","https://cdn.agromedium.com/uploads/2019/12/67c9c5e00038baa08a17/thumbnail.jpg"
"1769693586-1220","https://www.agromedium.com/hu-hu/novenyvedo-szerek","","Gramin Max","check_circle","100 g/l kizalofop-P-etil","2027. szept. 30.","gyomirtó szer","2027. szept. 30.","","","https://cdn.agromedium.com/uploads/2023/03/67c9c5c50021e7685e21/thumbnail.jpg"
"1769693586-1221","https://www.agromedium.com/hu-hu/novenyvedo-szerek","","","","","","","","","","https://cdn.agromedium.com/uploads/2026/01/697082e3000e0b656054/file.png"
"1769693586-1222","https://www.agromedium.com/hu-hu/novenyvedo-szerek","","Gramma Extra","check_circle","750 g/kg tribenuron-metil","2035. jan. 30.","gyomirtó szer","2035. jan. 30.","","","https://cdn.agromedium.com/uploads/2019/12/67c9c5e00038baa08a17/thumbnail.jpg"
"1769693586-1223","https://www.agromedium.com/hu-hu/novenyvedo-szerek","","Grand Total 960 EC","error","960 g/l S-metolaklór","2024. ápr. 23.","gyomirtó szer","","2024. ápr. 23.","","https://cdn.agromedium.com/uploads/2019/04/67c9c6f3002ce784082b/thumbnail.png"
"1769693586-1224","https://www.agromedium.com/hu-hu/novenyvedo-szerek","","Granprotec","check_circle","25 g/l deltametrin","2028. okt. 31.","rovarölő szer","2028. okt. 31.","","","https://cdn.agromedium.com/uploads/2019/04/67c9c6f3002ce784082b/thumbnail.png"
"1769693586-1225","https://www.agromedium.com/hu-hu/novenyvedo-szerek","","Granstar 50 SX","check_circle","500 g/kg tribenuron-metil","2029. febr. 28.","gyomirtó szer (SG)","2029. febr. 28.","","","https://cdn.agromedium.com/uploads/2019/04/67c9c5be0013b6f965bb/thumbnail.png"
"1769693586-1226","https://www.agromedium.com/hu-hu/novenyvedo-szerek","","Granstar Super 50 SX","check_circle","254 g/kg tifenszulfuron-metil, 256 g/kg tribenuron-metil","2027. jún. 30.","gyomirtó szer (SG)","2027. jún. 30.","","","https://cdn.agromedium.com/uploads/2019/04/67c9c5be0013b6f965bb/thumbnail.png"
"1769693586-1227","https://www.agromedium.com/hu-hu/novenyvedo-szerek","","","","","","","","","","https://cdn.agromedium.com/uploads/2026/01/6969f7e8002c1baa38cf/file.png"
"1769693586-1228","https://www.agromedium.com/hu-hu/novenyvedo-szerek","","Grassrooter","check_circle","480 g/l etefon","2028. aug. 31.","növekedésszabályzó permetezőszer","2028. aug. 31.","","","https://cdn.agromedium.com/uploads/2019/04/67c9c6f3002ce784082b/thumbnail.png"
"1769693586-1229","https://www.agromedium.com/hu-hu/novenyvedo-szerek","","Gravity","check_circle","30 g/kg lecitin, 850 g/kg napraforgó olaj","2035. ápr. 30.","növényápoló szer és permetezőszer segédanyag","2035. ápr. 30.","","","https://cdn.agromedium.com/uploads/2020/04/67c9c5c5003bb7c20c20/thumbnail.png"
"1769693586-1230","https://www.agromedium.com/hu-hu/novenyvedo-szerek","","Green Doctor","check_circle","10^6 db oospóra/g Pythium oligandrum","2039. febr. 28.","gombaölő szer","2039. febr. 28.","","","https://cdn.agromedium.com/uploads/2024/03/67c9c5be001da30ef4a5/thumbnail.png"
"1769693586-1231","https://www.agromedium.com/hu-hu/novenyvedo-szerek","","Green Nano növényápoló szer","check_circle","10 g/kg fokhagymaolaj, 60 g/kg növényi illóolaj keverék","2031. szept. 30.","növényápoló szer","2031. szept. 30.","","","https://cdn.agromedium.com/uploads/2022/06/67c9c7110035c799bbe8/thumbnail.jpg"
"1769693586-1232","https://www.agromedium.com/hu-hu/novenyvedo-szerek","","Green Star","check_circle","200 g/l tebukonazol, 100 g/l trifloxistrobin","2029. aug. 31.","gombaölő szer","2029. aug. 31.","","","https://cdn.agromedium.com/uploads/2019/04/67c9c5be0026299f6d49/thumbnail.png"
"1769693586-1233","https://www.agromedium.com/hu-hu/novenyvedo-szerek","","","","","","","","","","https://cdn.agromedium.com/uploads/2026/01/697082e3000e0b656054/file.png"
"1769693586-1234","https://www.agromedium.com/hu-hu/novenyvedo-szerek","","GREENPY 0,2 % RTU","check_circle","2 g/l piretrin","2027. nov. 30.","rovarölő szer","2027. nov. 30.","","",""
"1769693586-1235","https://www.agromedium.com/hu-hu/novenyvedo-szerek","","Greentech eReS","check_circle","23 % kén, 11,5 % rézhidroxid","2026. dec. 31.","gombaölő szer","2026. dec. 31.","","","https://cdn.agromedium.com/uploads/2023/03/67c9c5c50021e7685e21/thumbnail.jpg"
"1769693586-1236","https://www.agromedium.com/hu-hu/novenyvedo-szerek","","Greteg","check_circle","250 g/l difenokonazol","2027. márc. 15.","gombaölő szer","2027. márc. 15.","","","https://cdn.agromedium.com/uploads/2019/03/67c9c5c60007ec5337c9/thumbnail.png"
"1769693586-1237","https://www.agromedium.com/hu-hu/novenyvedo-szerek","","Grid 75 DF","error","50 % rimszulfuron, 25 % tifenszulfuron-metil","2022. jan. 21.","gyomirtó szer","","2022. jan. 21.","","https://cdn.agromedium.com/uploads/2025/03/67e7a23d00318586422c/thumbnail.jpg"
"1769693586-1238","https://www.agromedium.com/hu-hu/novenyvedo-szerek","","GRO STOP BASIS","error","300 g/l klórprofám","2021. jan. 8.","csírázásgátló szer (EC)","","2021. jan. 8.","","https://cdn.agromedium.com/uploads/2019/12/67c9c7120000ae6c18b0/thumbnail.png"
"1769693586-1239","https://www.agromedium.com/hu-hu/novenyvedo-szerek","","","","","","","","","","https://cdn.agromedium.com/uploads/2025/06/6847e89a00115b091f3c/file.png"
"1769693586-1240","https://www.agromedium.com/hu-hu/novenyvedo-szerek","","Grounded","error","83 m/m% paraffinolaj","2024. márc. 31.","segédanyag (EC)","","2024. márc. 31.","","https://cdn.agromedium.com/uploads/2019/04/67c9c5be0026299f6d49/thumbnail.png"
"1769693586-1241","https://www.agromedium.com/hu-hu/novenyvedo-szerek","","Gulliver 50 PX","error","500 g/kg azimszulfuron","2021. dec. 31.","gyomirtó szer (WG)","","2021. dec. 31.","","https://cdn.agromedium.com/uploads/2019/04/67c9c5be0013b6f965bb/thumbnail.png"
"1769693586-1242","https://www.agromedium.com/hu-hu/novenyvedo-szerek","","Gyom Stop Plusz","check_circle","70 g/l 2,4-D, 20 g/l dikamba, 70 g/l MCPA, 42 g/l MCPP-P","2027. aug. 15.","gyomirtó szer","2027. aug. 15.","","","https://cdn.agromedium.com/uploads/2024/03/67c9c5be001da30ef4a5/thumbnail.png"
"1769693586-1243","https://www.agromedium.com/hu-hu/novenyvedo-szerek","","HAB-EX","error","100 % szimetikon","2022. nov. 23.","segédanyag (habzásgátlás) (EC)","","2022. nov. 23.","",""
"1769693586-1244","https://www.agromedium.com/hu-hu/novenyvedo-szerek","","Hadden","check_circle","400 g/kg tifenszulfuron-metil, 150 g/kg tribenuron-metil","2032. okt. 31.","gyomirtó szer","2032. okt. 31.","","","https://cdn.agromedium.com/uploads/2019/04/67c9c5be0026299f6d49/thumbnail.png"
"1769693586-1245","https://www.agromedium.com/hu-hu/novenyvedo-szerek","","","","","","","","","","https://cdn.agromedium.com/uploads/2025/11/690db9bd0030b9dd184f/file.png"
"1769693586-1246","https://www.agromedium.com/hu-hu/novenyvedo-szerek","","Hadican","check_circle","180 g/l glifozát","2027. ápr. 30.","gyomirtó szer","2027. ápr. 30.","","","https://cdn.agromedium.com/uploads/2023/03/67c9c5c50021e7685e21/thumbnail.jpg"
"1769693586-1247","https://www.agromedium.com/hu-hu/novenyvedo-szerek","","Halvetic","check_circle","180 g/l glifozát","2027. ápr. 30.","gyomirtó szer","2027. ápr. 30.","","","https://cdn.agromedium.com/uploads/2023/03/67c9c5c50021e7685e21/thumbnail.jpg"
"1769693586-1248","https://www.agromedium.com/hu-hu/novenyvedo-szerek","","HalyCatch","check_circle","2,4,6-dekatriénsav-metil-észter izomerek keveréke, murgantiol","2031. jan. 31.","csalogató és rovarfogó csapda","2031. jan. 31.","","",""
"1769693586-1249","https://www.agromedium.com/hu-hu/novenyvedo-szerek","","Hanami","check_circle","60 g/kg flutolanil","2028. okt. 31.","gombaölő csávázószer","2028. okt. 31.","","","https://cdn.agromedium.com/uploads/2023/01/67c9c5c70039285dc50f/thumbnail.png"
"1769693586-1250","https://www.agromedium.com/hu-hu/novenyvedo-szerek","","Hardi","check_circle","360 g/l glifozát","2027. márc. 31.","gyomirtó szer","2027. márc. 31.","","","https://cdn.agromedium.com/uploads/2023/03/67c9c72800396ea3aa69/thumbnail.jpg"
"1769693586-1251","https://www.agromedium.com/hu-hu/novenyvedo-szerek","","","","","","","","","","https://cdn.agromedium.com/uploads/2026/01/6969f7e8002c1baa38cf/file.png"
"1769693586-1252","https://www.agromedium.com/hu-hu/novenyvedo-szerek","","Harmony Extra 50 SX","check_circle","333 g/kg tifenszulfuron-metil, 167 g/kg tribenuron-metil","2027. jún. 30.","gyomirtó szer (WG)","2027. jún. 30.","","","https://cdn.agromedium.com/uploads/2019/04/67c9c5be0013b6f965bb/thumbnail.png"
"1769693586-1253","https://www.agromedium.com/hu-hu/novenyvedo-szerek","","Harpun","check_circle","100 g/l piriproxifen","2036. júl. 31.","rovarölő szer","2036. júl. 31.","","","https://cdn.agromedium.com/uploads/2019/04/67c9c5be0026299f6d49/thumbnail.png"
"1769693586-1254","https://www.agromedium.com/hu-hu/novenyvedo-szerek","","Harvinta","check_circle","500 g/l metrafenon","2028. febr. 28.","gombaölő permetezőszer","2028. febr. 28.","","","https://cdn.agromedium.com/uploads/2020/09/67c9c5c70014019edcec/thumbnail.jpg"
"1769693586-1255","https://www.agromedium.com/hu-hu/novenyvedo-szerek","","HEKTOR","check_circle","100 g/l amidoszulfuron, 25 g/l jodoszulfuron-metil-nátrium, 250 g/l mefenpir-dietil","2026. dec. 31.","gyomirtó szer","2026. dec. 31.","","","https://cdn.agromedium.com/uploads/2019/04/67c9c6f3002ce784082b/thumbnail.png"
"1769693586-1256","https://www.agromedium.com/hu-hu/novenyvedo-szerek","","Helicovex","check_circle","520 g/l Helicoverpa armigera nucleopolyhedrovirus","2026. okt. 31.","rovarölő szer","2026. okt. 31.","","","https://cdn.agromedium.com/uploads/2019/09/67c9c5cf002c6dbae44c/thumbnail.png"
"1769693586-1257","https://www.agromedium.com/hu-hu/novenyvedo-szerek","","","","","","","","","","https://cdn.agromedium.com/uploads/2026/01/697082e3000e0b656054/file.png"
"1769693586-1258","https://www.agromedium.com/hu-hu/novenyvedo-szerek","","Heliosol","check_circle","665 g/l terpineol","2027. jún. 12.","permetezőszer segédanyag","2027. jún. 12.","","","https://cdn.agromedium.com/uploads/2019/09/67c9c5cf002c6dbae44c/thumbnail.png"
"1769693586-1259","https://www.agromedium.com/hu-hu/novenyvedo-szerek","","Helm Surfer Plus","check_circle","998 g/l Zsíralkohol-alkoxilát","2035. okt. 31.","permetezőszer segédanyag","2035. okt. 31.","","",""
"1769693586-1260","https://www.agromedium.com/hu-hu/novenyvedo-szerek","","Helm Tribi 75 WG","check_circle","750 g/kg tribenuron-metil","2035. jan. 30.","gyomirtó szer","2035. jan. 30.","","","https://cdn.agromedium.com/uploads/2023/06/67c9c76b00277662b3eb/thumbnail.jpg"
"1769693586-1261","https://www.agromedium.com/hu-hu/novenyvedo-szerek","","Henik 50 SG","check_circle","500 g/kg nikoszulfuron","2029. ápr. 30.","gyomirtó szer","2029. ápr. 30.","","",""
"1769693586-1262","https://www.agromedium.com/hu-hu/novenyvedo-szerek","","Heptal","check_circle","200 g/l fluroxipir, 290 g/l fluroxipir meptilészter","2028. febr. 15.","gyomirtó szer","2028. febr. 15.","","","https://cdn.agromedium.com/uploads/2019/12/67c9c5e00038baa08a17/thumbnail.jpg"
"1769693586-1263","https://www.agromedium.com/hu-hu/novenyvedo-szerek","","","","","","","","","","https://cdn.agromedium.com/uploads/2026/01/6969f7e8002c1baa38cf/file.png"
"1769693586-1264","https://www.agromedium.com/hu-hu/novenyvedo-szerek","","Herbiclean Concentrate","check_circle","250 g/l pelargonsav","2027. dec. 1.","gyomirtó szer","2027. dec. 1.","","",""
"1769693586-1265","https://www.agromedium.com/hu-hu/novenyvedo-szerek","","Herbiclean Spray","check_circle","30 g/l pelargonsav","2027. dec. 31.","gyomirtó szer","2027. dec. 31.","","",""
"1769693586-1266","https://www.agromedium.com/hu-hu/novenyvedo-szerek","","Herbos 110 EC","check_circle","110 g/l fenoxaprop-P-etil, 120,4 g/l mefenpir-dietil","2027. dec. 31.","gyomirtó szer","2027. dec. 31.","","",""
"1769693586-1267","https://www.agromedium.com/hu-hu/novenyvedo-szerek","","Hiatus","check_circle","400 g/kg tifenszulfuron-metil, 150 g/kg tribenuron-metil","2032. okt. 31.","gyomirtó szer","2032. okt. 31.","","","https://cdn.agromedium.com/uploads/2020/04/67c9c7010006b6068ba1/thumbnail.png"
"1769693586-1268","https://www.agromedium.com/hu-hu/novenyvedo-szerek","","Hierro","check_circle","10 g/kg vas-foszfát","2031. dec. 31.","csigaölő szer","2031. dec. 31.","","","https://cdn.agromedium.com/uploads/2019/04/67c9c6f3002ce784082b/thumbnail.png"
"1769693586-1269","https://www.agromedium.com/hu-hu/novenyvedo-szerek","","","","","","","","","","https://cdn.agromedium.com/uploads/2025/06/6847e89a00115b091f3c/file.png"
"1769693586-1270","https://www.agromedium.com/hu-hu/novenyvedo-szerek","","Hingios","check_circle","75 g/l prohexadion-kalcium","2027. máj. 31.","növekedés szabályzó szer","2027. máj. 31.","","","https://cdn.agromedium.com/uploads/2019/09/67c9c6f400102ba14e1a/thumbnail.png"
"1769693586-1271","https://www.agromedium.com/hu-hu/novenyvedo-szerek","","Hinode","check_circle","500 g/kg flonikamid","2028. ápr. 30.","rovarölő szer","2028. ápr. 30.","","","https://cdn.agromedium.com/uploads/2023/01/67c9c5c70039285dc50f/thumbnail.png"
"1769693586-1272","https://www.agromedium.com/hu-hu/novenyvedo-szerek","","Hobby","check_circle","43,1 g/l pelargonsav","2027. dec. 31.","gyomirtó szer","2027. dec. 31.","","",""
"1769693586-1273","https://www.agromedium.com/hu-hu/novenyvedo-szerek","","Horti ragacsos színcsapda","check_circle","","2034. aug. 31.","ragacsos színcsapda","2034. aug. 31.","","",""
"1769693586-1274","https://www.agromedium.com/hu-hu/novenyvedo-szerek","","Hudson 200","check_circle","200 g/l fluroxipir, 290 g/l fluroxipir meptilészter","2028. febr. 15.","gyomirtó szer","2028. febr. 15.","","","https://cdn.agromedium.com/uploads/2019/12/67c9c5e00038baa08a17/thumbnail.jpg"
"1769693586-1275","https://www.agromedium.com/hu-hu/novenyvedo-szerek","","","","","","","","","","https://cdn.agromedium.com/uploads/2026/01/697082e3000e0b656054/file.png"
"1769693586-1276","https://www.agromedium.com/hu-hu/novenyvedo-szerek","","Hunic 4 SC","check_circle","40 g/l nikoszulfuron","2028. márc. 31.","gyomirtó szer","2028. márc. 31.","","","https://cdn.agromedium.com/uploads/2019/04/67c9c6f3002ce784082b/thumbnail.png"
"1769693586-1277","https://www.agromedium.com/hu-hu/novenyvedo-szerek","","Hunter","error","50 g/kg lambda-cihalotrin","2024. ápr. 30.","rovarölő szer","","2024. ápr. 30.","","https://cdn.agromedium.com/uploads/2019/12/67c9c5e00038baa08a17/thumbnail.jpg"
"1769693586-1278","https://www.agromedium.com/hu-hu/novenyvedo-szerek","","Hurrikán","check_circle","22,5 g/l foramszulfuron, 22,5 g/l izoxadifen-etil","2026. nov. 30.","gyomirtó szer","2026. nov. 30.","","","https://cdn.agromedium.com/uploads/2019/09/67c9c6f400102ba14e1a/thumbnail.png"
"1769693586-1279","https://www.agromedium.com/hu-hu/novenyvedo-szerek","","Huszár Aktív","error","250 g/l 2,4-D, 10 g/l jodoszulfuron-metil-nátrium, 30 g/l mefenpir-dietil","2019. okt. 31.","gyomirtó szer (OD)","","2019. okt. 31.","","https://cdn.agromedium.com/uploads/2019/09/67c9c6f400102ba14e1a/thumbnail.png"
"1769693586-1280","https://www.agromedium.com/hu-hu/novenyvedo-szerek","","Huszár Aktív Plusz","check_circle","300 g/l 2,4-D 2-etilhexil észter, 10 g/l jodoszulfuron-metil-nátrium, 30 g/l mefenpir-dietil, 10 g/l tienkarbazon-metil","2028. márc. 1.","gyomirtó szer","2028. márc. 1.","","",""
"1769693586-1281","https://www.agromedium.com/hu-hu/novenyvedo-szerek","","","","","","","","","","https://cdn.agromedium.com/uploads/2025/06/6847e89a00115b091f3c/file.png"
"1769693586-1282","https://www.agromedium.com/hu-hu/novenyvedo-szerek","","Hycop","check_circle","767,9 g/kg rézhidroxid","2026. dec. 31.","gombaölő szer","2026. dec. 31.","","","https://cdn.agromedium.com/uploads/2019/04/67c9c6f3002ce784082b/thumbnail.png"
"1769693586-1283","https://www.agromedium.com/hu-hu/novenyvedo-szerek","","Hydro Extra","check_circle","770 g/kg rézhidroxid","2026. dec. 31.","gombaölő szer","2026. dec. 31.","","","https://cdn.agromedium.com/uploads/2023/03/67c9c5e0003c40ead470/thumbnail.png"
"1769693586-1284","https://www.agromedium.com/hu-hu/novenyvedo-szerek","","Hydroflow","check_circle","36 % rézhidroxid","2029. febr. 28.","gombaölő szer","2029. febr. 28.","","","https://cdn.agromedium.com/uploads/2018/08/67c9c5bf000cfc1dad7b/thumbnail.jpg"
"1769693586-1285","https://www.agromedium.com/hu-hu/novenyvedo-szerek","","Hydrostar","check_circle","770 g/kg rézhidroxid","2026. dec. 31.","gombaölő szer","2026. dec. 31.","","","https://cdn.agromedium.com/uploads/2018/08/67c9c5bf000cfc1dad7b/thumbnail.jpg"
"1769693586-1286","https://www.agromedium.com/hu-hu/novenyvedo-szerek","","I-Maza 40 SL","check_circle","40 g/l imazamox","2028. jan. 31.","gyomirtó szer","2028. jan. 31.","","","https://cdn.agromedium.com/uploads/2019/04/67c9c6f3002ce784082b/thumbnail.png"
"1769693586-1287","https://www.agromedium.com/hu-hu/novenyvedo-szerek","","","","","","","","","","https://cdn.agromedium.com/uploads/2026/01/6969f7e8002c1baa38cf/file.png"
"1769693586-1288","https://www.agromedium.com/hu-hu/novenyvedo-szerek","","Idemio","check_circle","Trichoderma asperellum","2029. máj. 31.","biológiai gombaölő szer","2029. máj. 31.","","","https://cdn.agromedium.com/uploads/2019/04/67c9c5be0026299f6d49/thumbnail.png"
"1769693586-1289","https://www.agromedium.com/hu-hu/novenyvedo-szerek","","Ikanos","check_circle","40 g/l nikoszulfuron","2029. dec. 31.","gyomirtó szer","2029. dec. 31.","","","https://cdn.agromedium.com/uploads/2019/12/67c9c5e00038baa08a17/thumbnail.jpg"
"1769693586-1290","https://www.agromedium.com/hu-hu/novenyvedo-szerek","","Ikarus","check_circle","40 g/l aminopiralid, 240 g/l klopiralid, 80 g/l pikloram","2027. febr. 28.","gyomirtó szer","2027. febr. 28.","","","https://cdn.agromedium.com/uploads/2025/03/67e7a23d00318586422c/thumbnail.jpg"
"1769693586-1291","https://www.agromedium.com/hu-hu/novenyvedo-szerek","","IKR - Circuit Komplett","package_2","10 ha/csomag: káposztarepce","Circuit SyncTec","Wizard","","","","https://cdn.agromedium.com/uploads/2021/03/67c9c5c60001416ab5c4/thumbnail.jpg"
"1769693586-1292","https://www.agromedium.com/hu-hu/novenyvedo-szerek","","IKR - Kukorica Poszt Gold","package_2","5 ha/csomag: kukorica","2,5 l Kamba 480 SL","1,5 l Superspray","","","10 l Successor TX","https://cdn.agromedium.com/uploads/2021/03/67c9c5c60001416ab5c4/thumbnail.jpg"
"1769693586-1293","https://www.agromedium.com/hu-hu/novenyvedo-szerek","","","","","","","","","","https://cdn.agromedium.com/uploads/2025/11/690db9bd0030b9dd184f/file.png"
"1769693586-1294","https://www.agromedium.com/hu-hu/novenyvedo-szerek","","IKR - Saracen Full","package_2","10 ha/csomag: árpa, búza, kalászosok, rozs, tritikálé, zab","12 l Orius 20 EW","3 l Superspray","","","2 l Wizard","https://cdn.agromedium.com/uploads/2021/03/67c9c5c60001416ab5c4/thumbnail.jpg"
"1769693586-1295","https://www.agromedium.com/hu-hu/novenyvedo-szerek","","IKR - Stabilan SL + Mangan Forte","package_2","10 ha/csomag: búza","20 L Stabilan SL","","","","","https://cdn.agromedium.com/uploads/2021/03/67c9c5c60001416ab5c4/thumbnail.jpg"
"1769693586-1296","https://www.agromedium.com/hu-hu/novenyvedo-szerek","","IKR - Zea Herbi Box","package_2","5 ha/csomag: kukorica","7 L Shiver","5 L Fraxion","","","1,5 L Superspray","https://cdn.agromedium.com/uploads/2021/03/67c9c5c60001416ab5c4/thumbnail.jpg"
"1769693586-1297","https://www.agromedium.com/hu-hu/novenyvedo-szerek","","Ila 250 EC","check_circle","250 g/l difenokonazol","2027. márc. 15.","gombaölő szer","2027. márc. 15.","","",""
"1769693586-1298","https://www.agromedium.com/hu-hu/novenyvedo-szerek","","Ilxaor","check_circle","75 % répa kivonat","2034. jan. 31.","permetezőszer segédanyag","2034. jan. 31.","","","https://cdn.agromedium.com/uploads/2019/04/67c9c5c1001d85f5c905/thumbnail.png"
"1769693586-1299","https://www.agromedium.com/hu-hu/novenyvedo-szerek","","","","","","","","","","https://cdn.agromedium.com/uploads/2025/11/690db9bd0030b9dd184f/file.png"
"1769693586-1300","https://www.agromedium.com/hu-hu/novenyvedo-szerek","","Imbirol Gold","check_circle","374,4 g/l etoxilált zsíralkohol, 156 g/l nátrium-dioktil-szulfoszukcinát","2028. márc. 27.","permetezőszer segédanyag","2028. márc. 27.","","",""
"1769693586-1301","https://www.agromedium.com/hu-hu/novenyvedo-szerek","","Imbrex","check_circle","62,5 g/l fluxapiroxad","2028. febr. 28.","gombaölő szer","2028. febr. 28.","","","https://cdn.agromedium.com/uploads/2020/09/67c9c5c70014019edcec/thumbnail.jpg"
"1769693586-1302","https://www.agromedium.com/hu-hu/novenyvedo-szerek","","Imbrex XE","check_circle","62,5 g/l fluxapiroxad","2026. máj. 31.","gombaölő szer","2026. máj. 31.","","","https://cdn.agromedium.com/uploads/2020/09/67c9c5c70014019edcec/thumbnail.jpg"
"1769693586-1303","https://www.agromedium.com/hu-hu/novenyvedo-szerek","","Imidan 50 WP","error","500 g/kg foszmet","2022. máj. 1.","rovarölő szer","","2022. máj. 1.","","https://cdn.agromedium.com/uploads/2019/04/67c9c5be0026299f6d49/thumbnail.png"
"1769693586-1304","https://www.agromedium.com/hu-hu/novenyvedo-szerek","","Imperial","check_circle","300 g/l 2,4-D, 6,25 g/l floraszulam","2028. nov. 30.","gyomirtó szer","2028. nov. 30.","","","https://cdn.agromedium.com/uploads/2018/08/67c9c5bf000cfc1dad7b/thumbnail.jpg"
"1769693586-1305","https://www.agromedium.com/hu-hu/novenyvedo-szerek","","","","","","","","","","https://cdn.agromedium.com/uploads/2026/01/697082e3000e0b656054/file.png"
"1769693586-1306","https://www.agromedium.com/hu-hu/novenyvedo-szerek","","Imperis Vital","check_circle","75 g/l fluxapiroxad, 150 g/l piraklostrobin","2026. jún. 30.","gombaölő permetezőszer","2026. jún. 30.","","","https://cdn.agromedium.com/uploads/2019/04/67c9c5be0026299f6d49/thumbnail.png"
"1769693586-1307","https://www.agromedium.com/hu-hu/novenyvedo-szerek","","Imprus","check_circle","200 g/kg acetamiprid","2034. febr. 28.","rovarölő szer","2034. febr. 28.","","",""
"1769693586-1308","https://www.agromedium.com/hu-hu/novenyvedo-szerek","","Inazuma","check_circle","100 g/kg acetamiprid, 30 g/kg lambda-cihalotrin","2028. dec. 31.","rovarölő szer","2028. dec. 31.","","counter_6","https://cdn.agromedium.com/uploads/2023/03/67c9c5e0003c40ead470/thumbnail.png"
"1769693586-1309","https://www.agromedium.com/hu-hu/novenyvedo-szerek","","INDOFIL M 45","error","800 g/kg mankoceb","2021. júl. 4.","gombaölő szer","","2021. júl. 4.","",""
"1769693586-1310","https://www.agromedium.com/hu-hu/novenyvedo-szerek","","Inecor","check_circle","200 g/l klorantraniliprol","2026. nov. 30.","rovarölő szer","2026. nov. 30.","","counter_1","https://cdn.agromedium.com/uploads/2019/04/67c9c5be0013b6f965bb/thumbnail.png"
"1769693586-1311","https://www.agromedium.com/hu-hu/novenyvedo-szerek","","","","","","","","","","https://cdn.agromedium.com/uploads/2026/01/6969f7e8002c1baa38cf/file.png"
"1769693586-1312","https://www.agromedium.com/hu-hu/novenyvedo-szerek","","Infinito","check_circle","62,5 g/l fluopikolid, 625 g/l propamokarb hidroklorid","2028. júl. 31.","gombaölő szer (SC)","2028. júl. 31.","","","https://cdn.agromedium.com/uploads/2019/09/67c9c6f400102ba14e1a/thumbnail.png"
"1769693586-1313","https://www.agromedium.com/hu-hu/novenyvedo-szerek","","Inigo","check_circle","500 g/l metobromuron","2028. máj. 31.","gyomirtó szer","2028. máj. 31.","","","https://cdn.agromedium.com/uploads/2023/01/67c9c5c70039285dc50f/thumbnail.png"
"1769693586-1314","https://www.agromedium.com/hu-hu/novenyvedo-szerek","","Inka Red 11","check_circle","20 m/m% red pigment 48:2","2035. júl. 30.","csávázási segédanyag","2035. júl. 30.","","",""
"1769693586-1315","https://www.agromedium.com/hu-hu/novenyvedo-szerek","","Inker 500 SC","warning","500 g/l flufenacet","2026. dec. 10.","gyomirtó szer","","","","https://cdn.agromedium.com/uploads/2020/04/67c9c5c5003bb7c20c20/thumbnail.png"
"1769693586-1316","https://www.agromedium.com/hu-hu/novenyvedo-szerek","","Innox","check_circle","250 g/l protiokonazol","2026. aug. 31.","gombaölő permetezőszer","2026. aug. 31.","","","https://cdn.agromedium.com/uploads/2020/09/67c9c5c70014019edcec/thumbnail.jpg"
"1769693586-1317","https://www.agromedium.com/hu-hu/novenyvedo-szerek","","","","","","","","","","https://cdn.agromedium.com/uploads/2025/06/6847e89a00115b091f3c/file.png"
"1769693586-1318","https://www.agromedium.com/hu-hu/novenyvedo-szerek","","Innox Turbo","check_circle","250 g/l protiokonazol","2026. aug. 15.","gombaölő szer","2026. aug. 15.","","","https://cdn.agromedium.com/uploads/2019/04/67c9c5c1001d85f5c905/thumbnail.png"
"1769693586-1319","https://www.agromedium.com/hu-hu/novenyvedo-szerek","","Input 460 EC","check_circle","160 g/l protiokonazol, 300 g/l spiroxamin","2026. szept. 30.","gombaölő szer","2026. szept. 30.","","","https://cdn.agromedium.com/uploads/2019/09/67c9c6f400102ba14e1a/thumbnail.png"
"1769693586-1320","https://www.agromedium.com/hu-hu/novenyvedo-szerek","","Insegar 25 WG","error","250 g/kg fenoxikarb","2021. szept. 30.","rovarölő szer (vízoldható granulátum)","","2021. szept. 30.","","https://cdn.agromedium.com/uploads/2019/03/67c9c5c60007ec5337c9/thumbnail.png"
"1769693586-1321","https://www.agromedium.com/hu-hu/novenyvedo-szerek","","Inspector","check_circle","720 g/l dimeténamid-P","2028. dec. 31.","gyomirtó szer","2028. dec. 31.","","counter_7","https://cdn.agromedium.com/uploads/2019/04/67c9c5be0026299f6d49/thumbnail.png"
"1769693586-1322","https://www.agromedium.com/hu-hu/novenyvedo-szerek","","Integral Pro","check_circle","2,2 x10^10 CFU/ml Bacillus amyloliquefaciens MBI 600 törzs","2027. szept. 16.","gombaölő csávázószer","2027. szept. 16.","","","https://cdn.agromedium.com/uploads/2020/09/67c9c5c70014019edcec/thumbnail.jpg"
"1769693586-1323","https://www.agromedium.com/hu-hu/novenyvedo-szerek","","","","","","","","","","https://cdn.agromedium.com/uploads/2026/01/697082e3000e0b656054/file.png"
"1769693586-1324","https://www.agromedium.com/hu-hu/novenyvedo-szerek","","Intellis","check_circle","200 g/l pentiopirad","2029. ápr. 30.","gombaölő permetezőszer","2029. ápr. 30.","","","https://cdn.agromedium.com/uploads/2024/03/67c9c5be001da30ef4a5/thumbnail.png"
"1769693586-1325","https://www.agromedium.com/hu-hu/novenyvedo-szerek","","Intuity","check_circle","250 g/l mandestrobin","2026. dec. 9.","gombaölő szer","2026. dec. 9.","","",""
"1769693586-1326","https://www.agromedium.com/hu-hu/novenyvedo-szerek","","Invazív hatásfokozó segédanyag","check_circle","10-30 m/m% Hidrogénezett ásványolaj párlat C15-C30 könnyű nafténbázisú frakció, 15-40 m/m% Hidrogénezett ásványolaj párlat C20-C50 nehéz nafténbázisú frakció","2030. márc. 31.","hatásfokozó segédanyag","2030. márc. 31.","","",""
"1769693586-1327","https://www.agromedium.com/hu-hu/novenyvedo-szerek","","Investo 100 EC","check_circle","100 g/l kizalofop-P-etil","2027. dec. 31.","gyomirtó szer","2027. dec. 31.","","","https://cdn.agromedium.com/uploads/2020/11/67c9c6f9001413c8202c/thumbnail.png"
"1769693586-1328","https://www.agromedium.com/hu-hu/novenyvedo-szerek","","IRAZU","check_circle","100 g/l ciántraniliprol","2027. máj. 31.","rovarölő szer","2027. máj. 31.","","","https://cdn.agromedium.com/uploads/2019/04/67c9c5be0013b6f965bb/thumbnail.png"
"1769693586-1329","https://www.agromedium.com/hu-hu/novenyvedo-szerek","","","","","","","","","","https://cdn.agromedium.com/uploads/2025/11/690db9bd0030b9dd184f/file.png"
"1769693586-1330","https://www.agromedium.com/hu-hu/novenyvedo-szerek","","Iseran","check_circle","80 g/l klomazon, 150 g/l mezotrion","2026. jún. 15.","gyomirtó szer","2026. jún. 15.","","","https://cdn.agromedium.com/uploads/2023/03/67c9c5e0003c40ead470/thumbnail.png"
"1769693586-1331","https://www.agromedium.com/hu-hu/novenyvedo-szerek","","Iskay","check_circle","52 m/m% karboxilált sztirén és 1,3 butadién kopolimer","2032. dec. 31.","adalékanyag","2032. dec. 31.","","","https://cdn.agromedium.com/uploads/2019/04/67c9c5be0026299f6d49/thumbnail.png"
"1769693586-1332","https://www.agromedium.com/hu-hu/novenyvedo-szerek","","Isomate A/OFM","counter_1","feromon ((Z)-8- dodecenil acetát), fromon ((E)-5-decenil acetát), feromon ((Z)-8-dodecén-1-ol), feromon ((E)-5-decen-1-ol)","Alapengedély","counter_1","","","","https://cdn.agromedium.com/uploads/2019/09/67c9c5cf002c6dbae44c/thumbnail.png"
"1769693586-1333","https://www.agromedium.com/hu-hu/novenyvedo-szerek","","Isomate CLR","check_circle","41-43 % feromon ((E,E)-8,10-dodekadién-1-ol), 40-43 % feromon ((Z)-11-tetradecenil acetát), 7-9 % feromon ((Z)-9-tetradecenil acetát), 5-7 % feromon (dodekán-1-ol)","2026. dec. 31.","légtértelítő eszköz (feromonnal)","2026. dec. 31.","","","https://cdn.agromedium.com/uploads/2019/09/67c9c5cf002c6dbae44c/thumbnail.png"
"1769693586-1334","https://www.agromedium.com/hu-hu/novenyvedo-szerek","","Isomate CTT","check_circle","573 g/kg feromon ((E,E)-8,10-dodekadién-1-ol), 297 g/kg feromon (dodekán-1-ol), 71 g/kg feromon (tetradekán-1-ol)","2026. nov. 30.","feromon légtértelítési eszköz","2026. nov. 30.","","","https://cdn.agromedium.com/uploads/2019/09/67c9c5cf002c6dbae44c/thumbnail.png"
"1769693586-1335","https://www.agromedium.com/hu-hu/novenyvedo-szerek","","","","","","","","","","https://cdn.agromedium.com/uploads/2025/06/6847e89a00115b091f3c/file.png"
"1769693586-1336","https://www.agromedium.com/hu-hu/novenyvedo-szerek","","Isomate OFM Rosso Flex","error","5,6 % feromon ((E)-8-dodecenil acetát), 93,6 % feromon ((Z)-8- dodecenil acetát), 0,9 % feromon ((Z)-8- dodecenol)","2022. dec. 31.","légtértelítő eszköz (feromonnal)","","2022. dec. 31.","","https://cdn.agromedium.com/uploads/2019/09/67c9c5cf002c6dbae44c/thumbnail.png"
"1769693586-1337","https://www.agromedium.com/hu-hu/novenyvedo-szerek","","Isonet L plus","check_circle","feromon ((E,Z)-7,9-dodecadienil acetát (E7,Z9-12:Ac)), feromon ((Z)-9-dodecenil acetát (Z9-12:Ac))","2026. dec. 31.","légtértelítő eszköz (feromonnal)","2026. dec. 31.","","","https://cdn.agromedium.com/uploads/2019/09/67c9c5cf002c6dbae44c/thumbnail.png"
"1769693586-1338","https://www.agromedium.com/hu-hu/novenyvedo-szerek","","Isonet T","check_circle","632 g/kg feromon ((E,Z,Z)-3,8,11-tetradekatrién-1-il acetát), 69 g/kg feromon ((E,Z)-3,8-tetradekadién-1-il acetát)","2038. aug. 30.","feromon légtértelítési eszköz","2038. aug. 30.","","","https://cdn.agromedium.com/uploads/2019/09/67c9c5cf002c6dbae44c/thumbnail.png"
"1769693586-1339","https://www.agromedium.com/hu-hu/novenyvedo-szerek","","Isotrap","check_circle","feromon ((E,Z,Z)-3,8,11-tetradekatrién-1-il acetát), feromon ((E,Z)-3,8-tetradekadién-1-il acetát), feromon ((E,Z)-7,9-dodecadienil acetát (E7,Z9-12:Ac))","2026. máj. 31.","illatanyagcsapda (ragacsos)","2026. máj. 31.","","","https://cdn.agromedium.com/uploads/2019/09/67c9c5cf002c6dbae44c/thumbnail.png"
"1769693586-1340","https://www.agromedium.com/hu-hu/novenyvedo-szerek","","Itaple 306 SE","check_circle","300 g/l 2,4-D, 6,25 g/l floraszulam","2031. dec. 31.","gyomirtó szer","2031. dec. 31.","","",""
"1769693586-1341","https://www.agromedium.com/hu-hu/novenyvedo-szerek","","","","","","","","","","https://cdn.agromedium.com/uploads/2026/01/697082e3000e0b656054/file.png"
"1769693586-1342","https://www.agromedium.com/hu-hu/novenyvedo-szerek","","Itcan SL 270","check_circle","270 g/l maleinsav-hidrazid","2033. okt. 31.","növekedésszabályozó készítmény","2033. okt. 31.","","","https://cdn.agromedium.com/uploads/2018/08/67c9c5bf000cfc1dad7b/thumbnail.jpg"
"1769693586-1343","https://www.agromedium.com/hu-hu/novenyvedo-szerek","","Itteno","check_circle","750 g/l fenpropidin","2028. máj. 15.","gombaölő szer","2028. máj. 15.","","","https://cdn.agromedium.com/uploads/2019/04/67c9c5c1001d85f5c905/thumbnail.png"
"1769693586-1344","https://www.agromedium.com/hu-hu/novenyvedo-szerek","","Jade","check_circle","125 g/l protiokonazol, 125 g/l tebukonazol","2026. aug. 15.","gombaölő permetezőszer","2026. aug. 15.","","","https://cdn.agromedium.com/uploads/2019/04/67c9c6f3002ce784082b/thumbnail.png"
"1769693586-1345","https://www.agromedium.com/hu-hu/novenyvedo-szerek","","Jager EG","error","50 g/kg lambda-cihalotrin","2023. nov. 30.","rovarölő szer","","2023. nov. 30.","","https://cdn.agromedium.com/uploads/2019/12/67c9c5e00038baa08a17/thumbnail.jpg"
"1769693586-1346","https://www.agromedium.com/hu-hu/novenyvedo-szerek","","Jenot 100 EC","check_circle","100 g/l kizalofop-P-etil","2027. dec. 31.","gyomirtó szer","2027. dec. 31.","","","https://cdn.agromedium.com/uploads/2020/11/67c9c6f9001413c8202c/thumbnail.png"
"1769693586-1347","https://www.agromedium.com/hu-hu/novenyvedo-szerek","","","","","","","","","","https://cdn.agromedium.com/uploads/2026/01/697082e3000e0b656054/file.png"
"1769693586-1348","https://www.agromedium.com/hu-hu/novenyvedo-szerek","","Joker 77 WP","check_circle","770 g/kg rézhidroxid","2029. máj. 31.","gombaölő szer","2029. máj. 31.","","","https://cdn.agromedium.com/uploads/2020/04/67c9c5c5003bb7c20c20/thumbnail.png"
"1769693586-1349","https://www.agromedium.com/hu-hu/novenyvedo-szerek","","Jolly 77 WP","check_circle","770 g/kg rézhidroxid","2029. máj. 31.","gombaölő szer","2029. máj. 31.","","","https://cdn.agromedium.com/uploads/2020/04/67c9c5c5003bb7c20c20/thumbnail.png"
"1769693586-1350","https://www.agromedium.com/hu-hu/novenyvedo-szerek","","Joust 250 EC","check_circle","250 g/l protiokonazol","2026. aug. 15.","gombaölő szer","2026. aug. 15.","","","https://cdn.agromedium.com/uploads/2019/12/67c9c5e00038baa08a17/thumbnail.jpg"
"1769693586-1351","https://www.agromedium.com/hu-hu/novenyvedo-szerek","","Judo","check_circle","5 g/l lambda-cihalotrin, 100 g/l pirimikarb","2028. dec. 31.","rovarölő szer","2028. dec. 31.","","","https://cdn.agromedium.com/uploads/2019/03/67c9c5c60007ec5337c9/thumbnail.png"
"1769693586-1352","https://www.agromedium.com/hu-hu/novenyvedo-szerek","","Julius","check_circle","24 g/l klomazon, 400 g/l petoxamid","2026. jún. 15.","gyomirtó szer","2026. jún. 15.","","","https://cdn.agromedium.com/uploads/2019/04/67c9c5be0013b6f965bb/thumbnail.png"
"1769693586-1353","https://www.agromedium.com/hu-hu/novenyvedo-szerek","","","","","","","","","","https://cdn.agromedium.com/uploads/2025/06/6847e89a00115b091f3c/file.png"
"1769693586-1354","https://www.agromedium.com/hu-hu/novenyvedo-szerek","","Juniper Max","check_circle","240 g/l kletodim","2026. máj. 31.","gyomirtó szer","2026. máj. 31.","","",""
"1769693586-1355","https://www.agromedium.com/hu-hu/novenyvedo-szerek","","Jura EC","check_circle","14 g/l diflufenikán, 667 g/l proszulfokarb","2028. júl. 31.","gyomirtó szer","2028. júl. 31.","","","https://cdn.agromedium.com/uploads/2023/01/67c9c5c70039285dc50f/thumbnail.png"
"1769693586-1356","https://www.agromedium.com/hu-hu/novenyvedo-szerek","","Jura Max","check_circle","667 g/l proszulfokarb, 14 g/l diflufenikán","2027. jan. 15.","gyomirtó szer","2027. jan. 15.","","",""
"1769693586-1357","https://www.agromedium.com/hu-hu/novenyvedo-szerek","","Juwel","error","125 g/l epoxikonazol, 125 g/l krezoxim-metil","2020. ápr. 30.","gombaölő szer","","2020. ápr. 30.","","https://cdn.agromedium.com/uploads/2020/09/67c9c5c70014019edcec/thumbnail.jpg"
"1769693586-1358","https://www.agromedium.com/hu-hu/novenyvedo-szerek","","K-Obiol 25 EC","check_circle","25 g/l deltametrin, 225 g/l piperonil butoxid","2028. okt. 31.","rovarölő szer","2028. okt. 31.","","","https://cdn.agromedium.com/uploads/2025/04/67ff65770018b80f04ad/thumbnail.jpg"
"1769693586-1359","https://www.agromedium.com/hu-hu/novenyvedo-szerek","","","","","","","","","","https://cdn.agromedium.com/uploads/2025/11/690db9bd0030b9dd184f/file.png"
"1769693586-1360","https://www.agromedium.com/hu-hu/novenyvedo-szerek","","K1","error","50 g/kg lambda-cihalotrin","2023. nov. 30.","rovarölő szer","","2023. nov. 30.","","https://cdn.agromedium.com/uploads/2019/12/67c9c5e00038baa08a17/thumbnail.jpg"
"1769693586-1361","https://www.agromedium.com/hu-hu/novenyvedo-szerek","","Kabuki","check_circle","26,5 g/l piraflufen-etil","2032. márc. 31.","gyomirtó szer","2032. márc. 31.","","counter_1","https://cdn.agromedium.com/uploads/2023/03/67c9c5e0003c40ead470/thumbnail.png"
"1769693586-1362","https://www.agromedium.com/hu-hu/novenyvedo-szerek","","Kaftán 80 WG","check_circle","800 g/kg kaptán","2026. máj. 1.","gombaölő permetezőszer","2026. máj. 1.","","",""
"1769693586-1363","https://www.agromedium.com/hu-hu/novenyvedo-szerek","","Kagura","check_circle","80 g/l mezotrion, 30 g/l nikoszulfuron","2028. márc. 31.","gyomirtó szer","2028. márc. 31.","","","https://cdn.agromedium.com/uploads/2023/03/67c9c5e0003c40ead470/thumbnail.png"
"1769693586-1364","https://www.agromedium.com/hu-hu/novenyvedo-szerek","","Kaiso EG","error","50 g/kg lambda-cihalotrin","2024. ápr. 30.","rovarölő szer","","2024. ápr. 30.","","https://cdn.agromedium.com/uploads/2019/12/67c9c5e00038baa08a17/thumbnail.jpg"
"1769693586-1365","https://www.agromedium.com/hu-hu/novenyvedo-szerek","","","","","","","","","","https://cdn.agromedium.com/uploads/2026/01/6969f7e8002c1baa38cf/file.png"
"1769693586-1366","https://www.agromedium.com/hu-hu/novenyvedo-szerek","","Kaiso Garden","error","50 g/kg lambda-cihalotrin","2024. máj. 9.","rovarölő szer","","2024. máj. 9.","","https://cdn.agromedium.com/uploads/2019/12/67c9c5e00038baa08a17/thumbnail.jpg"
"1769693586-1367","https://www.agromedium.com/hu-hu/novenyvedo-szerek","","Kaiso Sorbie","error","50 g/kg lambda-cihalotrin","2024. ápr. 30.","rovarölő szer","","2024. ápr. 30.","","https://cdn.agromedium.com/uploads/2023/06/67c9c76b00277662b3eb/thumbnail.jpg"
"1769693586-1368","https://www.agromedium.com/hu-hu/novenyvedo-szerek","","Kalif 360 CS","check_circle","360 g/l klomazon","2026. jún. 15.","gyomirtó szer","2026. jún. 15.","","","https://cdn.agromedium.com/uploads/2019/04/67c9c5c1001d85f5c905/thumbnail.png"
"1769693586-1369","https://www.agromedium.com/hu-hu/novenyvedo-szerek","","Kalif 480 EC","check_circle","480 g/l klomazon","2026. jún. 15.","gyomirtó szer","2026. jún. 15.","","","https://cdn.agromedium.com/uploads/2019/04/67c9c5c1001d85f5c905/thumbnail.png"
"1769693586-1370","https://www.agromedium.com/hu-hu/novenyvedo-szerek","","Kalif Mega","check_circle","33 g/l klomazon, 250 g/l metazaklór","2026. jún. 15.","gyomirtó szer","2026. jún. 15.","","","https://cdn.agromedium.com/uploads/2019/04/67c9c5c1001d85f5c905/thumbnail.png"
"1769693586-1371","https://www.agromedium.com/hu-hu/novenyvedo-szerek","","","","","","","","","","https://cdn.agromedium.com/uploads/2026/01/6969f7e8002c1baa38cf/file.png"
"1769693586-1372","https://www.agromedium.com/hu-hu/novenyvedo-szerek","","Kalimba","check_circle","480 g/l dikamba","2027. nov. 30.","gyomirtó szer","2027. nov. 30.","","",""
"1769693586-1373","https://www.agromedium.com/hu-hu/novenyvedo-szerek","","Kalipe","error","500 g/l pelargonsav","2020. febr. 12.","gyomirtó szer","","2020. febr. 12.","","https://cdn.agromedium.com/uploads/2023/01/67c9c5c70039285dc50f/thumbnail.png"
"1769693586-1374","https://www.agromedium.com/hu-hu/novenyvedo-szerek","","Kalipe Gold","check_circle","500 g/l pelargonsav","2027. dec. 1.","gyomirtó szer","2027. dec. 1.","","","https://cdn.agromedium.com/uploads/2023/01/67c9c5c70039285dc50f/thumbnail.png"
"1769693586-1375","https://www.agromedium.com/hu-hu/novenyvedo-szerek","","Kaltor","check_circle","600 g/kg dikamba, 150 g/kg nikoszulfuron","2028. márc. 31.","gyomirtó szer","2028. márc. 31.","","","https://cdn.agromedium.com/uploads/2024/03/67c9c5be001da30ef4a5/thumbnail.png"
"1769693586-1376","https://www.agromedium.com/hu-hu/novenyvedo-szerek","","Kamba 480 SL","check_circle","480 g/l dikamba","2027. nov. 30.","gyomirtó szer","2027. nov. 30.","","","https://cdn.agromedium.com/uploads/2022/12/67c9c6f4001560c3ef62/thumbnail.jpg"
"1769693586-1377","https://www.agromedium.com/hu-hu/novenyvedo-szerek","","","","","","","","","","https://cdn.agromedium.com/uploads/2026/01/697082e3000e0b656054/file.png"
"1769693586-1378","https://www.agromedium.com/hu-hu/novenyvedo-szerek","","Kameleo Red 10","check_circle","19 m/m% red pigment 57:1","2035. aug. 31.","csávázási segédanyag","2035. aug. 31.","","",""
"1769693586-1379","https://www.agromedium.com/hu-hu/novenyvedo-szerek","","Kanemite 15 SC","check_circle","164 g/l acekinocil","2027. nov. 15.","atkaölő szer","2027. nov. 15.","","","https://cdn.agromedium.com/uploads/2023/03/67c9c5e0003c40ead470/thumbnail.png"
"1769693586-1380","https://www.agromedium.com/hu-hu/novenyvedo-szerek","","Kantik","error","150 g/l fenpropidin, 200 g/l prokloráz, 100 g/l tebukonazol","2021. dec. 31.","gombaölő permetezőszer","","2021. dec. 31.","","https://cdn.agromedium.com/uploads/2019/04/67c9c5c1001d85f5c905/thumbnail.png"
"1769693586-1381","https://www.agromedium.com/hu-hu/novenyvedo-szerek","","Kapazin","error","360 g/l glifozát","2023. dec. 31.","gyomirtó szer","","2023. dec. 31.","","https://cdn.agromedium.com/uploads/2024/03/67c9c5be001da30ef4a5/thumbnail.png"
"1769693586-1382","https://www.agromedium.com/hu-hu/novenyvedo-szerek","","Kaplan 80 WG","check_circle","800 g/kg kaptán","2026. máj. 1.","gombaölő permetezőszer","2026. máj. 1.","","",""
"1769693586-1383","https://www.agromedium.com/hu-hu/novenyvedo-szerek","","","","","","","","","","https://cdn.agromedium.com/uploads/2025/11/690db9bd0030b9dd184f/file.png"
"1769693586-1384","https://www.agromedium.com/hu-hu/novenyvedo-szerek","","Karát 80 WDG","check_circle","800 g/kg kaptán","2026. máj. 1.","gombaölő permetezőszer","2026. máj. 1.","","","https://cdn.agromedium.com/uploads/2019/04/67c9c5be0026299f6d49/thumbnail.png"
"1769693586-1385","https://www.agromedium.com/hu-hu/novenyvedo-szerek","","Karate Zeon 5 CS","check_circle","50 g/l lambda-cihalotrin","2028. dec. 31.","rovarölő szer","2028. dec. 31.","","counter_2","https://cdn.agromedium.com/uploads/2019/03/67c9c5c60007ec5337c9/thumbnail.png"
"1769693586-1386","https://www.agromedium.com/hu-hu/novenyvedo-szerek","","Karathane Star","warning","350 g/l meptildinokap","2026. szept. 30.","gombaölő permetezőszer","","","","https://cdn.agromedium.com/uploads/2025/03/67e7a23d00318586422c/thumbnail.jpg"
"1769693586-1387","https://www.agromedium.com/hu-hu/novenyvedo-szerek","","Karibu","check_circle","255 g/l poliéter, 765 g/l poliéterrel módosított trisziloxán","2035. aug. 1.","permetezőszer segédanyag","2035. aug. 1.","","","https://cdn.agromedium.com/uploads/2023/01/67c9c5c70039285dc50f/thumbnail.png"
"1769693586-1388","https://www.agromedium.com/hu-hu/novenyvedo-szerek","","Karis 10 CS","error","100 g/l lambda-cihalotrin","2021. dec. 31.","rovarölő szer","","2021. dec. 31.","","https://cdn.agromedium.com/uploads/2023/03/67c9c5c50021e7685e21/thumbnail.jpg"
"1769693586-1389","https://www.agromedium.com/hu-hu/novenyvedo-szerek","","","","","","","","","","https://cdn.agromedium.com/uploads/2025/06/6847e89a00115b091f3c/file.png"
"1769693586-1390","https://www.agromedium.com/hu-hu/novenyvedo-szerek","","Karma","check_circle","850 g/kg kálium-hidrogén-karbonát","2037. okt. 31.","gombaölő szer","2037. okt. 31.","","","https://cdn.agromedium.com/uploads/2023/01/67c9c5c70039285dc50f/thumbnail.png"
"1769693586-1391","https://www.agromedium.com/hu-hu/novenyvedo-szerek","","Kasumin 2 L","counter_5","2 % kasugamicin","Alapengedély","counter_5","","","","https://cdn.agromedium.com/uploads/2023/03/67c9c5e0003c40ead470/thumbnail.png"
"1769693586-1392","https://www.agromedium.com/hu-hu/novenyvedo-szerek","","Katana","check_circle","250 g/l flazaszulfuron","2033. júl. 31.","gyomirtó szer","2033. júl. 31.","","","https://cdn.agromedium.com/uploads/2023/01/67c9c5c70039285dc50f/thumbnail.png"
"1769693586-1393","https://www.agromedium.com/hu-hu/novenyvedo-szerek","","Katoun Gold","error","500 g/l pelargonsav","2020. febr. 12.","gyomirtó szer","","2020. febr. 12.","","https://cdn.agromedium.com/uploads/2023/01/67c9c5c70039285dc50f/thumbnail.png"
"1769693586-1394","https://www.agromedium.com/hu-hu/novenyvedo-szerek","","Kayak Era","check_circle","225 g/l ciprodinil, 75 g/l protiokonazol","2027. okt. 31.","gombaölő szer","2027. okt. 31.","","","https://cdn.agromedium.com/uploads/2019/03/67c9c5c60007ec5337c9/thumbnail.png"
"1769693586-1395","https://www.agromedium.com/hu-hu/novenyvedo-szerek","","","","","","","","","","https://cdn.agromedium.com/uploads/2025/11/690db9bd0030b9dd184f/file.png"
"1769693586-1396","https://www.agromedium.com/hu-hu/novenyvedo-szerek","","Kelvin 40 OD","error","40 g/l nikoszulfuron","2022. márc. 24.","gyomirtó szer","","2022. márc. 24.","","https://cdn.agromedium.com/uploads/2020/09/67c9c5c70014019edcec/thumbnail.jpg"
"1769693586-1397","https://www.agromedium.com/hu-hu/novenyvedo-szerek","","Kelvin Ultra","check_circle","40 g/l nikoszulfuron","2028. febr. 28.","gyomirtó szer","2028. febr. 28.","","","https://cdn.agromedium.com/uploads/2020/09/67c9c5c70014019edcec/thumbnail.jpg"
"1769693586-1398","https://www.agromedium.com/hu-hu/novenyvedo-szerek","","Kendo 5 CS","check_circle","50 g/l lambda-cihalotrin","2028. dec. 31.","rovarölő szer","2028. dec. 31.","","counter_2","https://cdn.agromedium.com/uploads/2019/04/67c9c5be0013b6f965bb/thumbnail.png"
"1769693586-1399","https://www.agromedium.com/hu-hu/novenyvedo-szerek","","Kendo 50 EW","check_circle","50 g/l ciflufenamid","2029. márc. 31.","gombaölő szer","2029. márc. 31.","","","https://cdn.agromedium.com/uploads/2020/04/67c9c6f4002d68edb2b0/thumbnail.png"
"1769693586-1400","https://www.agromedium.com/hu-hu/novenyvedo-szerek","","Kenja","check_circle","400 g/l izofetamid","2027. szept. 15.","gombaölő szer","2027. szept. 15.","","","https://cdn.agromedium.com/uploads/2023/01/67c9c5c70039285dc50f/thumbnail.png"
"1769693586-1401","https://www.agromedium.com/hu-hu/novenyvedo-szerek","","","","","","","","","","https://cdn.agromedium.com/uploads/2026/01/6969f7e8002c1baa38cf/file.png"
"1769693586-1402","https://www.agromedium.com/hu-hu/novenyvedo-szerek","","Keypro","error","100 g/l ciprokonazol","2021. máj. 31.","gombaölő permetezőszer","","2021. máj. 31.","","https://cdn.agromedium.com/uploads/2019/04/67c9c6f3002ce784082b/thumbnail.png"
"1769693586-1403","https://www.agromedium.com/hu-hu/novenyvedo-szerek","","Kideka","check_circle","100 g/l mezotrion","2033. máj. 31.","gyomirtó szer","2033. máj. 31.","","","https://cdn.agromedium.com/uploads/2019/12/67c9c5e00038baa08a17/thumbnail.jpg"
"1769693586-1404","https://www.agromedium.com/hu-hu/novenyvedo-szerek","","Kier Pro 375 SC","check_circle","200 g/l azoxistrobin, 175 g/l protiokonazol","2026. aug. 15.","gombaölő szer","2026. aug. 15.","","",""
"1769693586-1405","https://www.agromedium.com/hu-hu/novenyvedo-szerek","","Killer 10 EC","error","100 g/l alfa-cipermetrin","2021. dec. 31.","rovarölő szer","","2021. dec. 31.","","https://cdn.agromedium.com/uploads/2019/04/67c9c6f3002ce784082b/thumbnail.png"
"1769693586-1406","https://www.agromedium.com/hu-hu/novenyvedo-szerek","","Kinto Duo","error","60 g/l prokloráz rézklorid komplex, 20 g/l tritikonazol","2021. dec. 31.","gombaölő szer","","2021. dec. 31.","","https://cdn.agromedium.com/uploads/2020/09/67c9c5c70014019edcec/thumbnail.jpg"
"1769693586-1407","https://www.agromedium.com/hu-hu/novenyvedo-szerek","","","","","","","","","","https://cdn.agromedium.com/uploads/2025/11/690db9bd0030b9dd184f/file.png"
"1769693586-1408","https://www.agromedium.com/hu-hu/novenyvedo-szerek","","Kinvara","check_circle","50 g/l fluroxipir, 28 g/l klopiralid, 233 g/l MCPA","2027. aug. 15.","gyomirtó szer","2027. aug. 15.","","","https://cdn.agromedium.com/uploads/2022/12/67c9c6f4001560c3ef62/thumbnail.jpg"
"1769693586-1409","https://www.agromedium.com/hu-hu/novenyvedo-szerek","","KITE - Daxfire","package_2","20 ha/csomag: kalászosok","20 L Daxur","","","","","https://cdn.agromedium.com/uploads/2023/03/67c9c5c50021e7685e21/thumbnail.jpg"
"1769693586-1410","https://www.agromedium.com/hu-hu/novenyvedo-szerek","","KITE - Ikarus + Salsa","package_2","10 ha/csomag: káposztarepce","3 l Ikarus","","","","","https://cdn.agromedium.com/uploads/2023/03/67c9c5c50021e7685e21/thumbnail.jpg"
"1769693586-1411","https://www.agromedium.com/hu-hu/novenyvedo-szerek","","KITE - Mester Pack","package_2","5 ha/csomag: kukorica","750 g Mester","","","","","https://cdn.agromedium.com/uploads/2023/03/67c9c5c50021e7685e21/thumbnail.jpg"
"1769693586-1412","https://www.agromedium.com/hu-hu/novenyvedo-szerek","","KITE - Revans","package_2","10 ha/csomag: kalászosok","Revycare","Stamina","","","DELL’ AGRO PLUS","https://cdn.agromedium.com/uploads/2023/03/67c9c5c50021e7685e21/thumbnail.jpg"
"1769693586-1413","https://www.agromedium.com/hu-hu/novenyvedo-szerek","","","","","","","","","","https://cdn.agromedium.com/uploads/2025/06/6847e89a00115b091f3c/file.png"
"1769693586-1414","https://www.agromedium.com/hu-hu/novenyvedo-szerek","","KITE - Sulcontrol","package_2","5 ha/csomag: kukorica","1 l Tegoplant SPU","","","","","https://cdn.agromedium.com/uploads/2023/03/67c9c5c50021e7685e21/thumbnail.jpg"
"1769693586-1415","https://www.agromedium.com/hu-hu/novenyvedo-szerek","","Klartan 24 EW","check_circle","240 g/l tau-fluvalinát","2028. jan. 31.","rovarölő szer","2028. jan. 31.","","counter_2","https://cdn.agromedium.com/uploads/2019/04/67c9c5c1001d85f5c905/thumbnail.png"
"1769693586-1416","https://www.agromedium.com/hu-hu/novenyvedo-szerek","","Kleber","check_circle","350 g/l nátrium karboximetil-cellulóz","2028. márc. 10.","permetezőszer segédanyag","2028. márc. 10.","","","https://cdn.agromedium.com/uploads/2019/11/67c9c6f5001afb1c3107/thumbnail.png"
"1769693586-1417","https://www.agromedium.com/hu-hu/novenyvedo-szerek","","Klop 30 SL","check_circle","300 g/l klopiralid","2026. dec. 31.","gyomirtó szer","2026. dec. 31.","","","https://cdn.agromedium.com/uploads/2019/04/67c9c6f3002ce784082b/thumbnail.png"
"1769693586-1418","https://www.agromedium.com/hu-hu/novenyvedo-szerek","","Kocide 2000","check_circle","53,8 % rézhidroxid","2029. máj. 31.","gombaölő szer","2029. máj. 31.","","","https://cdn.agromedium.com/uploads/2023/03/67c9c5c50021e7685e21/thumbnail.jpg"
"1769693586-1419","https://www.agromedium.com/hu-hu/novenyvedo-szerek","","","","","","","","","","https://cdn.agromedium.com/uploads/2025/06/6847e89a00115b091f3c/file.png"
"1769693586-1420","https://www.agromedium.com/hu-hu/novenyvedo-szerek","","Koppert Entonem","check_circle","Steinernema feltiae parazita fonálféreg","2031. márc. 31.","makroszervezet","2031. márc. 31.","","","https://cdn.agromedium.com/uploads/2024/05/67c9c7160028eade76b4/thumbnail.jpg"
"1769693586-1421","https://www.agromedium.com/hu-hu/novenyvedo-szerek","","Koppert fürkészdarázs","error","makroszervezet(ek)","2022. nov. 30.","élő állat","","2022. nov. 30.","",""
"1769693586-1422","https://www.agromedium.com/hu-hu/novenyvedo-szerek","","Koppert levéltetvek elleni makroszervezetek","check_circle","Aphidius colemani fürkészdarázs, Aphidius ervi fürkészdarázs, Aphelinus abdominalis fürkészdarázs, Praon volucre, Ephedrus cerasicola, Aphidius matricariae, Aphidoletes aphidimyza, Sitobion avenae zöld-gabona levéltetű","2031. márc. 31.","makroszervezet","2031. márc. 31.","","","https://cdn.agromedium.com/uploads/2024/05/67c9c7160028eade76b4/thumbnail.jpg"
"1769693586-1423","https://www.agromedium.com/hu-hu/novenyvedo-szerek","","Koppert Natupol poszméh","check_circle","Bombus terrestris (földi poszméh)","2032. szept. 30.","virágbeporzó makroszervezet","2032. szept. 30.","","","https://cdn.agromedium.com/uploads/2024/05/67c9c7160028eade76b4/thumbnail.jpg"
"1769693586-1424","https://www.agromedium.com/hu-hu/novenyvedo-szerek","","Koppert poszméh","error","Bombus terrestris (földi poszméh)","2022. szept. 30.","virágbeporzó makroszervezet","","2022. szept. 30.","",""
"1769693586-1425","https://www.agromedium.com/hu-hu/novenyvedo-szerek","","","","","","","","","","https://cdn.agromedium.com/uploads/2025/11/690db9bd0030b9dd184f/file.png"
"1769693586-1426","https://www.agromedium.com/hu-hu/novenyvedo-szerek","","KOPPERT ragacsos illatanyag- és színcsapda","error","feromon ((E,Z,Z)-3,8,11-tetradekatrién-1-il acetát), feromon ((E,Z)-teradekadienil-acetát), feromon ((E)-12- tetradecenil-acetát), feromon ((Z)- és (E)-11- izomer), feromon ((Z)-11-hexadekanal), feromon ((Z)-12-tetradecenil-acetát), feromon ((Z)-9-hexadekanal), feromon (3-piridil-etil-nikotinát), feromon (hexadekán-1-ol)","2023. aug. 9.","ragacsos szín- és illatanyagcsapda (növényvédelmi célú eszköz)","","2023. aug. 9.","",""
"1769693586-1427","https://www.agromedium.com/hu-hu/novenyvedo-szerek","","Koppert ragacsos színcsapdák","check_circle","ragasztóanyag","2035. ápr. 30.","ragacsos színcsapda","2035. ápr. 30.","","","https://cdn.agromedium.com/uploads/2024/05/67c9c7160028eade76b4/thumbnail.jpg"
"1769693586-1428","https://www.agromedium.com/hu-hu/novenyvedo-szerek","","KOPPERT ragadozó atka","error","makroszervezet(ek)","2023. márc. 11.","élő állat","","2023. márc. 11.","",""
"1769693586-1429","https://www.agromedium.com/hu-hu/novenyvedo-szerek","","KOPPERT ragadozó atka ANSO-MITE","check_circle","Amblyseius andersoni ragadozó atka","2033. márc. 31.","makroszervezet","2033. márc. 31.","","","https://cdn.agromedium.com/uploads/2024/05/67c9c7160028eade76b4/thumbnail.jpg"
"1769693586-1430","https://www.agromedium.com/hu-hu/novenyvedo-szerek","","KOPPERT ragadozó atka ENTOMITE-M","check_circle","Stratiolaelaps scimitus ragadozó atka","2033. márc. 31.","makroszervezet","2033. márc. 31.","","","https://cdn.agromedium.com/uploads/2024/05/67c9c7160028eade76b4/thumbnail.jpg"
"1769693586-1431","https://www.agromedium.com/hu-hu/novenyvedo-szerek","","","","","","","","","","https://cdn.agromedium.com/uploads/2026/01/697082e3000e0b656054/file.png"
"1769693586-1432","https://www.agromedium.com/hu-hu/novenyvedo-szerek","","KOPPERT ragadozó atka LIMONICA","check_circle","Amblydromalus limonicus ragadozó atka","2033. márc. 31.","makroszervezet","2033. márc. 31.","","","https://cdn.agromedium.com/uploads/2024/05/67c9c7160028eade76b4/thumbnail.jpg"
"1769693586-1433","https://www.agromedium.com/hu-hu/novenyvedo-szerek","","KOPPERT ragadozó atka MACRO-MITE","check_circle","Macrocheles robustulus ragadozó atka","2033. márc. 31.","makroszervezet","2033. márc. 31.","","","https://cdn.agromedium.com/uploads/2024/05/67c9c7160028eade76b4/thumbnail.jpg"
"1769693586-1434","https://www.agromedium.com/hu-hu/novenyvedo-szerek","","KOPPERT ragadozó atka MONTDO-MITE","check_circle","Transeius montdorensis ragadozó atka","2033. márc. 31.","makroszervezet","2033. márc. 31.","","","https://cdn.agromedium.com/uploads/2024/05/67c9c7160028eade76b4/thumbnail.jpg"
"1769693586-1435","https://www.agromedium.com/hu-hu/novenyvedo-szerek","","KOPPERT ragadozó atka MONTDO-MITE PLUS","check_circle","Transeius montdorensis ragadozó atka","2033. márc. 31.","makroszervezet","2033. márc. 31.","","","https://cdn.agromedium.com/uploads/2024/05/67c9c7160028eade76b4/thumbnail.jpg"
"1769693586-1436","https://www.agromedium.com/hu-hu/novenyvedo-szerek","","KOPPERT ragadozó atka SPICAL","check_circle","Neoseiulus californicus ragadozó atka","2033. márc. 31.","makroszervezet","2033. márc. 31.","","","https://cdn.agromedium.com/uploads/2024/05/67c9c7160028eade76b4/thumbnail.jpg"
"1769693586-1437","https://www.agromedium.com/hu-hu/novenyvedo-szerek","","","","","","","","","","https://cdn.agromedium.com/uploads/2026/01/6969f7e8002c1baa38cf/file.png"
"1769693586-1438","https://www.agromedium.com/hu-hu/novenyvedo-szerek","","KOPPERT ragadozó atka SPICAL ULTI-MITE","check_circle","Neoseiulus californicus ragadozó atka","2033. márc. 31.","makroszervezet","2033. márc. 31.","","","https://cdn.agromedium.com/uploads/2024/05/67c9c7160028eade76b4/thumbnail.jpg"
"1769693586-1439","https://www.agromedium.com/hu-hu/novenyvedo-szerek","","KOPPERT ragadozó atka SPICAL-PLUS","check_circle","Neoseiulus californicus ragadozó atka","2033. márc. 31.","makroszervezet","2033. márc. 31.","","","https://cdn.agromedium.com/uploads/2024/05/67c9c7160028eade76b4/thumbnail.jpg"
"1769693586-1440","https://www.agromedium.com/hu-hu/novenyvedo-szerek","","KOPPERT ragadozó atka SPIDEX","check_circle","Phytoseiulus persimilis ragadozó atka","2033. márc. 31.","makroszervezet","2033. márc. 31.","","","https://cdn.agromedium.com/uploads/2024/05/67c9c7160028eade76b4/thumbnail.jpg"
"1769693586-1441","https://www.agromedium.com/hu-hu/novenyvedo-szerek","","KOPPERT ragadozó atka SPIDEX VITAL","check_circle","Phytoseiulus persimilis ragadozó atka","2033. márc. 31.","makroszervezet","2033. márc. 31.","","","https://cdn.agromedium.com/uploads/2024/05/67c9c7160028eade76b4/thumbnail.jpg"
"1769693586-1442","https://www.agromedium.com/hu-hu/novenyvedo-szerek","","KOPPERT ragadozó atka SPIDEX VITAL PLUS","check_circle","Phytoseiulus persimilis ragadozó atka","2033. márc. 31.","makroszervezet","2033. márc. 31.","","","https://cdn.agromedium.com/uploads/2024/05/67c9c7160028eade76b4/thumbnail.jpg"
"1769693586-1443","https://www.agromedium.com/hu-hu/novenyvedo-szerek","","","","","","","","","","https://cdn.agromedium.com/uploads/2026/01/6969f7e8002c1baa38cf/file.png"
"1769693586-1444","https://www.agromedium.com/hu-hu/novenyvedo-szerek","","KOPPERT ragadozó atka SWIRSKI ULTI-MITE","check_circle","Amblyseius swirskii ragadozó atka","2033. márc. 31.","makroszervezet","2033. márc. 31.","","","https://cdn.agromedium.com/uploads/2024/05/67c9c7160028eade76b4/thumbnail.jpg"
"1769693586-1445","https://www.agromedium.com/hu-hu/novenyvedo-szerek","","KOPPERT ragadozó atka SWIRSKI-MITE","check_circle","Amblyseius swirskii ragadozó atka","2033. márc. 31.","makroszervezet","2033. márc. 31.","","","https://cdn.agromedium.com/uploads/2024/05/67c9c7160028eade76b4/thumbnail.jpg"
"1769693586-1446","https://www.agromedium.com/hu-hu/novenyvedo-szerek","","KOPPERT ragadozó atka SWIRSKI-MITE LD","check_circle","Amblyseius swirskii ragadozó atka","2033. márc. 31.","makroszervezet","2033. márc. 31.","","","https://cdn.agromedium.com/uploads/2024/05/67c9c7160028eade76b4/thumbnail.jpg"
"1769693586-1447","https://www.agromedium.com/hu-hu/novenyvedo-szerek","","KOPPERT ragadozó atka SWIRSKI-MITE PLUS","check_circle","Amblyseius swirskii ragadozó atka","2033. márc. 31.","makroszervezet","2033. márc. 31.","","","https://cdn.agromedium.com/uploads/2024/05/67c9c7160028eade76b4/thumbnail.jpg"
"1769693586-1448","https://www.agromedium.com/hu-hu/novenyvedo-szerek","","KOPPERT ragadozó atka THRIPEX","check_circle","Neoseiulus californicus ragadozó atka","2033. márc. 31.","makroszervezet","2033. márc. 31.","","","https://cdn.agromedium.com/uploads/2024/05/67c9c7160028eade76b4/thumbnail.jpg"
"1769693586-1449","https://www.agromedium.com/hu-hu/novenyvedo-szerek","","","","","","","","","","https://cdn.agromedium.com/uploads/2025/11/690db9bd0030b9dd184f/file.png"
"1769693586-1450","https://www.agromedium.com/hu-hu/novenyvedo-szerek","","KOPPERT ragadozó atka THRIPEX-PLUS","check_circle","Neoseiulus californicus ragadozó atka","2033. márc. 31.","makroszervezet","2033. márc. 31.","","","https://cdn.agromedium.com/uploads/2024/05/67c9c7160028eade76b4/thumbnail.jpg"
"1769693586-1451","https://www.agromedium.com/hu-hu/novenyvedo-szerek","","Koppert ragadozó katicabogár","check_circle","Koppert Aphidalia, Koppert Cryptobug, Koppert Cryptobug-L, Koppert Delphibug","2031. dec. 31.","makroszervezet","2031. dec. 31.","","","https://cdn.agromedium.com/uploads/2020/01/67c9c71600196a18e7ba/thumbnail.jpg"
"1769693586-1452","https://www.agromedium.com/hu-hu/novenyvedo-szerek","","KOPPERT ragadozó poloska","error","makroszervezet(ek)","2023. márc. 11.","élő állat","","2023. márc. 11.","",""
"1769693586-1453","https://www.agromedium.com/hu-hu/novenyvedo-szerek","","Koppert ragadozó poloska MIRICAL","check_circle","Macrolophus pygmaeus","2033. márc. 31.","makroszervezet","2033. márc. 31.","","","https://cdn.agromedium.com/uploads/2024/05/67c9c7160028eade76b4/thumbnail.jpg"
"1769693586-1454","https://www.agromedium.com/hu-hu/novenyvedo-szerek","","Koppert ragadozó poloska NESIBUG","check_circle","Nesidiocoris tenuis ragadozó poloska","2033. márc. 31.","makroszervezet","2033. márc. 31.","","","https://cdn.agromedium.com/uploads/2024/05/67c9c7160028eade76b4/thumbnail.jpg"
"1769693586-1455","https://www.agromedium.com/hu-hu/novenyvedo-szerek","","","","","","","","","","https://cdn.agromedium.com/uploads/2026/01/697082e3000e0b656054/file.png"
"1769693586-1456","https://www.agromedium.com/hu-hu/novenyvedo-szerek","","Koppert ragadozó poloska THRIPOR","check_circle","Orius laevigatus (ragadozó poloska)","2033. márc. 31.","makroszervezet","2033. márc. 31.","","","https://cdn.agromedium.com/uploads/2024/05/67c9c7160028eade76b4/thumbnail.jpg"
"1769693586-1457","https://www.agromedium.com/hu-hu/novenyvedo-szerek","","Koppert rovarpatogén fonálféreg","check_circle","Steinernema carpocapsae, Heterorhabditis bacteriophora","2031. márc. 31.","makroszervezet","2031. márc. 31.","","","https://cdn.agromedium.com/uploads/2024/05/67c9c7160028eade76b4/thumbnail.jpg"
"1769693586-1458","https://www.agromedium.com/hu-hu/novenyvedo-szerek","","Koppert-Flora poszméh","error","Bombus terrestris (földi poszméh)","2025. okt. 14.","virágbeporzó makroszervezet","","2025. okt. 14.","",""
"1769693586-1459","https://www.agromedium.com/hu-hu/novenyvedo-szerek","","Koppert-Flora ragacslapos illatanyag- és színcsapda","error","csalogató anyagok, feromon ((E,Z,Z)-3,8,11-tetradekatrienil-acetát), feromon ((E,Z)-teradekadienil-acetát), feromon ((E)-12- tetradecenil-acetát), feromon ((Z)- és (E)-11- izomer), feromon ((Z)-11-hexadekanal), feromon ((Z)-12-tetradecenil-acetát), feromon ((Z)-9-hexadekanal), feromon (3-piridil-etil-nikotinát), feromon (hexadekán-1-ol), színezőanyag","2025. aug. 5.","ragacsos szín- és illatanyagcsapda (növényvédelmi célú eszköz)","","2025. aug. 5.","",""
"1769693586-1460","https://www.agromedium.com/hu-hu/novenyvedo-szerek","","Koppert-Flora ragadozó atka","error","makroszervezet(ek)","2025. aug. 5.","makroszervezet","","2025. aug. 5.","",""
"1769693586-1461","https://www.agromedium.com/hu-hu/novenyvedo-szerek","","","","","","","","","","https://cdn.agromedium.com/uploads/2025/06/6847e89a00115b091f3c/file.png"
"1769693586-1462","https://www.agromedium.com/hu-hu/novenyvedo-szerek","","Koppert-Flora ragadozó fürkészdarázs","error","makroszervezet(ek)","2025. aug. 5.","makroszervezet","","2025. aug. 5.","",""
"1769693586-1463","https://www.agromedium.com/hu-hu/novenyvedo-szerek","","Koppert-Flora ragadozó poloska","error","makroszervezet(ek)","2025. aug. 5.","makroszervezet","","2025. aug. 5.","",""
"1769693586-1464","https://www.agromedium.com/hu-hu/novenyvedo-szerek","","Korado CS","error","100 g/l lambda-cihalotrin","2021. dec. 31.","rovarölő szer","","2021. dec. 31.","","https://cdn.agromedium.com/uploads/2019/04/67c9c5be0026299f6d49/thumbnail.png"
"1769693586-1465","https://www.agromedium.com/hu-hu/novenyvedo-szerek","","Korit 420 FS madárriasztó csávázószer","check_circle","420 g/l ziram","2028. jan. 31.","madárriasztó csávázószer","2028. jan. 31.","","","https://cdn.agromedium.com/uploads/2019/04/67c9c5be0026299f6d49/thumbnail.png"
"1769693586-1466","https://www.agromedium.com/hu-hu/novenyvedo-szerek","","Korvetto","error","5 g/l halauxifen-metil, 120 g/l klopiralid","2025. máj. 31.","gyomirtó szer","","2025. máj. 31.","","https://cdn.agromedium.com/uploads/2025/03/67e7a23d00318586422c/thumbnail.jpg"
"1769693586-1467","https://www.agromedium.com/hu-hu/novenyvedo-szerek","","","","","","","","","","https://cdn.agromedium.com/uploads/2026/01/697082e3000e0b656054/file.png"
"1769693586-1468","https://www.agromedium.com/hu-hu/novenyvedo-szerek","","Kryor","check_circle","400 g/l izofetamid","2027. szept. 15.","gombaölő szer","2027. szept. 15.","","","https://cdn.agromedium.com/uploads/2023/01/67c9c5c70039285dc50f/thumbnail.png"
"1769693586-1469","https://www.agromedium.com/hu-hu/novenyvedo-szerek","","Krypt 540","check_circle","540 g/l glifozát","2028. dec. 31.","gyomirtó szer","2028. dec. 31.","","",""
"1769693586-1470","https://www.agromedium.com/hu-hu/novenyvedo-szerek","","Kudos","check_circle","100 g/kg prohexadion-kalcium","2027. máj. 31.","növekedésszabályzó permetezőszer","2027. máj. 31.","","","https://cdn.agromedium.com/uploads/2023/03/67c9c5e0003c40ead470/thumbnail.png"
"1769693586-1471","https://www.agromedium.com/hu-hu/novenyvedo-szerek","","Kumar","check_circle","850 g/kg kálium-hidrogén-karbonát","2037. okt. 31.","gombaölő szer","2037. okt. 31.","","","https://cdn.agromedium.com/uploads/2023/01/67c9c5c70039285dc50f/thumbnail.png"
"1769693586-1472","https://www.agromedium.com/hu-hu/novenyvedo-szerek","","Kumulus S","check_circle","800 g/kg kén","2027. júl. 31.","gombaölő szer","2027. júl. 31.","","","https://cdn.agromedium.com/uploads/2020/09/67c9c5c70014019edcec/thumbnail.jpg"
"1769693586-1473","https://www.agromedium.com/hu-hu/novenyvedo-szerek","","","","","","","","","","https://cdn.agromedium.com/uploads/2025/11/690db9bd0030b9dd184f/file.png"
"1769693586-1474","https://www.agromedium.com/hu-hu/novenyvedo-szerek","","Kupfer Fusilan WG","check_circle","43 g/kg cimoxanil, 781 g/kg rézoxiklorid","2026. dec. 31.","gombaölő szer","2026. dec. 31.","","","https://cdn.agromedium.com/uploads/2019/04/67c9c5be0026299f6d49/thumbnail.png"
"1769693586-1475","https://www.agromedium.com/hu-hu/novenyvedo-szerek","","Kusabi","check_circle","300 g/l piriofenon","2028. jún. 30.","gombaölő permetezőszer","2028. jún. 30.","","","https://cdn.agromedium.com/uploads/2023/01/67c9c5c70039285dc50f/thumbnail.png"
"1769693586-1476","https://www.agromedium.com/hu-hu/novenyvedo-szerek","","Kwizda - Aurora Full","package_2","25 ha/csomag: árpa, búza, fénymag, kalászosok, zab","10x100 g Aurora 40 WG","","","","","https://cdn.agromedium.com/uploads/2019/04/67c9c5be0026299f6d49/thumbnail.png"
"1769693586-1477","https://www.agromedium.com/hu-hu/novenyvedo-szerek","","Kwizda - Búza szárbaindulás","package_2","20 ha/csomag: árpa, búza, rozs, tritikálé, zab","Fentrol CS","20 l Wuxal Réz Top","","","","https://cdn.agromedium.com/uploads/2019/04/67c9c5be0026299f6d49/thumbnail.png"
"1769693586-1478","https://www.agromedium.com/hu-hu/novenyvedo-szerek","","Kwizda - Búza zászlóslevél","package_2","20 ha/csomag: árpa, búza, rozs, tritikálé, zab","20 l Imperis Vital","40 l Wuxal Grano","","","","https://cdn.agromedium.com/uploads/2019/04/67c9c5be0026299f6d49/thumbnail.png"
"1769693586-1479","https://www.agromedium.com/hu-hu/novenyvedo-szerek","","","","","","","","","","https://cdn.agromedium.com/uploads/2026/01/6969f7e8002c1baa38cf/file.png"
"1769693586-1480","https://www.agromedium.com/hu-hu/novenyvedo-szerek","","Kwizda - Corn Box Plus","package_2","10 ha/csomag: kukorica","6 l Mural","15 l Talisman","","","10 l Barracuda","https://cdn.agromedium.com/uploads/2019/04/67c9c5be0026299f6d49/thumbnail.png"
"1769693586-1481","https://www.agromedium.com/hu-hu/novenyvedo-szerek","","Kwizda - Corn Box Plus Gold","package_2","10 ha/csomag: kukorica","6 l Mural","10 l Terbyne Combi","","","15 l Talisman","https://cdn.agromedium.com/uploads/2019/04/67c9c5be0026299f6d49/thumbnail.png"
"1769693586-1482","https://www.agromedium.com/hu-hu/novenyvedo-szerek","","Kwizda - Cornado Plus","package_2","5 ha/csomag: kukorica","1 l Gondor","7 l Talisman","","","","https://cdn.agromedium.com/uploads/2019/04/67c9c5be0026299f6d49/thumbnail.png"
"1769693586-1483","https://www.agromedium.com/hu-hu/novenyvedo-szerek","","Kwizda - Cornado Plus Gold","package_2","5 ha/csomag: kukorica","1 l Gondor","3 l Mustang SE","","","5 l Talisman","https://cdn.agromedium.com/uploads/2019/04/67c9c5be0026299f6d49/thumbnail.png"
"1769693586-1484","https://www.agromedium.com/hu-hu/novenyvedo-szerek","","Kwizda - Domark + Karát csomag","package_2","3 ha/csomag: alma","1 l Domark 10 EC","","","","","https://cdn.agromedium.com/uploads/2019/04/67c9c5be0026299f6d49/thumbnail.png"
"1769693586-1485","https://www.agromedium.com/hu-hu/novenyvedo-szerek","","","","","","","","","","https://cdn.agromedium.com/uploads/2025/11/690db9bd0030b9dd184f/file.png"
"1769693586-1486","https://www.agromedium.com/hu-hu/novenyvedo-szerek","","Kwizda - Efilor + Ascofol","package_2","10 ha/csomag: káposztarepce","10 l Efilor","","","","","https://cdn.agromedium.com/uploads/2019/04/67c9c5be0026299f6d49/thumbnail.png"
"1769693586-1487","https://www.agromedium.com/hu-hu/novenyvedo-szerek","","Kwizda - Efilor + Boron","package_2","10 ha/csomag: káposztarepce","10 l Efilor","","","","","https://cdn.agromedium.com/uploads/2019/04/67c9c5be0026299f6d49/thumbnail.png"
"1769693586-1488","https://www.agromedium.com/hu-hu/novenyvedo-szerek","","Kwizda - Glifozát Amal Pack","package_2","5 ha/csomag: tarló","20 l Boom Efekt","","","","","https://cdn.agromedium.com/uploads/2019/04/67c9c5be0026299f6d49/thumbnail.png"
"1769693586-1489","https://www.agromedium.com/hu-hu/novenyvedo-szerek","","Kwizda - Green Flex","package_2","10 ha/csomag: árpa, búza, kalászosok, rozs, tritikálé, zab","10 l Zoxis 250 SC","","","","","https://cdn.agromedium.com/uploads/2019/04/67c9c5be0026299f6d49/thumbnail.png"
"1769693586-1490","https://www.agromedium.com/hu-hu/novenyvedo-szerek","","Kwizda - Green Star + Azospeed","package_2","50 ha/csomag: árpa, búza, rozs, tritikálé","10x5 l Green Star","","","","","https://cdn.agromedium.com/uploads/2019/04/67c9c5be0026299f6d49/thumbnail.png"
"1769693586-1491","https://www.agromedium.com/hu-hu/novenyvedo-szerek","","","","","","","","","","https://cdn.agromedium.com/uploads/2025/06/6847e89a00115b091f3c/file.png"
"1769693586-1492","https://www.agromedium.com/hu-hu/novenyvedo-szerek","","Kwizda - Kukorica Flex","package_2","4 ha/csomag: kukorica","2x5 l Terbyne Combi","","","","","https://cdn.agromedium.com/uploads/2019/04/67c9c5be0026299f6d49/thumbnail.png"
"1769693586-1493","https://www.agromedium.com/hu-hu/novenyvedo-szerek","","Kwizda - Lobesia csomag","package_2","6,67 ha/csomag: szőlő","20 l Copper Field Basic","","","","","https://cdn.agromedium.com/uploads/2019/04/67c9c5be0026299f6d49/thumbnail.png"
"1769693586-1494","https://www.agromedium.com/hu-hu/novenyvedo-szerek","","Kwizda - Repce Amalgerol Pack","package_2","5 ha/csomag: káposztarepce","5 l Folicur Solo","","","","","https://cdn.agromedium.com/uploads/2019/04/67c9c5be0026299f6d49/thumbnail.png"
"1769693586-1495","https://www.agromedium.com/hu-hu/novenyvedo-szerek","","Kwizda - Roundup Mega + Companion Gold","package_2","20 ha/csomag: káposztarepce","4x20 l Roundup Mega","","","","","https://cdn.agromedium.com/uploads/2019/04/67c9c5be0026299f6d49/thumbnail.png"
"1769693586-1496","https://www.agromedium.com/hu-hu/novenyvedo-szerek","","Kwizda - Sclero Pro","package_2","20 ha/csomag: szója","5x20 l Boom Efekt","4x5 kg ÖKO-NI","","","","https://cdn.agromedium.com/uploads/2019/04/67c9c5be0026299f6d49/thumbnail.png"
"1769693586-1497","https://www.agromedium.com/hu-hu/novenyvedo-szerek","","","","","","","","","","https://cdn.agromedium.com/uploads/2025/11/690db9bd0030b9dd184f/file.png"
"1769693586-1498","https://www.agromedium.com/hu-hu/novenyvedo-szerek","","Kwizda - Szója Eco","package_2","10 ha/csomag: szója","2x5 l Inspector","","","","","https://cdn.agromedium.com/uploads/2019/04/67c9c5be0026299f6d49/thumbnail.png"
"1769693586-1499","https://www.agromedium.com/hu-hu/novenyvedo-szerek","","Kwizda - Szója Flex Pendum","package_2","10 ha/csomag: szója","2 l Command 48 EC","","","","","https://cdn.agromedium.com/uploads/2019/04/67c9c5be0026299f6d49/thumbnail.png"
"1769693586-1500","https://www.agromedium.com/hu-hu/novenyvedo-szerek","","Kwizda - Tarló Wellness","package_2","20 ha/csomag: árpa, búza","60 l Roundup Mega","20 kg Trifender WP","","","","https://cdn.agromedium.com/uploads/2019/04/67c9c5be0026299f6d49/thumbnail.png"
"1769693586-1501","https://www.agromedium.com/hu-hu/novenyvedo-szerek","","Kwizda - Tavaszi Oil csomag","package_2","10 ha/csomag: káposztarepce, napraforgó","1 l Fentrol CS","20 l Wuxal Boron Plus","","","20 l Wuxal Oilseed","https://cdn.agromedium.com/uploads/2019/04/67c9c5be0026299f6d49/thumbnail.png"
"1769693586-1502","https://www.agromedium.com/hu-hu/novenyvedo-szerek","","Kwizda - Toxin Stop Pro","package_2","10 ha/csomag: árpa, búza, kalászosok, rozs, tritikálé, zab","5 l Promino 300 EC","","","","","https://cdn.agromedium.com/uploads/2019/04/67c9c5be0026299f6d49/thumbnail.png"
"1769693586-1503","https://www.agromedium.com/hu-hu/novenyvedo-szerek","","","","","","","","","","https://cdn.agromedium.com/uploads/2026/01/6969f7e8002c1baa38cf/file.png"
"1769693586-1504","https://www.agromedium.com/hu-hu/novenyvedo-szerek","","Kyleo","error","160 g/l 2,4-D, 240 g/l glifozát","2020. aug. 1.","gyomirtó szer","","2020. aug. 1.","","https://cdn.agromedium.com/uploads/2019/12/67c9c5e00038baa08a17/thumbnail.jpg"
"1769693586-1505","https://www.agromedium.com/hu-hu/novenyvedo-szerek","","La-Cy Extra","check_circle","25 g/kg lambda-cihalotrin","2027. dec. 31.","rovarölő szer","2027. dec. 31.","","","https://cdn.agromedium.com/uploads/2019/04/67c9c5c1001d85f5c905/thumbnail.png"
"1769693586-1506","https://www.agromedium.com/hu-hu/novenyvedo-szerek","","Labamba","check_circle","100 g/l lambda-cihalotrin","2027. aug. 31.","rovarölő szer","2027. aug. 31.","","","https://cdn.agromedium.com/uploads/2019/04/67c9c6f3002ce784082b/thumbnail.png"
"1769693586-1507","https://www.agromedium.com/hu-hu/novenyvedo-szerek","","LaDiva","check_circle","32 g/l aminopiralid, 48 g/l pikloram, 10 g/l halauxifen-metil","2028. máj. 31.","gyomirtó szer","2028. máj. 31.","","","https://cdn.agromedium.com/uploads/2025/03/67e7a23d00318586422c/thumbnail.jpg"
"1769693586-1508","https://www.agromedium.com/hu-hu/novenyvedo-szerek","","Laidir","error","100 g/l lambda-cihalotrin","2021. dec. 31.","rovarölő szer","","2021. dec. 31.","","https://cdn.agromedium.com/uploads/2019/04/67c9c5be0013b6f965bb/thumbnail.png"
"1769693586-1509","https://www.agromedium.com/hu-hu/novenyvedo-szerek","","","","","","","","","","https://cdn.agromedium.com/uploads/2026/01/697082e3000e0b656054/file.png"
"1769693586-1510","https://www.agromedium.com/hu-hu/novenyvedo-szerek","","Laitane","check_circle","400 g/l pirimetanil","2027. ápr. 30.","gombaölő szer","2027. ápr. 30.","","",""
"1769693586-1511","https://www.agromedium.com/hu-hu/novenyvedo-szerek","","Lalstop Contans WG","check_circle","1,17 x 10^12 db konídium/kg készítmény Coniothyrium minitans Strain CON/M/91-08 (DSM 9660)","2033. júl. 31.","gombaölő szer","2033. júl. 31.","","","https://cdn.agromedium.com/uploads/2019/04/67c9c5be0026299f6d49/thumbnail.png"
"1769693586-1512","https://www.agromedium.com/hu-hu/novenyvedo-szerek","","Lalstop G46 WG","check_circle","900 g/kg Clonostachys rosea J1446","2035. márc. 31.","gombaölő szer","2035. márc. 31.","","",""
"1769693586-1513","https://www.agromedium.com/hu-hu/novenyvedo-szerek","","Lalstop K61 WP","check_circle","40 % Streptomyces K61","2027. dec. 31.","biológiai gombaölő szer","2027. dec. 31.","","","https://cdn.agromedium.com/uploads/2019/04/67c9c5be0026299f6d49/thumbnail.png"
"1769693586-1514","https://www.agromedium.com/hu-hu/novenyvedo-szerek","","Lamardor 400 FS","check_circle","250 g/l protiokonazol, 150 g/l tebukonazol","2027. dec. 31.","gombaölő csávázószer","2027. dec. 31.","","","https://cdn.agromedium.com/uploads/2019/09/67c9c6f400102ba14e1a/thumbnail.png"
"1769693586-1515","https://www.agromedium.com/hu-hu/novenyvedo-szerek","","","","","","","","","","https://cdn.agromedium.com/uploads/2026/01/6969f7e8002c1baa38cf/file.png"
"1769693586-1516","https://www.agromedium.com/hu-hu/novenyvedo-szerek","","Lamdex Extra","check_circle","25 g/kg lambda-cihalotrin","2027. dec. 31.","rovarölő szer","2027. dec. 31.","","","https://cdn.agromedium.com/uploads/2019/04/67c9c5c1001d85f5c905/thumbnail.png"
"1769693586-1517","https://www.agromedium.com/hu-hu/novenyvedo-szerek","","Lamfix","check_circle","35 m/m% karboxi-metil-cellulóz","2035. febr. 28.","segédanyag","2035. febr. 28.","","","https://cdn.agromedium.com/uploads/2019/09/67c9c6f400102ba14e1a/thumbnail.png"
"1769693586-1518","https://www.agromedium.com/hu-hu/novenyvedo-szerek","","Laminex LP-45","check_circle","454,5 g/l sztirol-butadién kopolimer","2028. júl. 6.","permetezőszer segédanyag","2028. júl. 6.","","","https://cdn.agromedium.com/uploads/2021/02/67c9c5c0002a098f9ad0/thumbnail.png"
"1769693586-1519","https://www.agromedium.com/hu-hu/novenyvedo-szerek","","Landscaper Pro gyomirtó szer gyeptrágyával","check_circle","8 g/kg 2,4-D, 1,2 g/kg dikamba, 32 % NPK","2027. szept. 30.","gyomirtó szer","2027. szept. 30.","","",""
"1769693586-1520","https://www.agromedium.com/hu-hu/novenyvedo-szerek","","Laser","check_circle","240 g/l spinozad","2027. okt. 31.","rovarölő szer","2027. okt. 31.","","","https://cdn.agromedium.com/uploads/2025/03/67e7a23d00318586422c/thumbnail.jpg"
"1769693586-1521","https://www.agromedium.com/hu-hu/novenyvedo-szerek","","","","","","","","","","https://cdn.agromedium.com/uploads/2025/06/6847e89a00115b091f3c/file.png"
"1769693586-1522","https://www.agromedium.com/hu-hu/novenyvedo-szerek","","Laser Duplo","check_circle","480 g/l spinozad","2027. okt. 31.","rovarölő szer","2027. okt. 31.","","","https://cdn.agromedium.com/uploads/2025/03/67e7a23d00318586422c/thumbnail.jpg"
"1769693586-1523","https://www.agromedium.com/hu-hu/novenyvedo-szerek","","Last Bite","check_circle","4,8 m/m% vas-ammónium-citrát","2035. márc. 31.","csiga elleni készítmény","2035. márc. 31.","","","https://cdn.agromedium.com/uploads/2019/10/67c9c6fa000ba15ae8da/thumbnail.png"
"1769693586-1524","https://www.agromedium.com/hu-hu/novenyvedo-szerek","","Laudis","check_circle","22 g/l izoxadifen-etil, 44 g/l tembotrion","2027. dec. 31.","gyomirtó szer","2027. dec. 31.","","","https://cdn.agromedium.com/uploads/2019/09/67c9c6f400102ba14e1a/thumbnail.png"
"1769693586-1525","https://www.agromedium.com/hu-hu/novenyvedo-szerek","","Laudis WG","check_circle","100 g/kg izoxadifen-etil, 200 g/kg tembotrion","2027. dec. 31.","gyomirtó szer","2027. dec. 31.","","","https://cdn.agromedium.com/uploads/2019/09/67c9c6f400102ba14e1a/thumbnail.png"
"1769693586-1526","https://www.agromedium.com/hu-hu/novenyvedo-szerek","","Launcher","check_circle","460 g/l zoxamid","2034. jún. 30.","gombaölő csávázószer","2034. jún. 30.","","",""
"1769693586-1527","https://www.agromedium.com/hu-hu/novenyvedo-szerek","","","","","","","","","","https://cdn.agromedium.com/uploads/2026/01/697082e3000e0b656054/file.png"
"1769693586-1528","https://www.agromedium.com/hu-hu/novenyvedo-szerek","","Lazaro 100 EC","check_circle","100 g/l kizalofop-P-etil","2027. dec. 31.","gyomirtó szer","2027. dec. 31.","","","https://cdn.agromedium.com/uploads/2020/11/67c9c6f9001413c8202c/thumbnail.png"
"1769693586-1529","https://www.agromedium.com/hu-hu/novenyvedo-szerek","","LBG-01F34","check_circle","755 g/l kálium-foszfonát","2027. jan. 31.","gombaölő szer","2027. jan. 31.","","",""
"1769693586-1530","https://www.agromedium.com/hu-hu/novenyvedo-szerek","","Leander 750 EC","check_circle","750 g/l fenpropidin","2028. máj. 15.","gombaölő szer","2028. máj. 15.","","","https://cdn.agromedium.com/uploads/2019/04/67c9c5c1001d85f5c905/thumbnail.png"
"1769693586-1531","https://www.agromedium.com/hu-hu/novenyvedo-szerek","","Lecar","error","960 g/l S-metolaklór","2024. ápr. 23.","gyomirtó szer","","2024. ápr. 23.","","https://cdn.agromedium.com/uploads/2023/03/67c9c5c50021e7685e21/thumbnail.jpg"
"1769693586-1532","https://www.agromedium.com/hu-hu/novenyvedo-szerek","","Legado","check_circle","250 g/l azoxistrobin","2029. szept. 30.","gombaölő permetezőszer","2029. szept. 30.","","","https://cdn.agromedium.com/uploads/2018/08/67c9c5bf000cfc1dad7b/thumbnail.jpg"
"1769693586-1533","https://www.agromedium.com/hu-hu/novenyvedo-szerek","","","","","","","","","","https://cdn.agromedium.com/uploads/2025/11/690db9bd0030b9dd184f/file.png"
"1769693586-1534","https://www.agromedium.com/hu-hu/novenyvedo-szerek","","Legato Trio","check_circle","40 g/l diflufenikán, 250 g/l klórtoluron, 300 g/l pendimetalin","2027. jan. 15.","gyomirtó szer","2027. jan. 15.","","","https://cdn.agromedium.com/uploads/2019/04/67c9c5c1001d85f5c905/thumbnail.png"
"1769693586-1535","https://www.agromedium.com/hu-hu/novenyvedo-szerek","","Leighton Agrio - Gringo Gold","package_2","6 ha/csomag: kukorica","1x5 liter Durbin","1x5 l Falstar","","","",""
"1769693586-1536","https://www.agromedium.com/hu-hu/novenyvedo-szerek","","Leimay","error","200 g/l amiszulbróm","2025. szept. 30.","gombaölő szer","","2025. szept. 30.","",""
"1769693586-1537","https://www.agromedium.com/hu-hu/novenyvedo-szerek","","Lentagran WP","check_circle","450 g/kg piridát","2031. dec. 31.","gyomirtó szer","2031. dec. 31.","","","https://cdn.agromedium.com/uploads/2023/01/67c9c5c70039285dc50f/thumbnail.png"
"1769693586-1538","https://www.agromedium.com/hu-hu/novenyvedo-szerek","","Lentipur 500 SC","check_circle","500 g/l klórtoluron","2027. aug. 15.","gyomirtó szer","2027. aug. 15.","","","https://cdn.agromedium.com/uploads/2019/04/67c9c5be0026299f6d49/thumbnail.png"
"1769693586-1539","https://www.agromedium.com/hu-hu/novenyvedo-szerek","","","","","","","","","","https://cdn.agromedium.com/uploads/2025/06/6847e89a00115b091f3c/file.png"
"1769693586-1540","https://www.agromedium.com/hu-hu/novenyvedo-szerek","","Leopard 5 EC","check_circle","50 g/l quizalofop-P-etil","2027. dec. 31.","gyomirtó szer","2027. dec. 31.","","","https://cdn.agromedium.com/uploads/2019/04/67c9c5c1001d85f5c905/thumbnail.png"
"1769693586-1541","https://www.agromedium.com/hu-hu/novenyvedo-szerek","","Leopard Extra 05 EC","check_circle","50 g/l quizalofop-P-etil","2027. dec. 31.","gyomirtó szer","2027. dec. 31.","","","https://cdn.agromedium.com/uploads/2023/06/67c9c76b00277662b3eb/thumbnail.jpg"
"1769693586-1542","https://www.agromedium.com/hu-hu/novenyvedo-szerek","","Lepinox Plus","check_circle","375 g/kg Bacillus thuringiensis (var: kurstaki)","2038. jún. 30.","rovarölő szer","2038. jún. 30.","","","https://cdn.agromedium.com/uploads/2019/04/67c9c5be0026299f6d49/thumbnail.png"
"1769693586-1543","https://www.agromedium.com/hu-hu/novenyvedo-szerek","","Leptostar 200 SL","check_circle","200 g/l acetamiprid","2033. febr. 28.","rovarölő szer","2033. febr. 28.","","",""
"1769693586-1544","https://www.agromedium.com/hu-hu/novenyvedo-szerek","","Libeccio","check_circle","360 g/l klomazon","2028. aug. 31.","gyomirtó szer","2028. aug. 31.","","","https://cdn.agromedium.com/uploads/2019/11/67c9c7180033192a84dd/thumbnail.png"
"1769693586-1545","https://www.agromedium.com/hu-hu/novenyvedo-szerek","","","","","","","","","","https://cdn.agromedium.com/uploads/2025/11/690db9bd0030b9dd184f/file.png"
"1769693586-1546","https://www.agromedium.com/hu-hu/novenyvedo-szerek","","Lieto","check_circle","330 g/kg cimoxanil, 330 g/kg zoxamid","2029. aug. 15.","gombaölő permetezőszer","2029. aug. 15.","","","https://cdn.agromedium.com/uploads/2023/03/67c9c5e0003c40ead470/thumbnail.png"
"1769693586-1547","https://www.agromedium.com/hu-hu/novenyvedo-szerek","","Limafer","check_circle","25 g/kg vas-foszfát","2031. dec. 31.","csigaölő szer","2031. dec. 31.","","","https://cdn.agromedium.com/uploads/2020/11/67c9c6f9001413c8202c/thumbnail.png"
"1769693586-1548","https://www.agromedium.com/hu-hu/novenyvedo-szerek","","Limatak","check_circle","40 g/kg metaldehid","2027. máj. 31.","csigaölő szer","2027. máj. 31.","","",""
"1769693586-1549","https://www.agromedium.com/hu-hu/novenyvedo-szerek","","Limex","error","30 g/kg metaldehid","2022. máj. 31.","csigaölő szer","","2022. máj. 31.","",""
"1769693586-1550","https://www.agromedium.com/hu-hu/novenyvedo-szerek","","Limitar","check_circle","250 g/l trinexapak-etil","2029. ápr. 30.","növekedésszabályzó permetezőszer","2029. ápr. 30.","","","https://cdn.agromedium.com/uploads/2020/11/67c9c6f9001413c8202c/thumbnail.png"
"1769693586-1551","https://www.agromedium.com/hu-hu/novenyvedo-szerek","","","","","","","","","","https://cdn.agromedium.com/uploads/2025/11/690db9bd0030b9dd184f/file.png"
"1769693586-1552","https://www.agromedium.com/hu-hu/novenyvedo-szerek","","Limocide","check_circle","60 g/l narancsolaj","2027. dec. 31.","gomba-, rovar- és atkaölő szer","2027. dec. 31.","","","https://cdn.agromedium.com/uploads/2019/04/67c9c5be0026299f6d49/thumbnail.png"
"1769693586-1553","https://www.agromedium.com/hu-hu/novenyvedo-szerek","","Linkit","check_circle","50 g/l difenokonazol, 400 g/l spiroxamin","2029. máj. 31.","gombaölő szer","2029. máj. 31.","","","https://cdn.agromedium.com/uploads/2019/04/67c9c5be0026299f6d49/thumbnail.png"
"1769693586-1554","https://www.agromedium.com/hu-hu/novenyvedo-szerek","","Lion","check_circle","40 g/l imazamox","2028. jún. 30.","gyomirtó szer","2028. jún. 30.","","","https://cdn.agromedium.com/uploads/2023/06/67c9c76b00277662b3eb/thumbnail.jpg"
"1769693586-1555","https://www.agromedium.com/hu-hu/novenyvedo-szerek","","Listego","check_circle","40 g/l imazamox","2028. jún. 30.","gyomirtó szer","2028. jún. 30.","","","https://cdn.agromedium.com/uploads/2019/03/67c9c5c60007ec5337c9/thumbnail.png"
"1769693586-1556","https://www.agromedium.com/hu-hu/novenyvedo-szerek","","Listego Plus","check_circle","25 g/l imazamox","2028. jún. 30.","gyomirtó szer","2028. jún. 30.","","","https://cdn.agromedium.com/uploads/2020/09/67c9c5c70014019edcec/thumbnail.jpg"
"1769693586-1557","https://www.agromedium.com/hu-hu/novenyvedo-szerek","","","","","","","","","","https://cdn.agromedium.com/uploads/2025/06/6847e89a00115b091f3c/file.png"
"1769693586-1558","https://www.agromedium.com/hu-hu/novenyvedo-szerek","","Listego Pro","check_circle","50 g/l imazamox","2028. jún. 30.","gyomirtó szer","2028. jún. 30.","","","https://cdn.agromedium.com/uploads/2019/03/67c9c5c60007ec5337c9/thumbnail.png"
"1769693586-1559","https://www.agromedium.com/hu-hu/novenyvedo-szerek","","Locumba","check_circle","500 g/kg boszkalid","2027. ápr. 30.","gombaölő szer","2027. ápr. 30.","","",""
"1769693586-1560","https://www.agromedium.com/hu-hu/novenyvedo-szerek","","Locus 700 WG","check_circle","165 g/kg floraszulam, 135 g/kg metszulfuron-metil, 400 g/kg tribenuron-metil","2027. márc. 31.","gyomirtó szer","2027. márc. 31.","","","https://cdn.agromedium.com/uploads/2020/04/67c9c5c5003bb7c20c20/thumbnail.png"
"1769693586-1561","https://www.agromedium.com/hu-hu/novenyvedo-szerek","","Londax 60 DF","check_circle","600 g/kg benszulfuron-metil","2028. okt. 31.","gyomirtó szer","2028. okt. 31.","","","https://cdn.agromedium.com/uploads/2024/03/67c9c5be001da30ef4a5/thumbnail.png"
"1769693586-1562","https://www.agromedium.com/hu-hu/novenyvedo-szerek","","Lontrel 300","error","300 g/l klopiralid","2022. febr. 1.","gyomirtó szer","","2022. febr. 1.","","https://cdn.agromedium.com/uploads/2025/03/67e7a23d00318586422c/thumbnail.jpg"
"1769693586-1563","https://www.agromedium.com/hu-hu/novenyvedo-szerek","","","","","","","","","","https://cdn.agromedium.com/uploads/2025/06/6847e89a00115b091f3c/file.png"
"1769693586-1564","https://www.agromedium.com/hu-hu/novenyvedo-szerek","","Lontrel 600 SL","check_circle","600 g/l klopiralid","2026. okt. 31.","gyomirtó szer","2026. okt. 31.","","","https://cdn.agromedium.com/uploads/2025/03/67e7a23d00318586422c/thumbnail.jpg"
"1769693586-1565","https://www.agromedium.com/hu-hu/novenyvedo-szerek","","Lontrel 72 SG","check_circle","720 g/kg klopiralid","2028. ápr. 30.","gyomirtó szer","2028. ápr. 30.","","","https://cdn.agromedium.com/uploads/2025/03/67e7a23d00318586422c/thumbnail.jpg"
"1769693586-1566","https://www.agromedium.com/hu-hu/novenyvedo-szerek","","Los Ovados 200 SE","check_circle","200 g/l acetamiprid","2034. febr. 28.","rovarölő szer","2034. febr. 28.","","","https://cdn.agromedium.com/uploads/2019/09/67c9c6f70009b6d8d321/thumbnail.jpg"
"1769693586-1567","https://www.agromedium.com/hu-hu/novenyvedo-szerek","","Lovostabil","check_circle","45 m/m% citromsav","2032. jún. 30.","adalékanyag","2032. jún. 30.","","","https://cdn.agromedium.com/uploads/2021/03/67c9c5c60001416ab5c4/thumbnail.jpg"
"1769693586-1568","https://www.agromedium.com/hu-hu/novenyvedo-szerek","","LS-Azoxy 250","check_circle","250 g/l azoxistrobin","2028. máj. 31.","gombaölő szer","2028. máj. 31.","","",""
"1769693586-1569","https://www.agromedium.com/hu-hu/novenyvedo-szerek","","","","","","","","","","https://cdn.agromedium.com/uploads/2026/01/6969f7e8002c1baa38cf/file.png"
"1769693586-1570","https://www.agromedium.com/hu-hu/novenyvedo-szerek","","Lumax","error","37,5 g/l mezotrion, 375 g/l S-metolaklór, 125 g/l terbutilazin","2024. ápr. 23.","gyomirtó szer","","2024. ápr. 23.","","https://cdn.agromedium.com/uploads/2019/03/67c9c5c60007ec5337c9/thumbnail.png"
"1769693586-1571","https://www.agromedium.com/hu-hu/novenyvedo-szerek","","Lumax H 537,5 SE","error","37,5 g/l mezotrion, 312,5 g/l S-metolaklór, 187,5 g/l terbutilazin","2024. ápr. 23.","gyomirtó szer","","2024. ápr. 23.","",""
"1769693586-1572","https://www.agromedium.com/hu-hu/novenyvedo-szerek","","Lumiflex","check_circle","452 g/l ipkonazol","2026. aug. 31.","gombaölő csávázószer","2026. aug. 31.","","","https://cdn.agromedium.com/uploads/2024/03/67c9c5be001da30ef4a5/thumbnail.png"
"1769693586-1573","https://www.agromedium.com/hu-hu/novenyvedo-szerek","","Lumiposa 625 FS","check_circle","625 g/l ciántraniliprol","2027. szept. 17.","rovarölő csávázószer","2027. szept. 17.","","","https://cdn.agromedium.com/uploads/2025/03/67e7a23d00318586422c/thumbnail.jpg"
"1769693586-1574","https://www.agromedium.com/hu-hu/novenyvedo-szerek","","Lumiposa Xtra OSR","check_circle","625 g/l ciántraniliprol","2027. szept. 17.","rovarölő csávázószer","2027. szept. 17.","","","https://cdn.agromedium.com/uploads/2025/03/67e7a23d00318586422c/thumbnail.jpg"
"1769693586-1575","https://www.agromedium.com/hu-hu/novenyvedo-szerek","","","","","","","","","","https://cdn.agromedium.com/uploads/2025/11/690db9bd0030b9dd184f/file.png"
"1769693586-1576","https://www.agromedium.com/hu-hu/novenyvedo-szerek","","Lumisena","check_circle","200 g/l oxatiapiprolin","2028. márc. 3.","gombaölő csávázószer","2028. márc. 3.","","","https://cdn.agromedium.com/uploads/2025/03/67e7a23d00318586422c/thumbnail.jpg"
"1769693586-1577","https://www.agromedium.com/hu-hu/novenyvedo-szerek","","Luna Care","check_circle","50 g/kg fluopiram, 666 g/kg foszetil-AI","2026. márc. 15.","gombaölő permetezőszer","2026. márc. 15.","","","https://cdn.agromedium.com/uploads/2019/09/67c9c6f400102ba14e1a/thumbnail.png"
"1769693586-1578","https://www.agromedium.com/hu-hu/novenyvedo-szerek","","Luna Experience","check_circle","200 g/l fluopiram, 200 g/l tebukonazol","2029. jan. 31.","gombaölő permetezőszer","2029. jan. 31.","","","https://cdn.agromedium.com/uploads/2019/09/67c9c6f400102ba14e1a/thumbnail.png"
"1769693586-1579","https://www.agromedium.com/hu-hu/novenyvedo-szerek","","Luna Max","check_circle","75 g/l fluopiram, 200 g/l spiroxamin","2027. máj. 31.","gombaölő permetezőszer","2027. máj. 31.","","","https://cdn.agromedium.com/uploads/2019/09/67c9c6f400102ba14e1a/thumbnail.png"
"1769693586-1580","https://www.agromedium.com/hu-hu/novenyvedo-szerek","","Luna Privilege","error","500 g/l fluopiram","2024. jan. 31.","gombaölő permetezőszer","","2024. jan. 31.","","https://cdn.agromedium.com/uploads/2019/09/67c9c6f400102ba14e1a/thumbnail.png"
"1769693586-1581","https://www.agromedium.com/hu-hu/novenyvedo-szerek","","","","","","","","","","https://cdn.agromedium.com/uploads/2026/01/697082e3000e0b656054/file.png"
"1769693586-1582","https://www.agromedium.com/hu-hu/novenyvedo-szerek","","Luna Sensation","check_circle","250 g/l fluopiram, 250 g/l trifloxistrobin","2028. jan. 31.","gombaölő szer","2028. jan. 31.","","","https://cdn.agromedium.com/uploads/2019/09/67c9c6f400102ba14e1a/thumbnail.png"
"1769693586-1583","https://www.agromedium.com/hu-hu/novenyvedo-szerek","","Luzindo","error","200 g/kg klorantraniliprol, 200 g/kg tiametoxam","2018. szept. 19.","rovarölő szer","","2018. szept. 19.","","https://cdn.agromedium.com/uploads/2019/03/67c9c5c60007ec5337c9/thumbnail.png"
"1769693586-1584","https://www.agromedium.com/hu-hu/novenyvedo-szerek","","M-Guard","check_circle","46 m/m% kálium-karbonát","2033. márc. 31.","növényvédő szernek nem minősülő növényvédelmi hatású termék","2033. márc. 31.","","","https://cdn.agromedium.com/uploads/2019/10/67c9c6fa000ba15ae8da/thumbnail.png"
"1769693586-1585","https://www.agromedium.com/hu-hu/novenyvedo-szerek","","Maceta 50","check_circle","50 g/l kizalofop-P-etil","2026. jún. 30.","gyomirtó szer","2026. jún. 30.","","",""
"1769693586-1586","https://www.agromedium.com/hu-hu/novenyvedo-szerek","","Machete","error","360 g/l glifozát","2025. dec. 31.","gyomirtó szer","","2025. dec. 31.","","https://cdn.agromedium.com/uploads/2021/03/67c9c5c60001416ab5c4/thumbnail.jpg"
"1769693586-1587","https://www.agromedium.com/hu-hu/novenyvedo-szerek","","","","","","","","","","https://cdn.agromedium.com/uploads/2025/11/690db9bd0030b9dd184f/file.png"
"1769693586-1588","https://www.agromedium.com/hu-hu/novenyvedo-szerek","","Madex","error","Cydia pomonella granulosis vírus (CpGV)","2024. ápr. 30.","biológiai rovarölő szer","","2024. ápr. 30.","","https://cdn.agromedium.com/uploads/2022/01/67c9c71a0012b4f09b60/thumbnail.png"
"1769693586-1589","https://www.agromedium.com/hu-hu/novenyvedo-szerek","","Madex Pro","check_circle","522,96 g/l Cydia pomonella Granulo Vírus","2039. okt. 31.","biológiai rovarölő szer","2039. okt. 31.","","","https://cdn.agromedium.com/uploads/2019/09/67c9c5cf002c6dbae44c/thumbnail.png"
"1769693586-1590","https://www.agromedium.com/hu-hu/novenyvedo-szerek","","Madex Twin","check_circle","520 g/l Cydia pomonella Granulo Vírus","2027. aug. 31.","rovarölő szer","2027. aug. 31.","","","https://cdn.agromedium.com/uploads/2019/09/67c9c5cf002c6dbae44c/thumbnail.png"
"1769693586-1591","https://www.agromedium.com/hu-hu/novenyvedo-szerek","","Madoka Pro","check_circle","100 g/l mezotrion","2033. máj. 31.","gyomirtó szer","2033. máj. 31.","","","https://cdn.agromedium.com/uploads/2019/12/67c9c5e00038baa08a17/thumbnail.jpg"
"1769693586-1592","https://www.agromedium.com/hu-hu/novenyvedo-szerek","","Magellan","check_circle","2,5 g/l floraszulam, 144 g/l fluroxipir-meptil, 80 g/l klopiralid","2027. okt. 31.","gyomirtó szer","2027. okt. 31.","","","https://cdn.agromedium.com/uploads/2023/03/67c9c5c50021e7685e21/thumbnail.jpg"
"1769693586-1593","https://www.agromedium.com/hu-hu/novenyvedo-szerek","","","","","","","","","","https://cdn.agromedium.com/uploads/2025/06/6847e89a00115b091f3c/file.png"
"1769693586-1594","https://www.agromedium.com/hu-hu/novenyvedo-szerek","","Magma","check_circle","287,5 g/l etofenprox","2027. dec. 31.","rovarölő szer","2027. dec. 31.","","","https://cdn.agromedium.com/uploads/2023/01/67c9c5c70039285dc50f/thumbnail.png"
"1769693586-1595","https://www.agromedium.com/hu-hu/novenyvedo-szerek","","Magnello","check_circle","100 g/l difenokonazol, 250 g/l tebukonazol","2027. aug. 31.","gombaölő szer","2027. aug. 31.","","","https://cdn.agromedium.com/uploads/2019/03/67c9c5c60007ec5337c9/thumbnail.png"
"1769693586-1596","https://www.agromedium.com/hu-hu/novenyvedo-szerek","","Magnicur Energy","check_circle","310 g/l fosetil, 530 g/l propamokarb","2027. szept. 30.","gombaölő szer","2027. szept. 30.","","",""
"1769693586-1597","https://www.agromedium.com/hu-hu/novenyvedo-szerek","","Major 300 SL","check_circle","300 g/l klopiralid","2037. szept. 30.","gyomirtó szer","2037. szept. 30.","","",""
"1769693586-1598","https://www.agromedium.com/hu-hu/novenyvedo-szerek","","Makalu Max 87 SG","check_circle","870 g/kg bentazon","2026. máj. 31.","gyomirtó szer","2026. máj. 31.","","","https://cdn.agromedium.com/uploads/2019/04/67c9c6f3002ce784082b/thumbnail.png"
"1769693586-1599","https://www.agromedium.com/hu-hu/novenyvedo-szerek","","","","","","","","","","https://cdn.agromedium.com/uploads/2026/01/697082e3000e0b656054/file.png"
"1769693586-1600","https://www.agromedium.com/hu-hu/novenyvedo-szerek","","Makler 250 SE","check_circle","250 g/l azoxistrobin","2028. máj. 31.","gombaölő szer","2028. máj. 31.","","",""
"1769693586-1601","https://www.agromedium.com/hu-hu/novenyvedo-szerek","","Manco 80 WP","error","800 g/kg mankoceb","2021. júl. 4.","gombaölő szer","","2021. júl. 4.","",""
"1769693586-1602","https://www.agromedium.com/hu-hu/novenyvedo-szerek","","Manfil 75 WG","error","750 g/kg mankoceb","2021. júl. 4.","gombaölő szer","","2021. júl. 4.","","https://cdn.agromedium.com/uploads/2019/04/67c9c5be0026299f6d49/thumbnail.png"
"1769693586-1603","https://www.agromedium.com/hu-hu/novenyvedo-szerek","","Manfil 80 WP","error","800 g/kg mankoceb","2021. júl. 4.","gombaölő szer","","2021. júl. 4.","",""
"1769693586-1604","https://www.agromedium.com/hu-hu/novenyvedo-szerek","","Manfil Plus 75 WG","error","750 g/kg mankoceb","2021. júl. 4.","gombaölő szer","","2021. júl. 4.","","https://cdn.agromedium.com/uploads/2019/04/67c9c708000bf84b5b8f/thumbnail.png"
"1769693586-1605","https://www.agromedium.com/hu-hu/novenyvedo-szerek","","","","","","","","","","https://cdn.agromedium.com/uploads/2026/01/6969f7e8002c1baa38cf/file.png"
"1769693586-1606","https://www.agromedium.com/hu-hu/novenyvedo-szerek","","Manzate 75 DF","error","750 g/kg mankoceb","2021. júl. 4.","gombaölő szer","","2021. júl. 4.","","https://cdn.agromedium.com/uploads/2020/04/67c9c5c5003bb7c20c20/thumbnail.png"
"1769693586-1607","https://www.agromedium.com/hu-hu/novenyvedo-szerek","","Margareta EXTRA levéltetű irtó aerosol","check_circle","7,5 g/kg piperonil butoxid, 1 g/kg piretrin","2027. jún. 15.","rovarölő szer","2027. jún. 15.","","",""
"1769693586-1608","https://www.agromedium.com/hu-hu/novenyvedo-szerek","","Margareta levéltetű irtó aerosol","warning","0,6 g/l természetes piretrin","2026. jún. 30.","rovarölő szer","","","","https://cdn.agromedium.com/uploads/2019/11/67c9c6fc0028b0a4f013/thumbnail.jpg"
"1769693586-1609","https://www.agromedium.com/hu-hu/novenyvedo-szerek","","Markate 50","check_circle","50 g/l lambda-cihalotrin","2027. jún. 30.","rovarölő szer","2027. jún. 30.","","","https://cdn.agromedium.com/uploads/2024/03/67c9c5be001da30ef4a5/thumbnail.png"
"1769693586-1610","https://www.agromedium.com/hu-hu/novenyvedo-szerek","","Marsh 480 SL","check_circle","360 g/l glifozát","2028. dec. 31.","gyomirtó szer","2028. dec. 31.","","","https://cdn.agromedium.com/uploads/2019/04/67c9c6f3002ce784082b/thumbnail.png"
"1769693586-1611","https://www.agromedium.com/hu-hu/novenyvedo-szerek","","","","","","","","","","https://cdn.agromedium.com/uploads/2026/01/697082e3000e0b656054/file.png"
"1769693586-1612","https://www.agromedium.com/hu-hu/novenyvedo-szerek","","Master Gly","check_circle","360 g/l glifozát","2028. dec. 31.","gyomirtó szer","2028. dec. 31.","","","https://cdn.agromedium.com/uploads/2020/11/67c9c6f9001413c8202c/thumbnail.png"
"1769693586-1613","https://www.agromedium.com/hu-hu/novenyvedo-szerek","","Mateno Duo","check_circle","500 g/l aklonifen, 100 g/l diflufenikán","2027. jan. 15.","gyomirtó szer","2027. jan. 15.","","","https://cdn.agromedium.com/uploads/2019/09/67c9c6f400102ba14e1a/thumbnail.png"
"1769693586-1614","https://www.agromedium.com/hu-hu/novenyvedo-szerek","","Matiz","check_circle","250 g/l tebukonazol","2027. aug. 31.","gombaölő szer","2027. aug. 31.","","",""
"1769693586-1615","https://www.agromedium.com/hu-hu/novenyvedo-szerek","","Matiz Extra","check_circle","430 g/l tebukonazol","2027. aug. 31.","gombaölő szer","2027. aug. 31.","","","https://cdn.agromedium.com/uploads/2020/04/67c9c7010006b6068ba1/thumbnail.png"
"1769693586-1616","https://www.agromedium.com/hu-hu/novenyvedo-szerek","","Maton 600","check_circle","600 g/l 2,4-D","2029. szept. 30.","gyomirtó szer","2029. szept. 30.","","","https://cdn.agromedium.com/uploads/2019/12/67c9c5e00038baa08a17/thumbnail.jpg"
"1769693586-1617","https://www.agromedium.com/hu-hu/novenyvedo-szerek","","","","","","","","","","https://cdn.agromedium.com/uploads/2025/06/6847e89a00115b091f3c/file.png"
"1769693586-1618","https://www.agromedium.com/hu-hu/novenyvedo-szerek","","Matsuri","error","250 g/l propikonazol","2018. jan. 31.","gombaölő permetezőszer","","2018. jan. 31.","","https://cdn.agromedium.com/uploads/2023/03/67c9c5e0003c40ead470/thumbnail.png"
"1769693586-1619","https://www.agromedium.com/hu-hu/novenyvedo-szerek","","Mavita 250 EC","check_circle","250 g/l difenokonazol","2028. máj. 31.","gombaölő szer","2028. máj. 31.","","","https://cdn.agromedium.com/uploads/2019/03/67c9c5c60007ec5337c9/thumbnail.png"
"1769693586-1620","https://www.agromedium.com/hu-hu/novenyvedo-szerek","","Mavrik 24 EW","check_circle","240 g/l tau-fluvalinát","2028. jan. 31.","rovarölő szer","2028. jan. 31.","","counter_2","https://cdn.agromedium.com/uploads/2019/12/67c9c5e00038baa08a17/thumbnail.jpg"
"1769693586-1621","https://www.agromedium.com/hu-hu/novenyvedo-szerek","","Maxentis","check_circle","200 g/l azoxistrobin, 150 g/l protiokonazol","2028. márc. 31.","gombaölő szer","2028. márc. 31.","","","https://cdn.agromedium.com/uploads/2019/04/67c9c5c1001d85f5c905/thumbnail.png"
"1769693586-1622","https://www.agromedium.com/hu-hu/novenyvedo-szerek","","Maxim 025 FS","check_circle","25 g/l fludioxonil","2028. máj. 31.","csávázószer (gombaölő)","2028. máj. 31.","","counter_1","https://cdn.agromedium.com/uploads/2019/03/67c9c5c60007ec5337c9/thumbnail.png"
"1769693586-1623","https://www.agromedium.com/hu-hu/novenyvedo-szerek","","","","","","","","","","https://cdn.agromedium.com/uploads/2025/06/6847e89a00115b091f3c/file.png"
"1769693586-1624","https://www.agromedium.com/hu-hu/novenyvedo-szerek","","Maxim 480 FS","check_circle","480 g/l fludioxonil","2026. jún. 15.","csávázószer (gombaölő)","2026. jún. 15.","","","https://cdn.agromedium.com/uploads/2019/03/67c9c5c60007ec5337c9/thumbnail.png"
"1769693586-1625","https://www.agromedium.com/hu-hu/novenyvedo-szerek","","Maxim Quattro","check_circle","15 g/l azoxistrobin, 37,5 g/l fludioxonil, 29 g/l metalaxil-M, 300 g/l tiabendazol","2029. máj. 31.","gombaölő csávázószer","2029. máj. 31.","","","https://cdn.agromedium.com/uploads/2019/03/67c9c5c60007ec5337c9/thumbnail.png"
"1769693586-1626","https://www.agromedium.com/hu-hu/novenyvedo-szerek","","Maxim Star 025 FS","error","6,25 g/l ciprokonazol, 18,75 g/l fludioxonil","2021. máj. 31.","csávázószer (gombaölő)","","2021. máj. 31.","","https://cdn.agromedium.com/uploads/2019/03/67c9c5c60007ec5337c9/thumbnail.png"
"1769693586-1627","https://www.agromedium.com/hu-hu/novenyvedo-szerek","","Maxim XL 035 FS","check_circle","25 g/l fludioxonil, 9,7 g/l metalaxil-M","2027. szept. 30.","csávázószer (gombaölő)","2027. szept. 30.","","","https://cdn.agromedium.com/uploads/2019/03/67c9c5c60007ec5337c9/thumbnail.png"
"1769693586-1628","https://www.agromedium.com/hu-hu/novenyvedo-szerek","","MaximalFlow","error","46,5 % poli-N-butil-akrilátsav, 46,5 % polidimetil-sziloxán","2022. nov. 30.","csávázási segédanyag tapadásfokozásra","","2022. nov. 30.","","https://cdn.agromedium.com/uploads/2020/09/67c9c5c70014019edcec/thumbnail.jpg"
"1769693586-1629","https://www.agromedium.com/hu-hu/novenyvedo-szerek","","","","","","","","","","https://cdn.agromedium.com/uploads/2026/01/6969f7e8002c1baa38cf/file.png"
"1769693586-1630","https://www.agromedium.com/hu-hu/novenyvedo-szerek","","Maximox","check_circle","40 g/l imazamox","2028. jún. 30.","gyomirtó szer","2028. jún. 30.","","","https://cdn.agromedium.com/uploads/2024/03/67c9c5be001da30ef4a5/thumbnail.png"
"1769693586-1631","https://www.agromedium.com/hu-hu/novenyvedo-szerek","","Maxtrap Sárgalap","check_circle","70 w/w% polibutilén, 20 w/w% petroleum resin (ásványiolaj gyanta), 10 w/w% izoprén sztirén kopolimer","2031. okt. 31.","ragacsos rovarcsapda","2031. okt. 31.","","","https://cdn.agromedium.com/uploads/2025/08/689d9e7e002425564eef/thumbnail.jpg"
"1769693586-1632","https://www.agromedium.com/hu-hu/novenyvedo-szerek","","MCPA-750","check_circle","750 g/l MCPA","2027. aug. 15.","gyomirtó szer","2027. aug. 15.","","","https://cdn.agromedium.com/uploads/2019/04/67c9c5be0026299f6d49/thumbnail.png"
"1769693586-1633","https://www.agromedium.com/hu-hu/novenyvedo-szerek","","MCPB Solo Extra","check_circle","438 g/l MCPB Na","2029. okt. 31.","gyomirtó szer","2029. okt. 31.","","","https://cdn.agromedium.com/uploads/2019/12/67c9c5e00038baa08a17/thumbnail.jpg"
"1769693586-1634","https://www.agromedium.com/hu-hu/novenyvedo-szerek","","Mecaphar 750","check_circle","750 g/l MCPA (DMA-só)","2029. okt. 31.","gyomirtó szer","2029. okt. 31.","","","https://cdn.agromedium.com/uploads/2023/03/67c9c5c50021e7685e21/thumbnail.jpg"
"1769693586-1635","https://www.agromedium.com/hu-hu/novenyvedo-szerek","","","","","","","","","","https://cdn.agromedium.com/uploads/2025/11/690db9bd0030b9dd184f/file.png"
"1769693586-1636","https://www.agromedium.com/hu-hu/novenyvedo-szerek","","Mecomorn 750 SL","check_circle","750 g/l MCPA","2029. dec. 31.","gyomirtó szer","2029. dec. 31.","","counter_1","https://cdn.agromedium.com/uploads/2019/12/67c9c5e00038baa08a17/thumbnail.jpg"
"1769693586-1637","https://www.agromedium.com/hu-hu/novenyvedo-szerek","","Medal","check_circle","30 g/kg metaldehid","2027. máj. 31.","csigaölő szer","2027. máj. 31.","","","https://cdn.agromedium.com/uploads/2019/04/67c9c6f3002ce784082b/thumbnail.png"
"1769693586-1638","https://www.agromedium.com/hu-hu/novenyvedo-szerek","","Medallon Premium","check_circle","360 g/l glifozát","2028. dec. 31.","gyomirtó szer","2028. dec. 31.","","","https://cdn.agromedium.com/uploads/2019/03/67c9c5c60007ec5337c9/thumbnail.png"
"1769693586-1639","https://www.agromedium.com/hu-hu/novenyvedo-szerek","","Medax Max","check_circle","50 g/kg prohexadion-kalcium, 75 g/kg trinexapak-etil","2027. ápr. 30.","növekedésszabályzó permetezőszer","2027. ápr. 30.","","","https://cdn.agromedium.com/uploads/2020/09/67c9c5c70014019edcec/thumbnail.jpg"
"1769693586-1640","https://www.agromedium.com/hu-hu/novenyvedo-szerek","","Medax Top","check_circle","300 g/l mepiquat-klorid, 50 g/l prohexadion-kalcium","2026. okt. 15.","növekedésszabályzó permetezőszer","2026. okt. 15.","","","https://cdn.agromedium.com/uploads/2020/09/67c9c5c70014019edcec/thumbnail.jpg"
"1769693586-1641","https://www.agromedium.com/hu-hu/novenyvedo-szerek","","","","","","","","","","https://cdn.agromedium.com/uploads/2025/06/6847e89a00115b091f3c/file.png"
"1769693586-1642","https://www.agromedium.com/hu-hu/novenyvedo-szerek","","Megysto","error","70 g/l tetrakonazol, 233 g/l tiofanát-metil","2021. ápr. 19.","gombaölő szer","","2021. ápr. 19.","","https://cdn.agromedium.com/uploads/2023/03/67c9c5e0003c40ead470/thumbnail.png"
"1769693586-1643","https://www.agromedium.com/hu-hu/novenyvedo-szerek","","Melius","check_circle","5 % (m/m) polietoxilált észterek, 95 % (m/m) repceolaj","2029. dec. 31.","adalékanyag","2029. dec. 31.","","","https://cdn.agromedium.com/uploads/2020/01/67c9c71b002e45900f8a/thumbnail.png"
"1769693586-1644","https://www.agromedium.com/hu-hu/novenyvedo-szerek","","Melody Compact 49 WG","check_circle","84 g/kg iprovalikarb, 406 g/kg réz (rézoxiklorid)","2027. dec. 31.","gombaölő szer","2027. dec. 31.","","","https://cdn.agromedium.com/uploads/2019/09/67c9c6f400102ba14e1a/thumbnail.png"
"1769693586-1645","https://www.agromedium.com/hu-hu/novenyvedo-szerek","","Melody Max","check_circle","563 g/kg folpet, 90 g/kg iprovalikarb","2031. márc. 31.","gombaölő szer","2031. márc. 31.","","","https://cdn.agromedium.com/uploads/2019/09/67c9c6f400102ba14e1a/thumbnail.png"
"1769693586-1646","https://www.agromedium.com/hu-hu/novenyvedo-szerek","","Menno-Florades","error","90 g/l benzoesav","2022. dec. 31.","fertőtlenítő szer","","2022. dec. 31.","",""
"1769693586-1647","https://www.agromedium.com/hu-hu/novenyvedo-szerek","","","","","","","","","","https://cdn.agromedium.com/uploads/2026/01/6969f7e8002c1baa38cf/file.png"
"1769693586-1648","https://www.agromedium.com/hu-hu/novenyvedo-szerek","","Meristo Plus","check_circle","120 g/l dikamba, 50 g/l mezotrion","2028. márc. 31.","gyomirtó szer","2028. márc. 31.","","","https://cdn.agromedium.com/uploads/2023/01/67c9c5c70039285dc50f/thumbnail.png"
"1769693586-1649","https://www.agromedium.com/hu-hu/novenyvedo-szerek","","Merlin Flexx","check_circle","240 g/l ciproszulfamid, 240 g/l izoxaflutol","2035. júl. 31.","gyomirtó szer","2035. júl. 31.","","","https://cdn.agromedium.com/uploads/2023/03/67c9c5e0003c40ead470/thumbnail.png"
"1769693586-1650","https://www.agromedium.com/hu-hu/novenyvedo-szerek","","Mero","check_circle","81,4 m/m% demetilált repceolaj","2026. márc. 23.","permetezőszer segédanyag","2026. márc. 23.","","","https://cdn.agromedium.com/uploads/2019/09/67c9c6f400102ba14e1a/thumbnail.png"
"1769693586-1651","https://www.agromedium.com/hu-hu/novenyvedo-szerek","","Merpan 48 SC","check_circle","480 g/l kaptán","2029. júl. 31.","gombaölő szer","2029. júl. 31.","","","https://cdn.agromedium.com/uploads/2019/04/67c9c5c1001d85f5c905/thumbnail.png"
"1769693586-1652","https://www.agromedium.com/hu-hu/novenyvedo-szerek","","Merpan 80 WDG","check_circle","800 g/kg kaptán","2026. máj. 1.","gombaölő szer","2026. máj. 1.","","","https://cdn.agromedium.com/uploads/2019/04/67c9c5c1001d85f5c905/thumbnail.png"
"1769693586-1653","https://www.agromedium.com/hu-hu/novenyvedo-szerek","","","","","","","","","","https://cdn.agromedium.com/uploads/2026/01/697082e3000e0b656054/file.png"
"1769693586-1654","https://www.agromedium.com/hu-hu/novenyvedo-szerek","","Meruba","check_circle","100 g/l mezotrion","2033. máj. 31.","gyomirtó szer","2033. máj. 31.","","","https://cdn.agromedium.com/uploads/2018/08/67c9c5bf000cfc1dad7b/thumbnail.jpg"
"1769693586-1655","https://www.agromedium.com/hu-hu/novenyvedo-szerek","","Meso Trio","check_circle","312,5 g/kg dikamba, 150 g/kg mezotrion, 100 g/kg nikoszulfuron","2029. máj. 31.","gyomirtó szer","2029. máj. 31.","","","https://cdn.agromedium.com/uploads/2019/04/67c9c5c1001d85f5c905/thumbnail.png"
"1769693586-1656","https://www.agromedium.com/hu-hu/novenyvedo-szerek","","Mesotrione 480 SC","check_circle","480 g/l mezotrion","2027. júl. 31.","gyomirtó szer","2027. júl. 31.","","","https://cdn.agromedium.com/uploads/2019/03/67c9c5c60007ec5337c9/thumbnail.png"
"1769693586-1657","https://www.agromedium.com/hu-hu/novenyvedo-szerek","","Mester","check_circle","319,1 g/kg foramszulfuron, 309,3 g/kg izoxadifen-etil, 11 g/kg jodoszulfuron-metil-nátrium","2026. aug. 31.","gyomirtó szer","2026. aug. 31.","","","https://cdn.agromedium.com/uploads/2019/09/67c9c6f400102ba14e1a/thumbnail.png"
"1769693586-1658","https://www.agromedium.com/hu-hu/novenyvedo-szerek","","Mester Power","check_circle","15 g/l ciproszulfamid, 30 g/l foramszulfuron, 1 g/l jodoszulfuron-metil-nátrium, 10 g/l tienkarbazon-metil","2028. márc. 1.","gyomirtó szer","2028. márc. 1.","","","https://cdn.agromedium.com/uploads/2019/09/67c9c6f400102ba14e1a/thumbnail.png"
"1769693586-1659","https://www.agromedium.com/hu-hu/novenyvedo-szerek","","","","","","","","","","https://cdn.agromedium.com/uploads/2025/11/690db9bd0030b9dd184f/file.png"
"1769693586-1660","https://www.agromedium.com/hu-hu/novenyvedo-szerek","","Mesurol 500 FS","error","500 g/l metiokarb","2020. jan. 3.","csávázószer (rovarölő)","","2020. jan. 3.","","https://cdn.agromedium.com/uploads/2019/09/67c9c6f400102ba14e1a/thumbnail.png"
"1769693586-1661","https://www.agromedium.com/hu-hu/novenyvedo-szerek","","Metafol SC","check_circle","700 g/l metamitron","2028. aug. 31.","gyomirtó szer","2028. aug. 31.","","","https://cdn.agromedium.com/uploads/2019/04/67c9c5be0026299f6d49/thumbnail.png"
"1769693586-1662","https://www.agromedium.com/hu-hu/novenyvedo-szerek","","Metarex Inov","check_circle","40 g/kg metaldehid","2027. máj. 31.","csigaölő szer","2027. máj. 31.","","","https://cdn.agromedium.com/uploads/2019/04/67c9c5be0026299f6d49/thumbnail.png"
"1769693586-1663","https://www.agromedium.com/hu-hu/novenyvedo-szerek","","Metarock","check_circle","500 g/l metazaklór","2027. okt. 31.","gyomirtó szer","2027. okt. 31.","","",""
"1769693586-1664","https://www.agromedium.com/hu-hu/novenyvedo-szerek","","Metatron 700 SC","check_circle","700 g/l metamitron","2029. ápr. 30.","gyomirtó szer","2029. ápr. 30.","","","https://cdn.agromedium.com/uploads/2020/11/67c9c6f9001413c8202c/thumbnail.png"
"1769693586-1665","https://www.agromedium.com/hu-hu/novenyvedo-szerek","","","","","","","","","","https://cdn.agromedium.com/uploads/2026/01/6969f7e8002c1baa38cf/file.png"
"1769693586-1666","https://www.agromedium.com/hu-hu/novenyvedo-szerek","","Meteor","check_circle","840 g/kg rézoxiklorid","2026. dec. 31.","gombaölő szer","2026. dec. 31.","","","https://cdn.agromedium.com/uploads/2018/08/67c9c5bf000cfc1dad7b/thumbnail.jpg"
"1769693586-1667","https://www.agromedium.com/hu-hu/novenyvedo-szerek","","Metkon 60","check_circle","60 g metkonazol","2029. ápr. 30.","gombaölő permetezőszer","2029. ápr. 30.","","","https://cdn.agromedium.com/uploads/2025/03/67e7a23d00318586422c/thumbnail.jpg"
"1769693586-1668","https://www.agromedium.com/hu-hu/novenyvedo-szerek","","Metpro","check_circle","48 g/l metkonazol, 100 g/l protiokonazol","2026. márc. 15.","gombaölő szer","2026. márc. 15.","","",""
"1769693586-1669","https://www.agromedium.com/hu-hu/novenyvedo-szerek","","Metric","error","60 g/l klomazon, 233 g/l metribuzin","2025. máj. 24.","gyomirtó szer","","2025. máj. 24.","","https://cdn.agromedium.com/uploads/2023/01/67c9c5c70039285dc50f/thumbnail.png"
"1769693586-1670","https://www.agromedium.com/hu-hu/novenyvedo-szerek","","Metropolitan","check_circle","500 g/l metazaklór","2027. okt. 31.","gyomirtó szer","2027. okt. 31.","","","https://cdn.agromedium.com/uploads/2019/04/67c9c6f3002ce784082b/thumbnail.png"
"1769693586-1671","https://www.agromedium.com/hu-hu/novenyvedo-szerek","","","","","","","","","","https://cdn.agromedium.com/uploads/2026/01/697082e3000e0b656054/file.png"
"1769693586-1672","https://www.agromedium.com/hu-hu/novenyvedo-szerek","","Metso","check_circle","60 g/l metkonazol","2026. márc. 15.","gombaölő szer","2026. márc. 15.","","","https://cdn.agromedium.com/uploads/2019/04/67c9c6f3002ce784082b/thumbnail.png"
"1769693586-1673","https://www.agromedium.com/hu-hu/novenyvedo-szerek","","Mevalone","check_circle","33 g/l eugenol, 66 g/l geraniol, 66 g/l timol","2027. ápr. 30.","gombaölő szer","2027. ápr. 30.","","",""
"1769693586-1674","https://www.agromedium.com/hu-hu/novenyvedo-szerek","","Mextra Solo","check_circle","438 g/l MCPB Na","2029. okt. 31.","gyomirtó szer","2029. okt. 31.","","","https://cdn.agromedium.com/uploads/2018/08/67c9c5bf000cfc1dad7b/thumbnail.jpg"
"1769693586-1675","https://www.agromedium.com/hu-hu/novenyvedo-szerek","","Mextrol B","error","235 g/l bromoxinil","2021. márc. 14.","gyomirtó szer","","2021. márc. 14.","","https://cdn.agromedium.com/uploads/2019/12/67c9c5e00038baa08a17/thumbnail.jpg"
"1769693586-1676","https://www.agromedium.com/hu-hu/novenyvedo-szerek","","Mezzo","check_circle","200 g/kg metszulfuron-metil","2029. ápr. 30.","gyomirtó szer","2029. ápr. 30.","","","https://cdn.agromedium.com/uploads/2019/12/67c9c5e00038baa08a17/thumbnail.jpg"
"1769693586-1677","https://www.agromedium.com/hu-hu/novenyvedo-szerek","","","","","","","","","","https://cdn.agromedium.com/uploads/2025/06/6847e89a00115b091f3c/file.png"
"1769693586-1678","https://www.agromedium.com/hu-hu/novenyvedo-szerek","","Micexanil WP","error","6 % cimoxanil, 70 % mankoceb","2021. júl. 4.","gombaölő szer","","2021. júl. 4.","","https://cdn.agromedium.com/uploads/2019/11/67c9c7180033192a84dd/thumbnail.png"
"1769693586-1679","https://www.agromedium.com/hu-hu/novenyvedo-szerek","","Micro Special","check_circle","800 g/kg kén","2027. júl. 31.","gombaölő szer","2027. júl. 31.","","","https://cdn.agromedium.com/uploads/2019/04/67c9c6f3002ce784082b/thumbnail.png"
"1769693586-1680","https://www.agromedium.com/hu-hu/novenyvedo-szerek","","Microbio","check_circle","10 % alkilpoliglukozid citrát, 30 % etoxilált alkoholok, 30 % zsírsavak, növényi olajok metil észtere","2031. dec. 31.","segédanyag","2031. dec. 31.","","","https://cdn.agromedium.com/uploads/2019/04/67c9c5c1001d85f5c905/thumbnail.png"
"1769693586-1681","https://www.agromedium.com/hu-hu/novenyvedo-szerek","","Microkén","check_circle","800 g/kg kén","2027. júl. 31.","gombaölő szer","2027. júl. 31.","","","https://cdn.agromedium.com/uploads/2018/08/67c9c5bf000cfc1dad7b/thumbnail.jpg"
"1769693586-1682","https://www.agromedium.com/hu-hu/novenyvedo-szerek","","Microsed Geo","check_circle","5 g/kg teflutrin","2027. febr. 28.","rovarölő talajfertőtlenítő szer","2027. febr. 28.","","",""
"1769693586-1683","https://www.agromedium.com/hu-hu/novenyvedo-szerek","","","","","","","","","","https://cdn.agromedium.com/uploads/2025/06/6847e89a00115b091f3c/file.png"
"1769693586-1684","https://www.agromedium.com/hu-hu/novenyvedo-szerek","","Microthiol Max","check_circle","800 g/kg kén","2027. júl. 31.","gombaölő szer","2027. júl. 31.","","","https://cdn.agromedium.com/uploads/2018/08/67c9c5bf000cfc1dad7b/thumbnail.jpg"
"1769693586-1685","https://www.agromedium.com/hu-hu/novenyvedo-szerek","","Microthiol Special","check_circle","800 g/kg kén","2027. júl. 31.","gombaölő szer","2027. júl. 31.","","","https://cdn.agromedium.com/uploads/2024/03/67c9c5be001da30ef4a5/thumbnail.png"
"1769693586-1686","https://www.agromedium.com/hu-hu/novenyvedo-szerek","","Midash 20 SL","error","200 g/l imidakloprid","2021. szept. 10.","rovarölő szer","","2021. szept. 10.","","https://cdn.agromedium.com/uploads/2019/04/67c9c6f3002ce784082b/thumbnail.png"
"1769693586-1687","https://www.agromedium.com/hu-hu/novenyvedo-szerek","","Mido 20 SL","error","200 g/l imidakloprid","2020. dec. 1.","rovarölő szer","","2020. dec. 1.","","https://cdn.agromedium.com/uploads/2019/04/67c9c6f3002ce784082b/thumbnail.png"
"1769693586-1688","https://www.agromedium.com/hu-hu/novenyvedo-szerek","","Might 20 SL","error","200 g/l imidakloprid","2021. szept. 10.","rovarölő szer","","2021. szept. 10.","","https://cdn.agromedium.com/uploads/2019/04/67c9c6f3002ce784082b/thumbnail.png"
"1769693586-1689","https://www.agromedium.com/hu-hu/novenyvedo-szerek","","","","","","","","","","https://cdn.agromedium.com/uploads/2025/11/690db9bd0030b9dd184f/file.png"
"1769693586-1690","https://www.agromedium.com/hu-hu/novenyvedo-szerek","","Miglyphus","check_circle","Diglyphus isaea","2033. jan. 31.","makroszervezet","2033. jan. 31.","","",""
"1769693586-1691","https://www.agromedium.com/hu-hu/novenyvedo-szerek","","Milagro 040 SC","check_circle","40 g/l nikoszulfuron","2028. febr. 28.","gyomirtó szer","2028. febr. 28.","","","https://cdn.agromedium.com/uploads/2019/03/67c9c5c60007ec5337c9/thumbnail.png"
"1769693586-1692","https://www.agromedium.com/hu-hu/novenyvedo-szerek","","Milagro 240","check_circle","240 g/l nikoszulfuron","2028. dec. 31.","gyomirtó szer","2028. dec. 31.","","","https://cdn.agromedium.com/uploads/2019/03/67c9c5c60007ec5337c9/thumbnail.png"
"1769693586-1693","https://www.agromedium.com/hu-hu/novenyvedo-szerek","","Milagro Extra 6 OD","error","60 g/l nikoszulfuron","2023. márc. 24.","gyomirtó szer","","2023. márc. 24.","","https://cdn.agromedium.com/uploads/2023/01/67c9c5c70039285dc50f/thumbnail.png"
"1769693586-1694","https://www.agromedium.com/hu-hu/novenyvedo-szerek","","Milagro Max 6 OD","check_circle","60 g/l nikoszulfuron","2027. ápr. 30.","gyomirtó szer","2027. ápr. 30.","","","https://cdn.agromedium.com/uploads/2023/01/67c9c5c70039285dc50f/thumbnail.png"
"1769693586-1695","https://www.agromedium.com/hu-hu/novenyvedo-szerek","","","","","","","","","","https://cdn.agromedium.com/uploads/2026/01/6969f7e8002c1baa38cf/file.png"
"1769693586-1696","https://www.agromedium.com/hu-hu/novenyvedo-szerek","","Milagro Plus","check_circle","220 g/l dikamba, 50 g/l nikoszulfuron","2029. jan. 31.","gyomirtó szer","2029. jan. 31.","","","https://cdn.agromedium.com/uploads/2019/03/67c9c5c60007ec5337c9/thumbnail.png"
"1769693586-1697","https://www.agromedium.com/hu-hu/novenyvedo-szerek","","Milbeknock","check_circle","9,3 g/l milbemektin","2027. máj. 31.","rovar- és atkaölő szer","2027. máj. 31.","","","https://cdn.agromedium.com/uploads/2023/01/67c9c5c70039285dc50f/thumbnail.png"
"1769693586-1698","https://www.agromedium.com/hu-hu/novenyvedo-szerek","","Milcozebe 80 WP","error","800 g/kg mankoceb","2021. júl. 4.","gombaölő szer","","2021. júl. 4.","","https://cdn.agromedium.com/uploads/2019/04/67c9c708000bf84b5b8f/thumbnail.png"
"1769693586-1699","https://www.agromedium.com/hu-hu/novenyvedo-szerek","","Milcozebe DG","error","750 g/kg mankoceb","2021. júl. 4.","gombaölő szer","","2021. júl. 4.","","https://cdn.agromedium.com/uploads/2019/04/67c9c708000bf84b5b8f/thumbnail.png"
"1769693586-1700","https://www.agromedium.com/hu-hu/novenyvedo-szerek","","Mildicut","check_circle","25 g/l ciazofamid, 250 g/l dinátrium-foszfonát","2027. jan. 31.","gombaölő szer","2027. jan. 31.","","","https://cdn.agromedium.com/uploads/2023/01/67c9c5c70039285dc50f/thumbnail.png"
"1769693586-1701","https://www.agromedium.com/hu-hu/novenyvedo-szerek","","","","","","","","","","https://cdn.agromedium.com/uploads/2025/06/6847e89a00115b091f3c/file.png"
"1769693586-1702","https://www.agromedium.com/hu-hu/novenyvedo-szerek","","Mimic","check_circle","240 g/l tebufenozid","2026. aug. 31.","rovarölő szer","2026. aug. 31.","","","https://cdn.agromedium.com/uploads/2023/03/67c9c5e0003c40ead470/thumbnail.png"
"1769693586-1703","https://www.agromedium.com/hu-hu/novenyvedo-szerek","","Minecto Alpha","error","12,5 g/l acibenzolár-S-metil, 100 g/l ciántraniliprol","2025. jan. 10.","rovarölő szer","","2025. jan. 10.","","https://cdn.agromedium.com/uploads/2019/03/67c9c5c60007ec5337c9/thumbnail.png"
"1769693586-1704","https://www.agromedium.com/hu-hu/novenyvedo-szerek","","Minerve","check_circle","700 g/kg dikamba","2028. márc. 31.","gyomirtó szer","2028. márc. 31.","","","https://cdn.agromedium.com/uploads/2023/03/67c9c5e0003c40ead470/thumbnail.png"
"1769693586-1705","https://www.agromedium.com/hu-hu/novenyvedo-szerek","","Minister","error","200 g/l azoxistrobin, 80 g/l ciprokonazol","2021. máj. 31.","gombaölő permetezőszer","","2021. máj. 31.","","https://cdn.agromedium.com/uploads/2021/03/67c9c5c60001416ab5c4/thumbnail.jpg"
"1769693586-1706","https://www.agromedium.com/hu-hu/novenyvedo-szerek","","Minori","error","50 g/l lambda-cihalotrin","2016. dec. 31.","rovarölő szer","","2016. dec. 31.","",""
"1769693586-1707","https://www.agromedium.com/hu-hu/novenyvedo-szerek","","","","","","","","","","https://cdn.agromedium.com/uploads/2026/01/697082e3000e0b656054/file.png"
"1769693586-1708","https://www.agromedium.com/hu-hu/novenyvedo-szerek","","Minstrel","check_circle","200 g/l fluroxipir, 288 g/l fluroxipir-meptil","2028. júl. 31.","gyomirtó szer","2028. júl. 31.","","","https://cdn.agromedium.com/uploads/2024/03/67c9c5be001da30ef4a5/thumbnail.png"
"1769693586-1709","https://www.agromedium.com/hu-hu/novenyvedo-szerek","","Mirador","check_circle","250 g/l azoxistrobin","2027. jan. 31.","gombaölő szer","2027. jan. 31.","","","https://cdn.agromedium.com/uploads/2019/03/67c9c5c60007ec5337c9/thumbnail.png"
"1769693586-1710","https://www.agromedium.com/hu-hu/novenyvedo-szerek","","Mirador Forte","check_circle","60 g/l azoxistrobin, 100 g/l tebukonazol","2027. dec. 31.","gombaölő permetezőszer","2027. dec. 31.","","","https://cdn.agromedium.com/uploads/2019/04/67c9c5c1001d85f5c905/thumbnail.png"
"1769693586-1711","https://www.agromedium.com/hu-hu/novenyvedo-szerek","","Mirador Supreme","check_circle","125 g/l azoxistrobin, 125 g/l difenokonazol","2027. márc. 15.","gombaölő szer","2027. márc. 15.","","","https://cdn.agromedium.com/uploads/2019/04/67c9c5c1001d85f5c905/thumbnail.png"
"1769693586-1712","https://www.agromedium.com/hu-hu/novenyvedo-szerek","","Mirador Xtra","error","200 g/l azoxistrobin, 80 g/l ciprokonazol","2021. máj. 31.","gombaölő szer","","2021. máj. 31.","","https://cdn.agromedium.com/uploads/2019/04/67c9c5c1001d85f5c905/thumbnail.png"
"1769693586-1713","https://www.agromedium.com/hu-hu/novenyvedo-szerek","","","","","","","","","","https://cdn.agromedium.com/uploads/2026/01/6969f7e8002c1baa38cf/file.png"
"1769693586-1714","https://www.agromedium.com/hu-hu/novenyvedo-szerek","","Mirage 45 EC","error","450 g/l prokloráz","2021. dec. 31.","gombaölő szer","","2021. dec. 31.","","https://cdn.agromedium.com/uploads/2019/04/67c9c5c1001d85f5c905/thumbnail.png"
"1769693586-1715","https://www.agromedium.com/hu-hu/novenyvedo-szerek","","Miralon","check_circle","75 g/l azoxistrobin","2028. máj. 31.","gombaölő szer","2028. máj. 31.","","","https://cdn.agromedium.com/uploads/2020/09/67c9c5c70014019edcec/thumbnail.jpg"
"1769693586-1716","https://www.agromedium.com/hu-hu/novenyvedo-szerek","","Mirical","check_circle","Macrolophus caliginosus (ragadozó poloska)","2033. jan. 31.","makroszervezet","2033. jan. 31.","","",""
"1769693586-1717","https://www.agromedium.com/hu-hu/novenyvedo-szerek","","Misha 20 EW","error","200 g/l miklobutanil","2021. máj. 31.","gombaölő permetezőszer","","2021. máj. 31.","","https://cdn.agromedium.com/uploads/2019/04/67c9c6f3002ce784082b/thumbnail.png"
"1769693586-1718","https://www.agromedium.com/hu-hu/novenyvedo-szerek","","Mister","check_circle","250 g/l azoxistrobin","2027. jan. 31.","gombaölő szer","2027. jan. 31.","","","https://cdn.agromedium.com/uploads/2018/08/67c9c5bf000cfc1dad7b/thumbnail.jpg"
"1769693586-1719","https://www.agromedium.com/hu-hu/novenyvedo-szerek","","","","","","","","","","https://cdn.agromedium.com/uploads/2025/11/690db9bd0030b9dd184f/file.png"
"1769693586-1720","https://www.agromedium.com/hu-hu/novenyvedo-szerek","","Mistral","error","700 g/kg metribuzin","2025. máj. 24.","gyomirtó szer","","2025. máj. 24.","","https://cdn.agromedium.com/uploads/2019/04/67c9c5c1001d85f5c905/thumbnail.png"
"1769693586-1721","https://www.agromedium.com/hu-hu/novenyvedo-szerek","","Mitron 70 WG","check_circle","700 g/kg metamitron","2027. febr. 28.","gyomirtó szer","2027. febr. 28.","","",""
"1769693586-1722","https://www.agromedium.com/hu-hu/novenyvedo-szerek","","Mitron 700 SC","check_circle","700 g/l metamitron","2029. ápr. 30.","gyomirtó szer","2029. ápr. 30.","","","https://cdn.agromedium.com/uploads/2020/11/67c9c6f9001413c8202c/thumbnail.png"
"1769693586-1723","https://www.agromedium.com/hu-hu/novenyvedo-szerek","","Mixanil","error","50 g/l cimoxanil, 375 g/l klórtalonil","2019. nov. 20.","gombaölő szer","","2019. nov. 20.","",""
"1769693586-1724","https://www.agromedium.com/hu-hu/novenyvedo-szerek","","Mixin","check_circle","2,5 g/l floraszulam, 100 g/l fluroxipir","2027. dec. 31.","gyomirtó szer","2027. dec. 31.","","","https://cdn.agromedium.com/uploads/2023/06/67c9c76b00277662b3eb/thumbnail.jpg"
"1769693586-1725","https://www.agromedium.com/hu-hu/novenyvedo-szerek","","","","","","","","","","https://cdn.agromedium.com/uploads/2025/06/6847e89a00115b091f3c/file.png"
"1769693586-1726","https://www.agromedium.com/hu-hu/novenyvedo-szerek","","Mizona","check_circle","30 g/l fluxapiroxad, 200 g/l piraklostrobin","2026. máj. 31.","gombaölő permetezőszer","2026. máj. 31.","","","https://cdn.agromedium.com/uploads/2023/03/67c9c5e0003c40ead470/thumbnail.png"
"1769693586-1727","https://www.agromedium.com/hu-hu/novenyvedo-szerek","","Mobigo 100 SC","check_circle","100 g/l mezotrion","2033. máj. 31.","gyomirtó szer","2033. máj. 31.","","","https://cdn.agromedium.com/uploads/2019/04/67c9c5be0026299f6d49/thumbnail.png"
"1769693586-1728","https://www.agromedium.com/hu-hu/novenyvedo-szerek","","Moddus 250 EC","check_circle","250 g/l trinexapak-etil","2029. ápr. 30.","növekedésszabályzó szer","2029. ápr. 30.","","","https://cdn.agromedium.com/uploads/2019/03/67c9c5c60007ec5337c9/thumbnail.png"
"1769693586-1729","https://www.agromedium.com/hu-hu/novenyvedo-szerek","","Moddus Evo","check_circle","250 g/l trinexapak-etil","2039. ápr. 30.","növekedésszabályzó szer","2039. ápr. 30.","","","https://cdn.agromedium.com/uploads/2019/03/67c9c5c60007ec5337c9/thumbnail.png"
"1769693586-1730","https://www.agromedium.com/hu-hu/novenyvedo-szerek","","Modesto","error","80 g/l béta-ciflutrin, 400 g/l klotianidin","2020. jan. 31.","csávázószer","","2020. jan. 31.","","https://cdn.agromedium.com/uploads/2019/09/67c9c6f400102ba14e1a/thumbnail.png"
"1769693586-1731","https://www.agromedium.com/hu-hu/novenyvedo-szerek","","","","","","","","","","https://cdn.agromedium.com/uploads/2026/01/6969f7e8002c1baa38cf/file.png"
"1769693586-1732","https://www.agromedium.com/hu-hu/novenyvedo-szerek","","Modown 4 F","error","480 g/l bifenox","2020. dec. 31.","gyomirtó szer","","2020. dec. 31.","","https://cdn.agromedium.com/uploads/2019/04/67c9c5c1001d85f5c905/thumbnail.png"
"1769693586-1733","https://www.agromedium.com/hu-hu/novenyvedo-szerek","","Moltovin","error","35 g/l cimoxanil, 190 g/l réz (tribázikus rézszulfát)","2020. jan. 31.","gombaölő szer","","2020. jan. 31.","","https://cdn.agromedium.com/uploads/2019/12/67c9c5e00038baa08a17/thumbnail.jpg"
"1769693586-1734","https://www.agromedium.com/hu-hu/novenyvedo-szerek","","Monceren G","error","120 g/l imidakloprid, 250 g/l pencikuron","2018. szept. 19.","rovar- és gombaölő szer","","2018. szept. 19.","","https://cdn.agromedium.com/uploads/2019/09/67c9c6f400102ba14e1a/thumbnail.png"
"1769693586-1735","https://www.agromedium.com/hu-hu/novenyvedo-szerek","","Moneo","check_circle","50 g/l kizalofop-P-etil","2029. jan. 31.","gyomirtó szer","2029. jan. 31.","","","https://cdn.agromedium.com/uploads/2022/12/67c9c6f4001560c3ef62/thumbnail.jpg"
"1769693586-1736","https://www.agromedium.com/hu-hu/novenyvedo-szerek","","Monex","check_circle","10 g/kg 1-naftil-ecetsav","2026. dec. 31.","növekedésszabályzó szer","2026. dec. 31.","","","https://cdn.agromedium.com/uploads/2019/04/67c9c6f3002ce784082b/thumbnail.png"
"1769693586-1737","https://www.agromedium.com/hu-hu/novenyvedo-szerek","","","","","","","","","","https://cdn.agromedium.com/uploads/2026/01/697082e3000e0b656054/file.png"
"1769693586-1738","https://www.agromedium.com/hu-hu/novenyvedo-szerek","","Monosate G","check_circle","360 g/l glifozát","2028. dec. 31.","gyomirtó szer","2028. dec. 31.","","","https://cdn.agromedium.com/uploads/2019/10/67c9c710002c586552a1/thumbnail.png"
"1769693586-1739","https://www.agromedium.com/hu-hu/novenyvedo-szerek","","Monospel 24 EW","check_circle","240 g/l tau-fluvalinát","2028. jan. 31.","rovarölő szer","2028. jan. 31.","","counter_2","https://cdn.agromedium.com/uploads/2019/03/67c9c5c60007ec5337c9/thumbnail.png"
"1769693586-1740","https://www.agromedium.com/hu-hu/novenyvedo-szerek","","Monsoon","check_circle","22,5 g/l foramszulfuron, 22,5 g/l izoxadifen-etil","2026. nov. 30.","gyomirtó szer","2026. nov. 30.","","","https://cdn.agromedium.com/uploads/2019/09/67c9c6f400102ba14e1a/thumbnail.png"
"1769693586-1741","https://www.agromedium.com/hu-hu/novenyvedo-szerek","","Monsoon Active","check_circle","15 g/l ciproszulfamid, 31,5 g/l foramszulfuron, 10 g/l tienkarbazon-metil","2028. máj. 31.","gyomirtó szer","2028. máj. 31.","","","https://cdn.agromedium.com/uploads/2019/09/67c9c6f400102ba14e1a/thumbnail.png"
"1769693586-1742","https://www.agromedium.com/hu-hu/novenyvedo-szerek","","Montaflow","check_circle","638 g/l rézoxiklorid","2027. dec. 31.","gombaölő szer","2027. dec. 31.","","","https://cdn.agromedium.com/uploads/2019/04/67c9c5be0026299f6d49/thumbnail.png"
"1769693586-1743","https://www.agromedium.com/hu-hu/novenyvedo-szerek","","","","","","","","","","https://cdn.agromedium.com/uploads/2025/11/690db9bd0030b9dd184f/file.png"
"1769693586-1744","https://www.agromedium.com/hu-hu/novenyvedo-szerek","","Mospilan 120 SL","check_circle","120 g/l acetamiprid","2034. febr. 28.","rovarölő szer","2034. febr. 28.","","counter_1","https://cdn.agromedium.com/uploads/2023/03/67c9c5e0003c40ead470/thumbnail.png"
"1769693586-1745","https://www.agromedium.com/hu-hu/novenyvedo-szerek","","Mospilan 20 SG","check_circle","200 g/kg acetamiprid","2034. febr. 28.","rovarölő szer","2034. febr. 28.","","counter_1","https://cdn.agromedium.com/uploads/2023/03/67c9c5e0003c40ead470/thumbnail.png"
"1769693586-1746","https://www.agromedium.com/hu-hu/novenyvedo-szerek","","Mospilan 20 SG Original","check_circle","200 g/kg acetamiprid","2034. febr. 28.","rovarölő szer","2034. febr. 28.","","counter_1","https://cdn.agromedium.com/uploads/2023/03/67c9c5e0003c40ead470/thumbnail.png"
"1769693586-1747","https://www.agromedium.com/hu-hu/novenyvedo-szerek","","Mospilan 20 SP","check_circle","200 g/kg acetamiprid","2034. febr. 28.","rovarölő szer","2034. febr. 28.","","","https://cdn.agromedium.com/uploads/2023/03/67c9c5e0003c40ead470/thumbnail.png"
"1769693586-1748","https://www.agromedium.com/hu-hu/novenyvedo-szerek","","Motivell","check_circle","40 g/l nikoszulfuron","2028. febr. 28.","gyomirtó szer","2028. febr. 28.","","","https://cdn.agromedium.com/uploads/2023/01/67c9c5c70039285dc50f/thumbnail.png"
"1769693586-1749","https://www.agromedium.com/hu-hu/novenyvedo-szerek","","","","","","","","","","https://cdn.agromedium.com/uploads/2025/06/6847e89a00115b091f3c/file.png"
"1769693586-1750","https://www.agromedium.com/hu-hu/novenyvedo-szerek","","Motivell Extra 6 OD","error","60 g/l nikoszulfuron","2023. márc. 24.","gyomirtó szer","","2023. márc. 24.","","https://cdn.agromedium.com/uploads/2023/01/67c9c5c70039285dc50f/thumbnail.png"
"1769693586-1751","https://www.agromedium.com/hu-hu/novenyvedo-szerek","","Motivell Max 6 OD","check_circle","60 g/l nikoszulfuron","2027. ápr. 30.","gyomirtó szer","2027. ápr. 30.","","","https://cdn.agromedium.com/uploads/2023/01/67c9c5c70039285dc50f/thumbnail.png"
"1769693586-1752","https://www.agromedium.com/hu-hu/novenyvedo-szerek","","Movento","error","100 g/l spirotetramat","2024. ápr. 30.","rovarölő szer","","2024. ápr. 30.","","https://cdn.agromedium.com/uploads/2019/09/67c9c6f400102ba14e1a/thumbnail.png"
"1769693586-1753","https://www.agromedium.com/hu-hu/novenyvedo-szerek","","Moxa","check_circle","250 g/l trinexapak-etil","2039. ápr. 30.","növekedésszabályzó szer","2039. ápr. 30.","","","https://cdn.agromedium.com/uploads/2024/03/67c9c5be001da30ef4a5/thumbnail.png"
"1769693586-1754","https://www.agromedium.com/hu-hu/novenyvedo-szerek","","Moximate 725 WG","error","45 g/kg cimoxanil, 680 g/kg mankoceb","2021. júl. 4.","gombaölő permetezőszer","","2021. júl. 4.","","https://cdn.agromedium.com/uploads/2019/04/67c9c5be0026299f6d49/thumbnail.png"
"1769693586-1755","https://www.agromedium.com/hu-hu/novenyvedo-szerek","","","","","","","","","","https://cdn.agromedium.com/uploads/2026/01/697082e3000e0b656054/file.png"
"1769693586-1756","https://www.agromedium.com/hu-hu/novenyvedo-szerek","","Moximate 725 WP","error","45 g/kg cimoxanil, 680 g/kg mankoceb","2021. júl. 4.","gombaölő szer","","2021. júl. 4.","",""
"1769693586-1757","https://www.agromedium.com/hu-hu/novenyvedo-szerek","","Mural","check_circle","480 g/l dikamba","2027. nov. 30.","gyomirtó szer","2027. nov. 30.","","","https://cdn.agromedium.com/uploads/2019/04/67c9c5be0026299f6d49/thumbnail.png"
"1769693586-1758","https://www.agromedium.com/hu-hu/novenyvedo-szerek","","Mustang Forte","check_circle","180 g/l 2,4-D, 10 g/l aminopiralid, 5 g/l floraszulam","2028. máj. 31.","gyomirtó szer","2028. máj. 31.","","","https://cdn.agromedium.com/uploads/2025/03/67e7a23d00318586422c/thumbnail.jpg"
"1769693586-1759","https://www.agromedium.com/hu-hu/novenyvedo-szerek","","Mustang SE","check_circle","300 g/l 2,4-D, 6,25 g/l floraszulam","2028. nov. 30.","gyomirtó szer","2028. nov. 30.","","","https://cdn.agromedium.com/uploads/2019/04/67c9c5be0026299f6d49/thumbnail.png"
"1769693586-1760","https://www.agromedium.com/hu-hu/novenyvedo-szerek","","Mystic 200 EW","check_circle","200 g/l tebukonazol","2027. nov. 30.","gombaölő szer","2027. nov. 30.","","","https://cdn.agromedium.com/uploads/2019/12/67c9c5e00038baa08a17/thumbnail.jpg"
"1769693586-1761","https://www.agromedium.com/hu-hu/novenyvedo-szerek","","","","","","","","","","https://cdn.agromedium.com/uploads/2025/11/690db9bd0030b9dd184f/file.png"
"1769693586-1762","https://www.agromedium.com/hu-hu/novenyvedo-szerek","","Mystic 250 EC","check_circle","250 g/l tebukonazol","2027. dec. 31.","gombaölő szer","2027. dec. 31.","","","https://cdn.agromedium.com/uploads/2019/12/67c9c5e00038baa08a17/thumbnail.jpg"
"1769693586-1763","https://www.agromedium.com/hu-hu/novenyvedo-szerek","","Mystic 250 EW","check_circle","250 g/l tebukonazol","2027. jan. 31.","gombaölő permetezőszer","2027. jan. 31.","","","https://cdn.agromedium.com/uploads/2019/12/67c9c5e00038baa08a17/thumbnail.jpg"
"1769693586-1764","https://www.agromedium.com/hu-hu/novenyvedo-szerek","","Mystic Pro 500","error","300 g/l prokloráz, 200 g/l tebukonazol","2021. dec. 31.","gombaölő szer","","2021. dec. 31.","","https://cdn.agromedium.com/uploads/2019/12/67c9c5e00038baa08a17/thumbnail.jpg"
"1769693586-1765","https://www.agromedium.com/hu-hu/novenyvedo-szerek","","Naceto SC","warning","200 g/l diflufenikán, 400 g/l flufenacet","2026. dec. 10.","gyomirtó szer","","","","https://cdn.agromedium.com/uploads/2023/01/67c9c5c70039285dc50f/thumbnail.png"
"1769693586-1766","https://www.agromedium.com/hu-hu/novenyvedo-szerek","","Nagano","error","100 g/l bromoxinil, 100 g/l mezotrion","2021. márc. 14.","gyomirtó szer","","2021. márc. 14.","","https://cdn.agromedium.com/uploads/2023/03/67c9c5c50021e7685e21/thumbnail.jpg"
"1769693586-1767","https://www.agromedium.com/hu-hu/novenyvedo-szerek","","","","","","","","","","https://cdn.agromedium.com/uploads/2026/01/697082e3000e0b656054/file.png"
"1769693586-1768","https://www.agromedium.com/hu-hu/novenyvedo-szerek","","Nagomi","error","25 g/kg lambda-cihalotrin","2016. dec. 31.","rovarölő szer","","2016. dec. 31.","",""
"1769693586-1769","https://www.agromedium.com/hu-hu/novenyvedo-szerek","","Nando 500 SC","check_circle","500 g/l fluazinam","2027. ápr. 15.","gombaölő szer","2027. ápr. 15.","","","https://cdn.agromedium.com/uploads/2019/12/67c9c5e00038baa08a17/thumbnail.jpg"
"1769693586-1770","https://www.agromedium.com/hu-hu/novenyvedo-szerek","","NanoTac EC","check_circle","3-(polioxietilén)propilheptametil-trisziloxán","2029. márc. 31.","levéltetű gyérítő készítmény","2029. márc. 31.","","","https://cdn.agromedium.com/uploads/2019/10/67c9c6fa000ba15ae8da/thumbnail.png"
"1769693586-1771","https://www.agromedium.com/hu-hu/novenyvedo-szerek","","Narval","check_circle","40 g/l nikoszulfuron","2028. márc. 31.","gyomirtó szer","2028. márc. 31.","","","https://cdn.agromedium.com/uploads/2018/08/67c9c5bf000cfc1dad7b/thumbnail.jpg"
"1769693586-1772","https://www.agromedium.com/hu-hu/novenyvedo-szerek","","Nasa Neo","check_circle","360 g/l glifozát","2027. márc. 31.","gyomirtó szer","2027. márc. 31.","","","https://cdn.agromedium.com/uploads/2023/03/67c9c72800396ea3aa69/thumbnail.jpg"
"1769693586-1773","https://www.agromedium.com/hu-hu/novenyvedo-szerek","","","","","","","","","","https://cdn.agromedium.com/uploads/2025/06/6847e89a00115b091f3c/file.png"
"1769693586-1774","https://www.agromedium.com/hu-hu/novenyvedo-szerek","","Naspar","check_circle","400 g/l metazaklór","2029. jún. 30.","gyomirtó szer","2029. jún. 30.","","","https://cdn.agromedium.com/uploads/2019/04/67c9c5be0026299f6d49/thumbnail.png"
"1769693586-1775","https://www.agromedium.com/hu-hu/novenyvedo-szerek","","Naspar 500 SC","check_circle","500 g/l metazaklór","2027. okt. 31.","gyomirtó szer","2027. okt. 31.","","",""
"1769693586-1776","https://www.agromedium.com/hu-hu/novenyvedo-szerek","","Naspar Plus","check_circle","333 g/l metazaklór, 83 g/l quinmerak","2029. máj. 31.","gyomirtó szer","2029. máj. 31.","","","https://cdn.agromedium.com/uploads/2020/09/67c9c5c70014019edcec/thumbnail.jpg"
"1769693586-1777","https://www.agromedium.com/hu-hu/novenyvedo-szerek","","Nativo 300 SC","check_circle","200 g/l tebukonazol, 100 g/l trifloxistrobin","2029. aug. 31.","gombaölő szer","2029. aug. 31.","","","https://cdn.agromedium.com/uploads/2019/09/67c9c6f400102ba14e1a/thumbnail.png"
"1769693586-1778","https://www.agromedium.com/hu-hu/novenyvedo-szerek","","Naturalis-L","error","0,185 g/kg Beauveria bassiana (ATCC 74040)","2025. szept. 30.","biológiai rovarölő szer","","2025. szept. 30.","","https://cdn.agromedium.com/uploads/2019/09/67c9c5cf002c6dbae44c/thumbnail.png"
"1769693586-1779","https://www.agromedium.com/hu-hu/novenyvedo-szerek","","","","","","","","","","https://cdn.agromedium.com/uploads/2026/01/697082e3000e0b656054/file.png"
"1769693586-1780","https://www.agromedium.com/hu-hu/novenyvedo-szerek","","Nautile WG","error","50 g/kg cimoxanil, 680 g/kg mankoceb","2021. júl. 4.","gombaölő permetezőszer","","2021. júl. 4.","",""
"1769693586-1781","https://www.agromedium.com/hu-hu/novenyvedo-szerek","","Nautius","check_circle","400 g/kg tifenszulfuron-metil, 150 g/kg tribenuron-metil","2032. okt. 31.","gyomirtó szer","2032. okt. 31.","","","https://cdn.agromedium.com/uploads/2020/04/67c9c7010006b6068ba1/thumbnail.png"
"1769693586-1782","https://www.agromedium.com/hu-hu/novenyvedo-szerek","","Neat 4 SC","check_circle","40 g/l nikoszulfuron","2028. márc. 31.","gyomirtó szer","2028. márc. 31.","","","https://cdn.agromedium.com/uploads/2018/08/67c9c5bf000cfc1dad7b/thumbnail.jpg"
"1769693586-1783","https://www.agromedium.com/hu-hu/novenyvedo-szerek","","Necator Plus","check_circle","796 g/kg kén","2027. júl. 31.","gombaölő szer","2027. júl. 31.","","","https://cdn.agromedium.com/uploads/2019/12/67c9c75f0018f9867c2d/thumbnail.png"
"1769693586-1784","https://www.agromedium.com/hu-hu/novenyvedo-szerek","","Neem Azal T/S","check_circle","10 g/l azadiraktin","2030. máj. 31.","rovarölő szer","2030. máj. 31.","","counter_1","https://cdn.agromedium.com/uploads/2019/09/67c9c5cf002c6dbae44c/thumbnail.png"
"1769693586-1785","https://www.agromedium.com/hu-hu/novenyvedo-szerek","","","","","","","","","","https://cdn.agromedium.com/uploads/2026/01/6969f7e8002c1baa38cf/file.png"
"1769693586-1786","https://www.agromedium.com/hu-hu/novenyvedo-szerek","","Nemacur 240 CS","error","240 g/l fenamifosz","2021. márc. 23.","fonálféregölő szer","","2021. márc. 23.","",""
"1769693586-1787","https://www.agromedium.com/hu-hu/novenyvedo-szerek","","Nemasol 510","check_circle","510 g/l metam-nátrium","2029. jún. 30.","talajfertőtlenítő szer","2029. jún. 30.","","","https://cdn.agromedium.com/uploads/2019/11/67c9c6f5001afb1c3107/thumbnail.png"
"1769693586-1788","https://www.agromedium.com/hu-hu/novenyvedo-szerek","","Nemastar","check_circle","50 % kovaföld, 15 % Steinernema carpocapsae","2034. ápr. 30.","makroszervezet","2034. ápr. 30.","","","https://cdn.agromedium.com/uploads/2019/09/67c9c5cf002c6dbae44c/thumbnail.png"
"1769693586-1789","https://www.agromedium.com/hu-hu/novenyvedo-szerek","","Nemasys-M","check_circle","Steinernema feltiae parazita fonálféreg","2026. márc. 23.","makroszervezet","2026. márc. 23.","","","https://cdn.agromedium.com/uploads/2020/09/67c9c5c70014019edcec/thumbnail.jpg"
"1769693586-1790","https://www.agromedium.com/hu-hu/novenyvedo-szerek","","Nemathorin 10 G","check_circle","10 % fosztiazat","2028. jan. 31.","talajfertőtlenítő szer","2028. jan. 31.","","","https://cdn.agromedium.com/uploads/2019/03/67c9c5c60007ec5337c9/thumbnail.png"
"1769693586-1791","https://www.agromedium.com/hu-hu/novenyvedo-szerek","","","","","","","","","","https://cdn.agromedium.com/uploads/2025/11/690db9bd0030b9dd184f/file.png"
"1769693586-1792","https://www.agromedium.com/hu-hu/novenyvedo-szerek","","Nematop","check_circle","10 % Heterorhabditis bacteriophora","2028. nov. 30.","makroszervezet","2028. nov. 30.","","","https://cdn.agromedium.com/uploads/2019/09/67c9c5cf002c6dbae44c/thumbnail.png"
"1769693586-1793","https://www.agromedium.com/hu-hu/novenyvedo-szerek","","Nemguard SC","warning","100 % fokhagymakivonat","2026. jún. 1.","fonálféregölő szer","","","",""
"1769693586-1794","https://www.agromedium.com/hu-hu/novenyvedo-szerek","","Nemycel","check_circle","65 % kovaföld, 10 % Steinernema feltiae parazita fonálféreg","2032. jún. 30.","makroszervezet","2032. jún. 30.","","","https://cdn.agromedium.com/uploads/2019/09/67c9c5cf002c6dbae44c/thumbnail.png"
"1769693586-1795","https://www.agromedium.com/hu-hu/novenyvedo-szerek","","Neo-Stop","error","10 g/kg klórprofám","2020. jan. 8.","csírázásgátló szer","","2020. jan. 8.","","https://cdn.agromedium.com/uploads/2019/04/67c9c5be0026299f6d49/thumbnail.png"
"1769693586-1796","https://www.agromedium.com/hu-hu/novenyvedo-szerek","","Neo-Stop 120 RTU","error","120 g/l klórprofám","2020. jan. 8.","növekedésszabályozó készítmény","","2020. jan. 8.","",""
"1769693586-1797","https://www.agromedium.com/hu-hu/novenyvedo-szerek","","","","","","","","","","https://cdn.agromedium.com/uploads/2025/06/6847e89a00115b091f3c/file.png"
"1769693586-1798","https://www.agromedium.com/hu-hu/novenyvedo-szerek","","Neoram 37,5 WG","check_circle","630 g/kg rézoxiklorid","2026. dec. 31.","gombaölő szer","2026. dec. 31.","","","https://cdn.agromedium.com/uploads/2019/03/67c9c5c60007ec5337c9/thumbnail.png"
"1769693586-1799","https://www.agromedium.com/hu-hu/novenyvedo-szerek","","Nero","check_circle","24 g/l klomazon, 400 g/l petoxamid","2026. jún. 15.","gyomirtó szer","2026. jún. 15.","","","https://cdn.agromedium.com/uploads/2019/04/67c9c5be0013b6f965bb/thumbnail.png"
"1769693586-1800","https://www.agromedium.com/hu-hu/novenyvedo-szerek","","Neudosan Neu","check_circle","515 g/l C7-C18 zsírsavak kálium-sója","2027. dec. 1.","rovarölő szer","2027. dec. 1.","","",""
"1769693586-1801","https://www.agromedium.com/hu-hu/novenyvedo-szerek","","Nevikén","check_circle","58 % paraffinolaj, 7 % poliszulfidkén","2027. dec. 31.","lemosó szer","2027. dec. 31.","","","https://cdn.agromedium.com/uploads/2019/11/67c9c6fc00201ede0878/thumbnail.png"
"1769693586-1802","https://www.agromedium.com/hu-hu/novenyvedo-szerek","","Nevikén Extra","check_circle","58 % paraffinolaj, 7 % poliszulfidkén","2027. dec. 31.","rovar- és gombaölő szer","2027. dec. 31.","","","https://cdn.agromedium.com/uploads/2021/03/67c9c5c60001416ab5c4/thumbnail.jpg"
"1769693586-1803","https://www.agromedium.com/hu-hu/novenyvedo-szerek","","","","","","","","","","https://cdn.agromedium.com/uploads/2026/01/6969f7e8002c1baa38cf/file.png"
"1769693586-1804","https://www.agromedium.com/hu-hu/novenyvedo-szerek","","Nexide 60 CS","check_circle","60 g/l gamma-cihalotrin","2027. dec. 31.","rovarölő szer","2027. dec. 31.","","","https://cdn.agromedium.com/uploads/2023/06/67c9c76b00277662b3eb/thumbnail.jpg"
"1769693586-1805","https://www.agromedium.com/hu-hu/novenyvedo-szerek","","Nexsuba","check_circle","240 g/l spinozad","2027. okt. 31.","rovarölő szer","2027. okt. 31.","","","https://cdn.agromedium.com/uploads/2019/04/67c9c5be0013b6f965bb/thumbnail.png"
"1769693586-1806","https://www.agromedium.com/hu-hu/novenyvedo-szerek","","Next","check_circle","250 g/l trinexapak-etil","2039. ápr. 30.","növekedésszabályzó szer","2039. ápr. 30.","","","https://cdn.agromedium.com/uploads/2019/04/67c9c6f3002ce784082b/thumbnail.png"
"1769693586-1807","https://www.agromedium.com/hu-hu/novenyvedo-szerek","","Nexy DCo","check_circle","570 g/kg Candida oleophila O törzse","2026. okt. 31.","gombaölő szer","2026. okt. 31.","","",""
"1769693586-1808","https://www.agromedium.com/hu-hu/novenyvedo-szerek","","Nezapar","check_circle","Trissolcus basalis parazitoid fürkészdarázs","2033. febr. 28.","makroszervezet","2033. febr. 28.","","","https://cdn.agromedium.com/uploads/2024/05/67c9c7160028eade76b4/thumbnail.jpg"
"1769693586-1809","https://www.agromedium.com/hu-hu/novenyvedo-szerek","","","","","","","","","","https://cdn.agromedium.com/uploads/2026/01/697082e3000e0b656054/file.png"
"1769693586-1810","https://www.agromedium.com/hu-hu/novenyvedo-szerek","","Nic-4","check_circle","40 g/l nikoszulfuron","2028. márc. 31.","gyomirtó szer","2028. márc. 31.","","","https://cdn.agromedium.com/uploads/2019/04/67c9c6f3002ce784082b/thumbnail.png"
"1769693586-1811","https://www.agromedium.com/hu-hu/novenyvedo-szerek","","Nic-It","check_circle","240 g/l nikoszulfuron","2028. dec. 31.","gyomirtó szer","2028. dec. 31.","","","https://cdn.agromedium.com/uploads/2019/04/67c9c5be0013b6f965bb/thumbnail.png"
"1769693586-1812","https://www.agromedium.com/hu-hu/novenyvedo-szerek","","Nicogan","check_circle","40 g/l nikoszulfuron","2028. márc. 31.","gyomirtó szer","2028. márc. 31.","","","https://cdn.agromedium.com/uploads/2019/04/67c9c5c1001d85f5c905/thumbnail.png"
"1769693586-1813","https://www.agromedium.com/hu-hu/novenyvedo-szerek","","Nicosh 4 SC","check_circle","40 g/l nikoszulfuron","2028. márc. 31.","gyomirtó szer","2028. márc. 31.","","","https://cdn.agromedium.com/uploads/2019/04/67c9c6f3002ce784082b/thumbnail.png"
"1769693586-1814","https://www.agromedium.com/hu-hu/novenyvedo-szerek","","Nimrod 25 EC","check_circle","250 g/l bupirimát","2027. okt. 31.","gombaölő szer","2027. okt. 31.","","","https://cdn.agromedium.com/uploads/2019/04/67c9c5c1001d85f5c905/thumbnail.png"
"1769693586-1815","https://www.agromedium.com/hu-hu/novenyvedo-szerek","","","","","","","","","","https://cdn.agromedium.com/uploads/2025/11/690db9bd0030b9dd184f/file.png"
"1769693586-1816","https://www.agromedium.com/hu-hu/novenyvedo-szerek","","Ninja Zeon 5 CS","check_circle","50 g/l lambda-cihalotrin","2028. dec. 31.","rovarölő szer","2028. dec. 31.","","counter_2","https://cdn.agromedium.com/uploads/2023/03/67c9c5c50021e7685e21/thumbnail.jpg"
"1769693586-1817","https://www.agromedium.com/hu-hu/novenyvedo-szerek","","Nisha 40 % SC","check_circle","40 g/l nikoszulfuron","2028. márc. 31.","gyomirtó szer","2028. márc. 31.","","","https://cdn.agromedium.com/uploads/2019/04/67c9c6f3002ce784082b/thumbnail.png"
"1769693586-1818","https://www.agromedium.com/hu-hu/novenyvedo-szerek","","Nisshin 40 SC","check_circle","40 g/l nikoszulfuron","2028. febr. 28.","gyomirtó szer","2028. febr. 28.","","","https://cdn.agromedium.com/uploads/2019/04/67c9c6f8002fe783f03a/thumbnail.png"
"1769693586-1819","https://www.agromedium.com/hu-hu/novenyvedo-szerek","","Nisshin Extra 6 OD","error","60 g/l nikoszulfuron","2023. márc. 24.","gyomirtó szer","","2023. márc. 24.","","https://cdn.agromedium.com/uploads/2019/04/67c9c6f8002fe783f03a/thumbnail.png"
"1769693586-1820","https://www.agromedium.com/hu-hu/novenyvedo-szerek","","Nisshin Max 6 OD","check_circle","60 g/l nikoszulfuron","2027. ápr. 30.","gyomirtó szer","2027. ápr. 30.","","","https://cdn.agromedium.com/uploads/2023/01/67c9c5c70039285dc50f/thumbnail.png"
"1769693586-1821","https://www.agromedium.com/hu-hu/novenyvedo-szerek","","","","","","","","","","https://cdn.agromedium.com/uploads/2025/06/6847e89a00115b091f3c/file.png"
"1769693586-1822","https://www.agromedium.com/hu-hu/novenyvedo-szerek","","Nissorun 10 WP","check_circle","100 g/kg hexitiazox","2028. jan. 31.","atkaölő szer","2028. jan. 31.","","counter_1","https://cdn.agromedium.com/uploads/2023/03/67c9c5e0003c40ead470/thumbnail.png"
"1769693586-1823","https://www.agromedium.com/hu-hu/novenyvedo-szerek","","Nissorun 25 SC","","250 g/l hexitiazox","Alapengedély","","","","",""
"1769693586-1824","https://www.agromedium.com/hu-hu/novenyvedo-szerek","","Nixon 50 SG","check_circle","500 g/kg nikoszulfuron","2029. ápr. 30.","gyomirtó szer","2029. ápr. 30.","","","https://cdn.agromedium.com/uploads/2020/04/67c9c6f4002d68edb2b0/thumbnail.png"
"1769693586-1825","https://www.agromedium.com/hu-hu/novenyvedo-szerek","","Nonit","check_circle","633 g/l dioktil-szulfoszukcinát Na só","2029. szept. 30.","nedvesítő szer","2029. szept. 30.","","","https://cdn.agromedium.com/uploads/2020/04/67c9c7010006b6068ba1/thumbnail.png"
"1769693586-1826","https://www.agromedium.com/hu-hu/novenyvedo-szerek","","Nordox 75 WG","check_circle","86 m/m% réz(l)oxid","2029. máj. 31.","gombaölő szer","2029. máj. 31.","","","https://cdn.agromedium.com/uploads/2019/04/67c9c5c1001d85f5c905/thumbnail.png"
"1769693586-1827","https://www.agromedium.com/hu-hu/novenyvedo-szerek","","","","","","","","","","https://cdn.agromedium.com/uploads/2026/01/697082e3000e0b656054/file.png"
"1769693586-1828","https://www.agromedium.com/hu-hu/novenyvedo-szerek","","Novagib","check_circle","10 g/l gibberellinek (GA4, GA7)","2027. ápr. 30.","növekedésszabályzó permetezőszer","2027. ápr. 30.","","","https://cdn.agromedium.com/uploads/2023/03/67c9c5e0003c40ead470/thumbnail.png"
"1769693586-1829","https://www.agromedium.com/hu-hu/novenyvedo-szerek","","Novixid","check_circle","12,5 g/l florpirauxifen-benzil, 20 g/l penoxszulam","2026. ápr. 30.","gyomirtó szer (OD)","2026. ápr. 30.","","","https://cdn.agromedium.com/uploads/2025/03/67e7a23d00318586422c/thumbnail.jpg"
"1769693586-1830","https://www.agromedium.com/hu-hu/novenyvedo-szerek","","Novodor FC","error","3 % Bacillus thuringiensis (var. tenebrionis)","2019. ápr. 30.","rovarölő szer","","2019. ápr. 30.","","https://cdn.agromedium.com/uploads/2019/09/67c9c5cf002c6dbae44c/thumbnail.png"
"1769693586-1831","https://www.agromedium.com/hu-hu/novenyvedo-szerek","","Nu-Film 17","check_circle","96 % pinolén","2026. szept. 30.","permetezőszer segédanyag","2026. szept. 30.","","","https://cdn.agromedium.com/uploads/2018/08/67c9c5bf000cfc1dad7b/thumbnail.jpg"
"1769693586-1832","https://www.agromedium.com/hu-hu/novenyvedo-szerek","","Nuance 750 WG","check_circle","750 g/kg tribenuron-metil","2035. jan. 30.","gyomirtó szer","2035. jan. 30.","","","https://cdn.agromedium.com/uploads/2019/12/67c9c5e00038baa08a17/thumbnail.jpg"
"1769693586-1833","https://www.agromedium.com/hu-hu/novenyvedo-szerek","","","","","","","","","","https://cdn.agromedium.com/uploads/2025/06/6847e89a00115b091f3c/file.png"
"1769693586-1834","https://www.agromedium.com/hu-hu/novenyvedo-szerek","","Nuance Super","check_circle","500 g/kg tifenszulfuron-metil, 250 g/kg tribenuron-metil","2028. szept. 30.","gyomirtó szer","2028. szept. 30.","","","https://cdn.agromedium.com/uploads/2019/12/67c9c5e00038baa08a17/thumbnail.jpg"
"1769693586-1835","https://www.agromedium.com/hu-hu/novenyvedo-szerek","","Nufarm - Agility + Alliance","package_2","16 ha/csomag: árpa, búza","800 g Alliance 660 WG","","","","","https://cdn.agromedium.com/uploads/2019/12/67c9c5e00038baa08a17/thumbnail.jpg"
"1769693586-1836","https://www.agromedium.com/hu-hu/novenyvedo-szerek","","Nufarm - Agility + Alliance + Carnadine","package_2","32 ha/csomag: árpa, búza","2x20 L Agility","5x1 L Carnadine","","","","https://cdn.agromedium.com/uploads/2019/12/67c9c5e00038baa08a17/thumbnail.jpg"
"1769693586-1837","https://www.agromedium.com/hu-hu/novenyvedo-szerek","","Nufarm - Carnadine + Sumi Alfa Kalászos","package_2","80 ha/csomag: kalászosok","16x1 l Sumi Alfa 5 EC","","","","","https://cdn.agromedium.com/uploads/2019/12/67c9c5e00038baa08a17/thumbnail.jpg"
"1769693586-1838","https://www.agromedium.com/hu-hu/novenyvedo-szerek","","Nufarm - Carnadine + Sumi Alfa Repce","package_2","48-66 ha/csomag: káposztarepce","4x5 L Sumi Alfa 5 EC","","","","","https://cdn.agromedium.com/uploads/2019/12/67c9c5e00038baa08a17/thumbnail.jpg"
"1769693586-1839","https://www.agromedium.com/hu-hu/novenyvedo-szerek","","","","","","","","","","https://cdn.agromedium.com/uploads/2025/11/690db9bd0030b9dd184f/file.png"
"1769693586-1840","https://www.agromedium.com/hu-hu/novenyvedo-szerek","","Nufarm - Goldcorn Csomag","package_2","10 ha/csomag","1x5 l Kideka","3x5 l Valentia","","","","https://cdn.agromedium.com/uploads/2019/12/67c9c5e00038baa08a17/thumbnail.jpg"
"1769693586-1841","https://www.agromedium.com/hu-hu/novenyvedo-szerek","","Nufarm - Joust + Orius","package_2","25-30 ha/csomag: kalászosok","4x5 L Joust 250 EC","","","","","https://cdn.agromedium.com/uploads/2019/12/67c9c5e00038baa08a17/thumbnail.jpg"
"1769693586-1842","https://www.agromedium.com/hu-hu/novenyvedo-szerek","","Nufarm - Joust + Tazer","package_2","20-25 ha/csomag: kalászosok, káposztarepce, olajretek","3x5 L Joust 250 EC","","","","","https://cdn.agromedium.com/uploads/2019/12/67c9c5e00038baa08a17/thumbnail.jpg"
"1769693586-1843","https://www.agromedium.com/hu-hu/novenyvedo-szerek","","Nufarm - Mystic + Sumi Alfa + Gramin","package_2","káposztarepce","4x5 L Mystic 250 EW","4x5 L Gramin","","","","https://cdn.agromedium.com/uploads/2019/12/67c9c5e00038baa08a17/thumbnail.jpg"
"1769693586-1844","https://www.agromedium.com/hu-hu/novenyvedo-szerek","","Nufarm - Nuance + Trekka","package_2","4-10 ha/csomag: kalászosok","100 g Nuance 750 WG","","","","","https://cdn.agromedium.com/uploads/2019/12/67c9c5e00038baa08a17/thumbnail.jpg"
"1769693586-1845","https://www.agromedium.com/hu-hu/novenyvedo-szerek","","","","","","","","","","https://cdn.agromedium.com/uploads/2026/01/697082e3000e0b656054/file.png"
"1769693586-1846","https://www.agromedium.com/hu-hu/novenyvedo-szerek","","Nufarm - Nuance Super + Mecomorn + Trekka","package_2","20 ha/csomag: kalászosok","8x100 g Nuance Super","2x1 L Trekka","","","","https://cdn.agromedium.com/uploads/2019/12/67c9c5e00038baa08a17/thumbnail.jpg"
"1769693586-1847","https://www.agromedium.com/hu-hu/novenyvedo-szerek","","Nufarm - Nuance Super + Trekka","package_2","3-5 ha/csomag: kalászosok","2x100 g Nuance Super","","","","","https://cdn.agromedium.com/uploads/2019/12/67c9c5e00038baa08a17/thumbnail.jpg"
"1769693586-1848","https://www.agromedium.com/hu-hu/novenyvedo-szerek","","Nufarm - Nuance Superb Trek","package_2","3-5 ha/csomag: kalászosok","2x100 g Nuance Super","1 L Trekka","","","","https://cdn.agromedium.com/uploads/2019/12/67c9c5e00038baa08a17/thumbnail.jpg"
"1769693586-1849","https://www.agromedium.com/hu-hu/novenyvedo-szerek","","Nufarm - Nuance Superb Trek Kombi","package_2","5 ha/csomag: kalászosok","2x100 g Nuance Super","1 L Trekka","","","5 L Mystic 250 EW","https://cdn.agromedium.com/uploads/2019/12/67c9c5e00038baa08a17/thumbnail.jpg"
"1769693586-1850","https://www.agromedium.com/hu-hu/novenyvedo-szerek","","Nufarm - Stabilan + Optimus","package_2","40 ha/csomag: búza","8x10 L Stabilan SL","","","","","https://cdn.agromedium.com/uploads/2019/12/67c9c5e00038baa08a17/thumbnail.jpg"
"1769693586-1851","https://www.agromedium.com/hu-hu/novenyvedo-szerek","","","","","","","","","","https://cdn.agromedium.com/uploads/2025/11/690db9bd0030b9dd184f/file.png"
"1769693586-1852","https://www.agromedium.com/hu-hu/novenyvedo-szerek","","Nufarm - Tazer Kombi","package_2","10 ha/csomag: árpa, búza, rozs, tritikálé, zab","2x5 l Tazer 250 SC","","","","","https://cdn.agromedium.com/uploads/2019/12/67c9c5e00038baa08a17/thumbnail.jpg"
"1769693586-1853","https://www.agromedium.com/hu-hu/novenyvedo-szerek","","Nufarm - Tengeri Ikercsomag A","package_2","10 ha/csomag: kukorica","3x5 L Eli-T","","","","","https://cdn.agromedium.com/uploads/2019/12/67c9c5e00038baa08a17/thumbnail.jpg"
"1769693586-1854","https://www.agromedium.com/hu-hu/novenyvedo-szerek","","Nufarm - Tengeri Ikercsomag A+B","package_2","10 ha/csomag: kukorica","3x5 l Eli-T","2x5 l Ikanos","","","2x5 l Dicopur Top 464 SL","https://cdn.agromedium.com/uploads/2019/12/67c9c5e00038baa08a17/thumbnail.jpg"
"1769693586-1855","https://www.agromedium.com/hu-hu/novenyvedo-szerek","","Nufarm - Tengeri Ikercsomag B","package_2","10 ha/csomag: kukorica","2x5 L Ikanos","","","","","https://cdn.agromedium.com/uploads/2019/12/67c9c5e00038baa08a17/thumbnail.jpg"
"1769693586-1856","https://www.agromedium.com/hu-hu/novenyvedo-szerek","","Nufarm - Tropotox XT + Tazer 250 SC","package_2","3,75-7,5 ha/csomag: borsó","3x5 L Tropotox XT","","","","","https://cdn.agromedium.com/uploads/2019/12/67c9c5e00038baa08a17/thumbnail.jpg"
"1769693586-1857","https://www.agromedium.com/hu-hu/novenyvedo-szerek","","","","","","","","","","https://cdn.agromedium.com/uploads/2025/06/6847e89a00115b091f3c/file.png"
"1769693586-1858","https://www.agromedium.com/hu-hu/novenyvedo-szerek","","Nufozát Free","error","360 g/l glifozát","2024. ápr. 11.","gyomirtó szer","","2024. ápr. 11.","","https://cdn.agromedium.com/uploads/2019/12/67c9c5e00038baa08a17/thumbnail.jpg"
"1769693586-1859","https://www.agromedium.com/hu-hu/novenyvedo-szerek","","Nufozát Up","check_circle","360 g/l glifozát","2028. dec. 31.","gyomirtó szer","2028. dec. 31.","","","https://cdn.agromedium.com/uploads/2021/03/67c9c5c60001416ab5c4/thumbnail.jpg"
"1769693586-1860","https://www.agromedium.com/hu-hu/novenyvedo-szerek","","Nurelle M","error","40 g/l cipermetrin, 400 g/l klórpirifosz-metil","2020. febr. 16.","rovarölő szer","","2020. febr. 16.","","https://cdn.agromedium.com/uploads/2020/04/67c9c7010006b6068ba1/thumbnail.png"
"1769693586-1861","https://www.agromedium.com/hu-hu/novenyvedo-szerek","","Nurelle-D 50/500 EC","error","50 g/l cipermetrin, 500 g/l klórpirifosz","2020. febr. 16.","rovarölő szer","","2020. febr. 16.","","https://cdn.agromedium.com/uploads/2025/03/67e7a23d00318586422c/thumbnail.jpg"
"1769693586-1862","https://www.agromedium.com/hu-hu/novenyvedo-szerek","","NUYARD","check_circle","100 g/l deltametrin","2027. okt. 31.","rovarölő szer","2027. okt. 31.","","counter_1","https://cdn.agromedium.com/uploads/2019/09/67c9c6f400102ba14e1a/thumbnail.png"
"1769693586-1863","https://www.agromedium.com/hu-hu/novenyvedo-szerek","","","","","","","","","","https://cdn.agromedium.com/uploads/2026/01/6969f7e8002c1baa38cf/file.png"
"1769693586-1864","https://www.agromedium.com/hu-hu/novenyvedo-szerek","","Nymeo 700 SC","check_circle","700 g/l metamitron","2028. aug. 31.","gyomirtó szer","2028. aug. 31.","","","https://cdn.agromedium.com/uploads/2019/09/67c9c6f400102ba14e1a/thumbnail.png"
"1769693586-1865","https://www.agromedium.com/hu-hu/novenyvedo-szerek","","Oázis","check_circle","1,5 g/l káliszappan, 10 % növényi kivonatok","2034. jan. 31.","növényápoló szer","2034. jan. 31.","","","https://cdn.agromedium.com/uploads/2022/03/67c9c70d000eff092246/thumbnail.png"
"1769693586-1866","https://www.agromedium.com/hu-hu/novenyvedo-szerek","","Oázis Forte","check_circle","10 g/l napraforgó olaj","2031. dec. 31.","növényápoló szer","2031. dec. 31.","","","https://cdn.agromedium.com/uploads/2019/11/67c9c6fc000aba163603/thumbnail.png"
"1769693586-1867","https://www.agromedium.com/hu-hu/novenyvedo-szerek","","Oberon","error","240 g/l spiromezifen","2024. szept. 30.","rovarölő szer","","2024. szept. 30.","","https://cdn.agromedium.com/uploads/2019/09/67c9c6f400102ba14e1a/thumbnail.png"
"1769693586-1868","https://www.agromedium.com/hu-hu/novenyvedo-szerek","","Observer Pro","check_circle","67,5 g/l zoxamid, 450 g/l propamokarb hidroklorid","2028. jan. 31.","gombaölő szer","2028. jan. 31.","","",""
"1769693586-1869","https://www.agromedium.com/hu-hu/novenyvedo-szerek","","","","","","","","","","https://cdn.agromedium.com/uploads/2026/01/697082e3000e0b656054/file.png"
"1769693586-1870","https://www.agromedium.com/hu-hu/novenyvedo-szerek","","Oceal","check_circle","700 g/kg dikamba","2028. márc. 31.","gyomirtó szer","2028. márc. 31.","","","https://cdn.agromedium.com/uploads/2018/08/67c9c5bf000cfc1dad7b/thumbnail.jpg"
"1769693586-1871","https://www.agromedium.com/hu-hu/novenyvedo-szerek","","Ohayo","check_circle","500 g/l fluazinam","2029. júl. 31.","gombaölő szer","2029. júl. 31.","","","https://cdn.agromedium.com/uploads/2019/04/67c9c6f8002fe783f03a/thumbnail.png"
"1769693586-1872","https://www.agromedium.com/hu-hu/novenyvedo-szerek","","Oklahoma Opti","check_circle","40 g/l imazamox","2028. jún. 30.","gyomirtó szer","2028. jún. 30.","","","https://cdn.agromedium.com/uploads/2019/04/67c9c5be0026299f6d49/thumbnail.png"
"1769693586-1873","https://www.agromedium.com/hu-hu/novenyvedo-szerek","","Okubi","check_circle","25 g/l ciazofamid, 250 g/l dinátrium-foszfonát","2027. jan. 31.","gombaölő szer","2027. jan. 31.","","","https://cdn.agromedium.com/uploads/2019/04/67c9c6f8002fe783f03a/thumbnail.png"
"1769693586-1874","https://www.agromedium.com/hu-hu/novenyvedo-szerek","","Olajos Rézkén","check_circle","210 g/l kén, 420 g/l paraffinolaj, 90 g/l réz (rézoxiklorid)","2027. szept. 30.","gombaölő permetezőszer","2027. szept. 30.","","","https://cdn.agromedium.com/uploads/2019/04/67c9c5be0013b6f965bb/thumbnail.png"
"1769693586-1875","https://www.agromedium.com/hu-hu/novenyvedo-szerek","","","","","","","","","","https://cdn.agromedium.com/uploads/2026/01/697082e3000e0b656054/file.png"
"1769693586-1876","https://www.agromedium.com/hu-hu/novenyvedo-szerek","","Omnera","check_circle","135 g/l fluroxipir, 5 g/l metszulfuron-metil, 30 g/l tifenszulfuron-metil","2027. jan. 1.","gyomirtó szer","2027. jan. 1.","","","https://cdn.agromedium.com/uploads/2019/04/67c9c5be0013b6f965bb/thumbnail.png"
"1769693586-1877","https://www.agromedium.com/hu-hu/novenyvedo-szerek","","Onyx","check_circle","600 g/l piridát","2031. dec. 31.","gyomirtó szer","2031. dec. 31.","","","https://cdn.agromedium.com/uploads/2023/01/67c9c5c70039285dc50f/thumbnail.png"
"1769693586-1878","https://www.agromedium.com/hu-hu/novenyvedo-szerek","","Onyx Extra","check_circle","90 g/l mezotrion, 300 g/l piridát","2031. dec. 31.","gyomirtó szer","2031. dec. 31.","","","https://cdn.agromedium.com/uploads/2023/01/67c9c5c70039285dc50f/thumbnail.png"
"1769693586-1879","https://www.agromedium.com/hu-hu/novenyvedo-szerek","","Optica","check_circle","600 g/l mekoprop-p (K-só)","2026. máj. 15.","gyomirtó szer","2026. máj. 15.","","","https://cdn.agromedium.com/uploads/2019/12/67c9c5e00038baa08a17/thumbnail.jpg"
"1769693586-1880","https://www.agromedium.com/hu-hu/novenyvedo-szerek","","Optica Trio","check_circle","310 g/l diklórprop-P, 160 g/l MCPA, 130 g/l mecoprop-p","2026. máj. 15.","gyomirtó szer","2026. máj. 15.","","","https://cdn.agromedium.com/uploads/2019/12/67c9c5e00038baa08a17/thumbnail.jpg"
"1769693586-1881","https://www.agromedium.com/hu-hu/novenyvedo-szerek","","","","","","","","","","https://cdn.agromedium.com/uploads/2025/06/6847e89a00115b091f3c/file.png"
"1769693586-1882","https://www.agromedium.com/hu-hu/novenyvedo-szerek","","Optimo Care","check_circle","200 g/l piraklostrobin","2027. jan. 31.","gombaölő permetezőszer","2027. jan. 31.","","","https://cdn.agromedium.com/uploads/2025/03/67e7a23d00318586422c/thumbnail.jpg"
"1769693586-1883","https://www.agromedium.com/hu-hu/novenyvedo-szerek","","Optimus","check_circle","175 g/l trinexapak-etil","2039. ápr. 30.","növekedésszabályzó szer","2039. ápr. 30.","","","https://cdn.agromedium.com/uploads/2019/12/67c9c5e00038baa08a17/thumbnail.jpg"
"1769693586-1884","https://www.agromedium.com/hu-hu/novenyvedo-szerek","","Optivor","check_circle","10 g/l halauxifen-metil, 48 g/l pikloram","2029. ápr. 30.","gyomirtó szer","2029. ápr. 30.","","","https://cdn.agromedium.com/uploads/2019/04/67c9c5be0026299f6d49/thumbnail.png"
"1769693586-1885","https://www.agromedium.com/hu-hu/novenyvedo-szerek","","Orius 20 EW","check_circle","200 g/l tebukonazol","2027. nov. 30.","gombaölő szer","2027. nov. 30.","","","https://cdn.agromedium.com/uploads/2019/12/67c9c5e00038baa08a17/thumbnail.jpg"
"1769693586-1886","https://www.agromedium.com/hu-hu/novenyvedo-szerek","","Orius 5 FS","error","30 g/l imazalil, 20 g/l tebukonazol","2022. dec. 31.","csávázószer","","2022. dec. 31.","",""
"1769693586-1887","https://www.agromedium.com/hu-hu/novenyvedo-szerek","","","","","","","","","","https://cdn.agromedium.com/uploads/2026/01/6969f7e8002c1baa38cf/file.png"
"1769693586-1888","https://www.agromedium.com/hu-hu/novenyvedo-szerek","","Orius 6 FS","check_circle","60 g/l tebukonazol","2027. dec. 30.","csávázószer","2027. dec. 30.","","","https://cdn.agromedium.com/uploads/2019/12/67c9c5e00038baa08a17/thumbnail.jpg"
"1769693586-1889","https://www.agromedium.com/hu-hu/novenyvedo-szerek","","Ormet","check_circle","480 g/l etefon","2039. jan. 31.","növekedésszabályozó készítmény","2039. jan. 31.","","","https://cdn.agromedium.com/uploads/2019/04/67c9c5c1001d85f5c905/thumbnail.png"
"1769693586-1890","https://www.agromedium.com/hu-hu/novenyvedo-szerek","","Ormet Plus","error","150 g/l etefon, 300 g/l klórmekvát","2024. máj. 24.","növekedésszabályozó készítmény","","2024. máj. 24.","","https://cdn.agromedium.com/uploads/2019/04/67c9c5c1001d85f5c905/thumbnail.png"
"1769693586-1891","https://www.agromedium.com/hu-hu/novenyvedo-szerek","","Oroganic","check_circle","58,96 g/l narancsolaj","2027. dec. 31.","gomba-, rovar- és atkaölő szer","2027. dec. 31.","","",""
"1769693586-1892","https://www.agromedium.com/hu-hu/novenyvedo-szerek","","Orondis","check_circle","100 g/l oxatiapiprolin","2028. márc. 3.","gombaölő szer","2028. márc. 3.","","","https://cdn.agromedium.com/uploads/2019/03/67c9c5c60007ec5337c9/thumbnail.png"
"1769693586-1893","https://www.agromedium.com/hu-hu/novenyvedo-szerek","","","","","","","","","","https://cdn.agromedium.com/uploads/2025/11/690db9bd0030b9dd184f/file.png"
"1769693586-1894","https://www.agromedium.com/hu-hu/novenyvedo-szerek","","Orondis Evo","check_circle","250 g/l azoxistrobin, 12 g/l oxatiapiprolin","2028. márc. 3.","gombaölő szer","2028. márc. 3.","","","https://cdn.agromedium.com/uploads/2019/03/67c9c5c60007ec5337c9/thumbnail.png"
"1769693586-1895","https://www.agromedium.com/hu-hu/novenyvedo-szerek","","Orondis Ultra 280 SC","check_circle","250 g/l mandipropamid, 30 g/l oxatiapiprolin","2026. dec. 31.","gombaölő szer","2026. dec. 31.","","","https://cdn.agromedium.com/uploads/2019/03/67c9c5c60007ec5337c9/thumbnail.png"
"1769693586-1896","https://www.agromedium.com/hu-hu/novenyvedo-szerek","","Orthocid 80 WDG","check_circle","800 g/kg kaptán","2026. máj. 1.","gombaölő szer","2026. máj. 1.","","","https://cdn.agromedium.com/uploads/2024/03/67c9c5be001da30ef4a5/thumbnail.png"
"1769693586-1897","https://www.agromedium.com/hu-hu/novenyvedo-szerek","","Ortus 5 SC","check_circle","50 g/l fenpiroximát","2027. okt. 31.","atkaölő szer","2027. okt. 31.","","counter_2","https://cdn.agromedium.com/uploads/2023/03/67c9c5e0003c40ead470/thumbnail.png"
"1769693586-1898","https://www.agromedium.com/hu-hu/novenyvedo-szerek","","Orvego","error","300 g/l ametoktradin, 225 g/l dimetomorf","2024. nov. 20.","gombaölő szer","","2024. nov. 20.","","https://cdn.agromedium.com/uploads/2020/09/67c9c5c70014019edcec/thumbnail.jpg"
"1769693586-1899","https://www.agromedium.com/hu-hu/novenyvedo-szerek","","","","","","","","","","https://cdn.agromedium.com/uploads/2026/01/697082e3000e0b656054/file.png"
"1769693586-1900","https://www.agromedium.com/hu-hu/novenyvedo-szerek","","Osiris","error","37,5 g/l epoxikonazol, 27,5 g/l metkonazol","2020. ápr. 30.","gombaölő szer","","2020. ápr. 30.","","https://cdn.agromedium.com/uploads/2020/09/67c9c5c70014019edcec/thumbnail.jpg"
"1769693586-1901","https://www.agromedium.com/hu-hu/novenyvedo-szerek","","Osiris Revy","check_circle","50 g/l mefentriflukonazol, 100 g/l protiokonazol","2026. aug. 15.","gombaölő szer","2026. aug. 15.","","","https://cdn.agromedium.com/uploads/2020/09/67c9c5c70014019edcec/thumbnail.jpg"
"1769693586-1902","https://www.agromedium.com/hu-hu/novenyvedo-szerek","","Osorno","check_circle","100 g/l mezotrion","2033. máj. 31.","gyomirtó szer","2033. máj. 31.","","","https://cdn.agromedium.com/uploads/2020/09/67c9c5c70014019edcec/thumbnail.jpg"
"1769693586-1903","https://www.agromedium.com/hu-hu/novenyvedo-szerek","","Osorno 480 SC","check_circle","480 g/l mezotrion","2033. máj. 31.","gyomirtó szer","2033. máj. 31.","","",""
"1769693586-1904","https://www.agromedium.com/hu-hu/novenyvedo-szerek","","Ossetia","check_circle","500 g/kg diflufenikán","2028. nov. 30.","gyomirtó szer","2028. nov. 30.","","",""
"1769693586-1905","https://www.agromedium.com/hu-hu/novenyvedo-szerek","","","","","","","","","","https://cdn.agromedium.com/uploads/2025/06/6847e89a00115b091f3c/file.png"
"1769693586-1906","https://www.agromedium.com/hu-hu/novenyvedo-szerek","","Outplay","check_circle","100 g/l propaquizafop","2029. júl. 31.","gyomirtó szer","2029. júl. 31.","","","https://cdn.agromedium.com/uploads/2019/03/67c9c5c60007ec5337c9/thumbnail.png"
"1769693586-1907","https://www.agromedium.com/hu-hu/novenyvedo-szerek","","Overdose SE","check_circle","300 g/l 2,4-D, 6,25 g/l floraszulam","2028. nov. 30.","gyomirtó szer","2028. nov. 30.","","","https://cdn.agromedium.com/uploads/2019/04/67c9c5be0026299f6d49/thumbnail.png"
"1769693586-1908","https://www.agromedium.com/hu-hu/novenyvedo-szerek","","Ovitex","check_circle","817 g/l paraffinolaj","2026. aug. 15.","atkaölő szer","2026. aug. 15.","","","https://cdn.agromedium.com/uploads/2023/01/67c9c5c70039285dc50f/thumbnail.png"
"1769693586-1909","https://www.agromedium.com/hu-hu/novenyvedo-szerek","","Pabi 300 EC","check_circle","300 g/l protiokonazol","2028. márc. 31.","gombaölő permetezőszer","2028. márc. 31.","","","https://cdn.agromedium.com/uploads/2023/01/67c9c5c70039285dc50f/thumbnail.png"
"1769693586-1910","https://www.agromedium.com/hu-hu/novenyvedo-szerek","","Pablo","check_circle","250 g/l paklobutrazol","2027. aug. 31.","növekedésszabályozó készítmény","2027. aug. 31.","","","https://cdn.agromedium.com/uploads/2019/04/67c9c6f3002ce784082b/thumbnail.png"
"1769693586-1911","https://www.agromedium.com/hu-hu/novenyvedo-szerek","","","","","","","","","","https://cdn.agromedium.com/uploads/2025/11/690db9bd0030b9dd184f/file.png"
"1769693586-1912","https://www.agromedium.com/hu-hu/novenyvedo-szerek","","Paci 306 SE","check_circle","300 g/l 2,4-D, 6,25 g/l floraszulam","2031. dec. 31.","gyomirtó szer","2031. dec. 31.","","","https://cdn.agromedium.com/uploads/2021/02/67c9c5c0002a098f9ad0/thumbnail.png"
"1769693586-1913","https://www.agromedium.com/hu-hu/novenyvedo-szerek","","Pais 200 SE","check_circle","200 g/l acetamiprid","2034. febr. 28.","rovarölő szer","2034. febr. 28.","","","https://cdn.agromedium.com/uploads/2019/09/67c9c6f70009b6d8d321/thumbnail.jpg"
"1769693586-1914","https://www.agromedium.com/hu-hu/novenyvedo-szerek","","Paket 250 EC","warning","250 g/l trinexapak-etil","2026. febr. 1.","növekedésszabályozó készítmény","","","",""
"1769693586-1915","https://www.agromedium.com/hu-hu/novenyvedo-szerek","","Pallos","check_circle","555 g/l ammónium-nitrát, 416 g/l karbamid","2029. máj. 31.","hatásfokozó segédanyag","2029. máj. 31.","","","https://cdn.agromedium.com/uploads/2019/04/67c9c6f3002ce784082b/thumbnail.png"
"1769693586-1916","https://www.agromedium.com/hu-hu/novenyvedo-szerek","","Panorama","check_circle","90 g/l metkonazol, 250 g/l protiokonazol","2026. márc. 15.","gombaölő permetezőszer","2026. márc. 15.","","",""
"1769693586-1917","https://www.agromedium.com/hu-hu/novenyvedo-szerek","","","","","","","","","","https://cdn.agromedium.com/uploads/2026/01/697082e3000e0b656054/file.png"
"1769693586-1918","https://www.agromedium.com/hu-hu/novenyvedo-szerek","","Pantani","check_circle","40 g/l nikoszulfuron","2028. márc. 31.","gyomirtó szer","2028. márc. 31.","","","https://cdn.agromedium.com/uploads/2019/04/67c9c5be0026299f6d49/thumbnail.png"
"1769693586-1919","https://www.agromedium.com/hu-hu/novenyvedo-szerek","","Pantera 40 EC","check_circle","40 g/l kizalofop-P-tefuril","2027. márc. 31.","gyomirtó szer","2027. márc. 31.","","","https://cdn.agromedium.com/uploads/2024/03/67c9c5be001da30ef4a5/thumbnail.png"
"1769693586-1920","https://www.agromedium.com/hu-hu/novenyvedo-szerek","","Pardner","error","225 g/l bromoxinil","2021. márc. 14.","gyomirtó szer","","2021. márc. 14.","",""
"1769693586-1921","https://www.agromedium.com/hu-hu/novenyvedo-szerek","","Partyzan","check_circle","50 g/l deltametrin","2027. aug. 15.","rovarölő szer","2027. aug. 15.","","","https://cdn.agromedium.com/uploads/2022/12/67c9c6f4001560c3ef62/thumbnail.jpg"
"1769693586-1922","https://www.agromedium.com/hu-hu/novenyvedo-szerek","","Passat","check_circle","40 g/l imazamox","2028. jún. 30.","gyomirtó szer","2028. jún. 30.","","","https://cdn.agromedium.com/uploads/2020/09/67c9c5c70014019edcec/thumbnail.jpg"
"1769693586-1923","https://www.agromedium.com/hu-hu/novenyvedo-szerek","","","","","","","","","","https://cdn.agromedium.com/uploads/2026/01/6969f7e8002c1baa38cf/file.png"
"1769693586-1924","https://www.agromedium.com/hu-hu/novenyvedo-szerek","","Patel 300 EC","check_circle","300 g/l protiokonazol","2028. márc. 31.","gombaölő permetezőszer","2028. márc. 31.","","","https://cdn.agromedium.com/uploads/2018/08/67c9c5bf000cfc1dad7b/thumbnail.jpg"
"1769693586-1925","https://www.agromedium.com/hu-hu/novenyvedo-szerek","","Pázsit-mester Profi","check_circle","70 g/l 2,4-D, 20 g/l dikamba, 70 g/l MCPA, 42 g/l MCPP-P","2027. aug. 15.","gyomirtó szer","2027. aug. 15.","","","https://cdn.agromedium.com/uploads/2019/04/67c9c5be0026299f6d49/thumbnail.png"
"1769693586-1926","https://www.agromedium.com/hu-hu/novenyvedo-szerek","","Peak 75 WG","check_circle","750 g/kg proszulfuron","2027. jún. 15.","gyomirtó szer","2027. jún. 15.","","","https://cdn.agromedium.com/uploads/2019/03/67c9c5c60007ec5337c9/thumbnail.png"
"1769693586-1927","https://www.agromedium.com/hu-hu/novenyvedo-szerek","","Pecari 300 EC","check_circle","300 g/l protiokonazol","2028. márc. 31.","gombaölő permetezőszer","2028. márc. 31.","","","https://cdn.agromedium.com/uploads/2023/01/67c9c5c70039285dc50f/thumbnail.png"
"1769693586-1928","https://www.agromedium.com/hu-hu/novenyvedo-szerek","","Pediment 50 WG","check_circle","500 g/kg pirimikarb","2026. márc. 15.","rovarölő szer","2026. márc. 15.","","","https://cdn.agromedium.com/uploads/2019/04/67c9c5c1001d85f5c905/thumbnail.png"
"1769693586-1929","https://www.agromedium.com/hu-hu/novenyvedo-szerek","","","","","","","","","","https://cdn.agromedium.com/uploads/2025/06/6847e89a00115b091f3c/file.png"
"1769693586-1930","https://www.agromedium.com/hu-hu/novenyvedo-szerek","","Pegaso F","error","480 g/kg folpet, 60 g/kg valifenal","2024. jún. 30.","gombaölő szer","","2024. jún. 30.","","https://cdn.agromedium.com/uploads/2023/01/67c9c5c70039285dc50f/thumbnail.png"
"1769693586-1931","https://www.agromedium.com/hu-hu/novenyvedo-szerek","","Pendi 330 EC","check_circle","330 g/l pendimetalin","2028. máj. 31.","gyomirtó szer","2028. máj. 31.","","","https://cdn.agromedium.com/uploads/2019/04/67c9c6f3002ce784082b/thumbnail.png"
"1769693586-1932","https://www.agromedium.com/hu-hu/novenyvedo-szerek","","Pendifin 400 SC","check_circle","400 g/l pendimetalin","2029. júl. 31.","gyomirtó szer","2029. júl. 31.","","","https://cdn.agromedium.com/uploads/2023/01/67c9c5c70039285dc50f/thumbnail.png"
"1769693586-1933","https://www.agromedium.com/hu-hu/novenyvedo-szerek","","Pendigan 330 EC","error","330 g/l pendimetalin","2019. júl. 31.","gyomirtó szer","","2019. júl. 31.","","https://cdn.agromedium.com/uploads/2019/12/67c9c5e00038baa08a17/thumbnail.jpg"
"1769693586-1934","https://www.agromedium.com/hu-hu/novenyvedo-szerek","","Pendiki","check_circle","330 g/l pendimetalin","2028. máj. 31.","gyomirtó szer","2028. máj. 31.","","","https://cdn.agromedium.com/uploads/2019/04/67c9c6f3002ce784082b/thumbnail.png"
"1769693586-1935","https://www.agromedium.com/hu-hu/novenyvedo-szerek","","","","","","","","","","https://cdn.agromedium.com/uploads/2025/11/690db9bd0030b9dd184f/file.png"
"1769693586-1936","https://www.agromedium.com/hu-hu/novenyvedo-szerek","","Pendum 330 EC","check_circle","330 g/l pendimetalin","2028. máj. 31.","gyomirtó szer","2028. máj. 31.","","","https://cdn.agromedium.com/uploads/2019/04/67c9c5be0026299f6d49/thumbnail.png"
"1769693586-1937","https://www.agromedium.com/hu-hu/novenyvedo-szerek","","Penge Next 485","check_circle","360 g/l glifozát","2028. dec. 31.","gyomirtó szer","2028. dec. 31.","","","https://cdn.agromedium.com/uploads/2019/04/67c9c5c1001d85f5c905/thumbnail.png"
"1769693586-1938","https://www.agromedium.com/hu-hu/novenyvedo-szerek","","Penncozeb DG","error","750 g/kg mankoceb","2021. júl. 4.","gombaölő szer","","2021. júl. 4.","","https://cdn.agromedium.com/uploads/2024/03/67c9c5be001da30ef4a5/thumbnail.png"
"1769693586-1939","https://www.agromedium.com/hu-hu/novenyvedo-szerek","","Penncozeb Plus","error","800 g/kg mankoceb","2021. júl. 4.","gombaölő szer","","2021. júl. 4.","",""
"1769693586-1940","https://www.agromedium.com/hu-hu/novenyvedo-szerek","","Pennthiol","check_circle","800 g/kg kén","2027. júl. 31.","gombaölő szer","2027. júl. 31.","","","https://cdn.agromedium.com/uploads/2021/03/67c9c5c60001416ab5c4/thumbnail.jpg"
"1769693586-1941","https://www.agromedium.com/hu-hu/novenyvedo-szerek","","","","","","","","","","https://cdn.agromedium.com/uploads/2026/01/697082e3000e0b656054/file.png"
"1769693586-1942","https://www.agromedium.com/hu-hu/novenyvedo-szerek","","Pergado Cu","check_circle","25 g/kg mandipropamid, 254 g/kg rézoxiklorid","2030. jún. 30.","gombaölő szer","2030. jún. 30.","","","https://cdn.agromedium.com/uploads/2019/03/67c9c5c60007ec5337c9/thumbnail.png"
"1769693586-1943","https://www.agromedium.com/hu-hu/novenyvedo-szerek","","Pergado D","check_circle","250 g/l ditianon, 62,5 g/l mandipropamid","2026. jún. 30.","gombaölő szer","2026. jún. 30.","","","https://cdn.agromedium.com/uploads/2019/03/67c9c5c60007ec5337c9/thumbnail.png"
"1769693586-1944","https://www.agromedium.com/hu-hu/novenyvedo-szerek","","Pergado F","check_circle","400 g/kg folpet, 50 g/kg mandipropamid","2028. júl. 31.","gombaölő szer","2028. júl. 31.","","","https://cdn.agromedium.com/uploads/2019/03/67c9c5c60007ec5337c9/thumbnail.png"
"1769693586-1945","https://www.agromedium.com/hu-hu/novenyvedo-szerek","","Pergado MZ","error","50 g/kg mandipropamid, 600 g/kg mankoceb","2021. júl. 4.","gombaölő szer","","2021. júl. 4.","","https://cdn.agromedium.com/uploads/2019/03/67c9c5c60007ec5337c9/thumbnail.png"
"1769693586-1946","https://www.agromedium.com/hu-hu/novenyvedo-szerek","","Peridiam Active 1003","check_circle","29,13 m/m% napraforgó olaj, 14,56 m/m% pigment red 112","2036. jan. 31.","csávázási segédanyag","2036. jan. 31.","","",""
"1769693586-1947","https://www.agromedium.com/hu-hu/novenyvedo-szerek","","","","","","","","","","https://cdn.agromedium.com/uploads/2025/11/690db9bd0030b9dd184f/file.png"
"1769693586-1948","https://www.agromedium.com/hu-hu/novenyvedo-szerek","","Peridiam Active 109","check_circle","150 g/l pigment red 112","2028. júl. 27.","csávázási segédanyag","2028. júl. 27.","","","https://cdn.agromedium.com/uploads/2022/07/67c9c72d0017ed44f5eb/thumbnail.png"
"1769693586-1949","https://www.agromedium.com/hu-hu/novenyvedo-szerek","","Peridiam Active 318","check_circle","17 m/m% akril észter kopolimerek vizes oldata, 17 m/m% akril gyanta, 32,05 m/m% ásványi anyag","2031. márc. 31.","csávázási segédanyag","2031. márc. 31.","","","https://cdn.agromedium.com/uploads/2022/07/67c9c72d0017ed44f5eb/thumbnail.png"
"1769693586-1950","https://www.agromedium.com/hu-hu/novenyvedo-szerek","","Peridiam Eco Red","error","13,02 % Sunsperse Red 112","2021. júl. 31.","segédanyag","","2021. júl. 31.","","https://cdn.agromedium.com/uploads/2019/09/67c9c6f400102ba14e1a/thumbnail.png"
"1769693586-1951","https://www.agromedium.com/hu-hu/novenyvedo-szerek","","Peridiam EV 25001","error","9,44 % Dispers Red 38-5507","2021. jún. 30.","segédanyag","","2021. jún. 30.","",""
"1769693586-1952","https://www.agromedium.com/hu-hu/novenyvedo-szerek","","Peridiam Extra 311","check_circle","100 g/l pigment red 112","2029. júl. 31.","csávázószer (tapadásfokozó és színezőanyag)","2029. júl. 31.","","","https://cdn.agromedium.com/uploads/2022/07/67c9c72d0017ed44f5eb/thumbnail.png"
"1769693586-1953","https://www.agromedium.com/hu-hu/novenyvedo-szerek","","","","","","","","","","https://cdn.agromedium.com/uploads/2026/01/697082e3000e0b656054/file.png"
"1769693586-1954","https://www.agromedium.com/hu-hu/novenyvedo-szerek","","Peridiam Extra 317","check_circle","8,33 m/m% pigment red 112, 20,83 m/m% Mica-ásvány és titán-dioxid kerevéke","2035. júl. 31.","csávázási segédanyag","2035. júl. 31.","","",""
"1769693586-1955","https://www.agromedium.com/hu-hu/novenyvedo-szerek","","Peridiam Quality 009","check_circle","520 g/l butilakrilát-sztirol kopolimer","2030. márc. 31.","csávázási segédanyag","2030. márc. 31.","","","https://cdn.agromedium.com/uploads/2022/07/67c9c72d0017ed44f5eb/thumbnail.png"
"1769693586-1956","https://www.agromedium.com/hu-hu/novenyvedo-szerek","","Peridiam Quality 010","check_circle","14,17 m/m% dispers blue 70-0507","2029. nov. 30.","csávázási segédanyag","2029. nov. 30.","","","https://cdn.agromedium.com/uploads/2022/07/67c9c72d0017ed44f5eb/thumbnail.png"
"1769693586-1957","https://www.agromedium.com/hu-hu/novenyvedo-szerek","","Peridiam Quality 107","check_circle","280 g/l lenmagolaj, 150 g/l pigment red 112","2027. okt. 27.","csávázási segédanyag tapadásfokozásra","2027. okt. 27.","","","https://cdn.agromedium.com/uploads/2022/07/67c9c72d0017ed44f5eb/thumbnail.png"
"1769693586-1958","https://www.agromedium.com/hu-hu/novenyvedo-szerek","","Peridiam Quality 111","check_circle","90 % etoxilált repceolaj, 0,5 % tartósítószer","2031. jan. 31.","csávázási segédanyag","2031. jan. 31.","","","https://cdn.agromedium.com/uploads/2022/07/67c9c72d0017ed44f5eb/thumbnail.png"
"1769693586-1959","https://www.agromedium.com/hu-hu/novenyvedo-szerek","","","","","","","","","","https://cdn.agromedium.com/uploads/2025/06/6847e89a00115b091f3c/file.png"
"1769693586-1960","https://www.agromedium.com/hu-hu/novenyvedo-szerek","","Peridiam Quality 208","check_circle","600 g/l dispers blue 70-0507","2027. okt. 27.","csávázási segédanyag tapadásfokozásra","2027. okt. 27.","","","https://cdn.agromedium.com/uploads/2022/07/67c9c72d0017ed44f5eb/thumbnail.png"
"1769693586-1961","https://www.agromedium.com/hu-hu/novenyvedo-szerek","","Peridiam Quality 3001","check_circle","28,64 m/m% viasz vizes diszperziója, 14,32 m/m% pigment red 112","2035. júl. 31.","csávázási segédanyag","2035. júl. 31.","","",""
"1769693586-1962","https://www.agromedium.com/hu-hu/novenyvedo-szerek","","Peridiam Quality 309","check_circle","100 g/l pigment red 112","2027. okt. 27.","csávázási segédanyag tapadásfokozásra","2027. okt. 27.","","","https://cdn.agromedium.com/uploads/2022/07/67c9c72d0017ed44f5eb/thumbnail.png"
"1769693586-1963","https://www.agromedium.com/hu-hu/novenyvedo-szerek","","Peridiam Quality 316","check_circle","280 g/l pigment red 48:2","2028. júl. 27.","csávázási segédanyag","2028. júl. 27.","","","https://cdn.agromedium.com/uploads/2022/07/67c9c72d0017ed44f5eb/thumbnail.png"
"1769693586-1964","https://www.agromedium.com/hu-hu/novenyvedo-szerek","","Peridiam Quality 316S","check_circle","23,58 m/m% akril észter kopolimerek vizes oldata, 26,42 m/m% pigment red 48:2","2034. júl. 31.","csávázási segédanyag","2034. júl. 31.","","",""
"1769693586-1965","https://www.agromedium.com/hu-hu/novenyvedo-szerek","","","","","","","","","","https://cdn.agromedium.com/uploads/2026/01/6969f7e8002c1baa38cf/file.png"
"1769693586-1966","https://www.agromedium.com/hu-hu/novenyvedo-szerek","","PermetFix","check_circle","50 m/m% polioxietilén-szorbitán-monolaurát, 20 m/m% szorbitán-monolaurát","2033. nov. 30.","permetezőszer segédanyag","2033. nov. 30.","","","https://cdn.agromedium.com/uploads/2019/04/67c9c5be0013b6f965bb/thumbnail.png"
"1769693586-1967","https://www.agromedium.com/hu-hu/novenyvedo-szerek","","Pesmus","check_circle","60 g/kg cimoxanil, 461 g/kg réz-hidroxid","2028. febr. 28.","gombaölő szer","2028. febr. 28.","","",""
"1769693586-1968","https://www.agromedium.com/hu-hu/novenyvedo-szerek","","Phabia","check_circle","300 g/l protiokonazol","2028. márc. 31.","gombaölő permetezőszer","2028. márc. 31.","","","https://cdn.agromedium.com/uploads/2023/01/67c9c5c70039285dc50f/thumbnail.png"
"1769693586-1969","https://www.agromedium.com/hu-hu/novenyvedo-szerek","","Phosfik","check_circle","726 g/l kálium-foszfonát","2027. jan. 31.","gombaölő szer","2027. jan. 31.","","",""
"1769693586-1970","https://www.agromedium.com/hu-hu/novenyvedo-szerek","","Phydeal","check_circle","270 g/l hidrogénezett, etoxilált zsírsav-amin","2030. jún. 30.","permetezőszer segédanyag","2030. jún. 30.","","",""
"1769693586-1971","https://www.agromedium.com/hu-hu/novenyvedo-szerek","","","","","","","","","","https://cdn.agromedium.com/uploads/2025/11/690db9bd0030b9dd184f/file.png"
"1769693586-1972","https://www.agromedium.com/hu-hu/novenyvedo-szerek","","Phyton","check_circle","Phytoseiulus persimilis ragadozó atka","2030. szept. 30.","makroszervezet","2030. szept. 30.","","",""
"1769693586-1973","https://www.agromedium.com/hu-hu/novenyvedo-szerek","","Picador 0,8 MG","check_circle","8 g/kg cipermetrin","2028. okt. 31.","talajfertőtlenítő szer","2028. okt. 31.","","counter_1","https://cdn.agromedium.com/uploads/2019/04/67c9c5be0026299f6d49/thumbnail.png"
"1769693586-1974","https://www.agromedium.com/hu-hu/novenyvedo-szerek","","Picasso","error","200 g/l boszkalid, 200 g/l dimoxistrobin","2024. jan. 31.","gombaölő szer","","2024. jan. 31.","","https://cdn.agromedium.com/uploads/2023/03/67c9c5c50021e7685e21/thumbnail.jpg"
"1769693586-1975","https://www.agromedium.com/hu-hu/novenyvedo-szerek","","Picasso Active","error","150 g/l boszkalid, 250 g/l piraklostrobin","2025. márc. 31.","gombaölő permetezőszer","","2025. márc. 31.","counter_5","https://cdn.agromedium.com/uploads/2020/09/67c9c5c70014019edcec/thumbnail.jpg"
"1769693586-1976","https://www.agromedium.com/hu-hu/novenyvedo-szerek","","Pictor","error","200 g/l boszkalid, 200 g/l dimoxistrobin","2024. jan. 31.","gombaölő szer","","2024. jan. 31.","","https://cdn.agromedium.com/uploads/2020/09/67c9c5c70014019edcec/thumbnail.jpg"
"1769693586-1977","https://www.agromedium.com/hu-hu/novenyvedo-szerek","","","","","","","","","","https://cdn.agromedium.com/uploads/2026/01/697082e3000e0b656054/file.png"
"1769693586-1978","https://www.agromedium.com/hu-hu/novenyvedo-szerek","","Pictor Active","check_circle","150 g/l boszkalid, 250 g/l piraklostrobin","2026. szept. 15.","gombaölő permetezőszer","2026. szept. 15.","","counter_5","https://cdn.agromedium.com/uploads/2020/09/67c9c5c70014019edcec/thumbnail.jpg"
"1769693586-1979","https://www.agromedium.com/hu-hu/novenyvedo-szerek","","Pikas 300 SL","check_circle","300 g/l pikloram","2027. jún. 30.","gyomirtó szer","2027. jún. 30.","","","https://cdn.agromedium.com/uploads/2019/11/67c9c6f7000d80fcbd22/thumbnail.png"
"1769693586-1980","https://www.agromedium.com/hu-hu/novenyvedo-szerek","","Pilot 5 EC","check_circle","50 g/l quizalofop-P-etil","2026. dec. 31.","gyomirtó szer","2026. dec. 31.","","","https://cdn.agromedium.com/uploads/2020/04/67c9c5c5003bb7c20c20/thumbnail.png"
"1769693586-1981","https://www.agromedium.com/hu-hu/novenyvedo-szerek","","Pioli","check_circle","62,5 g/l fluxapiroxad","2026. máj. 31.","gombaölő szer","2026. máj. 31.","","","https://cdn.agromedium.com/uploads/2020/09/67c9c5c70014019edcec/thumbnail.jpg"
"1769693586-1982","https://www.agromedium.com/hu-hu/novenyvedo-szerek","","Piricarb 50","check_circle","500 g/kg pirimikarb","2026. márc. 15.","rovarölő szer","2026. márc. 15.","","","https://cdn.agromedium.com/uploads/2020/04/67c9c5c5003bb7c20c20/thumbnail.png"
"1769693586-1983","https://www.agromedium.com/hu-hu/novenyvedo-szerek","","","","","","","","","","https://cdn.agromedium.com/uploads/2025/11/690db9bd0030b9dd184f/file.png"
"1769693586-1984","https://www.agromedium.com/hu-hu/novenyvedo-szerek","","Pirimor 50 WG","check_circle","500 g/kg pirimikarb","2026. márc. 15.","rovarölő szer","2026. márc. 15.","","","https://cdn.agromedium.com/uploads/2019/04/67c9c5c1001d85f5c905/thumbnail.png"
"1769693586-1985","https://www.agromedium.com/hu-hu/novenyvedo-szerek","","Piroseo","check_circle","800 g/l proszulfokarb","2028. jan. 31.","gyomirtó szer","2028. jan. 31.","","","https://cdn.agromedium.com/uploads/2019/03/67c9c5c60007ec5337c9/thumbnail.png"
"1769693586-1986","https://www.agromedium.com/hu-hu/novenyvedo-szerek","","Plamen","check_circle","480 g/l dikamba","2027. nov. 30.","gyomirtó szer","2027. nov. 30.","","","https://cdn.agromedium.com/uploads/2019/04/67c9c5be0026299f6d49/thumbnail.png"
"1769693586-1987","https://www.agromedium.com/hu-hu/novenyvedo-szerek","","Plantline E 4","check_circle","4 V/V% etilén","2028. aug. 31.","növekedésszabályzó szer","2028. aug. 31.","","","https://cdn.agromedium.com/uploads/2019/09/67c9c72e001541ca10ad/thumbnail.png"
"1769693586-1988","https://www.agromedium.com/hu-hu/novenyvedo-szerek","","Platoon","check_circle","200 g/l piraklostrobin","2027. jan. 31.","gombaölő permetezőszer","2027. jan. 31.","","","https://cdn.agromedium.com/uploads/2020/09/67c9c5c70014019edcec/thumbnail.jpg"
"1769693586-1989","https://www.agromedium.com/hu-hu/novenyvedo-szerek","","","","","","","","","","https://cdn.agromedium.com/uploads/2026/01/697082e3000e0b656054/file.png"
"1769693586-1990","https://www.agromedium.com/hu-hu/novenyvedo-szerek","","Pledge 50 WP","check_circle","500 g/kg flumioxazin","2028. okt. 31.","gyomirtó szer","2028. okt. 31.","","","https://cdn.agromedium.com/uploads/2023/03/67c9c5e0003c40ead470/thumbnail.png"
"1769693586-1991","https://www.agromedium.com/hu-hu/novenyvedo-szerek","","Plenaris","check_circle","200 g/l oxatiapiprolin","2028. márc. 3.","gombaölő csávázószer","2028. márc. 3.","","","https://cdn.agromedium.com/uploads/2025/03/67e7a23d00318586422c/thumbnail.jpg"
"1769693586-1992","https://www.agromedium.com/hu-hu/novenyvedo-szerek","","Plexus","check_circle","200 g/l cimoxanil, 300 g/l fluazinam","2027. ápr. 15.","gombaölő szer","2027. ápr. 15.","","",""
"1769693586-1993","https://www.agromedium.com/hu-hu/novenyvedo-szerek","","PMV-01","check_circle","5x10^5 partikulum/µl PepMV (Pepino mozaik vírus izolátum)","2031. aug. 7.","","2031. aug. 7.","","",""
"1769693586-1994","https://www.agromedium.com/hu-hu/novenyvedo-szerek","","Pocok Tox MAX","counter_2","75 mg/kg klórfacinon","Alapengedély","counter_2","","","",""
"1769693586-1995","https://www.agromedium.com/hu-hu/novenyvedo-szerek","","","","","","","","","","https://cdn.agromedium.com/uploads/2025/06/6847e89a00115b091f3c/file.png"
"1769693586-1996","https://www.agromedium.com/hu-hu/novenyvedo-szerek","","Poirot","check_circle","750 g/kg tribenuron-metil","2035. jan. 30.","gyomirtó szer","2035. jan. 30.","","",""
"1769693586-1997","https://www.agromedium.com/hu-hu/novenyvedo-szerek","","Pol-Sulphur 80 WG","check_circle","800 g/kg kén","2027. dec. 31.","gombaölő permetezőszer","2027. dec. 31.","","","https://cdn.agromedium.com/uploads/2019/09/67c9c6f70009b6d8d321/thumbnail.jpg"
"1769693586-1998","https://www.agromedium.com/hu-hu/novenyvedo-szerek","","Pol-Sulphur 800 SC","check_circle","800 g/l kén","2027. júl. 31.","gombaölő szer","2027. júl. 31.","","","https://cdn.agromedium.com/uploads/2018/08/67c9c5bf000cfc1dad7b/thumbnail.jpg"
"1769693586-1999","https://www.agromedium.com/hu-hu/novenyvedo-szerek","","Polygandron TTP","check_circle","5 x 10^5 oospores/g Pythium oligandrum","2033. jún. 1.","gombaölő csávázószer","2033. jún. 1.","","","https://cdn.agromedium.com/uploads/2024/03/67c9c5be001da30ef4a5/thumbnail.png"
"1769693586-2000","https://www.agromedium.com/hu-hu/novenyvedo-szerek","","Polygandron WP","check_circle","5 x 10^5 oospores/g Pythium oligandrum","2033. jún. 1.","gombaölő szer","2033. jún. 1.","","","https://cdn.agromedium.com/uploads/2024/03/67c9c5be001da30ef4a5/thumbnail.png"
"1769693586-2001","https://www.agromedium.com/hu-hu/novenyvedo-szerek","","","","","","","","","","https://cdn.agromedium.com/uploads/2026/01/6969f7e8002c1baa38cf/file.png"
"1769693586-2002","https://www.agromedium.com/hu-hu/novenyvedo-szerek","","Polyglycol 26-2N","error","99 % alkilfenol-alkoxilát","2022. jan. 31.","segédanyag","","2022. jan. 31.","","https://cdn.agromedium.com/uploads/2025/03/67e7a23d00318586422c/thumbnail.jpg"
"1769693586-2003","https://www.agromedium.com/hu-hu/novenyvedo-szerek","","Polygreen Fungicide WP","check_circle","1x10^6 db oospóra/g Pythium oligandrum","2039. febr. 28.","gombaölő szer","2039. febr. 28.","","",""
"1769693586-2004","https://www.agromedium.com/hu-hu/novenyvedo-szerek","","Polyram DF","error","700 g/kg metiram","2024. máj. 28.","gombaölő szer","","2024. máj. 28.","","https://cdn.agromedium.com/uploads/2020/09/67c9c5c70014019edcec/thumbnail.jpg"
"1769693586-2005","https://www.agromedium.com/hu-hu/novenyvedo-szerek","","Polytanol","error","280 g/kg kálcium-foszfid","2020. dec. 1.","rágcsálóirtó szer","","2020. dec. 1.","",""
"1769693586-2006","https://www.agromedium.com/hu-hu/novenyvedo-szerek","","Polyversum","check_circle","10^6 db oospóra/g Pythium oligandrum","2039. febr. 28.","gombaölő szer","2039. febr. 28.","","","https://cdn.agromedium.com/uploads/2023/03/67c9c5c50021e7685e21/thumbnail.jpg"
"1769693586-2007","https://www.agromedium.com/hu-hu/novenyvedo-szerek","","","","","","","","","","https://cdn.agromedium.com/uploads/2026/01/697082e3000e0b656054/file.png"
"1769693586-2008","https://www.agromedium.com/hu-hu/novenyvedo-szerek","","Pomax","check_circle","133 g/l fludioxonil, 336 g/l pirimetanil","2028. ápr. 30.","gombaölő permetezőszer","2028. ápr. 30.","","","https://cdn.agromedium.com/uploads/2024/03/67c9c5be001da30ef4a5/thumbnail.png"
"1769693586-2009","https://www.agromedium.com/hu-hu/novenyvedo-szerek","","Pomuran Elite","check_circle","537 g/kg réz-hidroxid","2029. márc. 31.","gombaölő szer","2029. márc. 31.","","","https://cdn.agromedium.com/uploads/2023/01/67c9c5c70039285dc50f/thumbnail.png"
"1769693586-2010","https://www.agromedium.com/hu-hu/novenyvedo-szerek","","Ponant","check_circle","700 g/kg dikamba","2028. márc. 31.","gyomirtó szer","2028. márc. 31.","","","https://cdn.agromedium.com/uploads/2018/08/67c9c5bf000cfc1dad7b/thumbnail.jpg"
"1769693586-2011","https://www.agromedium.com/hu-hu/novenyvedo-szerek","","Poncho 600 FS","error","600 g/l klotianidin","2020. jan. 31.","rovarölő szer","","2020. jan. 31.","","https://cdn.agromedium.com/uploads/2020/09/67c9c5c70014019edcec/thumbnail.jpg"
"1769693586-2012","https://www.agromedium.com/hu-hu/novenyvedo-szerek","","Poncho Beta","error","53,3 g/l béta-ciflutrin, 400 g/l klotianidin","2020. jan. 31.","rovarölő szer","","2020. jan. 31.","","https://cdn.agromedium.com/uploads/2019/09/67c9c6f400102ba14e1a/thumbnail.png"
"1769693586-2013","https://www.agromedium.com/hu-hu/novenyvedo-szerek","","","","","","","","","","https://cdn.agromedium.com/uploads/2025/11/690db9bd0030b9dd184f/file.png"
"1769693586-2014","https://www.agromedium.com/hu-hu/novenyvedo-szerek","","Poncho Pro","error","600 g/l klotianidin","2020. jan. 31.","rovarölő szer","","2020. jan. 31.","","https://cdn.agromedium.com/uploads/2020/09/67c9c5c70014019edcec/thumbnail.jpg"
"1769693586-2015","https://www.agromedium.com/hu-hu/novenyvedo-szerek","","Pontos","warning","240 g/l flufenacet, 100 g/l pikolinafen","2026. dec. 10.","gyomirtó szer","","","","https://cdn.agromedium.com/uploads/2020/09/67c9c5c70014019edcec/thumbnail.jpg"
"1769693586-2016","https://www.agromedium.com/hu-hu/novenyvedo-szerek","","Pony 306 SE","check_circle","300 g/l 2,4-D, 6,25 g/l floraszulam","2031. dec. 31.","gyomirtó szer","2031. dec. 31.","","",""
"1769693586-2017","https://www.agromedium.com/hu-hu/novenyvedo-szerek","","Pöröly","check_circle","100 g/kg acetamiprid, 30 g/kg lambda-cihalotrin","2028. dec. 31.","rovarölő szer","2028. dec. 31.","","counter_6","https://cdn.agromedium.com/uploads/2020/04/67c9c5c5003bb7c20c20/thumbnail.png"
"1769693586-2018","https://www.agromedium.com/hu-hu/novenyvedo-szerek","","Porter 250 EC","check_circle","250 g/l difenokonazol","2027. márc. 15.","gombaölő szer","2027. márc. 15.","","",""
"1769693586-2019","https://www.agromedium.com/hu-hu/novenyvedo-szerek","","","","","","","","","","https://cdn.agromedium.com/uploads/2026/01/6969f7e8002c1baa38cf/file.png"
"1769693586-2020","https://www.agromedium.com/hu-hu/novenyvedo-szerek","","Pottok","check_circle","998 g/l Zsíralkohol-alkoxilát","2035. szept. 30.","permetezőszer segédanyag","2035. szept. 30.","","",""
"1769693586-2021","https://www.agromedium.com/hu-hu/novenyvedo-szerek","","Powco FC S-032","check_circle","65 m/m% ásványi anyag","2034. nov. 30.","csávázási segédanyag","2034. nov. 30.","","",""
"1769693586-2022","https://www.agromedium.com/hu-hu/novenyvedo-szerek","","Powdrio","check_circle","300 g/l piriofenon","2028. jún. 30.","gombaölő permetezőszer","2028. jún. 30.","","","https://cdn.agromedium.com/uploads/2019/04/67c9c6f8002fe783f03a/thumbnail.png"
"1769693586-2023","https://www.agromedium.com/hu-hu/novenyvedo-szerek","","Powerfull","check_circle","25 g/l deltametrin","2027. okt. 31.","rovarölő szer","2027. okt. 31.","","","https://cdn.agromedium.com/uploads/2019/04/67c9c6f3002ce784082b/thumbnail.png"
"1769693586-2024","https://www.agromedium.com/hu-hu/novenyvedo-szerek","","Powertwin","check_circle","200 g/l etofumezát, 200 g/l fenmedifam","2028. febr. 28.","gyomirtó szer","2028. febr. 28.","","","https://cdn.agromedium.com/uploads/2019/04/67c9c5c1001d85f5c905/thumbnail.png"
"1769693586-2025","https://www.agromedium.com/hu-hu/novenyvedo-szerek","","","","","","","","","","https://cdn.agromedium.com/uploads/2025/11/690db9bd0030b9dd184f/file.png"
"1769693586-2026","https://www.agromedium.com/hu-hu/novenyvedo-szerek","","Powsys","check_circle","800 g/l kén","2029. máj. 31.","gombaölő szer","2029. máj. 31.","","","https://cdn.agromedium.com/uploads/2021/02/67c9c5c0002a098f9ad0/thumbnail.png"
"1769693586-2027","https://www.agromedium.com/hu-hu/novenyvedo-szerek","","Pozitron","check_circle","100 g/l piriproxifen","2036. júl. 31.","rovarölő szer","2036. júl. 31.","","","https://cdn.agromedium.com/uploads/2019/04/67c9c5be0026299f6d49/thumbnail.png"
"1769693586-2028","https://www.agromedium.com/hu-hu/novenyvedo-szerek","","Prabha","check_circle","233 g/l boszkalid, 100 g/l protiokonazol","2027. ápr. 15.","gombaölő szer","2027. ápr. 15.","","","https://cdn.agromedium.com/uploads/2019/04/67c9c6f3002ce784082b/thumbnail.png"
"1769693586-2029","https://www.agromedium.com/hu-hu/novenyvedo-szerek","","Praktikum 250 EC","check_circle","250 g/l protiokonazol","2027. aug. 31.","gombaölő szer","2027. aug. 31.","","","https://cdn.agromedium.com/uploads/2019/04/67c9c6f3002ce784082b/thumbnail.png"
"1769693586-2030","https://www.agromedium.com/hu-hu/novenyvedo-szerek","","Praktis","check_circle","250 g/l protiokonazol","2027. aug. 31.","gombaölő szer","2027. aug. 31.","","","https://cdn.agromedium.com/uploads/2019/04/67c9c6f3002ce784082b/thumbnail.png"
"1769693586-2031","https://www.agromedium.com/hu-hu/novenyvedo-szerek","","","","","","","","","","https://cdn.agromedium.com/uploads/2026/01/697082e3000e0b656054/file.png"
"1769693586-2032","https://www.agromedium.com/hu-hu/novenyvedo-szerek","","Praxis Star","check_circle","480 g/l fluroxipir-meptil","2027. dec. 31.","gyomirtó szer","2027. dec. 31.","","","https://cdn.agromedium.com/uploads/2025/03/67e7a23d00318586422c/thumbnail.jpg"
"1769693586-2033","https://www.agromedium.com/hu-hu/novenyvedo-szerek","","Precise","check_circle","722 g/l propamokarb hidroklorid","2026. jún. 15.","","2026. jún. 15.","","","https://cdn.agromedium.com/uploads/2019/04/67c9c6f3002ce784082b/thumbnail.png"
"1769693586-2034","https://www.agromedium.com/hu-hu/novenyvedo-szerek","","Prefektor","check_circle","100 g/l amidoszulfuron, 25 g/l jodoszulfuron-metil-nátrium, 250 g/l mefenpir-dietil","2026. dec. 31.","gyomirtó szer","2026. dec. 31.","","","https://cdn.agromedium.com/uploads/2019/09/67c9c6f400102ba14e1a/thumbnail.png"
"1769693586-2035","https://www.agromedium.com/hu-hu/novenyvedo-szerek","","Premazor 500 SC","check_circle","500 g/l diflufenikán","2028. szept. 30.","gyomirtó szer","2028. szept. 30.","","","https://cdn.agromedium.com/uploads/2020/04/67c9c5c5003bb7c20c20/thumbnail.png"
"1769693586-2036","https://www.agromedium.com/hu-hu/novenyvedo-szerek","","Premis 25 FS","check_circle","25 g/l tritikonazol","2029. máj. 31.","gombaölő szer","2029. máj. 31.","","","https://cdn.agromedium.com/uploads/2020/09/67c9c5c70014019edcec/thumbnail.jpg"
"1769693586-2037","https://www.agromedium.com/hu-hu/novenyvedo-szerek","","","","","","","","","","https://cdn.agromedium.com/uploads/2025/06/6847e89a00115b091f3c/file.png"
"1769693586-2038","https://www.agromedium.com/hu-hu/novenyvedo-szerek","","Prepper","check_circle","25 g/l fludioxonil","2027. júl. 31.","gombaölő szer","2027. júl. 31.","","",""
"1769693586-2039","https://www.agromedium.com/hu-hu/novenyvedo-szerek","","Presidium","error","180 g/l dimetomorf, 180 g/l zoxamid","2024. nov. 20.","gombaölő permetezőszer","","2024. nov. 20.","","https://cdn.agromedium.com/uploads/2019/04/67c9c6f8002fe783f03a/thumbnail.png"
"1769693586-2040","https://www.agromedium.com/hu-hu/novenyvedo-szerek","","Prestop WP","check_circle","180 g/kg Clonostachys rosea J1446","2035. márc. 31.","gombaölő szer","2035. márc. 31.","","",""
"1769693586-2041","https://www.agromedium.com/hu-hu/novenyvedo-szerek","","Pretil","check_circle","400 g/l pirimetanil","2027. ápr. 30.","gombaölő szer","2027. ápr. 30.","","","https://cdn.agromedium.com/uploads/2023/03/67c9c5c50021e7685e21/thumbnail.jpg"
"1769693586-2042","https://www.agromedium.com/hu-hu/novenyvedo-szerek","","Prev-Gold","check_circle","58,96 g/l narancsolaj","2027. dec. 31.","gomba-, rovar- és atkaölő szer","2027. dec. 31.","","","https://cdn.agromedium.com/uploads/2019/09/67c9c5cf002c6dbae44c/thumbnail.png"
"1769693586-2043","https://www.agromedium.com/hu-hu/novenyvedo-szerek","","","","","","","","","","https://cdn.agromedium.com/uploads/2025/06/6847e89a00115b091f3c/file.png"
"1769693586-2044","https://www.agromedium.com/hu-hu/novenyvedo-szerek","","Prev-Gold Garden","check_circle","58,96 g/l narancsolaj","2027. dec. 31.","gomba-, rovar- és atkaölő szer","2027. dec. 31.","","","https://cdn.agromedium.com/uploads/2019/09/67c9c5cf002c6dbae44c/thumbnail.png"
"1769693586-2045","https://www.agromedium.com/hu-hu/novenyvedo-szerek","","Previcur Energy","check_circle","310 g/l fosetil, 530 g/l propamokarb","2027. szept. 30.","gombaölő szer","2027. szept. 30.","","","https://cdn.agromedium.com/uploads/2019/09/67c9c6f400102ba14e1a/thumbnail.png"
"1769693586-2046","https://www.agromedium.com/hu-hu/novenyvedo-szerek","","Priaxor","check_circle","75 g/l fluxapiroxad, 150 g/l piraklostrobin","2026. jún. 30.","gombaölő permetezőszer","2026. jún. 30.","","","https://cdn.agromedium.com/uploads/2020/09/67c9c5c70014019edcec/thumbnail.jpg"
"1769693586-2047","https://www.agromedium.com/hu-hu/novenyvedo-szerek","","Principal","error","429 g/kg nikoszulfuron, 107 g/kg rimszulfuron","2022. jan. 31.","gyomirtó szer","","2022. jan. 31.","","https://cdn.agromedium.com/uploads/2018/08/67c9c6f7001ef444f1db/thumbnail.png"
"1769693586-2048","https://www.agromedium.com/hu-hu/novenyvedo-szerek","","Principal Forte","check_circle","510,42 g/kg dikamba, 31,25 g/kg izoxadifen-etil, 62,475 g/kg nikoszulfuron, 31,25 g/kg rimszulfuron","2028. márc. 31.","","2028. márc. 31.","","","https://cdn.agromedium.com/uploads/2025/03/67e7a23d00318586422c/thumbnail.jpg"
"1769693586-2049","https://www.agromedium.com/hu-hu/novenyvedo-szerek","","","","","","","","","","https://cdn.agromedium.com/uploads/2026/01/6969f7e8002c1baa38cf/file.png"
"1769693586-2050","https://www.agromedium.com/hu-hu/novenyvedo-szerek","","Principal Plus","check_circle","550 g/kg dikamba, 92 g/kg nikoszulfuron, 23 g/kg rimszulfuron","2028. jan. 31.","gyomirtó szer","2028. jan. 31.","","","https://cdn.agromedium.com/uploads/2025/03/67e7a23d00318586422c/thumbnail.jpg"
"1769693586-2051","https://www.agromedium.com/hu-hu/novenyvedo-szerek","","Priori Gold","check_circle","125 g/l azoxistrobin, 125 g/l difenokonazol","2027. márc. 15.","gombaölő szer","2027. márc. 15.","","","https://cdn.agromedium.com/uploads/2019/04/67c9c5be0013b6f965bb/thumbnail.png"
"1769693586-2052","https://www.agromedium.com/hu-hu/novenyvedo-szerek","","Priori Sun","check_circle","200 g/l azoxistrobin, 125 g/l difenokonazol","2027. nov. 30.","gombaölő szer","2027. nov. 30.","","","https://cdn.agromedium.com/uploads/2019/03/67c9c5c60007ec5337c9/thumbnail.png"
"1769693586-2053","https://www.agromedium.com/hu-hu/novenyvedo-szerek","","Proagriwax G-Mediterranean","check_circle","97 % paraffin viasz","2026. febr. 28.","oltóviasz","2026. febr. 28.","","",""
"1769693586-2054","https://www.agromedium.com/hu-hu/novenyvedo-szerek","","Problad","check_circle","1000 g/kg fehér virágú édes csillagfürt (Lupinus albus) csíráztatott magjából nyert vizes kivonat","2037. ápr. 27.","gombaölő szer","2037. ápr. 27.","","",""
"1769693586-2055","https://www.agromedium.com/hu-hu/novenyvedo-szerek","","","","","","","","","","https://cdn.agromedium.com/uploads/2025/06/6847e89a00115b091f3c/file.png"
"1769693586-2056","https://www.agromedium.com/hu-hu/novenyvedo-szerek","","Procer 300 EC","check_circle","300 g/l protiokonazol","2026. márc. 31.","gombaölő szer","2026. márc. 31.","","","https://cdn.agromedium.com/uploads/2019/04/67c9c5c1001d85f5c905/thumbnail.png"
"1769693586-2057","https://www.agromedium.com/hu-hu/novenyvedo-szerek","","Prodalta","check_circle","720 g/l dimeténamid-P","2028. dec. 31.","gyomirtó szer","2028. dec. 31.","","counter_7","https://cdn.agromedium.com/uploads/2019/04/67c9c5c1001d85f5c905/thumbnail.png"
"1769693586-2058","https://www.agromedium.com/hu-hu/novenyvedo-szerek","","Profiler","check_circle","44,4 g/kg fluopikolid, 666,7 g/kg foszetil-Al","2028. ápr. 30.","gombaölő szer","2028. ápr. 30.","","","https://cdn.agromedium.com/uploads/2019/09/67c9c6f400102ba14e1a/thumbnail.png"
"1769693586-2059","https://www.agromedium.com/hu-hu/novenyvedo-szerek","","Profilux","error","45 g/kg cimoxanil, 680 g/kg mankoceb","2021. júl. 4.","gombaölő szer","","2021. júl. 4.","","https://cdn.agromedium.com/uploads/2023/01/67c9c5c70039285dc50f/thumbnail.png"
"1769693586-2060","https://www.agromedium.com/hu-hu/novenyvedo-szerek","","Profinity 180 SC","check_circle","180 g/l piriofenon","2028. jún. 30.","gombaölő permetezőszer","2028. jún. 30.","","","https://cdn.agromedium.com/uploads/2023/01/67c9c5c70039285dc50f/thumbnail.png"
"1769693586-2061","https://www.agromedium.com/hu-hu/novenyvedo-szerek","","","","","","","","","","https://cdn.agromedium.com/uploads/2025/11/690db9bd0030b9dd184f/file.png"
"1769693586-2062","https://www.agromedium.com/hu-hu/novenyvedo-szerek","","Prolectus","check_circle","500 g/kg fenpirazamin","2028. dec. 31.","gombaölő permetezőszer","2028. dec. 31.","","","https://cdn.agromedium.com/uploads/2019/12/67c9c5e00038baa08a17/thumbnail.jpg"
"1769693586-2063","https://www.agromedium.com/hu-hu/novenyvedo-szerek","","Proliant","check_circle","400 g/kg gibberelinsav","2027. aug. 31.","növekedésszabályozó készítmény","2027. aug. 31.","","","https://cdn.agromedium.com/uploads/2023/03/67c9c5e0003c40ead470/thumbnail.png"
"1769693586-2064","https://www.agromedium.com/hu-hu/novenyvedo-szerek","","Proline","check_circle","250 g/l protiokonazol","2026. aug. 31.","gombaölő permetezőszer","2026. aug. 31.","","","https://cdn.agromedium.com/uploads/2019/09/67c9c6f400102ba14e1a/thumbnail.png"
"1769693586-2065","https://www.agromedium.com/hu-hu/novenyvedo-szerek","","Proman","check_circle","500 g/l metobromuron","2028. máj. 31.","gyomirtó szer","2028. máj. 31.","","","https://cdn.agromedium.com/uploads/2023/01/67c9c5c70039285dc50f/thumbnail.png"
"1769693586-2066","https://www.agromedium.com/hu-hu/novenyvedo-szerek","","Promesa","check_circle","250 g/l azoxistrobin","2028. máj. 31.","gombaölő szer","2028. máj. 31.","","",""
"1769693586-2067","https://www.agromedium.com/hu-hu/novenyvedo-szerek","","","","","","","","","","https://cdn.agromedium.com/uploads/2025/06/6847e89a00115b091f3c/file.png"
"1769693586-2068","https://www.agromedium.com/hu-hu/novenyvedo-szerek","","Promino 300 EC","check_circle","300 g/l protiokonazol","2026. márc. 31.","gombaölő szer","2026. márc. 31.","","","https://cdn.agromedium.com/uploads/2019/04/67c9c5be0026299f6d49/thumbnail.png"
"1769693586-2069","https://www.agromedium.com/hu-hu/novenyvedo-szerek","","Promino Xtra","check_circle","140 g/l azoxistrobin, 100 g/l protiokonazol","2028. márc. 31.","gombaölő szer","2028. márc. 31.","","","https://cdn.agromedium.com/uploads/2019/04/67c9c5be0026299f6d49/thumbnail.png"
"1769693586-2070","https://www.agromedium.com/hu-hu/novenyvedo-szerek","","Promixer","check_circle","10 % 2-butoxi-etanol, 80 % etoxilált zsíralkohol foszforsav észtere, 5 % propilénglikol-monobutil-éter","2026. márc. 31.","kompatibilitást fokozó segédanyag","2026. márc. 31.","","","https://cdn.agromedium.com/uploads/2020/02/67c9c730002075a2456a/thumbnail.png"
"1769693586-2071","https://www.agromedium.com/hu-hu/novenyvedo-szerek","","Proof 80 EC","check_circle","800 g/l proszulfokarb","2028. jan. 31.","gyomirtó szer","2028. jan. 31.","","","https://cdn.agromedium.com/uploads/2019/04/67c9c6f3002ce784082b/thumbnail.png"
"1769693586-2072","https://www.agromedium.com/hu-hu/novenyvedo-szerek","","Propel Duo","check_circle","75 g/l bixafén, 150 g/l protiokonazol","2026. máj. 31.","gombaölő szer","2026. máj. 31.","","","https://cdn.agromedium.com/uploads/2019/09/67c9c6f400102ba14e1a/thumbnail.png"
"1769693586-2073","https://www.agromedium.com/hu-hu/novenyvedo-szerek","","","","","","","","","","https://cdn.agromedium.com/uploads/2026/01/6969f7e8002c1baa38cf/file.png"
"1769693586-2074","https://www.agromedium.com/hu-hu/novenyvedo-szerek","","Property 180 SC","check_circle","180 g/l piriofenon","2028. jún. 30.","gombaölő permetezőszer","2028. jún. 30.","","","https://cdn.agromedium.com/uploads/2023/01/67c9c5c70039285dc50f/thumbnail.png"
"1769693586-2075","https://www.agromedium.com/hu-hu/novenyvedo-szerek","","Propi 25 EC","error","250 g/l propikonazol","2019. jún. 19.","gombaölő permetezőszer","","2019. jún. 19.","","https://cdn.agromedium.com/uploads/2019/04/67c9c6f3002ce784082b/thumbnail.png"
"1769693586-2076","https://www.agromedium.com/hu-hu/novenyvedo-szerek","","Proplant","check_circle","722 g/l propamokarb","2028. szept. 30.","gombaölő szer","2028. szept. 30.","","","https://cdn.agromedium.com/uploads/2019/04/67c9c5be0026299f6d49/thumbnail.png"
"1769693586-2077","https://www.agromedium.com/hu-hu/novenyvedo-szerek","","Propulse","check_circle","125 g/l fluopiram, 125 g/l protiokonazol","2027. máj. 31.","gombaölő szer","2027. máj. 31.","","","https://cdn.agromedium.com/uploads/2019/09/67c9c6f400102ba14e1a/thumbnail.png"
"1769693586-2078","https://www.agromedium.com/hu-hu/novenyvedo-szerek","","Prosaro","check_circle","125 g/l protiokonazol, 125 g/l tebukonazol","2027. okt. 31.","gombaölő szer","2027. okt. 31.","","","https://cdn.agromedium.com/uploads/2019/09/67c9c6f400102ba14e1a/thumbnail.png"
"1769693586-2079","https://www.agromedium.com/hu-hu/novenyvedo-szerek","","","","","","","","","","https://cdn.agromedium.com/uploads/2026/01/697082e3000e0b656054/file.png"
"1769693586-2080","https://www.agromedium.com/hu-hu/novenyvedo-szerek","","Prosaro 250 EC","check_circle","125 g/l protiokonazol, 125 g/l tebukonazol","2027. okt. 31.","gombaölő szer","2027. okt. 31.","","","https://cdn.agromedium.com/uploads/2023/06/67c9c76b00277662b3eb/thumbnail.jpg"
"1769693586-2081","https://www.agromedium.com/hu-hu/novenyvedo-szerek","","Prosto 300 SL","check_circle","300 g/l klopiralid","2037. szept. 30.","gyomirtó szer","2037. szept. 30.","","",""
"1769693586-2082","https://www.agromedium.com/hu-hu/novenyvedo-szerek","","Protector 240 EC","check_circle","80 g/l protiokonazol, 160 g/l tebukonazol","2027. aug. 31.","gombaölő szer","2027. aug. 31.","","","https://cdn.agromedium.com/uploads/2023/03/67c9c5c50021e7685e21/thumbnail.jpg"
"1769693586-2083","https://www.agromedium.com/hu-hu/novenyvedo-szerek","","Protendo 300 EC","check_circle","300 g/l protiokonazol","2028. márc. 31.","gombaölő permetezőszer","2028. márc. 31.","","","https://cdn.agromedium.com/uploads/2023/01/67c9c5c70039285dc50f/thumbnail.png"
"1769693586-2084","https://www.agromedium.com/hu-hu/novenyvedo-szerek","","Proteus","error","10 g/l deltametrin, 100 g/l tiakloprid","2020. aug. 3.","rovarölő szer","","2020. aug. 3.","","https://cdn.agromedium.com/uploads/2019/09/67c9c6f400102ba14e1a/thumbnail.png"
"1769693586-2085","https://www.agromedium.com/hu-hu/novenyvedo-szerek","","","","","","","","","","https://cdn.agromedium.com/uploads/2025/11/690db9bd0030b9dd184f/file.png"
"1769693586-2086","https://www.agromedium.com/hu-hu/novenyvedo-szerek","","Protexio","check_circle","1x10^9 CFU/g Bacillus amyloliquefaciens QST 713 törzs","2026. jún. 30.","gombaölő szer","2026. jún. 30.","","",""
"1769693586-2087","https://www.agromedium.com/hu-hu/novenyvedo-szerek","","Protezol","error","125 g/l protiokonazol, 125 g/l tebukonazol","2025. márc. 31.","gombaölő permetezőszer","","2025. márc. 31.","","https://cdn.agromedium.com/uploads/2019/04/67c9c6f3002ce784082b/thumbnail.png"
"1769693586-2088","https://www.agromedium.com/hu-hu/novenyvedo-szerek","","Protiostar","check_circle","250 g/l protiokonazol","2027. ápr. 30.","gombaölő szer","2027. ápr. 30.","","","https://cdn.agromedium.com/uploads/2023/03/67c9c5e0003c40ead470/thumbnail.png"
"1769693586-2089","https://www.agromedium.com/hu-hu/novenyvedo-szerek","","Proton","error","450 g/l prokloráz","2021. dec. 31.","gombaölő szer","","2021. dec. 31.","",""
"1769693586-2090","https://www.agromedium.com/hu-hu/novenyvedo-szerek","","Provado Care rovarölő táprúd","check_circle","40 g/kg acetamiprid","2034. febr. 28.","rovarölő táprúd","2034. febr. 28.","","",""
"1769693586-2091","https://www.agromedium.com/hu-hu/novenyvedo-szerek","","","","","","","","","","https://cdn.agromedium.com/uploads/2026/01/697082e3000e0b656054/file.png"
"1769693586-2092","https://www.agromedium.com/hu-hu/novenyvedo-szerek","","Proxanil 450 SC","check_circle","50 g/l cimoxanil, 400 g/l propamokarb","2027. aug. 15.","gombaölő szer","2027. aug. 15.","","",""
"1769693586-2093","https://www.agromedium.com/hu-hu/novenyvedo-szerek","","Pulsar 40 SL","check_circle","40 g/l imazamox","2028. jún. 30.","gyomirtó szer","2028. jún. 30.","","","https://cdn.agromedium.com/uploads/2020/09/67c9c5c70014019edcec/thumbnail.jpg"
"1769693586-2094","https://www.agromedium.com/hu-hu/novenyvedo-szerek","","Pulsar Plus","check_circle","25 g/l imazamox","2028. jún. 30.","gyomirtó szer","2028. jún. 30.","","","https://cdn.agromedium.com/uploads/2020/09/67c9c5c70014019edcec/thumbnail.jpg"
"1769693586-2095","https://www.agromedium.com/hu-hu/novenyvedo-szerek","","Puma Extra","check_circle","69 g/l fenoxaprop-P-etil, 75 g/l mefenpir-dietil","2027. dec. 31.","gyomirtó szer","2027. dec. 31.","","","https://cdn.agromedium.com/uploads/2019/09/67c9c6f400102ba14e1a/thumbnail.png"
"1769693586-2096","https://www.agromedium.com/hu-hu/novenyvedo-szerek","","Pylon 250 EC","check_circle","250 g/l trinexapak-etil","2039. ápr. 30.","növekedésszabályzó szer","2039. ápr. 30.","","","https://cdn.agromedium.com/uploads/2019/04/67c9c5be0026299f6d49/thumbnail.png"
"1769693586-2097","https://www.agromedium.com/hu-hu/novenyvedo-szerek","","","","","","","","","","https://cdn.agromedium.com/uploads/2025/11/690db9bd0030b9dd184f/file.png"
"1769693586-2098","https://www.agromedium.com/hu-hu/novenyvedo-szerek","","Pyralid 30 SL","check_circle","300 g/l klopiralid","2026. dec. 31.","gyomirtó szer","2026. dec. 31.","","","https://cdn.agromedium.com/uploads/2019/04/67c9c6f3002ce784082b/thumbnail.png"
"1769693586-2099","https://www.agromedium.com/hu-hu/novenyvedo-szerek","","Pyramid","check_circle","400 g/l pirimetanil","2028. márc. 15.","gombaölő szer","2028. márc. 15.","","","https://cdn.agromedium.com/uploads/2019/04/67c9c6f3002ce784082b/thumbnail.png"
"1769693586-2100","https://www.agromedium.com/hu-hu/novenyvedo-szerek","","Pyranica 20 WP","check_circle","200 g/kg tebufenpirad","2027. dec. 31.","rovar- és atkaölő szer","2027. dec. 31.","","","https://cdn.agromedium.com/uploads/2023/01/67c9c5c70039285dc50f/thumbnail.png"
"1769693586-2101","https://www.agromedium.com/hu-hu/novenyvedo-szerek","","Pyregard","emergency_home","40 g/l piretrin","Alapengedély","emergency_home","","","","https://cdn.agromedium.com/uploads/2019/09/67c9c5cf002c6dbae44c/thumbnail.png"
"1769693586-2102","https://www.agromedium.com/hu-hu/novenyvedo-szerek","","Pyrifosz 25 CS","error","250 g/l klórpirifosz","2020. febr. 16.","rovarölő szer","","2020. febr. 16.","","https://cdn.agromedium.com/uploads/2019/04/67c9c5c1001d85f5c905/thumbnail.png"
"1769693586-2103","https://www.agromedium.com/hu-hu/novenyvedo-szerek","","","","","","","","","","https://cdn.agromedium.com/uploads/2026/01/6969f7e8002c1baa38cf/file.png"
"1769693586-2104","https://www.agromedium.com/hu-hu/novenyvedo-szerek","","Pyrinex 25 CS","error","250 g/l klórpirifosz","2020. febr. 16.","rovarölő szer","","2020. febr. 16.","","https://cdn.agromedium.com/uploads/2019/12/67c9c5e00038baa08a17/thumbnail.jpg"
"1769693586-2105","https://www.agromedium.com/hu-hu/novenyvedo-szerek","","Pyrinex 48 EC","error","480 g/l klórpirifosz","2020. febr. 16.","rovarölő szer","","2020. febr. 16.","","https://cdn.agromedium.com/uploads/2019/12/67c9c5e00038baa08a17/thumbnail.jpg"
"1769693586-2106","https://www.agromedium.com/hu-hu/novenyvedo-szerek","","Pyrinex Supreme","error","12 g/l béta-ciflutrin, 250 g/l klórpirifosz","2020. febr. 16.","rovarölő szer","","2020. febr. 16.","","https://cdn.agromedium.com/uploads/2019/12/67c9c5e00038baa08a17/thumbnail.jpg"
"1769693586-2107","https://www.agromedium.com/hu-hu/novenyvedo-szerek","","Pyrus 400 SC","check_circle","400 g/l pirimetanil","2027. máj. 31.","gombaölő szer","2027. máj. 31.","","","https://cdn.agromedium.com/uploads/2024/03/67c9c5be001da30ef4a5/thumbnail.png"
"1769693586-2108","https://www.agromedium.com/hu-hu/novenyvedo-szerek","","Python 280 SC","check_circle","16,7 g/l floraszulam, 267 g/l mezotrion","2031. dec. 31.","gyomirtó szer","2031. dec. 31.","","","https://cdn.agromedium.com/uploads/2025/03/67e7a23d00318586422c/thumbnail.jpg"
"1769693586-2109","https://www.agromedium.com/hu-hu/novenyvedo-szerek","","","","","","","","","","https://cdn.agromedium.com/uploads/2025/06/6847e89a00115b091f3c/file.png"
"1769693586-2110","https://www.agromedium.com/hu-hu/novenyvedo-szerek","","Quadris","check_circle","250 g/l azoxistrobin","2027. jan. 31.","gombaölő szer","2027. jan. 31.","","","https://cdn.agromedium.com/uploads/2019/03/67c9c5c60007ec5337c9/thumbnail.png"
"1769693586-2111","https://www.agromedium.com/hu-hu/novenyvedo-szerek","","Quadris Max","check_circle","93,5 g/l azoxistrobin, 500 g/l folpet","2029. máj. 31.","gombaölő szer","2029. máj. 31.","","","https://cdn.agromedium.com/uploads/2019/03/67c9c5c60007ec5337c9/thumbnail.png"
"1769693586-2112","https://www.agromedium.com/hu-hu/novenyvedo-szerek","","Qualy","check_circle","300 g/l ciprodinil","2028. ápr. 30.","gombaölő szer","2028. ápr. 30.","","","https://cdn.agromedium.com/uploads/2019/12/67c9c5e00038baa08a17/thumbnail.jpg"
"1769693586-2113","https://www.agromedium.com/hu-hu/novenyvedo-szerek","","Quantum MZ","error","90 g/kg dimetomorf, 600 g/kg mankoceb","2021. júl. 4.","gombaölő permetezőszer","","2021. júl. 4.","","https://cdn.agromedium.com/uploads/2019/04/67c9c5c1001d85f5c905/thumbnail.png"
"1769693586-2114","https://www.agromedium.com/hu-hu/novenyvedo-szerek","","Queen","check_circle","50 g/l fenpikoxamid, 100 g/l protiokonazol","2027. szept. 30.","gombaölő szer","2027. szept. 30.","","","https://cdn.agromedium.com/uploads/2025/03/67e7a23d00318586422c/thumbnail.jpg"
"1769693586-2115","https://www.agromedium.com/hu-hu/novenyvedo-szerek","","","","","","","","","","https://cdn.agromedium.com/uploads/2026/01/697082e3000e0b656054/file.png"
"1769693586-2116","https://www.agromedium.com/hu-hu/novenyvedo-szerek","","Quelex","check_circle","100 g/kg floraszulam, 104,2 g/kg halauxifen-metil, 70,8 g/kg kloquintocet","2028. jún. 5.","gyomirtó szer","2028. jún. 5.","","","https://cdn.agromedium.com/uploads/2025/03/67e7a23d00318586422c/thumbnail.jpg"
"1769693586-2117","https://www.agromedium.com/hu-hu/novenyvedo-szerek","","Questar","check_circle","50 g/l fenpikoxamid","2029. okt. 11.","gombaölő szer","2029. okt. 11.","","","https://cdn.agromedium.com/uploads/2025/03/67e7a23d00318586422c/thumbnail.jpg"
"1769693586-2118","https://www.agromedium.com/hu-hu/novenyvedo-szerek","","Quick 5 EC","check_circle","50 g/l quizalofop-P-etil","2027. nov. 30.","gyomirtó szer","2027. nov. 30.","","","https://cdn.agromedium.com/uploads/2019/04/67c9c6f3002ce784082b/thumbnail.png"
"1769693586-2119","https://www.agromedium.com/hu-hu/novenyvedo-szerek","","Quick Top","check_circle","120 g/l kizalofop-P-etil","2028. febr. 28.","gyomirtó szer","2028. febr. 28.","","","https://cdn.agromedium.com/uploads/2019/04/67c9c6f3002ce784082b/thumbnail.png"
"1769693586-2120","https://www.agromedium.com/hu-hu/novenyvedo-szerek","","Quickphos","check_circle","560 g/kg aluminium-foszfid","2027. dec. 31.","gázosító szer","2027. dec. 31.","","","https://cdn.agromedium.com/uploads/2024/03/67c9c5be001da30ef4a5/thumbnail.png"
"1769693586-2121","https://www.agromedium.com/hu-hu/novenyvedo-szerek","","","","","","","","","","https://cdn.agromedium.com/uploads/2025/11/690db9bd0030b9dd184f/file.png"
"1769693586-2122","https://www.agromedium.com/hu-hu/novenyvedo-szerek","","QuickPhos Bags","check_circle","563,4 g/kg aluminium-foszfid","2027. márc. 8.","rovarölő gázosítószer","2027. márc. 8.","","",""
"1769693586-2123","https://www.agromedium.com/hu-hu/novenyvedo-szerek","","Quilt Prime","check_circle","150 g/l azoxistrobin, 280 g/l fenpropidin","2026. aug. 15.","gombaölő szer","2026. aug. 15.","","","https://cdn.agromedium.com/uploads/2019/03/67c9c5c60007ec5337c9/thumbnail.png"
"1769693586-2124","https://www.agromedium.com/hu-hu/novenyvedo-szerek","","Racer","check_circle","25 % flurokloridon","2026. okt. 31.","gyomirtó szer","2026. okt. 31.","","","https://cdn.agromedium.com/uploads/2019/04/67c9c5c1001d85f5c905/thumbnail.png"
"1769693586-2125","https://www.agromedium.com/hu-hu/novenyvedo-szerek","","Radar","check_circle","720 g/l dimeténamid-P","2028. dec. 31.","gyomirtó szer","2028. dec. 31.","","counter_7","https://cdn.agromedium.com/uploads/2018/08/67c9c5bf000cfc1dad7b/thumbnail.jpg"
"1769693586-2126","https://www.agromedium.com/hu-hu/novenyvedo-szerek","","Rafting","check_circle","200 g/kg acetamiprid","2034. febr. 28.","rovarölő szer","2034. febr. 28.","","counter_1","https://cdn.agromedium.com/uploads/2020/09/67c9c5c70014019edcec/thumbnail.jpg"
"1769693586-2127","https://www.agromedium.com/hu-hu/novenyvedo-szerek","","","","","","","","","","https://cdn.agromedium.com/uploads/2026/01/697082e3000e0b656054/file.png"
"1769693586-2128","https://www.agromedium.com/hu-hu/novenyvedo-szerek","","Raikiri","check_circle","100 g/l mezotrion","2033. máj. 31.","gyomirtó szer","2033. máj. 31.","","","https://cdn.agromedium.com/uploads/2023/03/67c9c5e0003c40ead470/thumbnail.png"
"1769693586-2129","https://www.agromedium.com/hu-hu/novenyvedo-szerek","","Raisan","check_circle","510 g/l metám","2027. nov. 30.","talajfertőtlenítő szer","2027. nov. 30.","","",""
"1769693586-2130","https://www.agromedium.com/hu-hu/novenyvedo-szerek","","RAK 1+2","error","20 g/kg feromon ((E)7-(Z)9 dodekadienil acetát), 40 g/kg feromon ((Z)-9-dodekán-1-il acetát)","2025. aug. 31.","feromon","","2025. aug. 31.","","https://cdn.agromedium.com/uploads/2020/09/67c9c5c70014019edcec/thumbnail.jpg"
"1769693586-2131","https://www.agromedium.com/hu-hu/novenyvedo-szerek","","Rambo 050 CS","check_circle","50 g/l deltametrin","2027. aug. 15.","rovarölő szer","2027. aug. 15.","","","https://cdn.agromedium.com/uploads/2021/03/67c9c5c60001416ab5c4/thumbnail.jpg"
"1769693586-2132","https://www.agromedium.com/hu-hu/novenyvedo-szerek","","Rameston","check_circle","40 g/l imazamox","2028. jún. 30.","gyomirtó szer","2028. jún. 30.","","",""
"1769693586-2133","https://www.agromedium.com/hu-hu/novenyvedo-szerek","","","","","","","","","","https://cdn.agromedium.com/uploads/2025/11/690db9bd0030b9dd184f/file.png"
"1769693586-2134","https://www.agromedium.com/hu-hu/novenyvedo-szerek","","Ramox","check_circle","40 g/l imazamox","2028. jún. 30.","gyomirtó szer","2028. jún. 30.","","",""
"1769693586-2135","https://www.agromedium.com/hu-hu/novenyvedo-szerek","","Ramtic","warning","500 g/l flufenacet","2026. dec. 10.","gyomirtó szer","","","","https://cdn.agromedium.com/uploads/2019/12/67c9c5e00038baa08a17/thumbnail.jpg"
"1769693586-2136","https://www.agromedium.com/hu-hu/novenyvedo-szerek","","Rancona 15 ME","error","15 g/l ipkonazol","2023. aug. 31.","csávázószer (gombaölő)","","2023. aug. 31.","","https://cdn.agromedium.com/uploads/2024/03/67c9c5be001da30ef4a5/thumbnail.png"
"1769693586-2137","https://www.agromedium.com/hu-hu/novenyvedo-szerek","","Rancona 450 FS","error","452 g/l ipkonazol","2023. aug. 31.","gombaölő csávázószer","","2023. aug. 31.","","https://cdn.agromedium.com/uploads/2024/03/67c9c5be001da30ef4a5/thumbnail.png"
"1769693586-2138","https://www.agromedium.com/hu-hu/novenyvedo-szerek","","Rancona i-Mix","error","50 g/l imazalil, 20 g/l ipkonazol","2023. aug. 31.","csávázószer (gombaölő)","","2023. aug. 31.","","https://cdn.agromedium.com/uploads/2024/03/67c9c5be001da30ef4a5/thumbnail.png"
"1769693586-2139","https://www.agromedium.com/hu-hu/novenyvedo-szerek","","","","","","","","","","https://cdn.agromedium.com/uploads/2025/11/690db9bd0030b9dd184f/file.png"
"1769693586-2140","https://www.agromedium.com/hu-hu/novenyvedo-szerek","","Rango","check_circle","40 g/l kizalofop-P-tefuril","2027. márc. 31.","gyomirtó szer","2027. márc. 31.","","","https://cdn.agromedium.com/uploads/2023/03/67c9c5c50021e7685e21/thumbnail.jpg"
"1769693586-2141","https://www.agromedium.com/hu-hu/novenyvedo-szerek","","Ranman Top","check_circle","160 g/l ciazofamid","2037. júl. 31.","gombaölő szer","2037. júl. 31.","","","https://cdn.agromedium.com/uploads/2023/01/67c9c5c70039285dc50f/thumbnail.png"
"1769693586-2142","https://www.agromedium.com/hu-hu/novenyvedo-szerek","","Rapid CS","check_circle","60 g/l gamma-cihalotrin","2027. dec. 31.","rovarölő szer","2027. dec. 31.","","","https://cdn.agromedium.com/uploads/2019/04/67c9c5be0013b6f965bb/thumbnail.png"
"1769693586-2143","https://www.agromedium.com/hu-hu/novenyvedo-szerek","","Rapsan 400 SC","check_circle","400 g/l metazaklór","2029. jún. 30.","gyomirtó szer","2029. jún. 30.","","","https://cdn.agromedium.com/uploads/2023/01/67c9c5c70039285dc50f/thumbnail.png"
"1769693586-2144","https://www.agromedium.com/hu-hu/novenyvedo-szerek","","Rapsan 500 SC","check_circle","500 g/l metazaklór","2027. okt. 31.","gyomirtó szer","2027. okt. 31.","","",""
"1769693586-2145","https://www.agromedium.com/hu-hu/novenyvedo-szerek","","","","","","","","","","https://cdn.agromedium.com/uploads/2025/06/6847e89a00115b091f3c/file.png"
"1769693586-2146","https://www.agromedium.com/hu-hu/novenyvedo-szerek","","Rapsan Plus","check_circle","333 g/l metazaklór, 83 g/l quinmerak","2029. máj. 31.","gyomirtó szer","2029. máj. 31.","","","https://cdn.agromedium.com/uploads/2023/01/67c9c5c70039285dc50f/thumbnail.png"
"1769693586-2147","https://www.agromedium.com/hu-hu/novenyvedo-szerek","","Raptol HP","check_circle","45,9 g/l piretrin","2027. jún. 15.","rovarölő szer","2027. jún. 15.","","","https://cdn.agromedium.com/uploads/2019/04/67c9c5be0026299f6d49/thumbnail.png"
"1769693586-2148","https://www.agromedium.com/hu-hu/novenyvedo-szerek","","Raptor Opti","check_circle","40 g/l imazamox","2028. jún. 30.","gyomirtó szer","2028. jún. 30.","","","https://cdn.agromedium.com/uploads/2023/03/67c9c5e0003c40ead470/thumbnail.png"
"1769693586-2149","https://www.agromedium.com/hu-hu/novenyvedo-szerek","","Rasput","check_circle","500 g/kg boszkalid","2027. ápr. 30.","gombaölő szer","2027. ápr. 30.","","",""
"1769693586-2150","https://www.agromedium.com/hu-hu/novenyvedo-szerek","","Rassel","check_circle","100 g/l floraszulam","2031. dec. 31.","gyomirtó szer","2031. dec. 31.","","",""
"1769693586-2151","https://www.agromedium.com/hu-hu/novenyvedo-szerek","","","","","","","","","","https://cdn.agromedium.com/uploads/2026/01/697082e3000e0b656054/file.png"
"1769693586-2152","https://www.agromedium.com/hu-hu/novenyvedo-szerek","","Ratron GL","check_circle","8 g/kg cinkfoszfid","2027. dec. 31.","rágcsálóirtó szer","2027. dec. 31.","","","https://cdn.agromedium.com/uploads/2020/11/67c9c6f9001413c8202c/thumbnail.png"
"1769693586-2153","https://www.agromedium.com/hu-hu/novenyvedo-szerek","","Ratron GW","check_circle","25 g/kg cinkfoszfid","2027. dec. 31.","rágcsálóirtó szer","2027. dec. 31.","","","https://cdn.agromedium.com/uploads/2020/11/67c9c6f9001413c8202c/thumbnail.png"
"1769693586-2154","https://www.agromedium.com/hu-hu/novenyvedo-szerek","","Ratron ST","check_circle","8 g/kg cinkfoszfid","2027. dec. 31.","rágcsálóirtó szer","2027. dec. 31.","","","https://cdn.agromedium.com/uploads/2020/11/67c9c6f9001413c8202c/thumbnail.png"
"1769693586-2155","https://www.agromedium.com/hu-hu/novenyvedo-szerek","","Ravane","check_circle","50 g/l lambda-cihalotrin","2027. jún. 30.","rovarölő szer","2027. jún. 30.","","","https://cdn.agromedium.com/uploads/2024/03/67c9c5be001da30ef4a5/thumbnail.png"
"1769693586-2156","https://www.agromedium.com/hu-hu/novenyvedo-szerek","","Raxil 060 FS","check_circle","60 g/l tebukonazol","2027. dec. 30.","gombaölő csávázószer","2027. dec. 30.","","","https://cdn.agromedium.com/uploads/2019/04/67c9c5be0026299f6d49/thumbnail.png"
"1769693586-2157","https://www.agromedium.com/hu-hu/novenyvedo-szerek","","","","","","","","","","https://cdn.agromedium.com/uploads/2026/01/6969f7e8002c1baa38cf/file.png"
"1769693586-2158","https://www.agromedium.com/hu-hu/novenyvedo-szerek","","Reactor 360 CS","error","360 g/l klomazon","2024. okt. 31.","gyomirtó szer","","2024. okt. 31.","","https://cdn.agromedium.com/uploads/2019/04/67c9c5be0013b6f965bb/thumbnail.png"
"1769693586-2159","https://www.agromedium.com/hu-hu/novenyvedo-szerek","","Reactor Micro","check_circle","360 g/l klomazon","2027. szept. 30.","gyomirtó szer","2027. szept. 30.","","","https://cdn.agromedium.com/uploads/2019/04/67c9c5be0013b6f965bb/thumbnail.png"
"1769693586-2160","https://www.agromedium.com/hu-hu/novenyvedo-szerek","","REAGRON feromonos rovarcsapdák","check_circle","poliizobutilén","2030. nov. 30.","feromonos csalogató és szignalizációs csapda","2030. nov. 30.","","",""
"1769693586-2161","https://www.agromedium.com/hu-hu/novenyvedo-szerek","","Recudo","check_circle","482,5 g/l réz-oxiklorid","2029. jún. 30.","gombaölő szer","2029. jún. 30.","","","https://cdn.agromedium.com/uploads/2019/04/67c9c5be0026299f6d49/thumbnail.png"
"1769693586-2162","https://www.agromedium.com/hu-hu/novenyvedo-szerek","","Redialo","error","500 g/l pelargonsav","2020. febr. 12.","gyomirtó szer","","2020. febr. 12.","","https://cdn.agromedium.com/uploads/2023/01/67c9c5c70039285dc50f/thumbnail.png"
"1769693586-2163","https://www.agromedium.com/hu-hu/novenyvedo-szerek","","","","","","","","","","https://cdn.agromedium.com/uploads/2025/11/690db9bd0030b9dd184f/file.png"
"1769693586-2164","https://www.agromedium.com/hu-hu/novenyvedo-szerek","","Redigo 100 FS","check_circle","100 g/l protiokonazol","2026. aug. 15.","gombaölő szer","2026. aug. 15.","","","https://cdn.agromedium.com/uploads/2019/09/67c9c6f400102ba14e1a/thumbnail.png"
"1769693586-2165","https://www.agromedium.com/hu-hu/novenyvedo-szerek","","Redigo M","check_circle","20 g/l metalaxil, 100 g/l protiokonazol","2026. aug. 15.","gombaölő csávázószer","2026. aug. 15.","","","https://cdn.agromedium.com/uploads/2019/09/67c9c6f400102ba14e1a/thumbnail.png"
"1769693586-2166","https://www.agromedium.com/hu-hu/novenyvedo-szerek","","Redigo Pro","check_circle","150 g/l protiokonazol, 20 g/l tebukonazol","2026. aug. 31.","gombaölő csávázószer","2026. aug. 31.","","","https://cdn.agromedium.com/uploads/2019/09/67c9c6f400102ba14e1a/thumbnail.png"
"1769693586-2167","https://www.agromedium.com/hu-hu/novenyvedo-szerek","","Refine 50 SX","check_circle","500 g/kg tifenszulfuron-metil","2027. jún. 30.","gyomirtó szer","2027. jún. 30.","","","https://cdn.agromedium.com/uploads/2019/04/67c9c5be0013b6f965bb/thumbnail.png"
"1769693586-2168","https://www.agromedium.com/hu-hu/novenyvedo-szerek","","Regalis Plus","check_circle","100 g/kg prohexadion-kalcium","2026. dec. 31.","növekedésszabályzó permetezőszer","2026. dec. 31.","","","https://cdn.agromedium.com/uploads/2020/09/67c9c5c70014019edcec/thumbnail.jpg"
"1769693586-2169","https://www.agromedium.com/hu-hu/novenyvedo-szerek","","","","","","","","","","https://cdn.agromedium.com/uploads/2026/01/6969f7e8002c1baa38cf/file.png"
"1769693586-2170","https://www.agromedium.com/hu-hu/novenyvedo-szerek","","Reglone Air","error","374 g/l diquat-dibromid","2019. máj. 4.","gyomirtó szer","","2019. máj. 4.","emergency_home","https://cdn.agromedium.com/uploads/2019/03/67c9c5c60007ec5337c9/thumbnail.png"
"1769693586-2171","https://www.agromedium.com/hu-hu/novenyvedo-szerek","","Relay","check_circle","25 g/l imazamox","2028. jún. 30.","gyomirtó szer","2028. jún. 30.","","","https://cdn.agromedium.com/uploads/2020/09/67c9c5c70014019edcec/thumbnail.jpg"
"1769693586-2172","https://www.agromedium.com/hu-hu/novenyvedo-szerek","","Relenya","check_circle","50 g/l mefentriflukonazol","2027. szept. 30.","gombaölő csávázószer","2027. szept. 30.","","","https://cdn.agromedium.com/uploads/2020/09/67c9c5c70014019edcec/thumbnail.jpg"
"1769693586-2173","https://www.agromedium.com/hu-hu/novenyvedo-szerek","","Reliance","warning","200 g/l diflufenikán, 400 g/l flufenacet","2026. dec. 10.","gyomirtó szer","","","","https://cdn.agromedium.com/uploads/2024/03/67c9c5be001da30ef4a5/thumbnail.png"
"1769693586-2174","https://www.agromedium.com/hu-hu/novenyvedo-szerek","","Respox","check_circle","250 g/l difenokonazol, 125 g/l paklobutrazol","2029. máj. 31.","gombaölő szer","2029. máj. 31.","","","https://cdn.agromedium.com/uploads/2019/04/67c9c5c1001d85f5c905/thumbnail.png"
"1769693586-2175","https://www.agromedium.com/hu-hu/novenyvedo-szerek","","","","","","","","","","https://cdn.agromedium.com/uploads/2025/06/6847e89a00115b091f3c/file.png"
"1769693586-2176","https://www.agromedium.com/hu-hu/novenyvedo-szerek","","Ressivi","error","375 g/l acibenzolár-S-metil","2025. jan. 10.","csávázószer","","2025. jan. 10.","","https://cdn.agromedium.com/uploads/2019/03/67c9c5c60007ec5337c9/thumbnail.png"
"1769693586-2177","https://www.agromedium.com/hu-hu/novenyvedo-szerek","","Retengo","check_circle","200 g/l piraklostrobin","2027. jan. 31.","gombaölő permetezőszer","2027. jan. 31.","","","https://cdn.agromedium.com/uploads/2020/09/67c9c5c70014019edcec/thumbnail.jpg"
"1769693586-2178","https://www.agromedium.com/hu-hu/novenyvedo-szerek","","Retengo Plus","error","50 g/l epoxikonazol, 133 g/l piraklostrobin","2020. ápr. 30.","gombaölő szer","","2020. ápr. 30.","","https://cdn.agromedium.com/uploads/2020/09/67c9c5c70014019edcec/thumbnail.jpg"
"1769693586-2179","https://www.agromedium.com/hu-hu/novenyvedo-szerek","","Revive II","check_circle","95 g/l emamektin-benzoát","2027. nov. 15.","rovarölő szer","2027. nov. 15.","","","https://cdn.agromedium.com/uploads/2019/03/67c9c5c60007ec5337c9/thumbnail.png"
"1769693586-2180","https://www.agromedium.com/hu-hu/novenyvedo-szerek","","Revus","check_circle","250 g/l mandipropamid","2028. szept. 30.","gombaölő szer","2028. szept. 30.","","","https://cdn.agromedium.com/uploads/2019/03/67c9c5c60007ec5337c9/thumbnail.png"
"1769693586-2181","https://www.agromedium.com/hu-hu/novenyvedo-szerek","","","","","","","","","","https://cdn.agromedium.com/uploads/2026/01/697082e3000e0b656054/file.png"
"1769693586-2182","https://www.agromedium.com/hu-hu/novenyvedo-szerek","","Revus Top","check_circle","250 g/l difenokonazol, 250 g/l mandipropamid","2029. ápr. 30.","gombaölő szer","2029. ápr. 30.","","","https://cdn.agromedium.com/uploads/2019/03/67c9c5c60007ec5337c9/thumbnail.png"
"1769693586-2183","https://www.agromedium.com/hu-hu/novenyvedo-szerek","","Revycare","check_circle","100 g/l mefentriflukonazol, 100 g/l piraklostrobin","2030. márc. 20.","gombaölő permetezőszer","2030. márc. 20.","","","https://cdn.agromedium.com/uploads/2020/09/67c9c5c70014019edcec/thumbnail.jpg"
"1769693586-2184","https://www.agromedium.com/hu-hu/novenyvedo-szerek","","Revydas","check_circle","200 g/l boszkalid, 100 g/l mefentriflukonazol","2028. ápr. 15.","gombaölő szer","2028. ápr. 15.","","","https://cdn.agromedium.com/uploads/2020/09/67c9c5c70014019edcec/thumbnail.jpg"
"1769693586-2185","https://www.agromedium.com/hu-hu/novenyvedo-szerek","","Revyflex","check_circle","66,6 g/l mefentriflukonazol, 100 g/l metrafenon, 80 g/l piraklostrobin","2027. szept. 15.","gombaölő szer","2027. szept. 15.","","","https://cdn.agromedium.com/uploads/2020/09/67c9c5c70014019edcec/thumbnail.jpg"
"1769693586-2186","https://www.agromedium.com/hu-hu/novenyvedo-szerek","","Revyona","check_circle","75 g/l mefentriflukonazol","2030. márc. 20.","gombaölő szer","2030. márc. 20.","","","https://cdn.agromedium.com/uploads/2020/09/67c9c5c70014019edcec/thumbnail.jpg"
"1769693586-2187","https://www.agromedium.com/hu-hu/novenyvedo-szerek","","","","","","","","","","https://cdn.agromedium.com/uploads/2025/06/6847e89a00115b091f3c/file.png"
"1769693586-2188","https://www.agromedium.com/hu-hu/novenyvedo-szerek","","Revysion","check_circle","75 g/l mefentriflukonazol","2030. márc. 20.","gombaölő szer","2030. márc. 20.","","","https://cdn.agromedium.com/uploads/2020/09/67c9c5c70014019edcec/thumbnail.jpg"
"1769693586-2189","https://www.agromedium.com/hu-hu/novenyvedo-szerek","","Revysky","check_circle","66,7 g/l fluxapiroxad, 66,7 g/l mefentriflukonazol","2026. márc. 31.","gombaölő szer","2026. márc. 31.","","","https://cdn.agromedium.com/uploads/2020/09/67c9c5c70014019edcec/thumbnail.jpg"
"1769693586-2190","https://www.agromedium.com/hu-hu/novenyvedo-szerek","","Revystar","check_circle","100 g/l mefentriflukonazol","2030. márc. 20.","gombaölő szer","2030. márc. 20.","","","https://cdn.agromedium.com/uploads/2020/09/67c9c5c70014019edcec/thumbnail.jpg"
"1769693586-2191","https://www.agromedium.com/hu-hu/novenyvedo-szerek","","Revytur","check_circle","600 g/l kén, 25 g/l mefentriflukonazol","2027. jan. 1.","gombaölő szer","2027. jan. 1.","","","https://cdn.agromedium.com/uploads/2020/09/67c9c5c70014019edcec/thumbnail.jpg"
"1769693586-2192","https://www.agromedium.com/hu-hu/novenyvedo-szerek","","Rexade","check_circle","100 g/kg floraszulam, 104,2 g/kg halauxifen-metil, 212,5 g/kg kloquintocet, 240 g/kg piroxszulam","2028. szept. 30.","gyomirtó szer","2028. szept. 30.","","","https://cdn.agromedium.com/uploads/2025/03/67e7a23d00318586422c/thumbnail.jpg"
"1769693586-2193","https://www.agromedium.com/hu-hu/novenyvedo-szerek","","","","","","","","","","https://cdn.agromedium.com/uploads/2025/11/690db9bd0030b9dd184f/file.png"
"1769693586-2194","https://www.agromedium.com/hu-hu/novenyvedo-szerek","","RezErv","check_circle","423,7 g/kg rézhidroxid","2026. dec. 31.","gombaölő szer","2026. dec. 31.","","","https://cdn.agromedium.com/uploads/2022/12/67c9c6f4001560c3ef62/thumbnail.jpg"
"1769693586-2195","https://www.agromedium.com/hu-hu/novenyvedo-szerek","","RézMax","check_circle","638 g/l rézoxiklorid","2027. dec. 31.","gombaölő szer","2027. dec. 31.","","","https://cdn.agromedium.com/uploads/2019/09/67c9c6f70009b6d8d321/thumbnail.jpg"
"1769693586-2196","https://www.agromedium.com/hu-hu/novenyvedo-szerek","","Rézmax Micro 63 WG","check_circle","630 g/kg rézoxiklorid","2026. dec. 31.","gombaölő szer","2026. dec. 31.","","","https://cdn.agromedium.com/uploads/2019/03/67c9c5c60007ec5337c9/thumbnail.png"
"1769693586-2197","https://www.agromedium.com/hu-hu/novenyvedo-szerek","","RézOx","check_circle","630 g/kg rézoxiklorid","2026. dec. 31.","gombaölő szer","2026. dec. 31.","","","https://cdn.agromedium.com/uploads/2022/12/67c9c6f4001560c3ef62/thumbnail.jpg"
"1769693586-2198","https://www.agromedium.com/hu-hu/novenyvedo-szerek","","Rézoxiklorid 50 WP Neo","error","841 g/kg rézoxiklorid (500 g/kg réz)","2025. márc. 15.","gombaölő szer","","2025. márc. 15.","","https://cdn.agromedium.com/uploads/2019/11/67c9c704002414f8c4a9/thumbnail.png"
"1769693586-2199","https://www.agromedium.com/hu-hu/novenyvedo-szerek","","","","","","","","","","https://cdn.agromedium.com/uploads/2026/01/6969f7e8002c1baa38cf/file.png"
"1769693586-2200","https://www.agromedium.com/hu-hu/novenyvedo-szerek","","Rhodopol G","check_circle","95-100 m/m% Xantángumi","2035. jan. 31.","csávázási segédanyag","2035. jan. 31.","","","https://cdn.agromedium.com/uploads/2025/03/67e7a23d00318586422c/thumbnail.jpg"
"1769693586-2201","https://www.agromedium.com/hu-hu/novenyvedo-szerek","","Ricorso","check_circle","200 g/kg metszulfuron-metil","2029. ápr. 30.","gyomirtó szer","2029. ápr. 30.","","","https://cdn.agromedium.com/uploads/2022/12/67c9c6f4001560c3ef62/thumbnail.jpg"
"1769693586-2202","https://www.agromedium.com/hu-hu/novenyvedo-szerek","","Ridomil Gold 465 SL","check_circle","465,2 g/l metalaxil-M","2036. máj. 31.","gombaölő szer","2036. máj. 31.","","","https://cdn.agromedium.com/uploads/2019/03/67c9c5c60007ec5337c9/thumbnail.png"
"1769693586-2203","https://www.agromedium.com/hu-hu/novenyvedo-szerek","","Ridomil Gold MZ 68 WG","error","640 g/kg mankoceb, 38,8 g/kg mefenoxam","2021. júl. 4.","gombaölő szer","","2021. júl. 4.","","https://cdn.agromedium.com/uploads/2019/03/67c9c5c60007ec5337c9/thumbnail.png"
"1769693586-2204","https://www.agromedium.com/hu-hu/novenyvedo-szerek","","Ridomil Gold Plus 42,5 WP","error","2,5 % mefenoxam (metalaxil-M), 40 % rézoxiklorid","2022. nov. 30.","gombaölő szer","","2022. nov. 30.","","https://cdn.agromedium.com/uploads/2019/03/67c9c5c60007ec5337c9/thumbnail.png"
"1769693586-2205","https://www.agromedium.com/hu-hu/novenyvedo-szerek","","","","","","","","","","https://cdn.agromedium.com/uploads/2025/11/690db9bd0030b9dd184f/file.png"
"1769693586-2206","https://www.agromedium.com/hu-hu/novenyvedo-szerek","","Ridomil Gold R","check_circle","141,9 g/kg rézoxiklorid, 19,4 g/kg metalaxil-M","2026. dec. 31.","gombaölő szer","2026. dec. 31.","","","https://cdn.agromedium.com/uploads/2019/03/67c9c5c60007ec5337c9/thumbnail.png"
"1769693586-2207","https://www.agromedium.com/hu-hu/novenyvedo-szerek","","Rim 25 WG","check_circle","250 g/kg rimszulfuron","2026. aug. 31.","gyomirtó szer","2026. aug. 31.","","","https://cdn.agromedium.com/uploads/2019/04/67c9c6f3002ce784082b/thumbnail.png"
"1769693586-2208","https://www.agromedium.com/hu-hu/novenyvedo-szerek","","Rimel 25 SG","check_circle","250 g/kg rimszulfuron","2026. okt. 31.","gyomirtó szer","2026. okt. 31.","","","https://cdn.agromedium.com/uploads/2020/04/67c9c6f4002d68edb2b0/thumbnail.png"
"1769693586-2209","https://www.agromedium.com/hu-hu/novenyvedo-szerek","","Rimuron 25 WG","check_circle","250 g/kg rimszulfuron","2026. aug. 15.","gyomirtó szer","2026. aug. 15.","","",""
"1769693586-2210","https://www.agromedium.com/hu-hu/novenyvedo-szerek","","Rincon 25 SG","check_circle","250 g/kg rimszulfuron","2026. okt. 31.","gyomirtó szer","2026. okt. 31.","","","https://cdn.agromedium.com/uploads/2020/04/67c9c6f4002d68edb2b0/thumbnail.png"
"1769693586-2211","https://www.agromedium.com/hu-hu/novenyvedo-szerek","","","","","","","","","","https://cdn.agromedium.com/uploads/2026/01/697082e3000e0b656054/file.png"
"1769693586-2212","https://www.agromedium.com/hu-hu/novenyvedo-szerek","","Rinidi WG","check_circle","550 g/kg dikamba, 92 g/kg nikoszulfuron, 23 g/kg rimszulfuron","2027. jan. 31.","gyomirtó szer","2027. jan. 31.","","","https://cdn.agromedium.com/uploads/2019/04/67c9c6f3002ce784082b/thumbnail.png"
"1769693586-2213","https://www.agromedium.com/hu-hu/novenyvedo-szerek","","Rival","check_circle","607 g/l propamokarb","2026. jún. 15.","gombaölő szer","2026. jún. 15.","","","https://cdn.agromedium.com/uploads/2022/12/67c9c6f4001560c3ef62/thumbnail.jpg"
"1769693586-2214","https://www.agromedium.com/hu-hu/novenyvedo-szerek","","Rival Duo","check_circle","50 g/l cimoxanil, 334,6 g/l propamokarb","2026. jún. 15.","gombaölő permetezőszer","2026. jún. 15.","","","https://cdn.agromedium.com/uploads/2022/12/67c9c6f4001560c3ef62/thumbnail.jpg"
"1769693586-2215","https://www.agromedium.com/hu-hu/novenyvedo-szerek","","Rivior","check_circle","125 g/l tetrakonazol","2029. máj. 31.","gombaölő szer","2029. máj. 31.","","","https://cdn.agromedium.com/uploads/2019/04/67c9c5be0026299f6d49/thumbnail.png"
"1769693586-2216","https://www.agromedium.com/hu-hu/novenyvedo-szerek","","Riza 200 EC","check_circle","200 g/l tebukonazol","2027. aug. 15.","gombaölő szer","2027. aug. 15.","","","https://cdn.agromedium.com/uploads/2019/04/67c9c5be0013b6f965bb/thumbnail.png"
"1769693586-2217","https://www.agromedium.com/hu-hu/novenyvedo-szerek","","","","","","","","","","https://cdn.agromedium.com/uploads/2025/06/6847e89a00115b091f3c/file.png"
"1769693586-2218","https://www.agromedium.com/hu-hu/novenyvedo-szerek","","Riza 250 EW","error","250 g/l tebukonazol","2023. aug. 14.","gombaölő szer","","2023. aug. 14.","","https://cdn.agromedium.com/uploads/2019/04/67c9c5be0013b6f965bb/thumbnail.png"
"1769693586-2219","https://www.agromedium.com/hu-hu/novenyvedo-szerek","","Rodent Stop","counter_6","75 mg/kg klórfacinon","Alapengedély","counter_6","","","",""
"1769693586-2220","https://www.agromedium.com/hu-hu/novenyvedo-szerek","","Rodeo Plus","check_circle","360 g/l glifozát","2034. dec. 15.","gyomirtó szer","2034. dec. 15.","","","https://cdn.agromedium.com/uploads/2019/04/67c9c5be0026299f6d49/thumbnail.png"
"1769693586-2221","https://www.agromedium.com/hu-hu/novenyvedo-szerek","","Rodeo TF","check_circle","360 g/l glifozát","2028. dec. 31.","gyomirtó szer","2028. dec. 31.","","","https://cdn.agromedium.com/uploads/2019/04/67c9c5be0026299f6d49/thumbnail.png"
"1769693586-2222","https://www.agromedium.com/hu-hu/novenyvedo-szerek","","Roksa","error","40 g/l cipermetrin, 400 g/l klórpirifosz-metil","2020. febr. 16.","rovarölő szer","","2020. febr. 16.","","https://cdn.agromedium.com/uploads/2020/04/67c9c7010006b6068ba1/thumbnail.png"
"1769693586-2223","https://www.agromedium.com/hu-hu/novenyvedo-szerek","","","","","","","","","","https://cdn.agromedium.com/uploads/2025/11/690db9bd0030b9dd184f/file.png"
"1769693586-2224","https://www.agromedium.com/hu-hu/novenyvedo-szerek","","Romble","check_circle","250 g/l azoxistrobin","2028. máj. 31.","gombaölő szer","2028. máj. 31.","","",""
"1769693586-2225","https://www.agromedium.com/hu-hu/novenyvedo-szerek","","Romeo","check_circle","941 g/kg Cerevisane","2031. ápr. 23.","gombaölő szer","2031. ápr. 23.","","","https://cdn.agromedium.com/uploads/2023/03/67c9c5e0003c40ead470/thumbnail.png"
"1769693586-2226","https://www.agromedium.com/hu-hu/novenyvedo-szerek","","RootGuard Eco","check_circle","5 g/kg teflutrin","2028. máj. 31.","rovarölő talajfertőtlenítő szer","2028. máj. 31.","","","https://cdn.agromedium.com/uploads/2021/02/67c9c5c0002a098f9ad0/thumbnail.png"
"1769693586-2227","https://www.agromedium.com/hu-hu/novenyvedo-szerek","","RootProtector","check_circle","15 g/kg teflutrin","2028. máj. 31.","rovarölő talajfertőtlenítő szer","2028. máj. 31.","","","https://cdn.agromedium.com/uploads/2019/04/67c9c6f3002ce784082b/thumbnail.png"
"1769693586-2228","https://www.agromedium.com/hu-hu/novenyvedo-szerek","","Rosan","check_circle","500 g/kg dikamba, 50 g/kg proszulfuron","2028. febr. 28.","gyomirtó szer","2028. febr. 28.","","","https://cdn.agromedium.com/uploads/2019/03/67c9c5c60007ec5337c9/thumbnail.png"
"1769693586-2229","https://www.agromedium.com/hu-hu/novenyvedo-szerek","","","","","","","","","","https://cdn.agromedium.com/uploads/2026/01/6969f7e8002c1baa38cf/file.png"
"1769693586-2230","https://www.agromedium.com/hu-hu/novenyvedo-szerek","","Roslix","check_circle","200 g/l acetamiprid","2033. febr. 28.","rovarölő szer","2033. febr. 28.","","counter_3","https://cdn.agromedium.com/uploads/2019/09/67c9c6f400102ba14e1a/thumbnail.png"
"1769693586-2231","https://www.agromedium.com/hu-hu/novenyvedo-szerek","","Roubaix","check_circle","250 g/l azoxistrobin","2028. márc. 31.","gombaölő szer","2028. márc. 31.","","","https://cdn.agromedium.com/uploads/2023/03/67c9c5c50021e7685e21/thumbnail.jpg"
"1769693586-2232","https://www.agromedium.com/hu-hu/novenyvedo-szerek","","Roundup Bioaktiv","error","360 g/l glifozát","2025. dec. 31.","gyomirtó szer","","2025. dec. 31.","","https://cdn.agromedium.com/uploads/2019/04/67c9c5be0026299f6d49/thumbnail.png"
"1769693586-2233","https://www.agromedium.com/hu-hu/novenyvedo-szerek","","Roundup Dynamic","check_circle","500 g/l glifozát","2034. dec. 15.","gyomirtó szer","2034. dec. 15.","","","https://cdn.agromedium.com/uploads/2019/09/67c9c6f400102ba14e1a/thumbnail.png"
"1769693586-2234","https://www.agromedium.com/hu-hu/novenyvedo-szerek","","Roundup Mega","check_circle","450 g/l glifozát","2028. dec. 31.","gyomirtó szer","2028. dec. 31.","","","https://cdn.agromedium.com/uploads/2019/04/67c9c5be0026299f6d49/thumbnail.png"
"1769693586-2235","https://www.agromedium.com/hu-hu/novenyvedo-szerek","","","","","","","","","","https://cdn.agromedium.com/uploads/2025/06/6847e89a00115b091f3c/file.png"
"1769693586-2236","https://www.agromedium.com/hu-hu/novenyvedo-szerek","","Roundup PowerMax","check_circle","720 g/kg glifozát","2028. dec. 31.","gyomirtó szer","2028. dec. 31.","","","https://cdn.agromedium.com/uploads/2019/09/67c9c6f400102ba14e1a/thumbnail.png"
"1769693586-2237","https://www.agromedium.com/hu-hu/novenyvedo-szerek","","Roundup Superb","check_circle","480 g/l glifozát","2026. okt. 31.","gyomirtó szer","2026. okt. 31.","","","https://cdn.agromedium.com/uploads/2019/09/67c9c6f400102ba14e1a/thumbnail.png"
"1769693586-2238","https://www.agromedium.com/hu-hu/novenyvedo-szerek","","Roxam 75 WG","error","667 g/kg mankoceb, 83 g/kg zoxamid","2021. júl. 4.","gombaölő szer","","2021. júl. 4.","","https://cdn.agromedium.com/uploads/2019/04/67c9c5be0026299f6d49/thumbnail.png"
"1769693586-2239","https://www.agromedium.com/hu-hu/novenyvedo-szerek","","Royal MH-30","check_circle","186,5 g/l maleinsav-hidrazid","2033. okt. 31.","kacsgátló szer","2033. okt. 31.","","","https://cdn.agromedium.com/uploads/2024/03/67c9c5be001da30ef4a5/thumbnail.png"
"1769693586-2240","https://www.agromedium.com/hu-hu/novenyvedo-szerek","","Royaltac N","check_circle","679 g/l n-dekanol","2027. júl. 15.","kacsgátló szer","2027. júl. 15.","","","https://cdn.agromedium.com/uploads/2024/03/67c9c5be001da30ef4a5/thumbnail.png"
"1769693586-2241","https://www.agromedium.com/hu-hu/novenyvedo-szerek","","","","","","","","","","https://cdn.agromedium.com/uploads/2026/01/697082e3000e0b656054/file.png"
"1769693586-2242","https://www.agromedium.com/hu-hu/novenyvedo-szerek","","Royalty","check_circle","500 g/kg boszkalid","2026. dec. 31.","gombaölő szer","2026. dec. 31.","","","https://cdn.agromedium.com/uploads/2019/04/67c9c6f3002ce784082b/thumbnail.png"
"1769693586-2243","https://www.agromedium.com/hu-hu/novenyvedo-szerek","","Ruler 10 EC","error","100 g/l fenazakvin","2025. máj. 31.","atkaölő szer","","2025. máj. 31.","","https://cdn.agromedium.com/uploads/2019/04/67c9c6f3002ce784082b/thumbnail.png"
"1769693586-2244","https://www.agromedium.com/hu-hu/novenyvedo-szerek","","Ruler 20 SC","check_circle","200 g/l fenazakvin","2027. aug. 31.","atkaölő szer","2027. aug. 31.","","","https://cdn.agromedium.com/uploads/2019/04/67c9c6f3002ce784082b/thumbnail.png"
"1769693586-2245","https://www.agromedium.com/hu-hu/novenyvedo-szerek","","Runner 2 F","check_circle","240 g/l metoxifenozid","2027. márc. 31.","rovarölő szer","2027. márc. 31.","","","https://cdn.agromedium.com/uploads/2025/03/67e7a23d00318586422c/thumbnail.jpg"
"1769693586-2246","https://www.agromedium.com/hu-hu/novenyvedo-szerek","","Runway","check_circle","5,3 g/l aminopiralid, 500 g/l metazaklór, 13,3 g/l pikloram","2027. szept. 1.","gyomirtó szer","2027. szept. 1.","","","https://cdn.agromedium.com/uploads/2025/03/67e7a23d00318586422c/thumbnail.jpg"
"1769693586-2247","https://www.agromedium.com/hu-hu/novenyvedo-szerek","","","","","","","","","","https://cdn.agromedium.com/uploads/2026/01/6969f7e8002c1baa38cf/file.png"
"1769693586-2248","https://www.agromedium.com/hu-hu/novenyvedo-szerek","","Ryder","check_circle","10-20 % etoxilált alkoholok, 70-90 % Poliklór-réz-ftalocianin","2030. nov. 30.","gyepszínező anyag","2030. nov. 30.","","","https://cdn.agromedium.com/uploads/2019/03/67c9c5c60007ec5337c9/thumbnail.png"
"1769693586-2249","https://www.agromedium.com/hu-hu/novenyvedo-szerek","","S80 WG","check_circle","796 g/kg kén","2026. jan. 31.","gombaölő szer","2026. jan. 31.","","",""
"1769693586-2250","https://www.agromedium.com/hu-hu/novenyvedo-szerek","","Sabel 225","error","225 g/l bromoxinil","2021. márc. 14.","gyomirtó szer","","2021. márc. 14.","",""
"1769693586-2251","https://www.agromedium.com/hu-hu/novenyvedo-szerek","","Sacron WG","check_circle","450 g/l cimoxanil","2027. aug. 15.","gombaölő permetezőszer","2027. aug. 15.","","","https://cdn.agromedium.com/uploads/2024/03/67c9c5be001da30ef4a5/thumbnail.png"
"1769693586-2252","https://www.agromedium.com/hu-hu/novenyvedo-szerek","","Safari 50 DF","error","500 g/kg trifluszulfuron-metil","2024. febr. 20.","gyomirtó szer","","2024. febr. 20.","counter_1","https://cdn.agromedium.com/uploads/2019/04/67c9c5be0013b6f965bb/thumbnail.png"
"1769693586-2253","https://www.agromedium.com/hu-hu/novenyvedo-szerek","","","","","","","","","","https://cdn.agromedium.com/uploads/2025/11/690db9bd0030b9dd184f/file.png"
"1769693586-2254","https://www.agromedium.com/hu-hu/novenyvedo-szerek","","Safran","check_circle","18 g/l abamektin","2029. ápr. 30.","rovarölő szer","2029. ápr. 30.","","","https://cdn.agromedium.com/uploads/2022/12/67c9c6f4001560c3ef62/thumbnail.jpg"
"1769693586-2255","https://www.agromedium.com/hu-hu/novenyvedo-szerek","","Sagitarius","check_circle","240 g/l izoxaflutol, 240 g/l ciproszulfamid","2035. júl. 31.","gyomirtó szer","2035. júl. 31.","","",""
"1769693586-2256","https://www.agromedium.com/hu-hu/novenyvedo-szerek","","Samson 40 SC","check_circle","40 g/l nikoszulfuron","2028. febr. 28.","gyomirtó szer","2028. febr. 28.","","","https://cdn.agromedium.com/uploads/2023/01/67c9c5c70039285dc50f/thumbnail.png"
"1769693586-2257","https://www.agromedium.com/hu-hu/novenyvedo-szerek","","Samson Extra 6 OD","error","60 g/l nikoszulfuron","2023. márc. 24.","gyomirtó szer","","2023. márc. 24.","","https://cdn.agromedium.com/uploads/2023/01/67c9c5c70039285dc50f/thumbnail.png"
"1769693586-2258","https://www.agromedium.com/hu-hu/novenyvedo-szerek","","Samson Max 6 OD","check_circle","60 g/l nikoszulfuron","2027. ápr. 30.","gyomirtó szer","2027. ápr. 30.","","","https://cdn.agromedium.com/uploads/2023/01/67c9c5c70039285dc50f/thumbnail.png"
"1769693586-2259","https://www.agromedium.com/hu-hu/novenyvedo-szerek","","","","","","","","","","https://cdn.agromedium.com/uploads/2025/11/690db9bd0030b9dd184f/file.png"
"1769693586-2260","https://www.agromedium.com/hu-hu/novenyvedo-szerek","","Sanium System","check_circle","25 g/l flupiradifuron","2026. dec. 31.","rovarölő szer","2026. dec. 31.","","",""
"1769693586-2261","https://www.agromedium.com/hu-hu/novenyvedo-szerek","","Sanmite 10 SC","check_circle","100 g/l piridaben","2027. márc. 23.","rovar- és atkaölő szer","2027. márc. 23.","","",""
"1769693586-2262","https://www.agromedium.com/hu-hu/novenyvedo-szerek","","Sansa","check_circle","90 g/l mezotrion, 300 g/l piridát","2031. dec. 31.","gyomirtó szer","2031. dec. 31.","","","https://cdn.agromedium.com/uploads/2023/01/67c9c5c70039285dc50f/thumbnail.png"
"1769693586-2263","https://www.agromedium.com/hu-hu/novenyvedo-szerek","","Santana 1 G","error","10 g/kg klotianidin","2018. szept. 19.","talajfertőtlenítő szer","","2018. szept. 19.","","https://cdn.agromedium.com/uploads/2020/04/67c9c7010006b6068ba1/thumbnail.png"
"1769693586-2264","https://www.agromedium.com/hu-hu/novenyvedo-szerek","","Sanvino","error","50 g/kg amiszulbróm, 500 g/kg folpet","2025. ápr. 30.","gombaölő permetezőszer","","2025. ápr. 30.","","https://cdn.agromedium.com/uploads/2019/04/67c9c5c1001d85f5c905/thumbnail.png"
"1769693586-2265","https://www.agromedium.com/hu-hu/novenyvedo-szerek","","","","","","","","","","https://cdn.agromedium.com/uploads/2026/01/6969f7e8002c1baa38cf/file.png"
"1769693586-2266","https://www.agromedium.com/hu-hu/novenyvedo-szerek","","Saper 500 SC","check_circle","500 g/l diflufenikán","2026. okt. 31.","gyomirtó szer","2026. okt. 31.","","","https://cdn.agromedium.com/uploads/2019/11/67c9c6f7000d80fcbd22/thumbnail.png"
"1769693586-2267","https://www.agromedium.com/hu-hu/novenyvedo-szerek","","Saprol Rózsa","check_circle","10 g/l tritikonazol","2028. jan. 31.","gombaölő szer","2028. jan. 31.","","",""
"1769693586-2268","https://www.agromedium.com/hu-hu/novenyvedo-szerek","","Saracen","check_circle","50 g/l floraszulam","2031. dec. 31.","gyomirtó szer","2031. dec. 31.","","","https://cdn.agromedium.com/uploads/2019/12/67c9c5e00038baa08a17/thumbnail.jpg"
"1769693586-2269","https://www.agromedium.com/hu-hu/novenyvedo-szerek","","Saracen Delta","check_circle","500 g/l diflufenikán, 50 g/l floraszulam","2027. márc. 31.","gyomirtó szer","2027. márc. 31.","","","https://cdn.agromedium.com/uploads/2019/12/67c9c5e00038baa08a17/thumbnail.jpg"
"1769693586-2270","https://www.agromedium.com/hu-hu/novenyvedo-szerek","","Saracen Max","check_circle","200 g/kg floraszulam, 600 g/kg tribenuron-metil","2029. ápr. 30.","gyomirtó szer","2029. ápr. 30.","","","https://cdn.agromedium.com/uploads/2021/03/67c9c5c60001416ab5c4/thumbnail.jpg"
"1769693586-2271","https://www.agromedium.com/hu-hu/novenyvedo-szerek","","","","","","","","","","https://cdn.agromedium.com/uploads/2025/06/6847e89a00115b091f3c/file.png"
"1769693586-2272","https://www.agromedium.com/hu-hu/novenyvedo-szerek","","Savvy","check_circle","200 g/kg metszulfuron-metil","2029. ápr. 30.","gyomirtó szer","2029. ápr. 30.","","","https://cdn.agromedium.com/uploads/2022/12/67c9c6f4001560c3ef62/thumbnail.jpg"
"1769693586-2273","https://www.agromedium.com/hu-hu/novenyvedo-szerek","","Scab 480 SC","check_circle","480 g/l kaptán","2026. máj. 1.","gombaölő szer","2026. máj. 1.","","","https://cdn.agromedium.com/uploads/2019/04/67c9c6f3002ce784082b/thumbnail.png"
"1769693586-2274","https://www.agromedium.com/hu-hu/novenyvedo-szerek","","Scab 80 WDG","check_circle","800 g/kg kaptán","2026. máj. 1.","gombaölő permetezőszer","2026. máj. 1.","","","https://cdn.agromedium.com/uploads/2019/04/67c9c6f3002ce784082b/thumbnail.png"
"1769693586-2275","https://www.agromedium.com/hu-hu/novenyvedo-szerek","","Scala","check_circle","400 g/l pirimetanil","2028. máj. 31.","gombaölő szer","2028. máj. 31.","","","https://cdn.agromedium.com/uploads/2020/09/67c9c5c70014019edcec/thumbnail.jpg"
"1769693586-2276","https://www.agromedium.com/hu-hu/novenyvedo-szerek","","Scatto","check_circle","25 g/l deltametrin","2027. aug. 15.","rovarölő szer","2027. aug. 15.","","","https://cdn.agromedium.com/uploads/2019/09/67c9c6f70009b6d8d321/thumbnail.jpg"
"1769693586-2277","https://www.agromedium.com/hu-hu/novenyvedo-szerek","","","","","","","","","","https://cdn.agromedium.com/uploads/2026/01/697082e3000e0b656054/file.png"
"1769693586-2278","https://www.agromedium.com/hu-hu/novenyvedo-szerek","","Scenic Gold","check_circle","200 g/l fluopikolid, 150 g/l fluoxastrobin","2029. ápr. 30.","gombaölő csávázószer","2029. ápr. 30.","","","https://cdn.agromedium.com/uploads/2019/09/67c9c6f400102ba14e1a/thumbnail.png"
"1769693586-2279","https://www.agromedium.com/hu-hu/novenyvedo-szerek","","Score 250 EC","check_circle","250 g/l difenokonazol","2028. máj. 31.","gombaölő szer","2028. máj. 31.","","","https://cdn.agromedium.com/uploads/2019/03/67c9c5c60007ec5337c9/thumbnail.png"
"1769693586-2280","https://www.agromedium.com/hu-hu/novenyvedo-szerek","","Scuba","check_circle","210 g/kg poliéterrel módosított trisziloxán, 790 g/kg polioxietilén-polioxipropilén blokk-kopolimer","2031. márc. 31.","permetezőszer segédanyag","2031. márc. 31.","","","https://cdn.agromedium.com/uploads/2023/03/67c9c5e0003c40ead470/thumbnail.png"
"1769693586-2281","https://www.agromedium.com/hu-hu/novenyvedo-szerek","","Secompla 105","check_circle","70-80 m/m % akrilát emluzió, glicerin, 0,0015 m/m % izotiazolinok keveréke, 1-10 m/m % polikarboxilát vizes oldatban","2030. nov. 30.","csávázási segédanyag","2030. nov. 30.","","","https://cdn.agromedium.com/uploads/2020/09/67c9c5c70014019edcec/thumbnail.jpg"
"1769693586-2282","https://www.agromedium.com/hu-hu/novenyvedo-szerek","","Seed Oprid 600 FS","error","600 g/l imidakloprid","2020. dec. 1.","csávázószer (rovarölő)","","2020. dec. 1.","",""
"1769693586-2283","https://www.agromedium.com/hu-hu/novenyvedo-szerek","","","","","","","","","","https://cdn.agromedium.com/uploads/2025/11/690db9bd0030b9dd184f/file.png"
"1769693586-2284","https://www.agromedium.com/hu-hu/novenyvedo-szerek","","Seedron","check_circle","50 g/l fludioxonil, 10 g/l tebukonazol","2027. máj. 1.","csávázószer (gombaölő)","2027. máj. 1.","","","https://cdn.agromedium.com/uploads/2019/04/67c9c5c1001d85f5c905/thumbnail.png"
"1769693586-2285","https://www.agromedium.com/hu-hu/novenyvedo-szerek","","Seguris","error","90 g/l epoxikonazol, 125 g/l izopirazam","2020. ápr. 30.","gombaölő permetezőszer","","2020. ápr. 30.","","https://cdn.agromedium.com/uploads/2019/03/67c9c5c60007ec5337c9/thumbnail.png"
"1769693586-2286","https://www.agromedium.com/hu-hu/novenyvedo-szerek","","Seguris Xtra","error","100 g/l azoxistrobin, 80 g/l ciprokonazol, 100 g/l izopirazam","2021. máj. 31.","gombaölő permetezőszer","","2021. máj. 31.","","https://cdn.agromedium.com/uploads/2019/04/67c9c5c1001d85f5c905/thumbnail.png"
"1769693586-2287","https://www.agromedium.com/hu-hu/novenyvedo-szerek","","Sekator OD","check_circle","100 g/l amidoszulfuron, 25 g/l jodoszulfuron-metil-nátrium, 250 g/l mefenpir-dietil","2026. dec. 31.","gyomirtó szer","2026. dec. 31.","","","https://cdn.agromedium.com/uploads/2019/09/67c9c6f400102ba14e1a/thumbnail.png"
"1769693586-2288","https://www.agromedium.com/hu-hu/novenyvedo-szerek","","Sekator Plusz","check_circle","287 g/l 2,4-D, 25 g/l amidoszulfuron, 6,25 g/l jodoszulfuron-metil-nátrium, 62,5 g/l mefenpir-dietil","2027. nov. 30.","gyomirtó szer","2027. nov. 30.","","","https://cdn.agromedium.com/uploads/2019/09/67c9c6f400102ba14e1a/thumbnail.png"
"1769693586-2289","https://www.agromedium.com/hu-hu/novenyvedo-szerek","","","","","","","","","","https://cdn.agromedium.com/uploads/2025/06/6847e89a00115b091f3c/file.png"
"1769693586-2290","https://www.agromedium.com/hu-hu/novenyvedo-szerek","","Select 240 EC","check_circle","240 g/l kletodim","2028. febr. 28.","gyomirtó szer","2028. febr. 28.","","","https://cdn.agromedium.com/uploads/2020/04/67c9c7010006b6068ba1/thumbnail.png"
"1769693586-2291","https://www.agromedium.com/hu-hu/novenyvedo-szerek","","Select Super","check_circle","120 g/l kletodim","2028. dec. 31.","gyomirtó szer","2028. dec. 31.","","","https://cdn.agromedium.com/uploads/2019/04/67c9c5be0026299f6d49/thumbnail.png"
"1769693586-2292","https://www.agromedium.com/hu-hu/novenyvedo-szerek","","Seltima","check_circle","100 g/l piraklostrobin","2027. szept. 30.","gombaölő szer","2027. szept. 30.","","","https://cdn.agromedium.com/uploads/2020/09/67c9c5c70014019edcec/thumbnail.jpg"
"1769693586-2293","https://www.agromedium.com/hu-hu/novenyvedo-szerek","","Sencor 600 SC","error","600 g/l metribuzin","2025. máj. 24.","gyomirtó szer","","2025. máj. 24.","","https://cdn.agromedium.com/uploads/2019/09/67c9c6f400102ba14e1a/thumbnail.png"
"1769693586-2294","https://www.agromedium.com/hu-hu/novenyvedo-szerek","","Sentinel","check_circle","12,04 m/m% citromsav, 5,64 m/m% nátrium-hexametafoszfát","2033. febr. 28.","adalékanyag","2033. febr. 28.","","",""
"1769693586-2295","https://www.agromedium.com/hu-hu/novenyvedo-szerek","","","","","","","","","","https://cdn.agromedium.com/uploads/2026/01/697082e3000e0b656054/file.png"
"1769693586-2296","https://www.agromedium.com/hu-hu/novenyvedo-szerek","","Sentrallas LQM","check_circle","150 g/l fluroxipir, 30 g/l tifenszulfuron-metil","2028. febr. 15.","gyomirtó szer","2028. febr. 15.","","","https://cdn.agromedium.com/uploads/2019/04/67c9c5be0013b6f965bb/thumbnail.png"
"1769693586-2297","https://www.agromedium.com/hu-hu/novenyvedo-szerek","","SEPIRET 375 White","check_circle","","2030. máj. 31.","csávázási segédanyag","2030. máj. 31.","","","https://cdn.agromedium.com/uploads/2020/09/67c9c5c70014019edcec/thumbnail.jpg"
"1769693586-2298","https://www.agromedium.com/hu-hu/novenyvedo-szerek","","Sepiret 6052 Blue","check_circle","0,05 m/m% 1,2-benzizotiazolin-3-on, 15 m/m% kék festékanyag (Pigment Blue 15:3), 25 m/m% mica-ásvány, 10 m/m% propán-1,2-diol, 25 m/m% titánium-dioxid","2033. júl. 31.","csávázási segédanyag","2033. júl. 31.","","","https://cdn.agromedium.com/uploads/2020/09/67c9c5c70014019edcec/thumbnail.jpg"
"1769693586-2299","https://www.agromedium.com/hu-hu/novenyvedo-szerek","","SEPIRET 6286 Blue","check_circle","15-25 m/m% ásványi anyag, 25-35 m/m% kék pigment, 3-9 m/m% monopropilén glikol, 15-25 m/m% vinil-polimer emulzió","2030. nov. 30.","csávázási segédanyag","2030. nov. 30.","","","https://cdn.agromedium.com/uploads/2020/09/67c9c5c70014019edcec/thumbnail.jpg"
"1769693586-2300","https://www.agromedium.com/hu-hu/novenyvedo-szerek","","Sepiret 9290 Red","check_circle","15 m/m% mica-ásvány, 10 m/m% propán-1,2-diol, 5 m/m% talkum, 10 m/m% titánium-dioxid, 20 m/m% vörös pigment","2030. máj. 31.","csávázási segédanyag","2030. máj. 31.","","","https://cdn.agromedium.com/uploads/2020/09/67c9c5c70014019edcec/thumbnail.jpg"
"1769693586-2301","https://www.agromedium.com/hu-hu/novenyvedo-szerek","","","","","","","","","","https://cdn.agromedium.com/uploads/2026/01/6969f7e8002c1baa38cf/file.png"
"1769693586-2302","https://www.agromedium.com/hu-hu/novenyvedo-szerek","","Sepiret 9417 Purple","check_circle","","2030. máj. 31.","csávázási segédanyag","2030. máj. 31.","","","https://cdn.agromedium.com/uploads/2020/09/67c9c5c70014019edcec/thumbnail.jpg"
"1769693586-2303","https://www.agromedium.com/hu-hu/novenyvedo-szerek","","Sepiret Blue 01","check_circle","10,6 m/m% kék pigment","2034. okt. 31.","csávázási segédanyag","2034. okt. 31.","","","https://cdn.agromedium.com/uploads/2020/09/67c9c5c70014019edcec/thumbnail.jpg"
"1769693586-2304","https://www.agromedium.com/hu-hu/novenyvedo-szerek","","SEPIRET E2020 Red","check_circle","alumíniumpor, 3-7 m/m% cellulóz, 2-6 m/m% cellulóz metil-észtere, 3-7 m/m% mica-ásvány, 8-23 m/m% vörös pigment","2030. nov. 30.","csávázási segédanyag","2030. nov. 30.","","","https://cdn.agromedium.com/uploads/2020/09/67c9c5c70014019edcec/thumbnail.jpg"
"1769693586-2305","https://www.agromedium.com/hu-hu/novenyvedo-szerek","","SEPIRET E6279 Silver","check_circle","30 m/m% Fém pigment, 20 m/m% monopropilén glikol, 24 m/m% vinil-polimer emulzió","2031. jan. 31.","csávázási segédanyag","2031. jan. 31.","","","https://cdn.agromedium.com/uploads/2020/09/67c9c5c70014019edcec/thumbnail.jpg"
"1769693586-2306","https://www.agromedium.com/hu-hu/novenyvedo-szerek","","Sepiret E6383 Blue","check_circle","30 m/m% kék festékanyag (Pigment Blue 15:3), 40 m/m% mica-ásvány, 40 m/m% titán-dioxid","2030. ápr. 30.","csávázási segédanyag","2030. ápr. 30.","","","https://cdn.agromedium.com/uploads/2020/09/67c9c5c70014019edcec/thumbnail.jpg"
"1769693586-2307","https://www.agromedium.com/hu-hu/novenyvedo-szerek","","","","","","","","","","https://cdn.agromedium.com/uploads/2025/06/6847e89a00115b091f3c/file.png"
"1769693586-2308","https://www.agromedium.com/hu-hu/novenyvedo-szerek","","SEPIRET E7318 Blue","check_circle","10 m/m% alumínium, 20 m/m% ásványi anyag, 18 m/m% kék pigment","2030. dec. 31.","csávázási segédanyag","2030. dec. 31.","","","https://cdn.agromedium.com/uploads/2020/09/67c9c5c70014019edcec/thumbnail.jpg"
"1769693586-2309","https://www.agromedium.com/hu-hu/novenyvedo-szerek","","SEPIRET F290 Colorless","check_circle","1 m/m% D-limonén, 20-30 m/m% növényolaj, 60-70 m/m% repceolaj, 1 m/m% Undekán-4-olid","2030. okt. 31.","csávázási segédanyag","2030. okt. 31.","","","https://cdn.agromedium.com/uploads/2020/09/67c9c5c70014019edcec/thumbnail.jpg"
"1769693586-2310","https://www.agromedium.com/hu-hu/novenyvedo-szerek","","SEPIRET F300 Red","check_circle","0,05 m/m% 1,2-benzizotiazolin-3-on, 10-20 m/m% akrilát emluzió, 20-30 m/m% ásványi anyag, 15-30 m/m% vörös pigment","2030. nov. 30.","csávázási segédanyag","2030. nov. 30.","","","https://cdn.agromedium.com/uploads/2020/09/67c9c5c70014019edcec/thumbnail.jpg"
"1769693586-2311","https://www.agromedium.com/hu-hu/novenyvedo-szerek","","SEPIRET FLO","check_circle","dolomit, kvarc, szilícium-dioxid, talkum","2030. ápr. 30.","csávázási segédanyag","2030. ápr. 30.","","","https://cdn.agromedium.com/uploads/2020/09/67c9c5c70014019edcec/thumbnail.jpg"
"1769693586-2312","https://www.agromedium.com/hu-hu/novenyvedo-szerek","","Sepiret PF 16","check_circle","96-99 m/m% Mica-ásvány és titán-dioxid kerevéke, 1-4 m/m% szilícium-dioxid","2031. febr. 28.","csávázási segédanyag","2031. febr. 28.","","","https://cdn.agromedium.com/uploads/2020/09/67c9c5c70014019edcec/thumbnail.jpg"
"1769693586-2313","https://www.agromedium.com/hu-hu/novenyvedo-szerek","","","","","","","","","","https://cdn.agromedium.com/uploads/2026/01/6969f7e8002c1baa38cf/file.png"
"1769693586-2314","https://www.agromedium.com/hu-hu/novenyvedo-szerek","","Sepiret PF 16 White","check_circle","mica-ásvány, szilícium-dioxid, titán-dioxid","2030. márc. 31.","csávázási segédanyag","2030. márc. 31.","","","https://cdn.agromedium.com/uploads/2020/09/67c9c5c70014019edcec/thumbnail.jpg"
"1769693586-2315","https://www.agromedium.com/hu-hu/novenyvedo-szerek","","Sepiret PF 17 White","check_circle","cellulóz, Mica-ásvány és titán-dioxid kerevéke","2030. márc. 31.","csávázási segédanyag","2030. márc. 31.","","","https://cdn.agromedium.com/uploads/2020/09/67c9c5c70014019edcec/thumbnail.jpg"
"1769693586-2316","https://www.agromedium.com/hu-hu/novenyvedo-szerek","","Sepiret Red 01","check_circle","8 m/m% pigment red 112","2034. aug. 31.","csávázási segédanyag","2034. aug. 31.","","","https://cdn.agromedium.com/uploads/2020/09/67c9c5c70014019edcec/thumbnail.jpg"
"1769693586-2317","https://www.agromedium.com/hu-hu/novenyvedo-szerek","","Sercadis","check_circle","300 g/l fluxapiroxad","2028. dec. 31.","gombaölő permetezőszer","2028. dec. 31.","","","https://cdn.agromedium.com/uploads/2020/09/67c9c5c70014019edcec/thumbnail.jpg"
"1769693586-2318","https://www.agromedium.com/hu-hu/novenyvedo-szerek","","Serenade Aso","check_circle","13,96 g/l Bacillus amyloliquefaciens QST 713 törzs","2038. jún. 30.","gombaölő szer","2038. jún. 30.","","","https://cdn.agromedium.com/uploads/2019/09/67c9c6f400102ba14e1a/thumbnail.png"
"1769693586-2319","https://www.agromedium.com/hu-hu/novenyvedo-szerek","","","","","","","","","","https://cdn.agromedium.com/uploads/2025/11/690db9bd0030b9dd184f/file.png"
"1769693586-2320","https://www.agromedium.com/hu-hu/novenyvedo-szerek","","Sfera 535 SC","error","160 g/l ciprokonazol, 375 g/l trifloxistrobin","2021. máj. 31.","gombaölő szer","","2021. máj. 31.","","https://cdn.agromedium.com/uploads/2019/09/67c9c6f400102ba14e1a/thumbnail.png"
"1769693586-2321","https://www.agromedium.com/hu-hu/novenyvedo-szerek","","Shado","error","300 g/l szulkotrion","2018. febr. 28.","gyomirtó szer","","2018. febr. 28.","",""
"1769693586-2322","https://www.agromedium.com/hu-hu/novenyvedo-szerek","","Shalimar","check_circle","6 % metaldehid","2027. aug. 31.","csigaölő szer","2027. aug. 31.","","","https://cdn.agromedium.com/uploads/2019/04/67c9c6f3002ce784082b/thumbnail.png"
"1769693586-2323","https://www.agromedium.com/hu-hu/novenyvedo-szerek","","Shametrin 70 WG","check_circle","700 g/kg metribuzin","2028. szept. 30.","gyomirtó szer","2028. szept. 30.","","","https://cdn.agromedium.com/uploads/2019/04/67c9c6f3002ce784082b/thumbnail.png"
"1769693586-2324","https://www.agromedium.com/hu-hu/novenyvedo-szerek","","Shamu","check_circle","6 % metaldehid","2027. aug. 31.","csigaölő szer","2027. aug. 31.","","","https://cdn.agromedium.com/uploads/2022/07/67c9c706000b3b4d1b4f/thumbnail.jpg"
"1769693586-2325","https://www.agromedium.com/hu-hu/novenyvedo-szerek","","","","","","","","","","https://cdn.agromedium.com/uploads/2026/01/697082e3000e0b656054/file.png"
"1769693586-2326","https://www.agromedium.com/hu-hu/novenyvedo-szerek","","Sharda - Kukorica Eco Effect","package_2","3-4 ha/csomag: kukorica","2x1 l Cash 480 SL","1x5 l Nicosh 4 SC","","","","https://cdn.agromedium.com/uploads/2019/04/67c9c6f3002ce784082b/thumbnail.png"
"1769693586-2327","https://www.agromedium.com/hu-hu/novenyvedo-szerek","","Sharda - Kukorica Eco Plus","package_2","4 ha/csomag: kukorica","2 l Dicash 480 SL","","","","","https://cdn.agromedium.com/uploads/2019/04/67c9c6f3002ce784082b/thumbnail.png"
"1769693586-2328","https://www.agromedium.com/hu-hu/novenyvedo-szerek","","Sharda - Repce Bumm Max","package_2","10 ha/csomag: káposztarepce","3x1 l Deca 2,5 EC","2x1 l Aceptir 200 SE","","","1 l Silico","https://cdn.agromedium.com/uploads/2019/04/67c9c6f3002ce784082b/thumbnail.png"
"1769693586-2329","https://www.agromedium.com/hu-hu/novenyvedo-szerek","","Sharda - Rinidi Gold","package_2","5 ha/csomag: kukorica","5x440 g Rinidi WG","5 L Simba","","","","https://cdn.agromedium.com/uploads/2019/04/67c9c6f3002ce784082b/thumbnail.png"
"1769693586-2330","https://www.agromedium.com/hu-hu/novenyvedo-szerek","","Sharda - Rinidi Plus","package_2","5 ha/csomag: kukorica","5x440 g Rinidi WG","","","","","https://cdn.agromedium.com/uploads/2019/04/67c9c6f3002ce784082b/thumbnail.png"
"1769693586-2331","https://www.agromedium.com/hu-hu/novenyvedo-szerek","","","","","","","","","","https://cdn.agromedium.com/uploads/2025/11/690db9bd0030b9dd184f/file.png"
"1769693586-2332","https://www.agromedium.com/hu-hu/novenyvedo-szerek","","Sharpen 330 EC","check_circle","330 g/l pendimetalin","2028. máj. 31.","gyomirtó szer","2028. máj. 31.","","","https://cdn.agromedium.com/uploads/2019/04/67c9c6f3002ce784082b/thumbnail.png"
"1769693586-2333","https://www.agromedium.com/hu-hu/novenyvedo-szerek","","Sharpen 40 SC","check_circle","400 g/l pendimetalin","2028. jan. 15.","gyomirtó szer","2028. jan. 15.","","","https://cdn.agromedium.com/uploads/2019/04/67c9c6f3002ce784082b/thumbnail.png"
"1769693586-2334","https://www.agromedium.com/hu-hu/novenyvedo-szerek","","Shavit F","error","700 g/kg folpet, 20 g/kg triadimenol","2020. aug. 31.","gombaölő szer","","2020. aug. 31.","","https://cdn.agromedium.com/uploads/2019/12/67c9c5e00038baa08a17/thumbnail.jpg"
"1769693586-2335","https://www.agromedium.com/hu-hu/novenyvedo-szerek","","Shelter","warning","500 g/l flufenacet","2026. dec. 10.","gyomirtó szer","","","","https://cdn.agromedium.com/uploads/2019/12/67c9c5e00038baa08a17/thumbnail.jpg"
"1769693586-2336","https://www.agromedium.com/hu-hu/novenyvedo-szerek","","Shenzi 200 SC","check_circle","200 g/l klorantraniliprol","2026. nov. 30.","rovarölő szer","2026. nov. 30.","","counter_1","https://cdn.agromedium.com/uploads/2024/03/67c9c5be001da30ef4a5/thumbnail.png"
"1769693586-2337","https://www.agromedium.com/hu-hu/novenyvedo-szerek","","","","","","","","","","https://cdn.agromedium.com/uploads/2026/01/697082e3000e0b656054/file.png"
"1769693586-2338","https://www.agromedium.com/hu-hu/novenyvedo-szerek","","Sherpa 100 EC","check_circle","100 g/l cipermetrin","2028. okt. 31.","rovarölő szer","2028. okt. 31.","","","https://cdn.agromedium.com/uploads/2018/08/67c9c5bf000cfc1dad7b/thumbnail.jpg"
"1769693586-2339","https://www.agromedium.com/hu-hu/novenyvedo-szerek","","Sherpa 100 EW","check_circle","100 g/l cipermetrin","2028. okt. 31.","rovarölő szer","2028. okt. 31.","","",""
"1769693586-2340","https://www.agromedium.com/hu-hu/novenyvedo-szerek","","Sherpa Duo","check_circle","100 g/l cipermetrin, 300 g/l piperonil butoxid","2026. okt. 31.","rovarölő szer","2026. okt. 31.","","","https://cdn.agromedium.com/uploads/2025/03/67e7a23d00318586422c/thumbnail.jpg"
"1769693586-2341","https://www.agromedium.com/hu-hu/novenyvedo-szerek","","Shift","check_circle","6 % metaldehid","2027. aug. 31.","csigaölő szer","2027. aug. 31.","","","https://cdn.agromedium.com/uploads/2019/04/67c9c6f3002ce784082b/thumbnail.png"
"1769693586-2342","https://www.agromedium.com/hu-hu/novenyvedo-szerek","","Shikari","error","6 % metaldehid","2023. máj. 31.","csigaölő szer","","2023. máj. 31.","","https://cdn.agromedium.com/uploads/2019/04/67c9c6f3002ce784082b/thumbnail.png"
"1769693586-2343","https://www.agromedium.com/hu-hu/novenyvedo-szerek","","","","","","","","","","https://cdn.agromedium.com/uploads/2026/01/6969f7e8002c1baa38cf/file.png"
"1769693586-2344","https://www.agromedium.com/hu-hu/novenyvedo-szerek","","Shild 20 EW","error","200 g/l miklobutanil","2021. máj. 31.","gombaölő permetezőszer","","2021. máj. 31.","","https://cdn.agromedium.com/uploads/2019/04/67c9c6f3002ce784082b/thumbnail.png"
"1769693586-2345","https://www.agromedium.com/hu-hu/novenyvedo-szerek","","Shineza 250 SC","check_circle","250 g/l azoxistrobin","2027. jan. 31.","gombaölő szer","2027. jan. 31.","","","https://cdn.agromedium.com/uploads/2023/01/67c9c5c70039285dc50f/thumbnail.png"
"1769693586-2346","https://www.agromedium.com/hu-hu/novenyvedo-szerek","","Shirudo","check_circle","200 g/kg tebufenpirad","2027. dec. 31.","rovar- és atkaölő szer","2027. dec. 31.","","","https://cdn.agromedium.com/uploads/2023/01/67c9c5c70039285dc50f/thumbnail.png"
"1769693586-2347","https://www.agromedium.com/hu-hu/novenyvedo-szerek","","Shiver","check_circle","40 g/l nikoszulfuron","2028. márc. 31.","gyomirtó szer","2028. márc. 31.","","","https://cdn.agromedium.com/uploads/2018/08/67c9c5bf000cfc1dad7b/thumbnail.jpg"
"1769693586-2348","https://www.agromedium.com/hu-hu/novenyvedo-szerek","","Shlem","check_circle","750 g/kg tribenuron-metil","2035. jan. 30.","gyomirtó szer","2035. jan. 30.","","","https://cdn.agromedium.com/uploads/2022/12/67c9c6f4001560c3ef62/thumbnail.jpg"
"1769693586-2349","https://www.agromedium.com/hu-hu/novenyvedo-szerek","","","","","","","","","","https://cdn.agromedium.com/uploads/2025/11/690db9bd0030b9dd184f/file.png"
"1769693586-2350","https://www.agromedium.com/hu-hu/novenyvedo-szerek","","Shoori","check_circle","100 g/l flonikamid","2027. nov. 30.","rovarölő szer","2027. nov. 30.","","",""
"1769693586-2351","https://www.agromedium.com/hu-hu/novenyvedo-szerek","","Siarkol 800 SC","check_circle","800 g/l kén","2027. júl. 31.","gombaölő szer","2027. júl. 31.","","","https://cdn.agromedium.com/uploads/2018/08/67c9c5bf000cfc1dad7b/thumbnail.jpg"
"1769693586-2352","https://www.agromedium.com/hu-hu/novenyvedo-szerek","","Sidecar F","check_circle","37,5 g/kg benalaxil-M, 480 g/kg folpet","2028. szept. 30.","gombaölő szer","2028. szept. 30.","","","https://cdn.agromedium.com/uploads/2019/04/67c9c5be0026299f6d49/thumbnail.png"
"1769693586-2353","https://www.agromedium.com/hu-hu/novenyvedo-szerek","","Sidoro","check_circle","600 g/l metobromuron","2028. máj. 31.","gyomirtó szer","2028. máj. 31.","","",""
"1769693586-2354","https://www.agromedium.com/hu-hu/novenyvedo-szerek","","Signal 300 ES","check_circle","315 g/l cipermetrin","2029. máj. 31.","csávázószer","2029. máj. 31.","","","https://cdn.agromedium.com/uploads/2024/03/67c9c5be001da30ef4a5/thumbnail.png"
"1769693586-2355","https://www.agromedium.com/hu-hu/novenyvedo-szerek","","","","","","","","","","https://cdn.agromedium.com/uploads/2025/11/690db9bd0030b9dd184f/file.png"
"1769693586-2356","https://www.agromedium.com/hu-hu/novenyvedo-szerek","","Signum WG","check_circle","267 g/kg boszkalid, 67 g/kg piraklostrobin","2027. dec. 31.","gombaölő szer","2027. dec. 31.","","","https://cdn.agromedium.com/uploads/2020/09/67c9c5c70014019edcec/thumbnail.jpg"
"1769693586-2357","https://www.agromedium.com/hu-hu/novenyvedo-szerek","","Silba","error","312 g/l S-metolaklór, 187 g/l terbutilazin","2024. ápr. 23.","gyomirtó szer","","2024. ápr. 23.","","https://cdn.agromedium.com/uploads/2021/03/67c9c5c60001416ab5c4/thumbnail.jpg"
"1769693586-2358","https://www.agromedium.com/hu-hu/novenyvedo-szerek","","Silico","check_circle","210 g/kg poliéterrel módosított trisziloxán, 790 g/kg polioxietilén-polioxipropilén blokk-kopolimer","2031. márc. 31.","permetezőszer segédanyag","2031. márc. 31.","","","https://cdn.agromedium.com/uploads/2019/04/67c9c6f3002ce784082b/thumbnail.png"
"1769693586-2359","https://www.agromedium.com/hu-hu/novenyvedo-szerek","","SilicoSec","check_circle","1000 g/kg kovaföld","2037. jan. 31.","rovar- és atkaölő szer","2037. jan. 31.","","",""
"1769693586-2360","https://www.agromedium.com/hu-hu/novenyvedo-szerek","","Silk Star","check_circle","80 m/m% polialkilénoxiddal módosított heptametil-trisziloxán, 20 m/m% polietilén-glikol monoallil-éter","2033. máj. 31.","tapadásfokozó segédanyag","2033. máj. 31.","","","https://cdn.agromedium.com/uploads/2022/12/67c9c6f4001560c3ef62/thumbnail.jpg"
"1769693586-2361","https://www.agromedium.com/hu-hu/novenyvedo-szerek","","","","","","","","","","https://cdn.agromedium.com/uploads/2026/01/697082e3000e0b656054/file.png"
"1769693586-2362","https://www.agromedium.com/hu-hu/novenyvedo-szerek","","Siltra Xpro","check_circle","60 g/l bixafén, 200 g/l protiokonazol","2026. jún. 30.","gombaölő permetezőszer","2026. jún. 30.","","","https://cdn.agromedium.com/uploads/2019/09/67c9c6f400102ba14e1a/thumbnail.png"
"1769693586-2363","https://www.agromedium.com/hu-hu/novenyvedo-szerek","","Silueta","error","960 g/l S-metolaklór","2024. ápr. 23.","gyomirtó szer","","2024. ápr. 23.","","https://cdn.agromedium.com/uploads/2020/02/67c9c730002075a2456a/thumbnail.png"
"1769693586-2364","https://www.agromedium.com/hu-hu/novenyvedo-szerek","","Silwet Star","check_circle","20 % alliloxipolietilénglikol, 80 % heptametil-trisziloxán (polialkilénoxiddal módosított)","2031. jún. 30.","tapadásfokozó segédanyag","2031. jún. 30.","","","https://cdn.agromedium.com/uploads/2024/03/67c9c5be001da30ef4a5/thumbnail.png"
"1769693586-2365","https://www.agromedium.com/hu-hu/novenyvedo-szerek","","Simba","check_circle","100 g/l mezotrion","2033. máj. 31.","gyomirtó szer","2033. máj. 31.","","","https://cdn.agromedium.com/uploads/2018/08/67c9c5bf000cfc1dad7b/thumbnail.jpg"
"1769693586-2366","https://www.agromedium.com/hu-hu/novenyvedo-szerek","","Simplia Gold","check_circle","125 g/l azoxistrobin, 125 g/l difenokonazol","2027. márc. 15.","gombaölő szer","2027. márc. 15.","","","https://cdn.agromedium.com/uploads/2019/03/67c9c5c60007ec5337c9/thumbnail.png"
"1769693586-2367","https://www.agromedium.com/hu-hu/novenyvedo-szerek","","","","","","","","","","https://cdn.agromedium.com/uploads/2026/01/6969f7e8002c1baa38cf/file.png"
"1769693586-2368","https://www.agromedium.com/hu-hu/novenyvedo-szerek","","Sinala","check_circle","58,96 g/l narancsolaj","2027. dec. 31.","gomba-, rovar- és atkaölő szer","2027. dec. 31.","","",""
"1769693586-2369","https://www.agromedium.com/hu-hu/novenyvedo-szerek","","Sinstar","check_circle","250 g/l azoxistrobin","2027. dec. 31.","gombaölő permetezőszer","2027. dec. 31.","","",""
"1769693586-2370","https://www.agromedium.com/hu-hu/novenyvedo-szerek","","Sirena","check_circle","60 g metkonazol","2029. ápr. 30.","gombaölő permetezőszer","2029. ápr. 30.","","","https://cdn.agromedium.com/uploads/2023/01/67c9c5c70039285dc50f/thumbnail.png"
"1769693586-2371","https://www.agromedium.com/hu-hu/novenyvedo-szerek","","Sirionova","warning","500 g/l flufenacet","2026. dec. 10.","gyomirtó szer","","","",""
"1769693586-2372","https://www.agromedium.com/hu-hu/novenyvedo-szerek","","Sitofex","check_circle","10 g/l forklórfenuron","2034. máj. 31.","növekedésszabályozó készítmény","2034. máj. 31.","","",""
"1769693586-2373","https://www.agromedium.com/hu-hu/novenyvedo-szerek","","","","","","","","","","https://cdn.agromedium.com/uploads/2025/06/6847e89a00115b091f3c/file.png"
"1769693586-2374","https://www.agromedium.com/hu-hu/novenyvedo-szerek","","Sivanto Energy","check_circle","10 g/l deltametrin, 75 g/l flupiradifuron","2027. aug. 15.","rovarölő szer","2027. aug. 15.","","","https://cdn.agromedium.com/uploads/2019/09/67c9c6f400102ba14e1a/thumbnail.png"
"1769693586-2375","https://www.agromedium.com/hu-hu/novenyvedo-szerek","","Sivanto Prime","check_circle","200 g/l flupiradifuron","2026. dec. 9.","rovarölő szer","2026. dec. 9.","","","https://cdn.agromedium.com/uploads/2019/09/67c9c6f400102ba14e1a/thumbnail.png"
"1769693586-2376","https://www.agromedium.com/hu-hu/novenyvedo-szerek","","Slaper","check_circle","16 g/kg cipermetrin","2030. jan. 31.","rovarölő szer","2030. jan. 31.","","","https://cdn.agromedium.com/uploads/2019/04/67c9c5be0026299f6d49/thumbnail.png"
"1769693586-2377","https://www.agromedium.com/hu-hu/novenyvedo-szerek","","Slipstream","check_circle","90 g/l metkonazol, 250 g/l protiokonazol","2026. márc. 15.","gombaölő permetezőszer","2026. márc. 15.","","",""
"1769693586-2378","https://www.agromedium.com/hu-hu/novenyvedo-szerek","","SmartFresh","check_circle","33 g/kg 1-metil-ciklopropén","2035. júl. 31.","növekedésszabályzó szer","2035. júl. 31.","","","https://cdn.agromedium.com/uploads/2019/12/67c9c73c0037ed52cb95/thumbnail.jpg"
"1769693586-2379","https://www.agromedium.com/hu-hu/novenyvedo-szerek","","","","","","","","","","https://cdn.agromedium.com/uploads/2025/06/6847e89a00115b091f3c/file.png"
"1769693586-2380","https://www.agromedium.com/hu-hu/novenyvedo-szerek","","SmartFresh ProTabs","check_circle","20 g/kg 1-metil-ciklopropén","2035. júl. 31.","növekedésszabályzó szer","2035. júl. 31.","","","https://cdn.agromedium.com/uploads/2019/12/67c9c73c0037ed52cb95/thumbnail.jpg"
"1769693586-2381","https://www.agromedium.com/hu-hu/novenyvedo-szerek","","Sobenio","check_circle","200 g/l teflutrin","2026. dec. 31.","rovarölő csávázószer","2026. dec. 31.","","","https://cdn.agromedium.com/uploads/2019/03/67c9c5c60007ec5337c9/thumbnail.png"
"1769693586-2382","https://www.agromedium.com/hu-hu/novenyvedo-szerek","","Soil Guard Eco","check_circle","5 g/kg teflutrin","2028. máj. 31.","rovarölő talajfertőtlenítő szer","2028. máj. 31.","","","https://cdn.agromedium.com/uploads/2019/04/67c9c6f3002ce784082b/thumbnail.png"
"1769693586-2383","https://www.agromedium.com/hu-hu/novenyvedo-szerek","","Soil Protect 1,5 GR","check_circle","15 g/kg teflutrin","2028. máj. 31.","rovarölő talajfertőtlenítő szer","2028. máj. 31.","","","https://cdn.agromedium.com/uploads/2019/09/67c9c6f400102ba14e1a/thumbnail.png"
"1769693586-2384","https://www.agromedium.com/hu-hu/novenyvedo-szerek","","SoilGuard 1,5 GR","check_circle","15 g/kg teflutrin","2028. máj. 31.","rovarölő talajfertőtlenítő szer","2028. máj. 31.","","","https://cdn.agromedium.com/uploads/2019/04/67c9c6f3002ce784082b/thumbnail.png"
"1769693586-2385","https://www.agromedium.com/hu-hu/novenyvedo-szerek","","","","","","","","","","https://cdn.agromedium.com/uploads/2026/01/6969f7e8002c1baa38cf/file.png"
"1769693586-2386","https://www.agromedium.com/hu-hu/novenyvedo-szerek","","Solar Plus","check_circle","742 g/l polietilén-polipropilén glikol","2027. dec. 15.","permetezőszer segédanyag","2027. dec. 15.","","","https://cdn.agromedium.com/uploads/2020/04/67c9c5c5003bb7c20c20/thumbnail.png"
"1769693586-2387","https://www.agromedium.com/hu-hu/novenyvedo-szerek","","Solaris","error","374 g/l diquat-dibromid","2019. máj. 4.","gyomirtó szer","","2019. máj. 4.","counter_5","https://cdn.agromedium.com/uploads/2024/03/67c9c5be001da30ef4a5/thumbnail.png"
"1769693586-2388","https://www.agromedium.com/hu-hu/novenyvedo-szerek","","Soleil","check_circle","167 g/l bromukonazol, 107 g/l tebukonazol","2027. jan. 31.","gombaölő szer","2027. jan. 31.","","","https://cdn.agromedium.com/uploads/2023/03/67c9c5e0003c40ead470/thumbnail.png"
"1769693586-2389","https://www.agromedium.com/hu-hu/novenyvedo-szerek","","Soleto","check_circle","500 g/l metobromuron","2028. máj. 31.","gyomirtó szer","2028. máj. 31.","","","https://cdn.agromedium.com/uploads/2023/01/67c9c5c70039285dc50f/thumbnail.png"
"1769693586-2390","https://www.agromedium.com/hu-hu/novenyvedo-szerek","","SolfoMet","check_circle","800 g/kg kén","2027. júl. 31.","gombaölő szer","2027. júl. 31.","","","https://cdn.agromedium.com/uploads/2020/04/67c9c5c5003bb7c20c20/thumbnail.png"
"1769693586-2391","https://www.agromedium.com/hu-hu/novenyvedo-szerek","","","","","","","","","","https://cdn.agromedium.com/uploads/2025/11/690db9bd0030b9dd184f/file.png"
"1769693586-2392","https://www.agromedium.com/hu-hu/novenyvedo-szerek","","Solofol","check_circle","800 g/kg folpet","2028. szept. 30.","gombaölő szer","2028. szept. 30.","","",""
"1769693586-2393","https://www.agromedium.com/hu-hu/novenyvedo-szerek","","Sonido 400 FS","error","400 g/l tiakloprid","2020. aug. 3.","csávázószer (rovarölő)","","2020. aug. 3.","","https://cdn.agromedium.com/uploads/2019/09/67c9c6f400102ba14e1a/thumbnail.png"
"1769693586-2394","https://www.agromedium.com/hu-hu/novenyvedo-szerek","","Soprano","error","125 g/l epoxikonazol","2020. ápr. 30.","gombaölő szer","","2020. ápr. 30.","",""
"1769693586-2395","https://www.agromedium.com/hu-hu/novenyvedo-szerek","","Soratel","check_circle","250 g/l protiokonazol","2026. aug. 15.","gombaölő szer","2026. aug. 15.","","","https://cdn.agromedium.com/uploads/2019/04/67c9c5c1001d85f5c905/thumbnail.png"
"1769693586-2396","https://www.agromedium.com/hu-hu/novenyvedo-szerek","","Soriale","error","755 g/l kálium-foszfonát","2025. márc. 31.","gombaölő szer","","2025. márc. 31.","",""
"1769693586-2397","https://www.agromedium.com/hu-hu/novenyvedo-szerek","","","","","","","","","","https://cdn.agromedium.com/uploads/2026/01/697082e3000e0b656054/file.png"
"1769693586-2398","https://www.agromedium.com/hu-hu/novenyvedo-szerek","","Sorrento","check_circle","30-50 m/m% 2-etil-hexanol EO-PO nemionos felületaktív anyag","2033. márc. 31.","permetezőszer segédanyag","2033. márc. 31.","","","https://cdn.agromedium.com/uploads/2023/03/67c9c5e0003c40ead470/thumbnail.png"
"1769693586-2399","https://www.agromedium.com/hu-hu/novenyvedo-szerek","","Spade Flexx","check_circle","240 g/l ciproszulfamid, 240 g/l izoxaflutol","2035. júl. 31.","gyomirtó szer","2035. júl. 31.","","","https://cdn.agromedium.com/uploads/2019/09/67c9c6f400102ba14e1a/thumbnail.png"
"1769693586-2400","https://www.agromedium.com/hu-hu/novenyvedo-szerek","","Spandis","check_circle","400 g/kg dikamba, 100 g/kg nikoszulfuron, 40 g/kg proszulfuron","2027. júl. 31.","gyomirtó szer","2027. júl. 31.","","","https://cdn.agromedium.com/uploads/2019/03/67c9c5c60007ec5337c9/thumbnail.png"
"1769693586-2401","https://www.agromedium.com/hu-hu/novenyvedo-szerek","","Spartacus SL","check_circle","30 m/m% poliarilfenil-éter-foszfát amin-só","2033. márc. 31.","permetezőszer segédanyag","2033. márc. 31.","","","https://cdn.agromedium.com/uploads/2019/11/67c9c7480023bb866dca/thumbnail.png"
"1769693586-2402","https://www.agromedium.com/hu-hu/novenyvedo-szerek","","Spectrum","check_circle","720 g/l dimeténamid-P","2028. dec. 31.","gyomirtó szer","2028. dec. 31.","","counter_7","https://cdn.agromedium.com/uploads/2020/09/67c9c5c70014019edcec/thumbnail.jpg"
"1769693586-2403","https://www.agromedium.com/hu-hu/novenyvedo-szerek","","","","","","","","","","https://cdn.agromedium.com/uploads/2026/01/6969f7e8002c1baa38cf/file.png"
"1769693586-2404","https://www.agromedium.com/hu-hu/novenyvedo-szerek","","Spekfree","check_circle","430 g/l tebukonazol","2027. aug. 31.","gombaölő szer","2027. aug. 31.","","","https://cdn.agromedium.com/uploads/2023/03/67c9c5c50021e7685e21/thumbnail.jpg"
"1769693586-2405","https://www.agromedium.com/hu-hu/novenyvedo-szerek","","Sphinx Extra","error","113 g/kg dimetomorf, 600 g/kg folpet","2024. nov. 20.","gombaölő szer","","2024. nov. 20.","","https://cdn.agromedium.com/uploads/2019/04/67c9c5c1001d85f5c905/thumbnail.png"
"1769693586-2406","https://www.agromedium.com/hu-hu/novenyvedo-szerek","","Spilan 20 SG","check_circle","200 g/kg acetamiprid","2034. febr. 28.","rovarölő szer","2034. febr. 28.","","counter_1","https://cdn.agromedium.com/uploads/2023/03/67c9c5e0003c40ead470/thumbnail.png"
"1769693586-2407","https://www.agromedium.com/hu-hu/novenyvedo-szerek","","Spirox D","check_circle","50 g/l difenokonazol, 400 g/l spiroxamin","2029. máj. 31.","gombaölő szer","2029. máj. 31.","","","https://cdn.agromedium.com/uploads/2024/03/67c9c5be001da30ef4a5/thumbnail.png"
"1769693586-2408","https://www.agromedium.com/hu-hu/novenyvedo-szerek","","Splendour","check_circle","25 g/l deltametrin","2027. aug. 15.","rovarölő szer","2027. aug. 15.","","","https://cdn.agromedium.com/uploads/2024/03/67c9c5be001da30ef4a5/thumbnail.png"
"1769693586-2409","https://www.agromedium.com/hu-hu/novenyvedo-szerek","","","","","","","","","","https://cdn.agromedium.com/uploads/2025/11/690db9bd0030b9dd184f/file.png"
"1769693586-2410","https://www.agromedium.com/hu-hu/novenyvedo-szerek","","Spodnam DC","check_circle","555 g/l pinolén","2032. márc. 31.","permetezőszer segédanyag","2032. márc. 31.","","","https://cdn.agromedium.com/uploads/2019/12/67c9c5e00038baa08a17/thumbnail.jpg"
"1769693586-2411","https://www.agromedium.com/hu-hu/novenyvedo-szerek","","Sporgon 50 WP","error","461 g/kg prokloráz","2021. dec. 31.","gombaölő szer","","2021. dec. 31.","","https://cdn.agromedium.com/uploads/2020/09/67c9c5c70014019edcec/thumbnail.jpg"
"1769693586-2412","https://www.agromedium.com/hu-hu/novenyvedo-szerek","","Spotlight Next","check_circle","60 g/l karfentrazon-etil","2034. júl. 31.","gyomirtó szer","2034. júl. 31.","","counter_3","https://cdn.agromedium.com/uploads/2019/04/67c9c5be0013b6f965bb/thumbnail.png"
"1769693586-2413","https://www.agromedium.com/hu-hu/novenyvedo-szerek","","Sprayfix","check_circle","13,4 m/m% ricinusolaj, 66,5 m/m% terpineol","2034. ápr. 30.","permetezőszer segédanyag","2034. ápr. 30.","","",""
"1769693586-2414","https://www.agromedium.com/hu-hu/novenyvedo-szerek","","Spraygard","error","400 g/l di-1-p-mentén","2024. júl. 21.","permetezőszer segédanyag","","2024. júl. 21.","","https://cdn.agromedium.com/uploads/2019/12/67c9c5e00038baa08a17/thumbnail.jpg"
"1769693586-2415","https://www.agromedium.com/hu-hu/novenyvedo-szerek","","","","","","","","","","https://cdn.agromedium.com/uploads/2026/01/6969f7e8002c1baa38cf/file.png"
"1769693586-2416","https://www.agromedium.com/hu-hu/novenyvedo-szerek","","Spreader Sticker","check_circle","860 g/l Alkoholok és szulfonált zsírsavak és dietilén-glikol-abietate kén-észterei","2031. dec. 31.","tapadásfokozó segédanyag","2031. dec. 31.","","",""
"1769693586-2417","https://www.agromedium.com/hu-hu/novenyvedo-szerek","","Springbok","check_circle","200 g/l dimeténamid-P, 200 g/l metazaklór","2027. máj. 31.","gyomirtó szer","2027. máj. 31.","","","https://cdn.agromedium.com/uploads/2019/04/67c9c5be0026299f6d49/thumbnail.png"
"1769693586-2418","https://www.agromedium.com/hu-hu/novenyvedo-szerek","","Spur","check_circle","210 g/kg poliéterrel módosított trisziloxán, 790 g/kg polioxietilén-polioxipropilén blokk-kopolimer","2031. márc. 31.","permetezőszer segédanyag","2031. márc. 31.","","","https://cdn.agromedium.com/uploads/2023/03/67c9c5e0003c40ead470/thumbnail.png"
"1769693586-2419","https://www.agromedium.com/hu-hu/novenyvedo-szerek","","Spyrale 475 EC","check_circle","100 g/l difenokonazol, 375 g/l fenpropidin","2028. szept. 30.","gombaölő szer","2028. szept. 30.","","","https://cdn.agromedium.com/uploads/2019/04/67c9c5c1001d85f5c905/thumbnail.png"
"1769693586-2420","https://www.agromedium.com/hu-hu/novenyvedo-szerek","","Stabilan 400","check_circle","400 g/l klórmekvát-klorid","2028. febr. 28.","növekedésszabályozó készítmény","2028. febr. 28.","","","https://cdn.agromedium.com/uploads/2019/12/67c9c5e00038baa08a17/thumbnail.jpg"
"1769693586-2421","https://www.agromedium.com/hu-hu/novenyvedo-szerek","","","","","","","","","","https://cdn.agromedium.com/uploads/2025/11/690db9bd0030b9dd184f/file.png"
"1769693586-2422","https://www.agromedium.com/hu-hu/novenyvedo-szerek","","Stabilan SL","check_circle","460 g/l klórmekvát","2029. nov. 30.","növekedésszabályzó szer","2029. nov. 30.","","","https://cdn.agromedium.com/uploads/2019/12/67c9c5e00038baa08a17/thumbnail.jpg"
"1769693586-2423","https://www.agromedium.com/hu-hu/novenyvedo-szerek","","Stamina","check_circle","175 g/l protiokonazol, 150 g/l trifloxistrobin","2029. júl. 31.","gombaölő permetezőszer","2029. júl. 31.","","","https://cdn.agromedium.com/uploads/2023/03/67c9c5c50021e7685e21/thumbnail.jpg"
"1769693586-2424","https://www.agromedium.com/hu-hu/novenyvedo-szerek","","Stampa","check_circle","500 g/kg fludioxonil","2027. máj. 31.","gombaölő szer","2027. máj. 31.","","",""
"1769693586-2425","https://www.agromedium.com/hu-hu/novenyvedo-szerek","","Stapler","check_circle","600 g/l 2,4-D","2031. dec. 31.","gyomirtó szer","2031. dec. 31.","","counter_1","https://cdn.agromedium.com/uploads/2019/12/67c9c5e00038baa08a17/thumbnail.jpg"
"1769693586-2426","https://www.agromedium.com/hu-hu/novenyvedo-szerek","","Star Forte 333 EC","check_circle","480 g/l fluroxipir-meptil","2027. dec. 31.","gyomirtó szer","2027. dec. 31.","","","https://cdn.agromedium.com/uploads/2019/04/67c9c5be0026299f6d49/thumbnail.png"
"1769693586-2427","https://www.agromedium.com/hu-hu/novenyvedo-szerek","","","","","","","","","","https://cdn.agromedium.com/uploads/2025/06/6847e89a00115b091f3c/file.png"
"1769693586-2428","https://www.agromedium.com/hu-hu/novenyvedo-szerek","","Starane Forte 333 EC","check_circle","480 g/l fluroxipir-meptil","2027. dec. 31.","gyomirtó szer","2027. dec. 31.","","","https://cdn.agromedium.com/uploads/2025/03/67e7a23d00318586422c/thumbnail.jpg"
"1769693586-2429","https://www.agromedium.com/hu-hu/novenyvedo-szerek","","Starane Super","error","1 g/l floraszulam, 100 g/l fluroxipir-meptil","2016. dec. 31.","gyomirtó szer","","2016. dec. 31.","",""
"1769693586-2430","https://www.agromedium.com/hu-hu/novenyvedo-szerek","","Starfire","warning","500 g/l flufenacet","2026. dec. 10.","gyomirtó szer","","","","https://cdn.agromedium.com/uploads/2019/12/67c9c5e00038baa08a17/thumbnail.jpg"
"1769693586-2431","https://www.agromedium.com/hu-hu/novenyvedo-szerek","","Starship","error","100 g/l mezotrion","2020. szept. 30.","gyomirtó szer","","2020. szept. 30.","","https://cdn.agromedium.com/uploads/2019/12/67c9c5e00038baa08a17/thumbnail.jpg"
"1769693586-2432","https://www.agromedium.com/hu-hu/novenyvedo-szerek","","Stemper","check_circle","175 g/l trinexapak-etil","2028. dec. 15.","növekedésszabályozó készítmény","2028. dec. 15.","","","https://cdn.agromedium.com/uploads/2019/04/67c9c5c1001d85f5c905/thumbnail.png"
"1769693586-2433","https://www.agromedium.com/hu-hu/novenyvedo-szerek","","","","","","","","","","https://cdn.agromedium.com/uploads/2026/01/697082e3000e0b656054/file.png"
"1769693586-2434","https://www.agromedium.com/hu-hu/novenyvedo-szerek","","SteriClean Mag","check_circle","0,51 g/l kálium-hipoklorit","2029. márc. 31.","fertőtlenítő szer","2029. márc. 31.","","","https://cdn.agromedium.com/uploads/2022/03/67c9c73e002479b164e4/thumbnail.png"
"1769693586-2435","https://www.agromedium.com/hu-hu/novenyvedo-szerek","","Steward 30 DF","error","30 % indoxakarb","2022. márc. 19.","rovarölő szer","","2022. márc. 19.","","https://cdn.agromedium.com/uploads/2019/04/67c9c5be0013b6f965bb/thumbnail.png"
"1769693586-2436","https://www.agromedium.com/hu-hu/novenyvedo-szerek","","Stomp 400 SC","check_circle","400 g/l pendimetalin","2028. jan. 15.","gyomirtó szer","2028. jan. 15.","","","https://cdn.agromedium.com/uploads/2020/09/67c9c5c70014019edcec/thumbnail.jpg"
"1769693586-2437","https://www.agromedium.com/hu-hu/novenyvedo-szerek","","Stomp Aqua","check_circle","455 g/l pendimetalin","2026. aug. 31.","gyomirtó szer","2026. aug. 31.","","","https://cdn.agromedium.com/uploads/2019/04/67c9c5be0026299f6d49/thumbnail.png"
"1769693586-2438","https://www.agromedium.com/hu-hu/novenyvedo-szerek","","Stoy","check_circle","40 g/l nikoszulfuron","2028. márc. 31.","gyomirtó szer","2028. márc. 31.","","","https://cdn.agromedium.com/uploads/2023/06/67c9c76b00277662b3eb/thumbnail.jpg"
"1769693586-2439","https://www.agromedium.com/hu-hu/novenyvedo-szerek","","","","","","","","","","https://cdn.agromedium.com/uploads/2025/11/690db9bd0030b9dd184f/file.png"
"1769693586-2440","https://www.agromedium.com/hu-hu/novenyvedo-szerek","","Stratos Ultra","check_circle","100 g/l cikloxidim","2029. máj. 31.","gyomirtó szer","2029. máj. 31.","","","https://cdn.agromedium.com/uploads/2023/06/67c9c76b00277662b3eb/thumbnail.jpg"
"1769693586-2441","https://www.agromedium.com/hu-hu/novenyvedo-szerek","","Stretch","check_circle","40 g/l nikoszulfuron","2028. márc. 30.","gyomirtó szer","2028. márc. 30.","","",""
"1769693586-2442","https://www.agromedium.com/hu-hu/novenyvedo-szerek","","Strip-10 2F","check_circle","240 g/l metoxifenozid","2027. márc. 31.","rovarölő szer","2027. márc. 31.","","","https://cdn.agromedium.com/uploads/2025/03/67e7a23d00318586422c/thumbnail.jpg"
"1769693586-2443","https://www.agromedium.com/hu-hu/novenyvedo-szerek","","Strobe 250 SC","error","250 g/l azoxistrobin","2025. dec. 31.","gombaölő szer","","2025. dec. 31.","",""
"1769693586-2444","https://www.agromedium.com/hu-hu/novenyvedo-szerek","","Substral gyomirtó szer gyeptrágyával","check_circle","8 g/kg 2,4-D, 1,2 g/kg dikamba, 32 % NPK","2027. szept. 30.","gyomirtó szer","2027. szept. 30.","","",""
"1769693586-2445","https://www.agromedium.com/hu-hu/novenyvedo-szerek","","","","","","","","","","https://cdn.agromedium.com/uploads/2026/01/6969f7e8002c1baa38cf/file.png"
"1769693586-2446","https://www.agromedium.com/hu-hu/novenyvedo-szerek","","Subtil","check_circle","600 g/l metribuzin","2028. szept. 30.","gyomirtó szer","2028. szept. 30.","","",""
"1769693586-2447","https://www.agromedium.com/hu-hu/novenyvedo-szerek","","Successor 600","check_circle","600 g/l petoxamid","2029. júl. 31.","gyomirtó szer","2029. júl. 31.","","","https://cdn.agromedium.com/uploads/2019/04/67c9c5be0013b6f965bb/thumbnail.png"
"1769693586-2448","https://www.agromedium.com/hu-hu/novenyvedo-szerek","","Successor TX","check_circle","300 g/l petoxamid, 187,5 g/l terbutilazin","2029. febr. 28.","gyomirtó szer","2029. febr. 28.","","","https://cdn.agromedium.com/uploads/2019/04/67c9c5be0013b6f965bb/thumbnail.png"
"1769693586-2449","https://www.agromedium.com/hu-hu/novenyvedo-szerek","","Sugoi","check_circle","160 g/l ciazofamid","2037. júl. 31.","gombaölő szer","2037. júl. 31.","","","https://cdn.agromedium.com/uploads/2023/01/67c9c5c70039285dc50f/thumbnail.png"
"1769693586-2450","https://www.agromedium.com/hu-hu/novenyvedo-szerek","","Sulbari","check_circle","800 g/l kén","2026. okt. 30.","gombaölő szer","2026. okt. 30.","","",""
"1769693586-2451","https://www.agromedium.com/hu-hu/novenyvedo-szerek","","","","","","","","","","https://cdn.agromedium.com/uploads/2026/01/6969f7e8002c1baa38cf/file.png"
"1769693586-2452","https://www.agromedium.com/hu-hu/novenyvedo-szerek","","Sulcogan","check_circle","300 g/l szulkotrion","2027. nov. 30.","gyomirtó szer","2027. nov. 30.","","","https://cdn.agromedium.com/uploads/2019/12/67c9c5e00038baa08a17/thumbnail.jpg"
"1769693586-2453","https://www.agromedium.com/hu-hu/novenyvedo-szerek","","Sulcotrek","check_circle","173 g/l szulkotrion, 327 g/l terbutilazin","2027. nov. 30.","gyomirtó szer","2027. nov. 30.","","","https://cdn.agromedium.com/uploads/2019/04/67c9c5c1001d85f5c905/thumbnail.png"
"1769693586-2454","https://www.agromedium.com/hu-hu/novenyvedo-szerek","","Suleiman 50 SC","check_circle","500 g/l metazaklór","2027. febr. 28.","gyomirtó szer","2027. febr. 28.","","","https://cdn.agromedium.com/uploads/2019/04/67c9c5c1001d85f5c905/thumbnail.png"
"1769693586-2455","https://www.agromedium.com/hu-hu/novenyvedo-szerek","","SulfoGran 80 WG","check_circle","796 g/kg kén","2027. júl. 31.","gombaölő szer","2027. júl. 31.","","",""
"1769693586-2456","https://www.agromedium.com/hu-hu/novenyvedo-szerek","","Sulfolac 80 WG","check_circle","796 g/kg kén","2027. júl. 31.","gombaölő szer","2027. júl. 31.","","",""
"1769693586-2457","https://www.agromedium.com/hu-hu/novenyvedo-szerek","","","","","","","","","","https://cdn.agromedium.com/uploads/2025/06/6847e89a00115b091f3c/file.png"
"1769693586-2458","https://www.agromedium.com/hu-hu/novenyvedo-szerek","","SulfoMax 80 WG","check_circle","796 g/kg kén","2027. júl. 31.","gombaölő szer","2027. júl. 31.","","",""
"1769693586-2459","https://www.agromedium.com/hu-hu/novenyvedo-szerek","","Sulgran DF Pro","check_circle","800 g/kg kén","2029. jún. 30.","gombaölő permetezőszer","2029. jún. 30.","","","https://cdn.agromedium.com/uploads/2019/04/67c9c5be0026299f6d49/thumbnail.png"
"1769693586-2460","https://www.agromedium.com/hu-hu/novenyvedo-szerek","","Sulphuris 80 WG","check_circle","800 g/kg kén","2027. dec. 31.","gombaölő permetezőszer","2027. dec. 31.","","","https://cdn.agromedium.com/uploads/2019/09/67c9c6f70009b6d8d321/thumbnail.jpg"
"1769693586-2461","https://www.agromedium.com/hu-hu/novenyvedo-szerek","","Sultan 50 SC","check_circle","500 g/l metazaklór","2027. febr. 28.","gyomirtó szer","2027. febr. 28.","","","https://cdn.agromedium.com/uploads/2019/04/67c9c5c1001d85f5c905/thumbnail.png"
"1769693586-2462","https://www.agromedium.com/hu-hu/novenyvedo-szerek","","Sultan Top","check_circle","375 g/l metazaklór, 125 g/l quinmerak","2027. ápr. 30.","gyomirtó szer","2027. ápr. 30.","","","https://cdn.agromedium.com/uploads/2019/04/67c9c5c1001d85f5c905/thumbnail.png"
"1769693586-2463","https://www.agromedium.com/hu-hu/novenyvedo-szerek","","","","","","","","","","https://cdn.agromedium.com/uploads/2026/01/697082e3000e0b656054/file.png"
"1769693586-2464","https://www.agromedium.com/hu-hu/novenyvedo-szerek","","Sumi Agro - Biosild Twin","package_2","10 t/csomag: búza","10 l Biosild Top","","","","","https://cdn.agromedium.com/uploads/2023/03/67c9c5e0003c40ead470/thumbnail.png"
"1769693586-2465","https://www.agromedium.com/hu-hu/novenyvedo-szerek","","Sumi Agro - Ergon Star","package_2","10 ha/csomag: árpa, búza, rozs, tritikálé, zab","5 l GaliStop","","","","","https://cdn.agromedium.com/uploads/2023/03/67c9c5e0003c40ead470/thumbnail.png"
"1769693586-2466","https://www.agromedium.com/hu-hu/novenyvedo-szerek","","Sumi Agro - Hikari","package_2","5 ha/csomag: alma, árpa, burgonya, búza, gabonatarló, napraforgó, szőlő","2x5 l Toil","","","","","https://cdn.agromedium.com/uploads/2023/03/67c9c5e0003c40ead470/thumbnail.png"
"1769693586-2467","https://www.agromedium.com/hu-hu/novenyvedo-szerek","","Sumi Agro - Kamikaze","package_2","10 ha/csomag: árpa, búza, rozs, tritikálé, zab","5 l GaliStop","2x350 g Ergon","","","","https://cdn.agromedium.com/uploads/2023/03/67c9c5e0003c40ead470/thumbnail.png"
"1769693586-2468","https://www.agromedium.com/hu-hu/novenyvedo-szerek","","Sumi Agro - Miseran Flexx","package_2","kukorica","4 l Iseran","","","","","https://cdn.agromedium.com/uploads/2023/03/67c9c5e0003c40ead470/thumbnail.png"
"1769693586-2469","https://www.agromedium.com/hu-hu/novenyvedo-szerek","","","","","","","","","","https://cdn.agromedium.com/uploads/2025/11/690db9bd0030b9dd184f/file.png"
"1769693586-2470","https://www.agromedium.com/hu-hu/novenyvedo-szerek","","Sumi Agro - Moderator","package_2","10 ha/csomag: árpa, búza, rozs, zab","5 l GaliStop","0,75 l Kabuki","","","","https://cdn.agromedium.com/uploads/2023/03/67c9c5e0003c40ead470/thumbnail.png"
"1769693586-2471","https://www.agromedium.com/hu-hu/novenyvedo-szerek","","Sumi Agro - Sumi Repce Csomag","package_2","10 ha/csomag: káposztarepce","2 kg Inazuma","","","","","https://cdn.agromedium.com/uploads/2023/03/67c9c5e0003c40ead470/thumbnail.png"
"1769693586-2472","https://www.agromedium.com/hu-hu/novenyvedo-szerek","","Sumi Agro - Sumicorn-R","package_2","4 ha/csomag: kukorica","10 l Click Combi","","","","","https://cdn.agromedium.com/uploads/2023/03/67c9c5e0003c40ead470/thumbnail.png"
"1769693586-2473","https://www.agromedium.com/hu-hu/novenyvedo-szerek","","Sumi Alfa 5 EC","check_circle","50 g/l eszfenvalerát","2026. dec. 31.","rovarölő szer","2026. dec. 31.","","counter_1","https://cdn.agromedium.com/uploads/2019/12/67c9c5e00038baa08a17/thumbnail.jpg"
"1769693586-2474","https://www.agromedium.com/hu-hu/novenyvedo-szerek","","Sumi Alfa 5 EW","check_circle","50 g/l eszfenvalerát","2026. dec. 31.","rovarölő szer","2026. dec. 31.","","",""
"1769693586-2475","https://www.agromedium.com/hu-hu/novenyvedo-szerek","","","","","","","","","","https://cdn.agromedium.com/uploads/2026/01/697082e3000e0b656054/file.png"
"1769693586-2476","https://www.agromedium.com/hu-hu/novenyvedo-szerek","","Sumicidin 5 EW","check_circle","50 g/l eszfenvalerát","2026. dec. 31.","rovarölő szer","2026. dec. 31.","","",""
"1769693586-2477","https://www.agromedium.com/hu-hu/novenyvedo-szerek","","Sunda","check_circle","69 g/l fenoxaprop-P-etil","2026. aug. 15.","gyomirtó szer","2026. aug. 15.","","","https://cdn.agromedium.com/uploads/2019/04/67c9c6f3002ce784082b/thumbnail.png"
"1769693586-2478","https://www.agromedium.com/hu-hu/novenyvedo-szerek","","Sunfire","warning","500 g/l flufenacet","2026. dec. 10.","gyomirtó szer","","","","https://cdn.agromedium.com/uploads/2019/12/67c9c5e00038baa08a17/thumbnail.jpg"
"1769693586-2479","https://www.agromedium.com/hu-hu/novenyvedo-szerek","","Sunset","check_circle","80 g/l imazamox","2026. okt. 31.","gyomirtó szer","2026. okt. 31.","","","https://cdn.agromedium.com/uploads/2019/04/67c9c5c1001d85f5c905/thumbnail.png"
"1769693586-2480","https://www.agromedium.com/hu-hu/novenyvedo-szerek","","Superspray","check_circle","50 m/m% polioxietilén-szorbitán-monolaurát, 20 m/m% szorbitán-monolaurát","2033. nov. 30.","permetezőszer segédanyag","2033. nov. 30.","","","https://cdn.agromedium.com/uploads/2021/03/67c9c5c60001416ab5c4/thumbnail.jpg"
"1769693586-2481","https://www.agromedium.com/hu-hu/novenyvedo-szerek","","","","","","","","","","https://cdn.agromedium.com/uploads/2025/06/6847e89a00115b091f3c/file.png"
"1769693586-2482","https://www.agromedium.com/hu-hu/novenyvedo-szerek","","Surf 2000","check_circle","509 g/l oleil-amin (etoxilált, propoxilát), 530 g/l poliszorbát","2027. máj. 31.","permetezőszer segédanyag","2027. máj. 31.","","",""
"1769693586-2483","https://www.agromedium.com/hu-hu/novenyvedo-szerek","","Surrender","check_circle","100 g/l fludioxonil","2026. jún. 15.","gombaölő csávázószer","2026. jún. 15.","","",""
"1769693586-2484","https://www.agromedium.com/hu-hu/novenyvedo-szerek","","Surround WP","error","950 g/kg aluminium-szilikát (kaolin)","2022. aug. 31.","riasztó szer","","2022. aug. 31.","","https://cdn.agromedium.com/uploads/2021/02/67c9c5c0002a098f9ad0/thumbnail.png"
"1769693586-2485","https://www.agromedium.com/hu-hu/novenyvedo-szerek","","Suvisio 200 SC","check_circle","200 g/l klorantraniliprol","2026. nov. 30.","rovarölő szer","2026. nov. 30.","","counter_1","https://cdn.agromedium.com/uploads/2025/03/67e7a23d00318586422c/thumbnail.jpg"
"1769693586-2486","https://www.agromedium.com/hu-hu/novenyvedo-szerek","","Swim 460 SL","check_circle","155 g/l etefon, 305 g/l mepiquat-klorid","2027. szept. 30.","növekedésszabályozó készítmény","2027. szept. 30.","","","https://cdn.agromedium.com/uploads/2019/04/67c9c6f3002ce784082b/thumbnail.png"
"1769693586-2487","https://www.agromedium.com/hu-hu/novenyvedo-szerek","","","","","","","","","","https://cdn.agromedium.com/uploads/2026/01/697082e3000e0b656054/file.png"
"1769693586-2488","https://www.agromedium.com/hu-hu/novenyvedo-szerek","","Switch 62,5 WG","check_circle","375 g/kg ciprodinil, 250 g/kg fludioxonil","2026. jún. 30.","gombaölő szer","2026. jún. 30.","","","https://cdn.agromedium.com/uploads/2019/03/67c9c5c60007ec5337c9/thumbnail.png"
"1769693586-2489","https://www.agromedium.com/hu-hu/novenyvedo-szerek","","Syllit 400 SC","check_circle","400 g/l dodin","2027. dec. 31.","gombaölő szer","2027. dec. 31.","","","https://cdn.agromedium.com/uploads/2024/03/67c9c5be001da30ef4a5/thumbnail.png"
"1769693586-2490","https://www.agromedium.com/hu-hu/novenyvedo-szerek","","Symetra","error","200 g/l azoxistrobin, 125 g/l izopirazam","2022. szept. 8.","gombaölő permetezőszer","","2022. szept. 8.","","https://cdn.agromedium.com/uploads/2019/04/67c9c5c1001d85f5c905/thumbnail.png"
"1769693586-2491","https://www.agromedium.com/hu-hu/novenyvedo-szerek","","Synafop","check_circle","50 g/l quizalofop-P-etil","2027. dec. 31.","gyomirtó szer","2027. dec. 31.","","","https://cdn.agromedium.com/uploads/2019/04/67c9c5c1001d85f5c905/thumbnail.png"
"1769693586-2492","https://www.agromedium.com/hu-hu/novenyvedo-szerek","","Synero","check_circle","5,3 g/l aminopiralid, 500 g/l metazaklór, 13,3 g/l pikloram","2027. szept. 1.","gyomirtó szer","2027. szept. 1.","","","https://cdn.agromedium.com/uploads/2019/04/67c9c5be0026299f6d49/thumbnail.png"
"1769693586-2493","https://www.agromedium.com/hu-hu/novenyvedo-szerek","","","","","","","","","","https://cdn.agromedium.com/uploads/2025/06/6847e89a00115b091f3c/file.png"
"1769693586-2494","https://www.agromedium.com/hu-hu/novenyvedo-szerek","","Syngenta - Amistar + Cidely Top","package_2","12 ha/csomag: cukkini, görögdinnye, paprika, paradicsom, sárgadinnye, tojásgyümölcs, uborka","12 l Amistar","","","","","https://cdn.agromedium.com/uploads/2019/03/67c9c5c60007ec5337c9/thumbnail.png"
"1769693586-2495","https://www.agromedium.com/hu-hu/novenyvedo-szerek","","Syngenta - Amistar Era","package_2","10-13 ha/csomag: kalászosok","10 l Amistar","","","","","https://cdn.agromedium.com/uploads/2019/03/67c9c5c60007ec5337c9/thumbnail.png"
"1769693586-2496","https://www.agromedium.com/hu-hu/novenyvedo-szerek","","Syngenta - Amistar Top + Affirm","package_2","24 ha/csomag: bab, borsó, brokkoli, cukkini, fejes káposzta, görögdinnye, karfiol, kínai kel, paprika, paradicsom, saláta, sárgadinnye, uborka","24 l Amistar","","","","","https://cdn.agromedium.com/uploads/2019/03/67c9c5c60007ec5337c9/thumbnail.png"
"1769693586-2497","https://www.agromedium.com/hu-hu/novenyvedo-szerek","","Syngenta - Avoxa Peak","package_2","10-11 ha/csomag: kalászosok","3x5 l Avoxa","","","","","https://cdn.agromedium.com/uploads/2019/03/67c9c5c60007ec5337c9/thumbnail.png"
"1769693586-2498","https://www.agromedium.com/hu-hu/novenyvedo-szerek","","Syngenta - Box-R Pack","package_2","5 ha/csomag: árpa, búza","1x250 g Alliance 660 WG","","","","","https://cdn.agromedium.com/uploads/2019/03/67c9c5c60007ec5337c9/thumbnail.png"
"1769693586-2499","https://www.agromedium.com/hu-hu/novenyvedo-szerek","","","","","","","","","","https://cdn.agromedium.com/uploads/2026/01/697082e3000e0b656054/file.png"
"1769693586-2500","https://www.agromedium.com/hu-hu/novenyvedo-szerek","","Syngenta - Calaris Professional 3.0","package_2","8-10 ha/csomag: kukorica","2x0,5 l Fix-Pro","4x4,6 l Calaris Pro","","","15x0,5 l Eucarol Plus","https://cdn.agromedium.com/uploads/2019/03/67c9c5c60007ec5337c9/thumbnail.png"
"1769693586-2501","https://www.agromedium.com/hu-hu/novenyvedo-szerek","","Syngenta - Calliro","package_2","kukorica","2x0,875 l Callisto 4 SC","","","","","https://cdn.agromedium.com/uploads/2019/03/67c9c5c60007ec5337c9/thumbnail.png"
"1769693586-2502","https://www.agromedium.com/hu-hu/novenyvedo-szerek","","Syngenta - Dual Next Max","package_2","5 ha/csomag: kukorica","2x0,875 L Callisto 4 SC","0,5 L Fix-Pro","","","100 g Peak 75 WG","https://cdn.agromedium.com/uploads/2019/03/67c9c5c60007ec5337c9/thumbnail.png"
"1769693586-2503","https://www.agromedium.com/hu-hu/novenyvedo-szerek","","Syngenta - Dynali + Pergado F","package_2","36-48 ha/csomag: szőlő","100 kg Pergado F","","","","","https://cdn.agromedium.com/uploads/2019/03/67c9c5c60007ec5337c9/thumbnail.png"
"1769693586-2504","https://www.agromedium.com/hu-hu/novenyvedo-szerek","","Syngenta - Elumis Bang","package_2","5-7 ha/csomag: kukorica","0,5 L Fix-Pro","10 L Elumis","","","","https://cdn.agromedium.com/uploads/2019/03/67c9c5c60007ec5337c9/thumbnail.png"
"1769693586-2505","https://www.agromedium.com/hu-hu/novenyvedo-szerek","","","","","","","","","","https://cdn.agromedium.com/uploads/2025/06/6847e89a00115b091f3c/file.png"
"1769693586-2506","https://www.agromedium.com/hu-hu/novenyvedo-szerek","","Syngenta - Fluence+ Trend 90","package_2","25 ha/csomag: napraforgó","1,125 kg Fluence","","","","","https://cdn.agromedium.com/uploads/2019/03/67c9c5c60007ec5337c9/thumbnail.png"
"1769693586-2507","https://www.agromedium.com/hu-hu/novenyvedo-szerek","","Syngenta - Gardo Sun Pack","package_2","5 ha/csomag: napraforgó","2x5 l Dual Next","","","","","https://cdn.agromedium.com/uploads/2019/03/67c9c5c60007ec5337c9/thumbnail.png"
"1769693586-2508","https://www.agromedium.com/hu-hu/novenyvedo-szerek","","Syngenta - Kalászos Start Csomag","package_2","20 ha/csomag: búza, káposztarepce","20 l Magnello","4 l Banvel 480 S","","","3 l Karate Zeon 5 CS","https://cdn.agromedium.com/uploads/2019/03/67c9c5c60007ec5337c9/thumbnail.png"
"1769693586-2509","https://www.agromedium.com/hu-hu/novenyvedo-szerek","","Syngenta - Listego Pro + Eucarol Plus","package_2","10 ha/csomag: napraforgó","5 l Eucarol Plus","","","","","https://cdn.agromedium.com/uploads/2019/03/67c9c5c60007ec5337c9/thumbnail.png"
"1769693586-2510","https://www.agromedium.com/hu-hu/novenyvedo-szerek","","Syngenta - Lumax + Fix-Pro","package_2","5 ha/csomag: kukorica","0,5 L Fix-Pro","","","","","https://cdn.agromedium.com/uploads/2019/03/67c9c5c60007ec5337c9/thumbnail.png"
"1769693586-2511","https://www.agromedium.com/hu-hu/novenyvedo-szerek","","","","","","","","","","https://cdn.agromedium.com/uploads/2025/11/690db9bd0030b9dd184f/file.png"
"1769693586-2512","https://www.agromedium.com/hu-hu/novenyvedo-szerek","","Syngenta - Milagro 040 SC + Eucarol Plus","package_2","5 ha/csomag: kukorica","5 L Milagro 040 SC","","","","","https://cdn.agromedium.com/uploads/2019/03/67c9c5c60007ec5337c9/thumbnail.png"
"1769693586-2513","https://www.agromedium.com/hu-hu/novenyvedo-szerek","","Syngenta - Milagro Plus + Eucarol Plus","package_2","3,8-6,25 ha/csomag: kukorica","2,5 L Eucarol Plus","","","","","https://cdn.agromedium.com/uploads/2019/03/67c9c5c60007ec5337c9/thumbnail.png"
"1769693586-2514","https://www.agromedium.com/hu-hu/novenyvedo-szerek","","Syngenta - Optimal Duo","package_2","20-25 ha/cs: búza, káposztarepce","20 l Magnello","","","","","https://cdn.agromedium.com/uploads/2019/03/67c9c5c60007ec5337c9/thumbnail.png"
"1769693586-2515","https://www.agromedium.com/hu-hu/novenyvedo-szerek","","Syngenta - Optimal Era","package_2","20 ha/csomag: árpa, búza, kalászosok, rozs, tritikálé, zab","20 l Amistar","20 l Elatus Era","","","","https://cdn.agromedium.com/uploads/2019/03/67c9c5c60007ec5337c9/thumbnail.png"
"1769693586-2516","https://www.agromedium.com/hu-hu/novenyvedo-szerek","","Syngenta - Optimal Full","package_2","20-25 ha/csomag: árpa, búza, káposztarepce, napraforgó, rozs, tritikálé, zab","20 l Magnello","20 l Elatus Era","","","","https://cdn.agromedium.com/uploads/2019/03/67c9c5c60007ec5337c9/thumbnail.png"
"1769693586-2517","https://www.agromedium.com/hu-hu/novenyvedo-szerek","","","","","","","","","","https://cdn.agromedium.com/uploads/2026/01/6969f7e8002c1baa38cf/file.png"
"1769693586-2518","https://www.agromedium.com/hu-hu/novenyvedo-szerek","","Syngenta - Optimal Plus","package_2","20-25 ha/csomag: búza, káposztarepce","20 l Magnello","","","","","https://cdn.agromedium.com/uploads/2019/03/67c9c5c60007ec5337c9/thumbnail.png"
"1769693586-2519","https://www.agromedium.com/hu-hu/novenyvedo-szerek","","Syngenta - Optimal Profi","package_2","20-25 ha/csomag: árpa, búza, káposztarepce, napraforgó, rozs, tritikálé, zab","20 l Amistar Sun 325 SC","","","","","https://cdn.agromedium.com/uploads/2019/03/67c9c5c60007ec5337c9/thumbnail.png"
"1769693586-2520","https://www.agromedium.com/hu-hu/novenyvedo-szerek","","Syngenta - Peak Turbo","package_2","5 ha/csomag: árpa, búza, kukorica, rozs, tritikálé, zab","100 g Peak 75 WG","","","","","https://cdn.agromedium.com/uploads/2019/03/67c9c5c60007ec5337c9/thumbnail.png"
"1769693586-2521","https://www.agromedium.com/hu-hu/novenyvedo-szerek","","Syngenta - PeakNik","package_2","5 ha/csomag: kukorica, kukorica (szemes, siló)","100 g Peak 75 WG","5 L Milagro Plus","","","","https://cdn.agromedium.com/uploads/2019/03/67c9c5c60007ec5337c9/thumbnail.png"
"1769693586-2522","https://www.agromedium.com/hu-hu/novenyvedo-szerek","","Syngenta - Topas + Chorus","package_2","10 ha/csomag: alma, almatermésűek, birs, cseresznye, kajszibarack, körte, málna, mandula, meggy, naspolya, őszibarack, szamóca, szilva, szőlő","12 l Topas 100 EC","","","","","https://cdn.agromedium.com/uploads/2019/03/67c9c5c60007ec5337c9/thumbnail.png"
"1769693586-2523","https://www.agromedium.com/hu-hu/novenyvedo-szerek","","","","","","","","","","https://cdn.agromedium.com/uploads/2026/01/697082e3000e0b656054/file.png"
"1769693586-2524","https://www.agromedium.com/hu-hu/novenyvedo-szerek","","Syngenta - Topas + Pergado F","package_2","50 ha/csomag: szőlő","100 kg Pergado F","","","","","https://cdn.agromedium.com/uploads/2019/03/67c9c5c60007ec5337c9/thumbnail.png"
"1769693586-2525","https://www.agromedium.com/hu-hu/novenyvedo-szerek","","Syrius 250 EW","check_circle","250 g/l tebukonazol","2027. jan. 31.","gombaölő permetezőszer","2027. jan. 31.","","","https://cdn.agromedium.com/uploads/2023/06/67c9c76b00277662b3eb/thumbnail.jpg"
"1769693586-2526","https://www.agromedium.com/hu-hu/novenyvedo-szerek","","Syrius D","check_circle","600 g/l 2,4-D","2031. dec. 31.","gyomirtó szer","2031. dec. 31.","","counter_1","https://cdn.agromedium.com/uploads/2019/12/67c9c5e00038baa08a17/thumbnail.jpg"
"1769693586-2527","https://www.agromedium.com/hu-hu/novenyvedo-szerek","","Systhane 20 EW","error","200 g/l miklobutanil","2021. máj. 31.","gombaölő permetezőszer","","2021. máj. 31.","","https://cdn.agromedium.com/uploads/2025/03/67e7a23d00318586422c/thumbnail.jpg"
"1769693586-2528","https://www.agromedium.com/hu-hu/novenyvedo-szerek","","Systiva","check_circle","333 g/l fluxapiroxad","2028. dec. 31.","csávázószer (gombaölő)","2028. dec. 31.","","","https://cdn.agromedium.com/uploads/2020/09/67c9c5c70014019edcec/thumbnail.jpg"
"1769693586-2529","https://www.agromedium.com/hu-hu/novenyvedo-szerek","","","","","","","","","","https://cdn.agromedium.com/uploads/2026/01/6969f7e8002c1baa38cf/file.png"
"1769693586-2530","https://www.agromedium.com/hu-hu/novenyvedo-szerek","","Szuper-D","check_circle","6 % metaldehid","2027. aug. 31.","csigaölő szer","2027. aug. 31.","","","https://cdn.agromedium.com/uploads/2019/04/67c9c6f3002ce784082b/thumbnail.png"
"1769693586-2531","https://www.agromedium.com/hu-hu/novenyvedo-szerek","","T34 Biocontrol","check_circle","Trichoderma asperellum","2029. máj. 31.","biológiai gombaölő szer","2029. máj. 31.","","","https://cdn.agromedium.com/uploads/2019/04/67c9c5be0026299f6d49/thumbnail.png"
"1769693586-2532","https://www.agromedium.com/hu-hu/novenyvedo-szerek","","Tachigaren 70 WP","check_circle","700 g/kg himexazol","2027. máj. 31.","csávázószer (gombaölő)","2027. máj. 31.","","","https://cdn.agromedium.com/uploads/2019/04/67c9c6f8002fe783f03a/thumbnail.png"
"1769693586-2533","https://www.agromedium.com/hu-hu/novenyvedo-szerek","","Tachigaren LS","check_circle","440 g/l himexazol","2027. aug. 31.","gombaölő csávázószer","2027. aug. 31.","","",""
"1769693586-2534","https://www.agromedium.com/hu-hu/novenyvedo-szerek","","Taegro","check_circle","130 g/kg Bacillus amyloliquefaciens FZB24 törzs","2033. jún. 1.","gombaölő szer","2033. jún. 1.","","","https://cdn.agromedium.com/uploads/2019/03/67c9c5c60007ec5337c9/thumbnail.png"
"1769693586-2535","https://www.agromedium.com/hu-hu/novenyvedo-szerek","","","","","","","","","","https://cdn.agromedium.com/uploads/2025/06/6847e89a00115b091f3c/file.png"
"1769693586-2536","https://www.agromedium.com/hu-hu/novenyvedo-szerek","","Taifree","check_circle","15 g/kg teflutrin","2026. nov. 30.","talajfertőtlenítő szer","2026. nov. 30.","","","https://cdn.agromedium.com/uploads/2025/03/67e7a23d00318586422c/thumbnail.jpg"
"1769693586-2537","https://www.agromedium.com/hu-hu/novenyvedo-szerek","","Taifun Forte","check_circle","360 g/l glifozát","2028. dec. 31.","gyomirtó szer","2028. dec. 31.","","","https://cdn.agromedium.com/uploads/2019/04/67c9c5c1001d85f5c905/thumbnail.png"
"1769693586-2538","https://www.agromedium.com/hu-hu/novenyvedo-szerek","","Talendo Extra","check_circle","160 g/l proquinazid, 80 g/l tetrakonazol","2026. júl. 31.","gombaölő szer","2026. júl. 31.","","","https://cdn.agromedium.com/uploads/2025/03/67e7a23d00318586422c/thumbnail.jpg"
"1769693586-2539","https://www.agromedium.com/hu-hu/novenyvedo-szerek","","Talentum 20 EW","error","200 g/l miklobutanil","2021. máj. 31.","gombaölő permetezőszer","","2021. máj. 31.","","https://cdn.agromedium.com/uploads/2019/04/67c9c5be0026299f6d49/thumbnail.png"
"1769693586-2540","https://www.agromedium.com/hu-hu/novenyvedo-szerek","","Talisman","check_circle","40 g/l nikoszulfuron","2028. márc. 31.","gyomirtó szer","2028. márc. 31.","","","https://cdn.agromedium.com/uploads/2019/04/67c9c5be0026299f6d49/thumbnail.png"
"1769693586-2541","https://www.agromedium.com/hu-hu/novenyvedo-szerek","","","","","","","","","","https://cdn.agromedium.com/uploads/2025/11/690db9bd0030b9dd184f/file.png"
"1769693586-2542","https://www.agromedium.com/hu-hu/novenyvedo-szerek","","Talius","check_circle","200 g/l proquinazid","2028. aug. 31.","gombaölő szer","2028. aug. 31.","","","https://cdn.agromedium.com/uploads/2018/08/67c9c6f7001ef444f1db/thumbnail.png"
"1769693586-2543","https://www.agromedium.com/hu-hu/novenyvedo-szerek","","Taltos N 450 WG","check_circle","300 g/kg aminopiralid, 150 g/kg floraszulam","2028. máj. 31.","gyomirtó szer","2028. máj. 31.","","","https://cdn.agromedium.com/uploads/2019/04/67c9c5be0026299f6d49/thumbnail.png"
"1769693586-2544","https://www.agromedium.com/hu-hu/novenyvedo-szerek","","Tanaris","check_circle","333 g/l dimeténamid-P, 167 g/l quinmerak","2027. dec. 31.","gyomirtó szer","2027. dec. 31.","","","https://cdn.agromedium.com/uploads/2020/09/67c9c5c70014019edcec/thumbnail.jpg"
"1769693586-2545","https://www.agromedium.com/hu-hu/novenyvedo-szerek","","Tandus","check_circle","200 g/l fluroxipir, 290 g/l fluroxipir meptilészter","2028. febr. 15.","gyomirtó szer","2028. febr. 15.","","","https://cdn.agromedium.com/uploads/2019/12/67c9c5e00038baa08a17/thumbnail.jpg"
"1769693586-2546","https://www.agromedium.com/hu-hu/novenyvedo-szerek","","Tanos 50 DF","error","25 % cimoxanil, 25 % famoxadon","2022. márc. 16.","gombaölő szer","","2022. márc. 16.","","https://cdn.agromedium.com/uploads/2025/03/67e7a23d00318586422c/thumbnail.jpg"
"1769693586-2547","https://www.agromedium.com/hu-hu/novenyvedo-szerek","","","","","","","","","","https://cdn.agromedium.com/uploads/2026/01/697082e3000e0b656054/file.png"
"1769693586-2548","https://www.agromedium.com/hu-hu/novenyvedo-szerek","","Tarcza 060 FS","check_circle","60 g/l tebukonazol","2027. aug. 31.","gombaölő csávázószer","2027. aug. 31.","","","https://cdn.agromedium.com/uploads/2019/04/67c9c6f3002ce784082b/thumbnail.png"
"1769693586-2549","https://www.agromedium.com/hu-hu/novenyvedo-szerek","","Targa Max","check_circle","100 g/l kizalofop-P-etil","2027. szept. 30.","gyomirtó szer","2027. szept. 30.","","","https://cdn.agromedium.com/uploads/2024/03/67c9c5be001da30ef4a5/thumbnail.png"
"1769693586-2550","https://www.agromedium.com/hu-hu/novenyvedo-szerek","","Targa Super","check_circle","50 g/l quizalofop-P-etil","2026. dec. 31.","gyomirtó szer","2026. dec. 31.","","","https://cdn.agromedium.com/uploads/2024/03/67c9c5be001da30ef4a5/thumbnail.png"
"1769693586-2551","https://www.agromedium.com/hu-hu/novenyvedo-szerek","","Target 80 WDG","check_circle","800 g/kg kaptán","2026. máj. 1.","gombaölő szer","2026. máj. 1.","","","https://cdn.agromedium.com/uploads/2018/08/67c9c5bf000cfc1dad7b/thumbnail.jpg"
"1769693586-2552","https://www.agromedium.com/hu-hu/novenyvedo-szerek","","Tartaros Plus","check_circle","300 g/l protiokonazol","2026. márc. 31.","gombaölő szer","2026. márc. 31.","","","https://cdn.agromedium.com/uploads/2019/03/67c9c5c60007ec5337c9/thumbnail.png"
"1769693586-2553","https://www.agromedium.com/hu-hu/novenyvedo-szerek","","","","","","","","","","https://cdn.agromedium.com/uploads/2025/06/6847e89a00115b091f3c/file.png"
"1769693586-2554","https://www.agromedium.com/hu-hu/novenyvedo-szerek","","Tarzec","check_circle","7,8 g/l halauxifen-metil, 7,5 g/l kloquintocet-mexil","2026. aug. 5.","gyomirtó szer","2026. aug. 5.","","",""
"1769693586-2555","https://www.agromedium.com/hu-hu/novenyvedo-szerek","","Tazer 250 SC","check_circle","250 g/l azoxistrobin","2027. dec. 31.","gombaölő szer","2027. dec. 31.","","","https://cdn.agromedium.com/uploads/2019/12/67c9c5e00038baa08a17/thumbnail.jpg"
"1769693586-2556","https://www.agromedium.com/hu-hu/novenyvedo-szerek","","TBM 75 WG","check_circle","750 g/kg tribenuron-metil","2035. jan. 30.","gyomirtó szer","2035. jan. 30.","","","https://cdn.agromedium.com/uploads/2019/04/67c9c6f3002ce784082b/thumbnail.png"
"1769693586-2557","https://www.agromedium.com/hu-hu/novenyvedo-szerek","","Tebseme","check_circle","25 g/l tebukonazol","2027. máj. 1.","gombaölő csávázószer","2027. máj. 1.","","","https://cdn.agromedium.com/uploads/2019/04/67c9c6f3002ce784082b/thumbnail.png"
"1769693586-2558","https://www.agromedium.com/hu-hu/novenyvedo-szerek","","Tebu","check_circle","250 g/l tebukonazol","2027. aug. 31.","gombaölő szer","2027. aug. 31.","","","https://cdn.agromedium.com/uploads/2019/04/67c9c6f3002ce784082b/thumbnail.png"
"1769693586-2559","https://www.agromedium.com/hu-hu/novenyvedo-szerek","","","","","","","","","","https://cdn.agromedium.com/uploads/2026/01/697082e3000e0b656054/file.png"
"1769693586-2560","https://www.agromedium.com/hu-hu/novenyvedo-szerek","","Tebucon F 250 EW","error","250 g/l tebukonazol","2023. aug. 14.","gombaölő szer","","2023. aug. 14.","","https://cdn.agromedium.com/uploads/2019/04/67c9c5be0013b6f965bb/thumbnail.png"
"1769693586-2561","https://www.agromedium.com/hu-hu/novenyvedo-szerek","","Tebucor","check_circle","250 g/l tebukonazol","2027. aug. 31.","gombaölő szer","2027. aug. 31.","","","https://cdn.agromedium.com/uploads/2021/03/67c9c5c60001416ab5c4/thumbnail.jpg"
"1769693586-2562","https://www.agromedium.com/hu-hu/novenyvedo-szerek","","Tebuguard 250 EW","check_circle","250 g/l tebukonazol","2027. aug. 31.","gombaölő szer","2027. aug. 31.","","","https://cdn.agromedium.com/uploads/2021/03/67c9c5c60001416ab5c4/thumbnail.jpg"
"1769693586-2563","https://www.agromedium.com/hu-hu/novenyvedo-szerek","","Tebukat 500 SC","check_circle","500 g/l tebukonazol","2027. aug. 15.","gombaölő szer","2027. aug. 15.","","",""
"1769693586-2564","https://www.agromedium.com/hu-hu/novenyvedo-szerek","","Tebuki","check_circle","250 g/l tebukonazol","2027. aug. 31.","gombaölő szer","2027. aug. 31.","","","https://cdn.agromedium.com/uploads/2019/04/67c9c6f3002ce784082b/thumbnail.png"
"1769693586-2565","https://www.agromedium.com/hu-hu/novenyvedo-szerek","","","","","","","","","","https://cdn.agromedium.com/uploads/2025/11/690db9bd0030b9dd184f/file.png"
"1769693586-2566","https://www.agromedium.com/hu-hu/novenyvedo-szerek","","Tebusha 25 EW","check_circle","250 g/l tebukonazol","2027. aug. 31.","gombaölő szer","2027. aug. 31.","","","https://cdn.agromedium.com/uploads/2019/04/67c9c6f3002ce784082b/thumbnail.png"
"1769693586-2567","https://www.agromedium.com/hu-hu/novenyvedo-szerek","","Tebusip","check_circle","250 g/l tebukonazol","2029. febr. 28.","gombaölő permetezőszer","2029. febr. 28.","","","https://cdn.agromedium.com/uploads/2019/04/67c9c5be0026299f6d49/thumbnail.png"
"1769693586-2568","https://www.agromedium.com/hu-hu/novenyvedo-szerek","","Tebusul","check_circle","700 g/kg kén, 45 g/kg tebukonazol","2027. júl. 31.","gombaölő permetezőszer","2027. júl. 31.","","","https://cdn.agromedium.com/uploads/2019/12/67c9c5e00038baa08a17/thumbnail.jpg"
"1769693586-2569","https://www.agromedium.com/hu-hu/novenyvedo-szerek","","Teflix","check_circle","15 g/kg teflutrin","2026. nov. 30.","talajfertőtlenítő szer","2026. nov. 30.","","","https://cdn.agromedium.com/uploads/2025/03/67e7a23d00318586422c/thumbnail.jpg"
"1769693586-2570","https://www.agromedium.com/hu-hu/novenyvedo-szerek","","Tegoplant SPU","check_circle","255 g/l poliéter, 765 g/l poliéterrel módosított trisziloxán","2035. aug. 1.","permetezőszer segédanyag","2035. aug. 1.","","","https://cdn.agromedium.com/uploads/2023/03/67c9c5c50021e7685e21/thumbnail.jpg"
"1769693586-2571","https://www.agromedium.com/hu-hu/novenyvedo-szerek","","","","","","","","","","https://cdn.agromedium.com/uploads/2025/06/6847e89a00115b091f3c/file.png"
"1769693586-2572","https://www.agromedium.com/hu-hu/novenyvedo-szerek","","Tekphos","check_circle","560 g/kg aluminium-foszfid","2027. dec. 31.","rovarölő szer","2027. dec. 31.","","","https://cdn.agromedium.com/uploads/2019/10/67c9c7060001b943f042/thumbnail.jpg"
"1769693586-2573","https://www.agromedium.com/hu-hu/novenyvedo-szerek","","Teldor 500 SC","check_circle","500 g/l fenhexamid","2030. dec. 31.","gombaölő permetezőszer","2030. dec. 31.","","","https://cdn.agromedium.com/uploads/2019/09/67c9c6f400102ba14e1a/thumbnail.png"
"1769693586-2574","https://www.agromedium.com/hu-hu/novenyvedo-szerek","","Telescope","check_circle","100 g/l difenokonazol, 54 g/l metkonazol","2026. márc. 15.","gombaölő permetezőszer","2026. márc. 15.","","",""
"1769693586-2575","https://www.agromedium.com/hu-hu/novenyvedo-szerek","","Temax 500 SC","check_circle","500 g/l tebukonazol","2027. aug. 15.","gombaölő szer","2027. aug. 15.","","",""
"1769693586-2576","https://www.agromedium.com/hu-hu/novenyvedo-szerek","","Tempo","check_circle","22 g/l izoxadifen-etil, 44 g/l tembotrion","2027. dec. 31.","gyomirtó szer","2027. dec. 31.","","","https://cdn.agromedium.com/uploads/2018/08/67c9c5bf000cfc1dad7b/thumbnail.jpg"
"1769693586-2577","https://www.agromedium.com/hu-hu/novenyvedo-szerek","","","","","","","","","","https://cdn.agromedium.com/uploads/2026/01/697082e3000e0b656054/file.png"
"1769693586-2578","https://www.agromedium.com/hu-hu/novenyvedo-szerek","","Temporis EW","check_circle","15 g/l deltametrin","2027. okt. 31.","rovarölő szer","2027. okt. 31.","","",""
"1769693586-2579","https://www.agromedium.com/hu-hu/novenyvedo-szerek","","Temsa SC","check_circle","100 g/l mezotrion","2033. máj. 31.","gyomirtó szer","2033. máj. 31.","","","https://cdn.agromedium.com/uploads/2020/09/67c9c5c70014019edcec/thumbnail.jpg"
"1769693586-2580","https://www.agromedium.com/hu-hu/novenyvedo-szerek","","Tender","error","960 g/l S-metolaklór","2024. ápr. 23.","gyomirtó szer","","2024. ápr. 23.","","https://cdn.agromedium.com/uploads/2019/04/67c9c5c1001d85f5c905/thumbnail.png"
"1769693586-2581","https://www.agromedium.com/hu-hu/novenyvedo-szerek","","Teppeki","check_circle","500 g/kg flonikamid","2028. ápr. 30.","rovarölő szer","2028. ápr. 30.","","","https://cdn.agromedium.com/uploads/2023/01/67c9c5c70039285dc50f/thumbnail.png"
"1769693586-2582","https://www.agromedium.com/hu-hu/novenyvedo-szerek","","Teraguard","check_circle","360 g/l glifozát","2027. márc. 31.","gyomirtó szer","2027. márc. 31.","","","https://cdn.agromedium.com/uploads/2023/03/67c9c72800396ea3aa69/thumbnail.jpg"
"1769693586-2583","https://www.agromedium.com/hu-hu/novenyvedo-szerek","","","","","","","","","","https://cdn.agromedium.com/uploads/2025/11/690db9bd0030b9dd184f/file.png"
"1769693586-2584","https://www.agromedium.com/hu-hu/novenyvedo-szerek","","Terbyne Combi","check_circle","265 g/l dimeténamid-P, 300 g/l terbutilazin","2027. dec. 31.","gyomirtó szer","2027. dec. 31.","","","https://cdn.agromedium.com/uploads/2019/04/67c9c5be0026299f6d49/thumbnail.png"
"1769693586-2585","https://www.agromedium.com/hu-hu/novenyvedo-szerek","","Tercel","check_circle","120 g/kg ditianon, 40 g/kg piraklostrobin","2027. dec. 31.","gombaölő szer","2027. dec. 31.","","","https://cdn.agromedium.com/uploads/2020/09/67c9c5c70014019edcec/thumbnail.jpg"
"1769693586-2586","https://www.agromedium.com/hu-hu/novenyvedo-szerek","","Tercero","check_circle","104 g/kg floraszulam, 250 g/kg tribenuron-metil","2031. dec. 31.","gyomirtó szer","2031. dec. 31.","","","https://cdn.agromedium.com/uploads/2023/06/67c9c76b00277662b3eb/thumbnail.jpg"
"1769693586-2587","https://www.agromedium.com/hu-hu/novenyvedo-szerek","","Teridox 500 EC","check_circle","500 g/l dimetaklór","2027. dec. 31.","gyomirtó szer","2027. dec. 31.","","","https://cdn.agromedium.com/uploads/2019/03/67c9c5c60007ec5337c9/thumbnail.png"
"1769693586-2588","https://www.agromedium.com/hu-hu/novenyvedo-szerek","","Természetes rovarölő","check_circle","0,1 g/l piretrin, 10 g/l repceolaj","2027. márc. 31.","rovarölő szer","2027. márc. 31.","","",""
"1769693586-2589","https://www.agromedium.com/hu-hu/novenyvedo-szerek","","","","","","","","","","https://cdn.agromedium.com/uploads/2026/01/6969f7e8002c1baa38cf/file.png"
"1769693586-2590","https://www.agromedium.com/hu-hu/novenyvedo-szerek","","Termoli","check_circle","9,5 g/kg emamektin-benzoát","2027. okt. 4.","rovarölő szer","2027. okt. 4.","","","https://cdn.agromedium.com/uploads/2019/03/67c9c5c60007ec5337c9/thumbnail.png"
"1769693586-2591","https://www.agromedium.com/hu-hu/novenyvedo-szerek","","Tern","check_circle","750 g/l fenpropidin","2029. aug. 31.","gombaölő permetezőszer","2029. aug. 31.","","","https://cdn.agromedium.com/uploads/2019/03/67c9c5c60007ec5337c9/thumbnail.png"
"1769693586-2592","https://www.agromedium.com/hu-hu/novenyvedo-szerek","","Tervigo","error","20 g/l abamektin","2023. aug. 31.","talajfertőtlenítő szer","","2023. aug. 31.","","https://cdn.agromedium.com/uploads/2019/03/67c9c5c60007ec5337c9/thumbnail.png"
"1769693586-2593","https://www.agromedium.com/hu-hu/novenyvedo-szerek","","Teson","check_circle","250 g/l tebukonazol","2027. aug. 31.","gombaölő szer","2027. aug. 31.","","","https://cdn.agromedium.com/uploads/2023/01/67c9c5c70039285dc50f/thumbnail.png"
"1769693586-2594","https://www.agromedium.com/hu-hu/novenyvedo-szerek","","Tessior","check_circle","10 g/l boszkalid, 5 g/l piraklostrobin","2026. dec. 31.","gombaölő szer","2026. dec. 31.","","","https://cdn.agromedium.com/uploads/2020/09/67c9c5c70014019edcec/thumbnail.jpg"
"1769693586-2595","https://www.agromedium.com/hu-hu/novenyvedo-szerek","","","","","","","","","","https://cdn.agromedium.com/uploads/2026/01/697082e3000e0b656054/file.png"
"1769693586-2596","https://www.agromedium.com/hu-hu/novenyvedo-szerek","","Texio","check_circle","500 g/l fenhexamid","2030. dec. 31.","gombaölő permetezőszer","2030. dec. 31.","","","https://cdn.agromedium.com/uploads/2019/04/67c9c5be0026299f6d49/thumbnail.png"
"1769693586-2597","https://www.agromedium.com/hu-hu/novenyvedo-szerek","","Thiopron","check_circle","825 g/l kén","2027. jan. 1.","gombaölő szer","2027. jan. 1.","","","https://cdn.agromedium.com/uploads/2024/03/67c9c5be001da30ef4a5/thumbnail.png"
"1769693586-2598","https://www.agromedium.com/hu-hu/novenyvedo-szerek","","Thiovit Jet","check_circle","800 g/kg kén","2026. dec. 31.","gombaölő szer","2026. dec. 31.","","","https://cdn.agromedium.com/uploads/2019/03/67c9c5c60007ec5337c9/thumbnail.png"
"1769693586-2599","https://www.agromedium.com/hu-hu/novenyvedo-szerek","","Tiger 100 EC","check_circle","100 g/l kizalofop-P-etil","2027. dec. 31.","gyomirtó szer","2027. dec. 31.","","","https://cdn.agromedium.com/uploads/2021/03/67c9c5c60001416ab5c4/thumbnail.jpg"
"1769693586-2600","https://www.agromedium.com/hu-hu/novenyvedo-szerek","","Tilmor","check_circle","80 g/l protiokonazol, 160 g/l tebukonazol","2027. aug. 31.","gombaölő szer","2027. aug. 31.","","","https://cdn.agromedium.com/uploads/2019/09/67c9c6f400102ba14e1a/thumbnail.png"
"1769693586-2601","https://www.agromedium.com/hu-hu/novenyvedo-szerek","","","","","","","","","","https://cdn.agromedium.com/uploads/2025/11/690db9bd0030b9dd184f/file.png"
"1769693586-2602","https://www.agromedium.com/hu-hu/novenyvedo-szerek","","Timpani","error","250 g/l klórtalonil, 90 g/l tebukonazol","2018. okt. 31.","gombaölő permetezőszer","","2018. okt. 31.","","https://cdn.agromedium.com/uploads/2019/12/67c9c5e00038baa08a17/thumbnail.jpg"
"1769693586-2603","https://www.agromedium.com/hu-hu/novenyvedo-szerek","","Tipo","error","94 % zsírsav-metilészter","2024. júl. 21.","permetezőszer segédanyag","","2024. júl. 21.","","https://cdn.agromedium.com/uploads/2023/01/67c9c5c70039285dc50f/thumbnail.png"
"1769693586-2604","https://www.agromedium.com/hu-hu/novenyvedo-szerek","","Titus 25 DF","check_circle","25 % rimszulfuron","2027. dec. 31.","gyomirtó szer","2027. dec. 31.","","","https://cdn.agromedium.com/uploads/2025/03/67e7a23d00318586422c/thumbnail.jpg"
"1769693586-2605","https://www.agromedium.com/hu-hu/novenyvedo-szerek","","Titus Plus DF","error","60 % dikamba, 3 % rimszulfuron","2022. nov. 19.","gyomirtó szer","","2022. nov. 19.","","https://cdn.agromedium.com/uploads/2019/04/67c9c708000bf84b5b8f/thumbnail.png"
"1769693586-2606","https://www.agromedium.com/hu-hu/novenyvedo-szerek","","TMA kártya","check_circle","36 w/w% ammónium-acetát, 13 w/w% Trimetilammónium-klorid","2031. dec. 31.","csalogató és rovarfogó csapda","2031. dec. 31.","","","https://cdn.agromedium.com/uploads/2019/09/67c9c5cf002c6dbae44c/thumbnail.png"
"1769693586-2607","https://www.agromedium.com/hu-hu/novenyvedo-szerek","","","","","","","","","","https://cdn.agromedium.com/uploads/2026/01/6969f7e8002c1baa38cf/file.png"
"1769693586-2608","https://www.agromedium.com/hu-hu/novenyvedo-szerek","","Toil","check_circle","44 g/l kókuszzsírsav-dietanolamid, 840 g/l metilezett repceolaj","2030. ápr. 30.","permetezőszer segédanyag","2030. ápr. 30.","","counter_1","https://cdn.agromedium.com/uploads/2023/03/67c9c5e0003c40ead470/thumbnail.png"
"1769693586-2609","https://www.agromedium.com/hu-hu/novenyvedo-szerek","","Toledo","check_circle","430 g/l tebukonazol","2027. aug. 31.","gombaölő szer","2027. aug. 31.","","","https://cdn.agromedium.com/uploads/2023/03/67c9c5e0003c40ead470/thumbnail.png"
"1769693586-2610","https://www.agromedium.com/hu-hu/novenyvedo-szerek","","Tolurex 50 SC","check_circle","500 g/l klórtoluron","2027. febr. 28.","gyomirtó szer","2027. febr. 28.","","",""
"1769693586-2611","https://www.agromedium.com/hu-hu/novenyvedo-szerek","","Tomigan 200 EC","check_circle","200 g/l fluroxipir","2027. dec. 31.","gyomirtó szer","2027. dec. 31.","","","https://cdn.agromedium.com/uploads/2019/04/67c9c5c1001d85f5c905/thumbnail.png"
"1769693586-2612","https://www.agromedium.com/hu-hu/novenyvedo-szerek","","Tomigan 250 EC","","360 g/l fluroxipir-meptil","Alapengedély","","","","","https://cdn.agromedium.com/uploads/2019/04/67c9c5c1001d85f5c905/thumbnail.png"
"1769693586-2613","https://www.agromedium.com/hu-hu/novenyvedo-szerek","","","","","","","","","","https://cdn.agromedium.com/uploads/2025/06/6847e89a00115b091f3c/file.png"
"1769693586-2614","https://www.agromedium.com/hu-hu/novenyvedo-szerek","","Tomigan XL","check_circle","2,5 g/l floraszulam, 100 g/l fluroxipir","2027. dec. 31.","gyomirtó szer","2027. dec. 31.","","","https://cdn.agromedium.com/uploads/2019/04/67c9c5c1001d85f5c905/thumbnail.png"
"1769693586-2615","https://www.agromedium.com/hu-hu/novenyvedo-szerek","","Tonale","check_circle","40 g/l klomazon, 375 g/l terbutilazin, 75 g/l mezotrion","2027. szept. 30.","gyomirtó szer","2027. szept. 30.","","",""
"1769693586-2616","https://www.agromedium.com/hu-hu/novenyvedo-szerek","","Topas 100 EC","check_circle","100 g/l penkonazol","2028. máj. 31.","gombaölő szer","2028. máj. 31.","","","https://cdn.agromedium.com/uploads/2019/03/67c9c5c60007ec5337c9/thumbnail.png"
"1769693586-2617","https://www.agromedium.com/hu-hu/novenyvedo-szerek","","Topaze","check_circle","100 g/l penkonazol","2028. máj. 31.","gombaölő szer","2028. máj. 31.","","","https://cdn.agromedium.com/uploads/2023/06/67c9c76b00277662b3eb/thumbnail.jpg"
"1769693586-2618","https://www.agromedium.com/hu-hu/novenyvedo-szerek","","Toprex","check_circle","250 g/l difenokonazol, 125 g/l paklobutrazol","2029. máj. 31.","gombaölő szer","2029. máj. 31.","","","https://cdn.agromedium.com/uploads/2019/03/67c9c5c60007ec5337c9/thumbnail.png"
"1769693586-2619","https://www.agromedium.com/hu-hu/novenyvedo-szerek","","","","","","","","","","https://cdn.agromedium.com/uploads/2025/11/690db9bd0030b9dd184f/file.png"
"1769693586-2620","https://www.agromedium.com/hu-hu/novenyvedo-szerek","","Toraya 50 SG","check_circle","500 g/kg tribenuron-metil","2026. márc. 31.","gyomirtó szer","2026. márc. 31.","","",""
"1769693586-2621","https://www.agromedium.com/hu-hu/novenyvedo-szerek","","Tornado","check_circle","700 g/l metamitron","2028. aug. 31.","gyomirtó szer","2028. aug. 31.","","","https://cdn.agromedium.com/uploads/2019/04/67c9c5c1001d85f5c905/thumbnail.png"
"1769693586-2622","https://www.agromedium.com/hu-hu/novenyvedo-szerek","","Toscana","error","750 g/kg tribenuron-metil","2023. szept. 30.","gyomirtó szer","","2023. szept. 30.","",""
"1769693586-2623","https://www.agromedium.com/hu-hu/novenyvedo-szerek","","Total","check_circle","360 g/l glifozát","2028. dec. 31.","gyomirtó szer","2028. dec. 31.","","","https://cdn.agromedium.com/uploads/2019/11/67c9c704002414f8c4a9/thumbnail.png"
"1769693586-2624","https://www.agromedium.com/hu-hu/novenyvedo-szerek","","Total Agro","error","360 g/l glifozát","2021. szept. 30.","gyomirtó szer","","2021. szept. 30.","","https://cdn.agromedium.com/uploads/2019/11/67c9c704002414f8c4a9/thumbnail.png"
"1769693586-2625","https://www.agromedium.com/hu-hu/novenyvedo-szerek","","","","","","","","","","https://cdn.agromedium.com/uploads/2026/01/697082e3000e0b656054/file.png"
"1769693586-2626","https://www.agromedium.com/hu-hu/novenyvedo-szerek","","Total Max","error","360 g/l glifozát","2021. szept. 30.","gyomirtó szer","","2021. szept. 30.","","https://cdn.agromedium.com/uploads/2019/11/67c9c704002414f8c4a9/thumbnail.png"
"1769693586-2627","https://www.agromedium.com/hu-hu/novenyvedo-szerek","","Total Spray","check_circle","7,2 g/l glifozát","2026. nov. 30.","gyomirtó szer","2026. nov. 30.","","","https://cdn.agromedium.com/uploads/2019/11/67c9c704002414f8c4a9/thumbnail.png"
"1769693586-2628","https://www.agromedium.com/hu-hu/novenyvedo-szerek","","Trailer","check_circle","750 g/kg tribenuron-metil","2035. jan. 30.","gyomirtó szer","2035. jan. 30.","","","https://cdn.agromedium.com/uploads/2018/08/67c9c5bf000cfc1dad7b/thumbnail.jpg"
"1769693586-2629","https://www.agromedium.com/hu-hu/novenyvedo-szerek","","Transform 500 WG","error","500 g/kg szulfoxaflór","2022. dec. 19.","rovarölő szer","","2022. dec. 19.","","https://cdn.agromedium.com/uploads/2025/03/67e7a23d00318586422c/thumbnail.jpg"
"1769693586-2630","https://www.agromedium.com/hu-hu/novenyvedo-szerek","","Traton 33 SX","check_circle","111 g/kg metszulfuron-metil, 222 g/kg tribenuron-metil","2027. jún. 30.","gyomirtó szer","2027. jún. 30.","","","https://cdn.agromedium.com/uploads/2019/04/67c9c5be0013b6f965bb/thumbnail.png"
"1769693586-2631","https://www.agromedium.com/hu-hu/novenyvedo-szerek","","","","","","","","","","https://cdn.agromedium.com/uploads/2026/01/697082e3000e0b656054/file.png"
"1769693586-2632","https://www.agromedium.com/hu-hu/novenyvedo-szerek","","Trebon 30 EC","error","30 % etofenprox","2022. dec. 31.","rovarölő szer","","2022. dec. 31.","","https://cdn.agromedium.com/uploads/2023/01/67c9c5c70039285dc50f/thumbnail.png"
"1769693586-2633","https://www.agromedium.com/hu-hu/novenyvedo-szerek","","Trebon OSR","check_circle","287,5 g/l etofenprox","2027. dec. 31.","rovarölő szer","2027. dec. 31.","","","https://cdn.agromedium.com/uploads/2023/01/67c9c5c70039285dc50f/thumbnail.png"
"1769693586-2634","https://www.agromedium.com/hu-hu/novenyvedo-szerek","","Treff 80 WG","check_circle","800 g/kg kén","2027. júl. 31.","gombaölő permetezőszer","2027. júl. 31.","","",""
"1769693586-2635","https://www.agromedium.com/hu-hu/novenyvedo-szerek","","Trek P","error","64 g/l pendimetalin, 270 g/l terbutilazin","2019. júl. 31.","gyomirtó szer","","2019. júl. 31.","","https://cdn.agromedium.com/uploads/2019/12/67c9c5e00038baa08a17/thumbnail.jpg"
"1769693586-2636","https://www.agromedium.com/hu-hu/novenyvedo-szerek","","Trekka","check_circle","90 % etoxilált alkoholok","2032. febr. 28.","hatásfokozó segédanyag","2032. febr. 28.","","","https://cdn.agromedium.com/uploads/2019/09/67c9c6f70009b6d8d321/thumbnail.jpg"
"1769693586-2637","https://www.agromedium.com/hu-hu/novenyvedo-szerek","","","","","","","","","","https://cdn.agromedium.com/uploads/2025/11/690db9bd0030b9dd184f/file.png"
"1769693586-2638","https://www.agromedium.com/hu-hu/novenyvedo-szerek","","Trend 90","check_circle","90 m/m% etoxilált izodecil alkohol","2034. júl. 31.","permetezőszer segédanyag","2034. júl. 31.","","","https://cdn.agromedium.com/uploads/2019/04/67c9c5be0013b6f965bb/thumbnail.png"
"1769693586-2639","https://www.agromedium.com/hu-hu/novenyvedo-szerek","","Trepach","check_circle","50 g/l kizalofop-P-etil","2029. jan. 31.","gyomirtó szer","2029. jan. 31.","","","https://cdn.agromedium.com/uploads/2022/12/67c9c6f4001560c3ef62/thumbnail.jpg"
"1769693586-2640","https://www.agromedium.com/hu-hu/novenyvedo-szerek","","Trezor 535 SC","error","160 g/l ciprokonazol, 375 g/l trifloxistrobin","2021. máj. 31.","gombaölő szer","","2021. máj. 31.","","https://cdn.agromedium.com/uploads/2019/09/67c9c6f400102ba14e1a/thumbnail.png"
"1769693586-2641","https://www.agromedium.com/hu-hu/novenyvedo-szerek","","Trianum G","check_circle","1,5x10^8 CFU/g Trichoderma harzianum (T22 törzs)","2027. júl. 31.","gombaölő szer","2027. júl. 31.","","",""
"1769693586-2642","https://www.agromedium.com/hu-hu/novenyvedo-szerek","","Trianum P","check_circle","1x10^9 CFU/g Trichoderma harzianum T22 törzs","2028. ápr. 30.","biológiai gombaölő szer","2028. ápr. 30.","","","https://cdn.agromedium.com/uploads/2019/11/67c9c7180033192a84dd/thumbnail.png"
"1769693586-2643","https://www.agromedium.com/hu-hu/novenyvedo-szerek","","","","","","","","","","https://cdn.agromedium.com/uploads/2026/01/697082e3000e0b656054/file.png"
"1769693586-2644","https://www.agromedium.com/hu-hu/novenyvedo-szerek","","Triathlon","check_circle","0,015 g/l abamektin, 0,2 g/l piretrin","2028. dec. 31.","rovarölő szer","2028. dec. 31.","","",""
"1769693586-2645","https://www.agromedium.com/hu-hu/novenyvedo-szerek","","Triben Super 50 SG","check_circle","500 g/kg tribenuron-metil","2026. márc. 31.","gyomirtó szer","2026. márc. 31.","","",""
"1769693586-2646","https://www.agromedium.com/hu-hu/novenyvedo-szerek","","Tribenex 50 SG","check_circle","500 g/kg tribenuron-metil","2026. márc. 31.","gyomirtó szer","2026. márc. 31.","","","https://cdn.agromedium.com/uploads/2020/04/67c9c5c5003bb7c20c20/thumbnail.png"
"1769693586-2647","https://www.agromedium.com/hu-hu/novenyvedo-szerek","","Tribun 75 WG","check_circle","750 g/kg tribenuron-metil","2035. jan. 30.","gyomirtó szer","2035. jan. 30.","","","https://cdn.agromedium.com/uploads/2020/11/67c9c6f9001413c8202c/thumbnail.png"
"1769693586-2648","https://www.agromedium.com/hu-hu/novenyvedo-szerek","","TrichoLet","check_circle","30000-35000 egyed/g Trichogramma evanescens fürkészdarázs","2030. jún. 30.","biológiai készítmény","2030. jún. 30.","","","https://cdn.agromedium.com/uploads/2019/09/67c9c5cf002c6dbae44c/thumbnail.png"
"1769693586-2649","https://www.agromedium.com/hu-hu/novenyvedo-szerek","","","","","","","","","","https://cdn.agromedium.com/uploads/2026/01/6969f7e8002c1baa38cf/file.png"
"1769693586-2650","https://www.agromedium.com/hu-hu/novenyvedo-szerek","","Trichoplus fürkészdarázs","check_circle","20 % Trichogramma evanescens fürkészdarázs, 80 % Trichogramma pintoi fürkészdarázs","2034. ápr. 30.","makroszervezet","2034. ápr. 30.","","","https://cdn.agromedium.com/uploads/2019/09/67c9c5cf002c6dbae44c/thumbnail.png"
"1769693586-2651","https://www.agromedium.com/hu-hu/novenyvedo-szerek","","Trichosafe fürkészdarázs","check_circle","Trichogramma brassicae fürkészdarázs","2026. febr. 28.","makroszervezet","2026. febr. 28.","","","https://cdn.agromedium.com/uploads/2023/03/67c9c5c50021e7685e21/thumbnail.jpg"
"1769693586-2652","https://www.agromedium.com/hu-hu/novenyvedo-szerek","","Tridex 750","error","750 g/kg mankoceb","2021. júl. 4.","gombaölő szer","","2021. júl. 4.","","https://cdn.agromedium.com/uploads/2024/03/67c9c5be001da30ef4a5/thumbnail.png"
"1769693586-2653","https://www.agromedium.com/hu-hu/novenyvedo-szerek","","Tridus","check_circle","250 g/l trinexapak-etil","2039. ápr. 30.","növekedésszabályzó szer","2039. ápr. 30.","","","https://cdn.agromedium.com/uploads/2023/01/67c9c5c70039285dc50f/thumbnail.png"
"1769693586-2654","https://www.agromedium.com/hu-hu/novenyvedo-szerek","","Trika Expert","check_circle","4 g/kg lambda-cihalotrin","2027. szept. 10.","rovarölő szer","2027. szept. 10.","","","https://cdn.agromedium.com/uploads/2023/03/67c9c5e0003c40ead470/thumbnail.png"
"1769693586-2655","https://www.agromedium.com/hu-hu/novenyvedo-szerek","","","","","","","","","","https://cdn.agromedium.com/uploads/2025/06/6847e89a00115b091f3c/file.png"
"1769693586-2656","https://www.agromedium.com/hu-hu/novenyvedo-szerek","","Trimanoc DG","error","750 g/kg mankoceb","2021. júl. 4.","gombaölő szer","","2021. júl. 4.","","https://cdn.agromedium.com/uploads/2025/03/67e7a23d00318586422c/thumbnail.jpg"
"1769693586-2657","https://www.agromedium.com/hu-hu/novenyvedo-szerek","","Trimax 50 SG","error","500 g/kg tribenuron-metil","2021. márc. 31.","gyomirtó szer","","2021. márc. 31.","","https://cdn.agromedium.com/uploads/2020/04/67c9c6f4002d68edb2b0/thumbnail.png"
"1769693586-2658","https://www.agromedium.com/hu-hu/novenyvedo-szerek","","Trimeo","check_circle","750 g/kg tribenuron-metil","2035. jan. 30.","gyomirtó szer","2035. jan. 30.","","","https://cdn.agromedium.com/uploads/2023/01/67c9c5c70039285dc50f/thumbnail.png"
"1769693586-2659","https://www.agromedium.com/hu-hu/novenyvedo-szerek","","Trimmer 50 SX","check_circle","500 g/kg tribenuron-metil","2029. febr. 28.","gyomirtó szer (SG)","2029. febr. 28.","","","https://cdn.agromedium.com/uploads/2019/04/67c9c5c1001d85f5c905/thumbnail.png"
"1769693586-2660","https://www.agromedium.com/hu-hu/novenyvedo-szerek","","Trimmer 50 WG","check_circle","500 g/kg tribenuron-metil","2027. okt. 31.","gyomirtó szer","2027. okt. 31.","","","https://cdn.agromedium.com/uploads/2019/04/67c9c5c1001d85f5c905/thumbnail.png"
"1769693586-2661","https://www.agromedium.com/hu-hu/novenyvedo-szerek","","","","","","","","","","https://cdn.agromedium.com/uploads/2025/11/690db9bd0030b9dd184f/file.png"
"1769693586-2662","https://www.agromedium.com/hu-hu/novenyvedo-szerek","","Trimmer Max","check_circle","111 g/kg metszulfuron-metil, 222 g/kg tribenuron-metil","2027. jún. 30.","gyomirtó szer","2027. jún. 30.","","","https://cdn.agromedium.com/uploads/2019/04/67c9c5c1001d85f5c905/thumbnail.png"
"1769693586-2663","https://www.agromedium.com/hu-hu/novenyvedo-szerek","","Trimmer Trio","check_circle","222 g/kg tribenuron-metil, 111 g/kg metszulfuron-metil, 360 g/l fluroxipir-meptil","2027. aug. 31.","gyomirtó szer","2027. aug. 31.","","","https://cdn.agromedium.com/uploads/2019/04/67c9c5c1001d85f5c905/thumbnail.png"
"1769693586-2664","https://www.agromedium.com/hu-hu/novenyvedo-szerek","","Trineki","check_circle","250 g/l trinexapak-etil","2039. ápr. 30.","növekedésszabályzó szer","2039. ápr. 30.","","","https://cdn.agromedium.com/uploads/2019/04/67c9c6f3002ce784082b/thumbnail.png"
"1769693586-2665","https://www.agromedium.com/hu-hu/novenyvedo-szerek","","Trinity","check_circle","40 g/l diflufenikán, 250 g/l klórtoluron, 300 g/l pendimetalin","2027. jan. 15.","gyomirtó szer","2027. jan. 15.","","","https://cdn.agromedium.com/uploads/2019/04/67c9c5c1001d85f5c905/thumbnail.png"
"1769693586-2666","https://www.agromedium.com/hu-hu/novenyvedo-szerek","","Tripali","check_circle","105 g/kg floraszulam, 82,8 g/kg metszulfuron-metil, 83 g/kg tribenuron-metil","2026. máj. 31.","gyomirtó szer","2026. máj. 31.","","","https://cdn.agromedium.com/uploads/2019/04/67c9c5be0013b6f965bb/thumbnail.png"
"1769693586-2667","https://www.agromedium.com/hu-hu/novenyvedo-szerek","","","","","","","","","","https://cdn.agromedium.com/uploads/2026/01/6969f7e8002c1baa38cf/file.png"
"1769693586-2668","https://www.agromedium.com/hu-hu/novenyvedo-szerek","","Tritox csigariasztó granulátum","check_circle","10 g/kg vas-foszfát","2031. dec. 31.","csigaölő szer","2031. dec. 31.","","",""
"1769693586-2669","https://www.agromedium.com/hu-hu/novenyvedo-szerek","","Tropotox","check_circle","438 g/l MCPB Na","2029. okt. 31.","gyomirtó szer","2029. okt. 31.","","","https://cdn.agromedium.com/uploads/2019/12/67c9c5e00038baa08a17/thumbnail.jpg"
"1769693586-2670","https://www.agromedium.com/hu-hu/novenyvedo-szerek","","Tropotox XT","check_circle","400 g/l MCPB","2027. aug. 31.","gyomirtó szer","2027. aug. 31.","","","https://cdn.agromedium.com/uploads/2019/12/67c9c5e00038baa08a17/thumbnail.jpg"
"1769693586-2671","https://www.agromedium.com/hu-hu/novenyvedo-szerek","","Tropping 700 WG","check_circle","165 g/kg floraszulam, 135 g/kg metszulfuron-metil, 400 g/kg tribenuron-metil","2027. márc. 31.","gyomirtó szer","2027. márc. 31.","","","https://cdn.agromedium.com/uploads/2018/08/67c9c5bf000cfc1dad7b/thumbnail.jpg"
"1769693586-2672","https://www.agromedium.com/hu-hu/novenyvedo-szerek","","Troy 480","error","480 g/l bentazon","2019. jún. 30.","gyomirtó szer","","2019. jún. 30.","","https://cdn.agromedium.com/uploads/2020/04/67c9c5c5003bb7c20c20/thumbnail.png"
"1769693586-2673","https://www.agromedium.com/hu-hu/novenyvedo-szerek","","","","","","","","","","https://cdn.agromedium.com/uploads/2025/06/6847e89a00115b091f3c/file.png"
"1769693586-2674","https://www.agromedium.com/hu-hu/novenyvedo-szerek","","TRS2","check_circle","592 g/l zsírsav-etil-észter napraforgóolajból","2030. nov. 30.","permetezőszer segédanyag","2030. nov. 30.","","",""
"1769693586-2675","https://www.agromedium.com/hu-hu/novenyvedo-szerek","","Trunfo","check_circle","250 g/l azoxistrobin","2028. máj. 31.","gombaölő szer","2028. máj. 31.","","",""
"1769693586-2676","https://www.agromedium.com/hu-hu/novenyvedo-szerek","","Trustee Hi-Aktiv","check_circle","490 g/l glifozát","2028. dec. 31.","gyomirtó szer","2028. dec. 31.","","","https://cdn.agromedium.com/uploads/2023/03/67c9c5e0003c40ead470/thumbnail.png"
"1769693586-2677","https://www.agromedium.com/hu-hu/novenyvedo-szerek","","Tubosan","check_circle","250 g/l tebukonazol","2027. dec. 31.","gombaölő szer","2027. dec. 31.","","","https://cdn.agromedium.com/uploads/2019/09/67c9c6f400102ba14e1a/thumbnail.png"
"1769693586-2678","https://www.agromedium.com/hu-hu/novenyvedo-szerek","","Tudor 114 OD","check_circle","10 g/l floraszulam, 80 g/l nikoszulfuron, 24 g/l tifenszulfuron-metil","2028. márc. 31.","gyomirtó szer","2028. márc. 31.","","",""
"1769693586-2679","https://www.agromedium.com/hu-hu/novenyvedo-szerek","","","","","","","","","","https://cdn.agromedium.com/uploads/2026/01/697082e3000e0b656054/file.png"
"1769693586-2680","https://www.agromedium.com/hu-hu/novenyvedo-szerek","","Turbo","check_circle","992 g/kg ammónium szulfát","2031. febr. 28.","permetezőszer segédanyag","2031. febr. 28.","","","https://cdn.agromedium.com/uploads/2020/09/67c9c5c70014019edcec/thumbnail.jpg"
"1769693586-2681","https://www.agromedium.com/hu-hu/novenyvedo-szerek","","TurboDisque","check_circle","25 g/kg vas-foszfát","2031. dec. 31.","csigaölő szer","2031. dec. 31.","","","https://cdn.agromedium.com/uploads/2020/11/67c9c6f9001413c8202c/thumbnail.png"
"1769693586-2682","https://www.agromedium.com/hu-hu/novenyvedo-szerek","","TurboPads","check_circle","25 g/kg vas-foszfát","2031. dec. 31.","csigaölő szer","2031. dec. 31.","","","https://cdn.agromedium.com/uploads/2020/11/67c9c6f9001413c8202c/thumbnail.png"
"1769693586-2683","https://www.agromedium.com/hu-hu/novenyvedo-szerek","","Turex WG","check_circle","500 g/kg Bacillus thuringiensis (var. aizawai)","2027. jún. 1.","rovarölő szer","2027. jún. 1.","","",""
"1769693586-2684","https://www.agromedium.com/hu-hu/novenyvedo-szerek","","Turret 60","check_circle","60 g metkonazol","2029. ápr. 30.","gombaölő permetezőszer","2029. ápr. 30.","","","https://cdn.agromedium.com/uploads/2024/03/67c9c5be001da30ef4a5/thumbnail.png"
"1769693586-2685","https://www.agromedium.com/hu-hu/novenyvedo-szerek","","","","","","","","","","https://cdn.agromedium.com/uploads/2025/11/690db9bd0030b9dd184f/file.png"
"1769693586-2686","https://www.agromedium.com/hu-hu/novenyvedo-szerek","","Tusk","check_circle","500 g/kg diflufenikán","2028. nov. 30.","gyomirtó szer","2028. nov. 30.","","",""
"1769693586-2687","https://www.agromedium.com/hu-hu/novenyvedo-szerek","","Tuta Pro Press","check_circle","feromon ((E,Z,Z)-3,8,11-tetradekatrién-1-il acetát), feromon ((E,Z)-3,8-tetradekadién-1-il acetát)","2027. okt. 31.","feromon légtértelítési eszköz","2027. okt. 31.","","",""
"1769693586-2688","https://www.agromedium.com/hu-hu/novenyvedo-szerek","","Typhlodromus pyri","check_circle","30 kifejlett egyed/csík Typhlodromus pyri","2029. dec. 31.","makroszervezet","2029. dec. 31.","","","https://cdn.agromedium.com/uploads/2019/09/67c9c5cf002c6dbae44c/thumbnail.png"
"1769693586-2689","https://www.agromedium.com/hu-hu/novenyvedo-szerek","","U 46 D Fluid SL","error","500 g/l 2,4-D","2017. jún. 30.","gyomirtó szer","","2017. jún. 30.","","https://cdn.agromedium.com/uploads/2019/04/67c9c5be0026299f6d49/thumbnail.png"
"1769693586-2690","https://www.agromedium.com/hu-hu/novenyvedo-szerek","","U 46 D Plusz","check_circle","600 g/l 2,4-D","2031. dec. 31.","gyomirtó szer","2031. dec. 31.","","counter_1","https://cdn.agromedium.com/uploads/2019/04/67c9c5be0026299f6d49/thumbnail.png"
"1769693586-2691","https://www.agromedium.com/hu-hu/novenyvedo-szerek","","","","","","","","","","https://cdn.agromedium.com/uploads/2025/11/690db9bd0030b9dd184f/file.png"
"1769693586-2692","https://www.agromedium.com/hu-hu/novenyvedo-szerek","","U 46 M Plus 750 SL","check_circle","750 g/l MCPA","2027. aug. 15.","gyomirtó szer","2027. aug. 15.","","","https://cdn.agromedium.com/uploads/2019/04/67c9c5be0026299f6d49/thumbnail.png"
"1769693586-2693","https://www.agromedium.com/hu-hu/novenyvedo-szerek","","Ultegra","check_circle","50 g/l floraszulam","2031. dec. 31.","gyomirtó szer","2031. dec. 31.","","",""
"1769693586-2694","https://www.agromedium.com/hu-hu/novenyvedo-szerek","","Ultimo","error","300 g/l prokloráz, 200 g/l tebukonazol","2021. dec. 31.","gombaölő szer","","2021. dec. 31.","","https://cdn.agromedium.com/uploads/2021/03/67c9c5c60001416ab5c4/thumbnail.jpg"
"1769693586-2695","https://www.agromedium.com/hu-hu/novenyvedo-szerek","","Ultra","check_circle","565,5 g/l pelargonsav","2027. dec. 1.","gyomirtó szer","2027. dec. 1.","","",""
"1769693586-2696","https://www.agromedium.com/hu-hu/novenyvedo-szerek","","Unicorn DF","check_circle","700 g/kg kén, 45 g/kg tebukonazol","2027. júl. 31.","gombaölő permetezőszer","2027. júl. 31.","","","https://cdn.agromedium.com/uploads/2019/12/67c9c5e00038baa08a17/thumbnail.jpg"
"1769693586-2697","https://www.agromedium.com/hu-hu/novenyvedo-szerek","","","","","","","","","","https://cdn.agromedium.com/uploads/2026/01/697082e3000e0b656054/file.png"
"1769693586-2698","https://www.agromedium.com/hu-hu/novenyvedo-szerek","","Universalis","check_circle","250 g/l azoxistrobin","2027. jan. 31.","gombaölő szer","2027. jan. 31.","","","https://cdn.agromedium.com/uploads/2019/03/67c9c5c60007ec5337c9/thumbnail.png"
"1769693586-2699","https://www.agromedium.com/hu-hu/novenyvedo-szerek","","UPL - Aceptorro Extra csomag","package_2","20 ha/csomag: káposztarepce","4x1 l Aceptorro 200 SE","1 l Cyperkill Max","","","","https://cdn.agromedium.com/uploads/2024/03/67c9c5be001da30ef4a5/thumbnail.png"
"1769693586-2700","https://www.agromedium.com/hu-hu/novenyvedo-szerek","","UPL - Aceptorro Max csomag","package_2","20 ha/csomag: káposztarepce","4x1 l Aceptorro 200 SE","","","","","https://cdn.agromedium.com/uploads/2024/03/67c9c5be001da30ef4a5/thumbnail.png"
"1769693586-2701","https://www.agromedium.com/hu-hu/novenyvedo-szerek","","UPL - Alma Start","package_2","6 ha/csomag: alma","8x20 l Catane","","","","","https://cdn.agromedium.com/uploads/2024/03/67c9c5be001da30ef4a5/thumbnail.png"
"1769693586-2702","https://www.agromedium.com/hu-hu/novenyvedo-szerek","","UPL - Atonik + Borotek csomag","package_2","100 ha/csomag: cukorrépa, dohány, káposztarepce, kukorica, napraforgó","3x20 l Atonik","","","","","https://cdn.agromedium.com/uploads/2024/03/67c9c5be001da30ef4a5/thumbnail.png"
"1769693586-2703","https://www.agromedium.com/hu-hu/novenyvedo-szerek","","","","","","","","","","https://cdn.agromedium.com/uploads/2025/11/690db9bd0030b9dd184f/file.png"
"1769693586-2704","https://www.agromedium.com/hu-hu/novenyvedo-szerek","","UPL - BuXa csomag","package_2","5 ha/csomag: búza","1 L Deltaphar 25 EC","0,5 kg Xanadu WG","","","","https://cdn.agromedium.com/uploads/2024/03/67c9c5be001da30ef4a5/thumbnail.png"
"1769693586-2705","https://www.agromedium.com/hu-hu/novenyvedo-szerek","","UPL - Elastiq Ultra - Silwet","package_2","20 ha/csomag: káposztarepce","4x5 l Elastiq Ultra","","","","","https://cdn.agromedium.com/uploads/2024/03/67c9c5be001da30ef4a5/thumbnail.png"
"1769693586-2706","https://www.agromedium.com/hu-hu/novenyvedo-szerek","","UPL - Kaltor csomag","package_2","10 ha/csomag: kukorica","2x5 l Daneva","1 l Silwet Star","","","","https://cdn.agromedium.com/uploads/2024/03/67c9c5be001da30ef4a5/thumbnail.png"
"1769693586-2707","https://www.agromedium.com/hu-hu/novenyvedo-szerek","","UPL - MulAto csomag","package_2","30 ha/csomag: cukorrépa, káposztarepce, kukorica, napraforgó, szántóföldi kultúrák","20 l Atonik","","","","","https://cdn.agromedium.com/uploads/2024/03/67c9c5be001da30ef4a5/thumbnail.png"
"1769693586-2708","https://www.agromedium.com/hu-hu/novenyvedo-szerek","","UPL - Nautius csomag","package_2","10 ha/csomag: szántóföldi kultúrák","2x5 l Conrod","5 l Flurostar 200","","","2x200 g Nautius","https://cdn.agromedium.com/uploads/2024/03/67c9c5be001da30ef4a5/thumbnail.png"
"1769693586-2709","https://www.agromedium.com/hu-hu/novenyvedo-szerek","","","","","","","","","","https://cdn.agromedium.com/uploads/2026/01/6969f7e8002c1baa38cf/file.png"
"1769693586-2710","https://www.agromedium.com/hu-hu/novenyvedo-szerek","","UPL - Reliance Start","package_2","10 ha/csomag: kalászosok","1 l Silwet Star","5 l Tonivit","","","","https://cdn.agromedium.com/uploads/2024/03/67c9c5be001da30ef4a5/thumbnail.png"
"1769693586-2711","https://www.agromedium.com/hu-hu/novenyvedo-szerek","","UPL - Sámán Plus csomag","package_2","10 ha/csomag: szántóföldi kultúrák","2x5 l Chamane","","","","","https://cdn.agromedium.com/uploads/2024/03/67c9c5be001da30ef4a5/thumbnail.png"
"1769693586-2712","https://www.agromedium.com/hu-hu/novenyvedo-szerek","","Upside","check_circle","325,6 g/l ABE-IT 56","2035. máj. 20.","gombaölő szer","2035. máj. 20.","","","https://cdn.agromedium.com/uploads/2019/04/67c9c5be0026299f6d49/thumbnail.png"
"1769693586-2713","https://www.agromedium.com/hu-hu/novenyvedo-szerek","","Upstage","check_circle","360 g/l klomazon","2029. aug. 31.","gyomirtó szer","2029. aug. 31.","","","https://cdn.agromedium.com/uploads/2019/11/67c9c6f7000075e1a1cd/thumbnail.png"
"1769693586-2714","https://www.agromedium.com/hu-hu/novenyvedo-szerek","","Upton","check_circle","50 g/l floraszulam","2031. dec. 31.","gyomirtó szer","2031. dec. 31.","","",""
"1769693586-2715","https://www.agromedium.com/hu-hu/novenyvedo-szerek","","","","","","","","","","https://cdn.agromedium.com/uploads/2026/01/6969f7e8002c1baa38cf/file.png"
"1769693586-2716","https://www.agromedium.com/hu-hu/novenyvedo-szerek","","Uri","check_circle","600 g/l 2,4-D","2031. dec. 31.","gyomirtó szer","2031. dec. 31.","","","https://cdn.agromedium.com/uploads/2019/04/67c9c6f3002ce784082b/thumbnail.png"
"1769693586-2717","https://www.agromedium.com/hu-hu/novenyvedo-szerek","","V-10","check_circle","pepino mozaikvírus VC1 izolátum, 1.5 x 10^11 - 7.5 x 10^11 vírusrészecske/ml pepino mozaikvírus VX1 izolátum","2033. márc. 29.","pepino mozaik vírus (PepMV) elleni védettséget indukáló elicitor","2033. márc. 29.","","",""
"1769693586-2718","https://www.agromedium.com/hu-hu/novenyvedo-szerek","","V-5","check_circle","5-25 mg/l mild pepino mozaikvírus VC1 izolátum","2033. márc. 29.","pepino mozaik vírus (PepMV) elleni védettséget indukáló elicitor","2033. márc. 29.","","",""
"1769693586-2719","https://www.agromedium.com/hu-hu/novenyvedo-szerek","","Vadios","check_circle","5 m/m% vidrafű kivonat, 5 m/m% vörös acsalapu kivonat","2034. júl. 31.","vadriasztó szer","2034. júl. 31.","","","https://cdn.agromedium.com/uploads/2019/12/67c9c5e00038baa08a17/thumbnail.jpg"
"1769693586-2720","https://www.agromedium.com/hu-hu/novenyvedo-szerek","","Vadóc K","error","0,035 % etil-merkaptán, 15 % fakátrány, 85 % perlit","2025. febr. 28.","vadriasztó szer","","2025. febr. 28.","",""
"1769693586-2721","https://www.agromedium.com/hu-hu/novenyvedo-szerek","","","","","","","","","","https://cdn.agromedium.com/uploads/2025/06/6847e89a00115b091f3c/file.png"
"1769693586-2722","https://www.agromedium.com/hu-hu/novenyvedo-szerek","","Vadóc V","check_circle","15 % fakátrány, 0,1 % n-vajsav, 85 % perlit","2034. máj. 31.","vadriasztó szer","2034. máj. 31.","","",""
"1769693586-2723","https://www.agromedium.com/hu-hu/novenyvedo-szerek","","Valbon","error","17,5 g/kg bentiavalikarb-izopropil, 700 g/kg mankoceb","2021. júl. 4.","gombaölő szer","","2021. júl. 4.","","https://cdn.agromedium.com/uploads/2023/01/67c9c5c70039285dc50f/thumbnail.png"
"1769693586-2724","https://www.agromedium.com/hu-hu/novenyvedo-szerek","","Valentia","check_circle","2 g/l floraszulam, 100 g/l fluroxipir","2027. aug. 31.","gyomirtó szer","2027. aug. 31.","","","https://cdn.agromedium.com/uploads/2019/12/67c9c5e00038baa08a17/thumbnail.jpg"
"1769693586-2725","https://www.agromedium.com/hu-hu/novenyvedo-szerek","","Valis F","check_circle","480 g/kg folpet, 60 g/kg valifenal","2029. jún. 30.","gombaölő szer","2029. jún. 30.","","","https://cdn.agromedium.com/uploads/2023/01/67c9c5c70039285dc50f/thumbnail.png"
"1769693586-2726","https://www.agromedium.com/hu-hu/novenyvedo-szerek","","Valis M","error","600 g/kg mankoceb, 60 g/kg valifenalát","2021. júl. 4.","gombaölő szer","","2021. júl. 4.","","https://cdn.agromedium.com/uploads/2023/01/67c9c5c70039285dc50f/thumbnail.png"
"1769693586-2727","https://www.agromedium.com/hu-hu/novenyvedo-szerek","","","","","","","","","","https://cdn.agromedium.com/uploads/2025/11/690db9bd0030b9dd184f/file.png"
"1769693586-2728","https://www.agromedium.com/hu-hu/novenyvedo-szerek","","Valis Plus","check_circle","150 g/kg réz-hidroxid, 150 g/kg réz-oxiklorid, 60 g/kg valifenalát","2027. szept. 30.","gombaölő szer","2027. szept. 30.","","","https://cdn.agromedium.com/uploads/2023/01/67c9c5c70039285dc50f/thumbnail.png"
"1769693586-2729","https://www.agromedium.com/hu-hu/novenyvedo-szerek","","Valmec EW","check_circle","18 g/l abamektin","2038. márc. 31.","rovar- és atkaölő szer","2038. márc. 31.","","",""
"1769693586-2730","https://www.agromedium.com/hu-hu/novenyvedo-szerek","","Vantex CS","check_circle","60 g/l gamma-cihalotrin","2027. dec. 31.","rovarölő szer","2027. dec. 31.","","","https://cdn.agromedium.com/uploads/2023/03/67c9c5c50021e7685e21/thumbnail.jpg"
"1769693586-2731","https://www.agromedium.com/hu-hu/novenyvedo-szerek","","Vargas","check_circle","18 g/l abamektin","2029. ápr. 30.","rovarölő szer","2029. ápr. 30.","","","https://cdn.agromedium.com/uploads/2022/12/67c9c6f4001560c3ef62/thumbnail.jpg"
"1769693586-2732","https://www.agromedium.com/hu-hu/novenyvedo-szerek","","Varsás Plusz Csalomon csapda","check_circle","feromon","2033. ápr. 30.","varsás illatanyagcsapda","2033. ápr. 30.","","","https://cdn.agromedium.com/uploads/2020/03/67c9c70400147af12913/thumbnail.jpg"
"1769693586-2733","https://www.agromedium.com/hu-hu/novenyvedo-szerek","","","","","","","","","","https://cdn.agromedium.com/uploads/2026/01/697082e3000e0b656054/file.png"
"1769693586-2734","https://www.agromedium.com/hu-hu/novenyvedo-szerek","","Vegarep EC","check_circle","30 g/kg lecitin, 850 g/kg napraforgó olaj","2035. ápr. 30.","növényápoló szer és permetezőszer segédanyag","2035. ápr. 30.","","","https://cdn.agromedium.com/uploads/2020/04/67c9c5c5003bb7c20c20/thumbnail.png"
"1769693586-2735","https://www.agromedium.com/hu-hu/novenyvedo-szerek","","Vegesol eReS","check_circle","23 % kén, 11,5 % rézhidroxid","2026. dec. 31.","gombaölő szer","2026. dec. 31.","","","https://cdn.agromedium.com/uploads/2023/03/67c9c5c50021e7685e21/thumbnail.jpg"
"1769693586-2736","https://www.agromedium.com/hu-hu/novenyvedo-szerek","","Vegesol R","check_circle","20 % napraforgóola, 24 % rézhidroxid","2026. dec. 31.","gombaölő szer","2026. dec. 31.","","","https://cdn.agromedium.com/uploads/2019/11/67c9c7480023bb866dca/thumbnail.png"
"1769693586-2737","https://www.agromedium.com/hu-hu/novenyvedo-szerek","","Vektafid A","check_circle","830 g/kg paraffinolaj","2027. dec. 31.","rovarölő szer","2027. dec. 31.","","","https://cdn.agromedium.com/uploads/2019/11/67c9c6fc00201ede0878/thumbnail.png"
"1769693586-2738","https://www.agromedium.com/hu-hu/novenyvedo-szerek","","Vektafid A/E","check_circle","8,3 g/kg paraffinolaj","2027. dec. 31.","rovarölő szer","2027. dec. 31.","","","https://cdn.agromedium.com/uploads/2019/11/67c9c6fc00201ede0878/thumbnail.png"
"1769693586-2739","https://www.agromedium.com/hu-hu/novenyvedo-szerek","","","","","","","","","","https://cdn.agromedium.com/uploads/2026/01/6969f7e8002c1baa38cf/file.png"
"1769693586-2740","https://www.agromedium.com/hu-hu/novenyvedo-szerek","","Vektafid S","check_circle","58 % paraffinolaj, 7 % poliszulfidkén","2027. dec. 31.","rovar- és gombaölő szer","2027. dec. 31.","","","https://cdn.agromedium.com/uploads/2021/03/67c9c5c60001416ab5c4/thumbnail.jpg"
"1769693586-2741","https://www.agromedium.com/hu-hu/novenyvedo-szerek","","Veldig Xpro","check_circle","75 g/l bixafén, 150 g/l protiokonazol","2026. máj. 31.","gombaölő szer","2026. máj. 31.","","","https://cdn.agromedium.com/uploads/2019/12/67c9c5e00038baa08a17/thumbnail.jpg"
"1769693586-2742","https://www.agromedium.com/hu-hu/novenyvedo-szerek","","Velocity","check_circle","105 g/l trisziloxan, 771 g/l zsírsav-metilészter","2026. jan. 31.","permetezőszer segédanyag","2026. jan. 31.","","","https://cdn.agromedium.com/uploads/2019/04/67c9c5be0026299f6d49/thumbnail.png"
"1769693586-2743","https://www.agromedium.com/hu-hu/novenyvedo-szerek","","Velum Prime","check_circle","400 g/l fluopiram","2027. jún. 30.","fonálféregölő szer","2027. jún. 30.","","","https://cdn.agromedium.com/uploads/2019/09/67c9c6f400102ba14e1a/thumbnail.png"
"1769693586-2744","https://www.agromedium.com/hu-hu/novenyvedo-szerek","","Vendetta","check_circle","150 g/l azoxistrobin, 375 g/l fluazinam","2027. ápr. 15.","gombaölő szer","2027. ápr. 15.","","","https://cdn.agromedium.com/uploads/2019/04/67c9c5be0013b6f965bb/thumbnail.png"
"1769693586-2745","https://www.agromedium.com/hu-hu/novenyvedo-szerek","","","","","","","","","","https://cdn.agromedium.com/uploads/2025/06/6847e89a00115b091f3c/file.png"
"1769693586-2746","https://www.agromedium.com/hu-hu/novenyvedo-szerek","","Venus SC","error","240 g/l tiametoxam","2020. ápr. 30.","rovarölő szer","","2020. ápr. 30.","","https://cdn.agromedium.com/uploads/2019/03/67c9c5c60007ec5337c9/thumbnail.png"
"1769693586-2747","https://www.agromedium.com/hu-hu/novenyvedo-szerek","","Verben","check_circle","50 g/l proquinazid, 200 g/l protiokonazol","2027. máj. 15.","gombaölő szer","2027. máj. 15.","","","https://cdn.agromedium.com/uploads/2025/03/67e7a23d00318586422c/thumbnail.jpg"
"1769693586-2748","https://www.agromedium.com/hu-hu/novenyvedo-szerek","","Verigal D","check_circle","250 g/l bifenox, 308 g/l mekoprop-P","2026. máj. 15.","gyomirtó szer","2026. máj. 15.","","","https://cdn.agromedium.com/uploads/2019/04/67c9c5c1001d85f5c905/thumbnail.png"
"1769693586-2749","https://www.agromedium.com/hu-hu/novenyvedo-szerek","","Verimark","check_circle","200 g/l ciántraniliprol","2027. szept. 14.","rovarölő szer","2027. szept. 14.","","","https://cdn.agromedium.com/uploads/2019/04/67c9c5be0013b6f965bb/thumbnail.png"
"1769693586-2750","https://www.agromedium.com/hu-hu/novenyvedo-szerek","","Verimark 200 SC","check_circle","200 g/l ciántraniliprol","2027. szept. 14.","rovarölő szer","2027. szept. 14.","","","https://cdn.agromedium.com/uploads/2019/04/67c9c5be0013b6f965bb/thumbnail.png"
"1769693586-2751","https://www.agromedium.com/hu-hu/novenyvedo-szerek","","","","","","","","","","https://cdn.agromedium.com/uploads/2025/11/690db9bd0030b9dd184f/file.png"
"1769693586-2752","https://www.agromedium.com/hu-hu/novenyvedo-szerek","","Vertimec Pro","error","18 g/l abamektin","2023. aug. 31.","rovarölő szer","","2023. aug. 31.","","https://cdn.agromedium.com/uploads/2019/03/67c9c5c60007ec5337c9/thumbnail.png"
"1769693586-2753","https://www.agromedium.com/hu-hu/novenyvedo-szerek","","Verydor","check_circle","50 g/l fluxapiroxad, 100 g/l mefentriflukonazol","2030. márc. 20.","gombaölő szer","2030. márc. 20.","","","https://cdn.agromedium.com/uploads/2020/09/67c9c5c70014019edcec/thumbnail.jpg"
"1769693586-2754","https://www.agromedium.com/hu-hu/novenyvedo-szerek","","Vesuvius Green","check_circle","360 g/l glifozát","2028. dec. 31.","gyomirtó szer","2028. dec. 31.","","","https://cdn.agromedium.com/uploads/2019/11/67c9c750001498f372e1/thumbnail.png"
"1769693586-2755","https://www.agromedium.com/hu-hu/novenyvedo-szerek","","Vextadim 240 EC","check_circle","240 g/l kletodim","2026. máj. 31.","gyomirtó szer","2026. máj. 31.","","",""
"1769693586-2756","https://www.agromedium.com/hu-hu/novenyvedo-szerek","","Vextamitron 700 SC","check_circle","700 g/l metamitron","2026. ápr. 30.","gyomirtó szer","2026. ápr. 30.","","","https://cdn.agromedium.com/uploads/2023/03/67c9c5e0003c40ead470/thumbnail.png"
"1769693586-2757","https://www.agromedium.com/hu-hu/novenyvedo-szerek","","","","","","","","","","https://cdn.agromedium.com/uploads/2026/01/697082e3000e0b656054/file.png"
"1769693586-2758","https://www.agromedium.com/hu-hu/novenyvedo-szerek","","Viballa","check_circle","3,13 g/l halauxifen-metil","2027. márc. 31.","gyomirtó szer","2027. márc. 31.","","","https://cdn.agromedium.com/uploads/2025/03/67e7a23d00318586422c/thumbnail.jpg"
"1769693586-2759","https://www.agromedium.com/hu-hu/novenyvedo-szerek","","Vibrance","check_circle","500 g/l szedaxán","2026. máj. 31.","gombaölő csávázószer","2026. máj. 31.","","","https://cdn.agromedium.com/uploads/2019/03/67c9c5c60007ec5337c9/thumbnail.png"
"1769693586-2760","https://www.agromedium.com/hu-hu/novenyvedo-szerek","","Vibrance Duo","check_circle","25 g/l fludioxonil, 25 g/l szedaxán","2027. júl. 31.","csávázószer (gombaölő)","2027. júl. 31.","","","https://cdn.agromedium.com/uploads/2019/03/67c9c5c60007ec5337c9/thumbnail.png"
"1769693586-2761","https://www.agromedium.com/hu-hu/novenyvedo-szerek","","Vibrance Gold","check_circle","25 g/l difenokonazol, 25 g/l fludioxonil, 50 g/l szedaxán","2026. máj. 31.","gombaölő csávázószer","2026. máj. 31.","","","https://cdn.agromedium.com/uploads/2019/03/67c9c5c60007ec5337c9/thumbnail.png"
"1769693586-2762","https://www.agromedium.com/hu-hu/novenyvedo-szerek","","Vibrance XL","check_circle","88,27 g/l fludioxonil, 34,27 g/l metalaxil-M, 176,42 g/l szedaxán","2026. máj. 31.","gombaölő csávázószer","2026. máj. 31.","","","https://cdn.agromedium.com/uploads/2019/03/67c9c5c60007ec5337c9/thumbnail.png"
"1769693586-2763","https://www.agromedium.com/hu-hu/novenyvedo-szerek","","","","","","","","","","https://cdn.agromedium.com/uploads/2025/11/690db9bd0030b9dd184f/file.png"
"1769693586-2764","https://www.agromedium.com/hu-hu/novenyvedo-szerek","","Victory","check_circle","250 g/l tebukonazol","2027. jan. 31.","gombaölő permetezőszer","2027. jan. 31.","","","https://cdn.agromedium.com/uploads/2020/04/67c9c5c5003bb7c20c20/thumbnail.png"
"1769693586-2765","https://www.agromedium.com/hu-hu/novenyvedo-szerek","","Victus 40 OD","check_circle","40 g/l nikoszulfuron","2028. dec. 31.","gyomirtó szer","2028. dec. 31.","","","https://cdn.agromedium.com/uploads/2025/03/67e7a23d00318586422c/thumbnail.jpg"
"1769693586-2766","https://www.agromedium.com/hu-hu/novenyvedo-szerek","","Videryo F","check_circle","40 g/l ciazofamid, 400 g/l folpet","2026. febr. 15.","gombaölő permetezőszer","2026. febr. 15.","","","https://cdn.agromedium.com/uploads/2023/01/67c9c5c70039285dc50f/thumbnail.png"
"1769693586-2767","https://www.agromedium.com/hu-hu/novenyvedo-szerek","","Vidia","check_circle","360 g/l glifozát","2028. dec. 31.","gyomirtó szer","2028. dec. 31.","","","https://cdn.agromedium.com/uploads/2022/12/67c9c6f4001560c3ef62/thumbnail.jpg"
"1769693586-2768","https://www.agromedium.com/hu-hu/novenyvedo-szerek","","Viking 700 SC","check_circle","700 g/l metamitron","2028. aug. 31.","gyomirtó szer","2028. aug. 31.","","","https://cdn.agromedium.com/uploads/2020/04/67c9c5c5003bb7c20c20/thumbnail.png"
"1769693586-2769","https://www.agromedium.com/hu-hu/novenyvedo-szerek","","","","","","","","","","https://cdn.agromedium.com/uploads/2026/01/697082e3000e0b656054/file.png"
"1769693586-2770","https://www.agromedium.com/hu-hu/novenyvedo-szerek","","Vincare","error","17,5 g/kg bentiavalikarb-izopropil, 500 g/kg folpet","2024. jún. 13.","gombaölő szer","","2024. jún. 13.","","https://cdn.agromedium.com/uploads/2019/04/67c9c5c1001d85f5c905/thumbnail.png"
"1769693586-2771","https://www.agromedium.com/hu-hu/novenyvedo-szerek","","Vinifol 80 WDG","error","800 g/kg folpet","2019. júl. 31.","gombaölő szer","","2019. júl. 31.","","https://cdn.agromedium.com/uploads/2019/04/67c9c5c1001d85f5c905/thumbnail.png"
"1769693586-2772","https://www.agromedium.com/hu-hu/novenyvedo-szerek","","Vintec","check_circle","10^13 cfu/kg Trichoderma atroviride (SC1)","2032. júl. 6.","gombaölő permetezőszer","2032. júl. 6.","","",""
"1769693586-2773","https://www.agromedium.com/hu-hu/novenyvedo-szerek","","Viper","counter_1","2,1 % penoxszulam","Alapengedély","counter_1","","","","https://cdn.agromedium.com/uploads/2025/03/67e7a23d00318586422c/thumbnail.jpg"
"1769693586-2774","https://www.agromedium.com/hu-hu/novenyvedo-szerek","","Vitaflóra növénytisztító permet","check_circle","5 g/l kálium-oleát","2034. febr. 28.","növényápoló szer","2034. febr. 28.","","","https://cdn.agromedium.com/uploads/2023/03/67c9c74900395342adf6/thumbnail.png"
"1769693586-2775","https://www.agromedium.com/hu-hu/novenyvedo-szerek","","","","","","","","","","https://cdn.agromedium.com/uploads/2026/01/6969f7e8002c1baa38cf/file.png"
"1769693586-2776","https://www.agromedium.com/hu-hu/novenyvedo-szerek","","Vitisan SP","check_circle","994,9 g/kg kálium-hidrogén-karbonát","2037. okt. 31.","gombaölő szer","2037. okt. 31.","","","https://cdn.agromedium.com/uploads/2019/09/67c9c5cf002c6dbae44c/thumbnail.png"
"1769693586-2777","https://www.agromedium.com/hu-hu/novenyvedo-szerek","","Vitola","check_circle","40 g/l imazamox","2028. jún. 30.","gyomirtó szer","2028. jún. 30.","","","https://cdn.agromedium.com/uploads/2020/09/67c9c5c70014019edcec/thumbnail.jpg"
"1769693586-2778","https://www.agromedium.com/hu-hu/novenyvedo-szerek","","Vitra Rézhidroxid","check_circle","770 g/kg rézhidroxid","2026. dec. 31.","gombaölő szer","2026. dec. 31.","","","https://cdn.agromedium.com/uploads/2023/03/67c9c5e0003c40ead470/thumbnail.png"
"1769693586-2779","https://www.agromedium.com/hu-hu/novenyvedo-szerek","","Vitrol GB","check_circle","24 g/kg vas-pirofoszfát","2036. aug. 3.","csigaölő szer","2036. aug. 3.","","",""
"1769693586-2780","https://www.agromedium.com/hu-hu/novenyvedo-szerek","","Vival 360","error","360 g/l glifozát","2020. dec. 31.","gyomirtó szer","","2020. dec. 31.","","https://cdn.agromedium.com/uploads/2019/11/67c9c6f7000075e1a1cd/thumbnail.png"
"1769693586-2781","https://www.agromedium.com/hu-hu/novenyvedo-szerek","","","","","","","","","","https://cdn.agromedium.com/uploads/2025/11/690db9bd0030b9dd184f/file.png"
"1769693586-2782","https://www.agromedium.com/hu-hu/novenyvedo-szerek","","Vivando","check_circle","500 g/l metrafenon","2027. ápr. 30.","gombaölő szer","2027. ápr. 30.","","","https://cdn.agromedium.com/uploads/2020/09/67c9c5c70014019edcec/thumbnail.jpg"
"1769693586-2783","https://www.agromedium.com/hu-hu/novenyvedo-szerek","","Vivando HR","error","500 g/l metrafenon","2022. jan. 31.","gombaölő szer","","2022. jan. 31.","","https://cdn.agromedium.com/uploads/2023/03/67c9c5d0002340119e88/thumbnail.png"
"1769693586-2784","https://www.agromedium.com/hu-hu/novenyvedo-szerek","","Vivendi 200","warning","200 g/l klopiralid","2026. máj. 1.","gyomirtó szer","","","","https://cdn.agromedium.com/uploads/2020/04/67c9c5c5003bb7c20c20/thumbnail.png"
"1769693586-2785","https://www.agromedium.com/hu-hu/novenyvedo-szerek","","Vivolt","check_circle","90 m/m% etoxilált izodecil alkohol","2034. júl. 31.","permetezőszer segédanyag","2034. júl. 31.","","","https://cdn.agromedium.com/uploads/2025/03/67e7a23d00318586422c/thumbnail.jpg"
"1769693586-2786","https://www.agromedium.com/hu-hu/novenyvedo-szerek","","Völgység Agrár - Tricepsz","package_2","10 ha/csomag: árpa, búza, rozs, tritikálé, zab","2x100 g Tribun 75 WG","1x5 l Barclay Hurler 200","","","","https://cdn.agromedium.com/uploads/2020/11/67c9c6f9001413c8202c/thumbnail.png"
"1769693586-2787","https://www.agromedium.com/hu-hu/novenyvedo-szerek","","","","","","","","","","https://cdn.agromedium.com/uploads/2025/11/690db9bd0030b9dd184f/file.png"
"1769693586-2788","https://www.agromedium.com/hu-hu/novenyvedo-szerek","","Voliam","check_circle","200 g/l klorantraniliprol","2026. nov. 30.","rovarölő szer","2026. nov. 30.","","counter_1","https://cdn.agromedium.com/uploads/2019/03/67c9c5c60007ec5337c9/thumbnail.png"
"1769693586-2789","https://www.agromedium.com/hu-hu/novenyvedo-szerek","","Voliam Targo","error","18 g/l abamektin, 45 g/l klorantraniliprol","2023. aug. 31.","rovarölő szer","","2023. aug. 31.","","https://cdn.agromedium.com/uploads/2019/03/67c9c5c60007ec5337c9/thumbnail.png"
"1769693586-2790","https://www.agromedium.com/hu-hu/novenyvedo-szerek","","Vondozeb DG","error","750 g/kg mankoceb","2021. júl. 4.","gombaölő szer","","2021. júl. 4.","","https://cdn.agromedium.com/uploads/2024/03/67c9c5be001da30ef4a5/thumbnail.png"
"1769693586-2791","https://www.agromedium.com/hu-hu/novenyvedo-szerek","","Vondozeb Plus","error","800 g/kg mankoceb","2021. júl. 4.","gombaölő szer","","2021. júl. 4.","",""
"1769693586-2792","https://www.agromedium.com/hu-hu/novenyvedo-szerek","","Voyager","check_circle","200 g/l fluazinam, 150 g/l valifenalát","2026. máj. 31.","gombaölő szer","2026. máj. 31.","","","https://cdn.agromedium.com/uploads/2023/01/67c9c5c70039285dc50f/thumbnail.png"
"1769693586-2793","https://www.agromedium.com/hu-hu/novenyvedo-szerek","","","","","","","","","","https://cdn.agromedium.com/uploads/2026/01/697082e3000e0b656054/file.png"
"1769693586-2794","https://www.agromedium.com/hu-hu/novenyvedo-szerek","","Vulture Pro","check_circle","858 g/kg alumínium-ammónium-szulfát","2040. jan. 31.","madárriasztó csávázószer","2040. jan. 31.","","",""
"1769693586-2795","https://www.agromedium.com/hu-hu/novenyvedo-szerek","","Vydate 10 G","error","100 g/kg oxamil","2023. aug. 1.","talajfertőtlenítő szer","","2023. aug. 1.","","https://cdn.agromedium.com/uploads/2025/03/67e7a23d00318586422c/thumbnail.jpg"
"1769693586-2796","https://www.agromedium.com/hu-hu/novenyvedo-szerek","","Vydate 10 L","error","100 g/l oxamil","2023. aug. 1.","talajfertőtlenítő szer","","2023. aug. 1.","","https://cdn.agromedium.com/uploads/2025/03/67e7a23d00318586422c/thumbnail.jpg"
"1769693586-2797","https://www.agromedium.com/hu-hu/novenyvedo-szerek","","Wakil XL 32,5 WG","check_circle","100 g/kg cimoxanil, 50 g/kg fludioxonil, 175 g/kg mefenoxam","2028. dec. 31.","csávázószer (gombaölő)","2028. dec. 31.","","","https://cdn.agromedium.com/uploads/2019/03/67c9c5c60007ec5337c9/thumbnail.png"
"1769693586-2798","https://www.agromedium.com/hu-hu/novenyvedo-szerek","","Wakizasi","error","50 g/kg lambda-cihalotrin","2024. ápr. 30.","rovarölő szer","","2024. ápr. 30.","","https://cdn.agromedium.com/uploads/2023/03/67c9c5e0003c40ead470/thumbnail.png"
"1769693586-2799","https://www.agromedium.com/hu-hu/novenyvedo-szerek","","","","","","","","","","https://cdn.agromedium.com/uploads/2025/06/6847e89a00115b091f3c/file.png"
"1769693586-2800","https://www.agromedium.com/hu-hu/novenyvedo-szerek","","Wam Extra Rosarot","check_circle","298,5 g/kg kvarchomok","2038. aug. 31.","vadriasztó szer","2038. aug. 31.","","","https://cdn.agromedium.com/uploads/2025/12/6942ad3e0000ed0fcc3e/thumbnail.jpg"
"1769693586-2801","https://www.agromedium.com/hu-hu/novenyvedo-szerek","","Wasan","check_circle","300 g/l bromukonazol","2028. ápr. 30.","gombaölő szer","2028. ápr. 30.","","",""
"1769693586-2802","https://www.agromedium.com/hu-hu/novenyvedo-szerek","","Wetcit","check_circle","8,15 % etoxilált alkoholok","2026. jan. 31.","permetezőszer segédanyag","2026. jan. 31.","","","https://cdn.agromedium.com/uploads/2019/09/67c9c5cf002c6dbae44c/thumbnail.png"
"1769693586-2803","https://www.agromedium.com/hu-hu/novenyvedo-szerek","","Wikvert","check_circle","726 g/l kálium-foszfonát","2027. jan. 31.","gombaölő szer","2027. jan. 31.","","",""
"1769693586-2804","https://www.agromedium.com/hu-hu/novenyvedo-szerek","","Win 40 SL","check_circle","40 g/l imazamox","2028. jan. 31.","gyomirtó szer","2028. jan. 31.","","","https://cdn.agromedium.com/uploads/2018/08/67c9c5bf000cfc1dad7b/thumbnail.jpg"
"1769693586-2805","https://www.agromedium.com/hu-hu/novenyvedo-szerek","","","","","","","","","","https://cdn.agromedium.com/uploads/2026/01/6969f7e8002c1baa38cf/file.png"
"1769693586-2806","https://www.agromedium.com/hu-hu/novenyvedo-szerek","","Winby","check_circle","500 g/l fluazinam","2029. júl. 31.","gombaölő szer","2029. júl. 31.","","","https://cdn.agromedium.com/uploads/2019/04/67c9c6f8002fe783f03a/thumbnail.png"
"1769693586-2807","https://www.agromedium.com/hu-hu/novenyvedo-szerek","","Wing-P","check_circle","212,5 g/l dimeténamid-P, 250 g/l pendimetalin","2028. dec. 31.","gyomirtó szer","2028. dec. 31.","","","https://cdn.agromedium.com/uploads/2020/09/67c9c5c70014019edcec/thumbnail.jpg"
"1769693586-2808","https://www.agromedium.com/hu-hu/novenyvedo-szerek","","Wirtuoz 52 EC","error","320 g/l prokloráz, 40 g/l proquinazid, 160 g/l tebukonazol","2021. dec. 31.","gombaölő szer","","2021. dec. 31.","","https://cdn.agromedium.com/uploads/2025/03/67e7a23d00318586422c/thumbnail.jpg"
"1769693586-2809","https://www.agromedium.com/hu-hu/novenyvedo-szerek","","Wish","check_circle","50 g/l quizalofop-P-etil","2027. nov. 30.","gyomirtó szer","2027. nov. 30.","","","https://cdn.agromedium.com/uploads/2021/03/67c9c5c60001416ab5c4/thumbnail.jpg"
"1769693586-2810","https://www.agromedium.com/hu-hu/novenyvedo-szerek","","Wish Top","check_circle","120 g/l kizalofop-P-etil","2028. febr. 28.","gyomirtó szer","2028. febr. 28.","","","https://cdn.agromedium.com/uploads/2019/04/67c9c6f3002ce784082b/thumbnail.png"
"1769693586-2811","https://www.agromedium.com/hu-hu/novenyvedo-szerek","","","","","","","","","","https://cdn.agromedium.com/uploads/2025/06/6847e89a00115b091f3c/file.png"
"1769693586-2812","https://www.agromedium.com/hu-hu/novenyvedo-szerek","","Wizard","check_circle","50 g/l eszfenvalerát","2026. dec. 31.","rovarölő szer","2026. dec. 31.","","counter_1","https://cdn.agromedium.com/uploads/2021/03/67c9c5c60001416ab5c4/thumbnail.jpg"
"1769693586-2813","https://www.agromedium.com/hu-hu/novenyvedo-szerek","","X-Change","check_circle","20 % ammónium propionát, 5 % ammónium szulfát","2031. aug. 31.","nedvesítő szer","2031. aug. 31.","","","https://cdn.agromedium.com/uploads/2024/03/67c9c5be001da30ef4a5/thumbnail.png"
"1769693586-2814","https://www.agromedium.com/hu-hu/novenyvedo-szerek","","Xanadu WG","error","500 g/kg benszulfuron-metil, 40 g/kg metszulfuron-metil","2025. szept. 30.","gyomirtó szer","","2025. szept. 30.","","https://cdn.agromedium.com/uploads/2024/03/67c9c5be001da30ef4a5/thumbnail.png"
"1769693586-2815","https://www.agromedium.com/hu-hu/novenyvedo-szerek","","Xiblium","check_circle","300 g/l fluxapiroxad","2028. dec. 31.","gombaölő permetezőszer","2028. dec. 31.","","","https://cdn.agromedium.com/uploads/2020/09/67c9c5c70014019edcec/thumbnail.jpg"
"1769693586-2816","https://www.agromedium.com/hu-hu/novenyvedo-szerek","","Xilivert","check_circle","726 g/l kálium-foszfonát","2027. jan. 31.","gombaölő szer","2027. jan. 31.","","",""
"1769693586-2817","https://www.agromedium.com/hu-hu/novenyvedo-szerek","","","","","","","","","","https://cdn.agromedium.com/uploads/2025/11/690db9bd0030b9dd184f/file.png"
"1769693586-2818","https://www.agromedium.com/hu-hu/novenyvedo-szerek","","Xilon","check_circle","0,25 m/m% Trichoderma asperellum","2028. okt. 15.","gombaölő permetezőszer","2028. okt. 15.","","","https://cdn.agromedium.com/uploads/2019/04/67c9c5be0026299f6d49/thumbnail.png"
"1769693586-2819","https://www.agromedium.com/hu-hu/novenyvedo-szerek","","Xiren HG","check_circle","27 g/kg metaldehid","2027. aug. 31.","csigaölő szer","2027. aug. 31.","","",""
"1769693586-2820","https://www.agromedium.com/hu-hu/novenyvedo-szerek","","Yamato","error","70 g/l tetrakonazol, 233 g/l tiofanát-metil","2021. ápr. 19.","gombaölő szer","","2021. ápr. 19.","","https://cdn.agromedium.com/uploads/2023/03/67c9c5e0003c40ead470/thumbnail.png"
"1769693586-2821","https://www.agromedium.com/hu-hu/novenyvedo-szerek","","Yukon","check_circle","640 g/l kén, 80 g/l tribázikus rézszulfát","2027. jan. 1.","gombaölő szer","2027. jan. 1.","","","https://cdn.agromedium.com/uploads/2024/03/67c9c5be001da30ef4a5/thumbnail.png"
"1769693586-2822","https://www.agromedium.com/hu-hu/novenyvedo-szerek","","Yunta Quattro","error","166,7 g/l imidakloprid, 166,7 g/l klotianidin, 33,3 g/l protiokonazol, 6,7 g/l tebukonazol","2020. jan. 31.","csávázószer","","2020. jan. 31.","","https://cdn.agromedium.com/uploads/2019/09/67c9c6f400102ba14e1a/thumbnail.png"
"1769693586-2823","https://www.agromedium.com/hu-hu/novenyvedo-szerek","","","","","","","","","","https://cdn.agromedium.com/uploads/2026/01/6969f7e8002c1baa38cf/file.png"
"1769693586-2824","https://www.agromedium.com/hu-hu/novenyvedo-szerek","","Zaftra AZT 250 SC","check_circle","250 g/l azoxistrobin","2027. jan. 31.","gombaölő szer","2027. jan. 31.","","","https://cdn.agromedium.com/uploads/2023/01/67c9c5c70039285dc50f/thumbnail.png"
"1769693586-2825","https://www.agromedium.com/hu-hu/novenyvedo-szerek","","Zaldi 306 SE","check_circle","300 g/l 2,4-D, 6,25 g/l floraszulam","2031. dec. 31.","gyomirtó szer","2031. dec. 31.","","",""
"1769693586-2826","https://www.agromedium.com/hu-hu/novenyvedo-szerek","","Zamir","error","267 g/l prokloráz, 133 g/l tebukonazol","2021. dec. 31.","gombaölő szer","","2021. dec. 31.","","https://cdn.agromedium.com/uploads/2019/12/67c9c5e00038baa08a17/thumbnail.jpg"
"1769693586-2827","https://www.agromedium.com/hu-hu/novenyvedo-szerek","","Zamzar","check_circle","50 g/l kizalofop-P-etil","2029. jan. 31.","gyomirtó szer","2029. jan. 31.","","","https://cdn.agromedium.com/uploads/2022/12/67c9c6f4001560c3ef62/thumbnail.jpg"
"1769693586-2828","https://www.agromedium.com/hu-hu/novenyvedo-szerek","","Zantara","check_circle","50 g/l bixafén, 166 g/l tebukonazol","2029. szept. 30.","gombaölő permetezőszer","2029. szept. 30.","","","https://cdn.agromedium.com/uploads/2019/09/67c9c6f400102ba14e1a/thumbnail.png"
"1769693586-2829","https://www.agromedium.com/hu-hu/novenyvedo-szerek","","","","","","","","","","https://cdn.agromedium.com/uploads/2026/01/697082e3000e0b656054/file.png"
"1769693586-2830","https://www.agromedium.com/hu-hu/novenyvedo-szerek","","Zeagran 340 SE","error","90 g/l bromoxinil, 250 g/l terbutilazin","2021. márc. 14.","gyomirtó szer","","2021. márc. 14.","","https://cdn.agromedium.com/uploads/2019/12/67c9c5e00038baa08a17/thumbnail.jpg"
"1769693586-2831","https://www.agromedium.com/hu-hu/novenyvedo-szerek","","Zefix","check_circle","40 g/l imazamox","2028. jún. 30.","gyomirtó szer","2028. jún. 30.","","",""
"1769693586-2832","https://www.agromedium.com/hu-hu/novenyvedo-szerek","","Zenby","check_circle","400 g/l izofetamid","2027. szept. 15.","gombaölő szer","2027. szept. 15.","","","https://cdn.agromedium.com/uploads/2023/01/67c9c5c70039285dc50f/thumbnail.png"
"1769693586-2833","https://www.agromedium.com/hu-hu/novenyvedo-szerek","","Zener","check_circle","50 g/l kizalofop-P-etil","2029. jan. 31.","gyomirtó szer","2029. jan. 31.","","","https://cdn.agromedium.com/uploads/2022/12/67c9c6f4001560c3ef62/thumbnail.jpg"
"1769693586-2834","https://www.agromedium.com/hu-hu/novenyvedo-szerek","","Zentrax 375 SC","check_circle","200 g/l azoxistrobin, 175 g/l protiokonazol","2026. aug. 15.","gombaölő szer","2026. aug. 15.","","",""
"1769693586-2835","https://www.agromedium.com/hu-hu/novenyvedo-szerek","","","","","","","","","","https://cdn.agromedium.com/uploads/2026/01/6969f7e8002c1baa38cf/file.png"
"1769693586-2836","https://www.agromedium.com/hu-hu/novenyvedo-szerek","","Zeppos","check_circle","6 g/kg jodoszulfuron-metil-nátrium, 90 g/kg mefenpir-dietil, 30 g/kg mezoszulfuron-metil","2033. márc. 31.","gyomirtó szer","2033. márc. 31.","","",""
"1769693586-2837","https://www.agromedium.com/hu-hu/novenyvedo-szerek","","Zizan 500 SC","check_circle","500 g/l tebukonazol","2027. aug. 15.","gombaölő szer","2027. aug. 15.","","",""
"1769693586-2838","https://www.agromedium.com/hu-hu/novenyvedo-szerek","","Zöld Réz","check_circle","20 % napraforgóola, 24 % rézhidroxid","2026. dec. 31.","gombaölő szer","2026. dec. 31.","","","https://cdn.agromedium.com/uploads/2021/03/67c9c5c100310ff82157/thumbnail.png"
"1769693586-2839","https://www.agromedium.com/hu-hu/novenyvedo-szerek","","Zöld RezeS","check_circle","23 % kén, 11,5 % rézhidroxid","2026. dec. 31.","gombaölő szer","2026. dec. 31.","","","https://cdn.agromedium.com/uploads/2021/03/67c9c5c100310ff82157/thumbnail.png"
"1769693586-2840","https://www.agromedium.com/hu-hu/novenyvedo-szerek","","Zoom 11 SC","error","110 g/l etoxazol","2021. jún. 30.","atkaölő szer","","2021. jún. 30.","","https://cdn.agromedium.com/uploads/2019/12/67c9c5e00038baa08a17/thumbnail.jpg"
"1769693586-2841","https://www.agromedium.com/hu-hu/novenyvedo-szerek","","","","","","","","","","https://cdn.agromedium.com/uploads/2026/01/697082e3000e0b656054/file.png"
"1769693586-2842","https://www.agromedium.com/hu-hu/novenyvedo-szerek","","Zorro 300 SL","check_circle","300 g/l pikloram","2027. jún. 30.","gyomirtó szer","2027. jún. 30.","","","https://cdn.agromedium.com/uploads/2019/11/67c9c6f7000d80fcbd22/thumbnail.png"
"1769693586-2843","https://www.agromedium.com/hu-hu/novenyvedo-szerek","","Zorvec Endavia","error","70 g/l bentiavalikarb-izopropil, 30 g/l oxatiapiprolin","2024. jún. 13.","gombaölő szer","","2024. jún. 13.","","https://cdn.agromedium.com/uploads/2025/03/67e7a23d00318586422c/thumbnail.jpg"
"1769693586-2844","https://www.agromedium.com/hu-hu/novenyvedo-szerek","","Zorvec Enicade","check_circle","100 g/l oxatiapiprolin","2028. márc. 3.","gombaölő szer","2028. márc. 3.","","","https://cdn.agromedium.com/uploads/2025/03/67e7a23d00318586422c/thumbnail.jpg"
"1769693586-2845","https://www.agromedium.com/hu-hu/novenyvedo-szerek","","Zorvec Entecta","check_circle","240 g/l amiszulbróm, 48 g/l oxatiapiprolin","2027. szept. 30.","gombaölő szer","2027. szept. 30.","","","https://cdn.agromedium.com/uploads/2025/03/67e7a23d00318586422c/thumbnail.jpg"
"1769693586-2846","https://www.agromedium.com/hu-hu/novenyvedo-szerek","","Zorvec Vinabel","check_circle","40 g/l oxatiapiprolin, 300 g/l zoxamid","2028. márc. 3.","gombaölő szer","2028. márc. 3.","","","https://cdn.agromedium.com/uploads/2025/03/67e7a23d00318586422c/thumbnail.jpg"
"1769693586-2847","https://www.agromedium.com/hu-hu/novenyvedo-szerek","","","","","","","","","","https://cdn.agromedium.com/uploads/2026/01/6969f7e8002c1baa38cf/file.png"
"1769693586-2848","https://www.agromedium.com/hu-hu/novenyvedo-szerek","","Zorvec Zelavin","check_circle","100 g/l oxatiapiprolin","2028. márc. 3.","gombaölő szer","2028. márc. 3.","","","https://cdn.agromedium.com/uploads/2025/03/67e7a23d00318586422c/thumbnail.jpg"
"1769693586-2849","https://www.agromedium.com/hu-hu/novenyvedo-szerek","","Zoxis 250 SC","check_circle","250 g/l azoxistrobin","2028. máj. 31.","","2028. máj. 31.","","","https://cdn.agromedium.com/uploads/2019/04/67c9c5be0026299f6d49/thumbnail.png"
